ply
format ascii 1.0
element vertex 10000
property float x
property float y
property float z
property float nx
property float ny
property float nz
end_header
0.0448288142 -0.0163159143 0.234250302 0.590590417 -0.293579072 0.751674354
-0.0119421256 0.0203107901 0.00409462704 0.0120792873 -0.118084677 -0.992930055
-0.0137210791 0.0186959498 0.316380165 -0.0880438536 0.0996677876 0.991117895
-0.00172291241 0.00993643293 0.317256561 -0.0169677269 -0.0174077731 0.99970448
-0.0289953219 -0.0354137195 0.157700553 -0.886962235 -0.435641527 -0.153343737
-0.0324509938 0.0377529283 0.172030068 -0.509132743 0.855002165 -0.0987679288
0.0427603987 -0.0364731937 0.169956457 0.249142244 -0.968365431 0.0140194241
-0.0424411 0.039143182 0.0198802244 -0.275111526 0.957617462 -0.0853366181
0.0702673191 -0.0102378642 0.186834753 0.965681374 -0.219963551 0.138114288
-0.0175312674 0.0253662701 0.310854623 -0.507232308 0.802919388 0.313106775
-0.00552467638 0.0442890394 0.0660366959 -0.0330432877 0.999427617 0.00725516025
-0.0249351916 0.00668840137 0.278378826 -0.987608135 0.154292837 -0.0287024565
0.0341072376 -0.038805557 0.0132190326 0.296152025 -0.938434243 -0.177862689
0.00385908951 0.0355969653 0.236487234 -0.0175584462 0.93750304 0.34753406
0.0272937423 0.0110725847 0.00343866384 -0.0237037838 0.0186105333 -0.999545813
0.00400178921 0.0416475138 0.213327677 -0.0188079383 0.996476054 0.0817417428
-0.0269726525 0.0402413022 0.172196578 -0.287334949 0.956725121 -0.0459959209
-0.0235499555 0.0361555257 0.220398225 -0.235514879 0.933404744 0.270718098
0.0505859079 0.0357277381 0.146171824 0.312918127 0.949667275 0.0146385441
0.047968879 0.0356940631 0.196196979 0.303116024 0.952764213 0.0190003887
-0.00101408241 -0.0427355565 0.00942139554 -0.0289683845 -0.965301335 -0.259526938
0.0167281182 -0.00612355457 0.317390455 -0.0494147763 -0.0193504281 0.998590887
0.00300432382 0.0336220463 0.242077648 0.0188350286 0.94854337 0.316086471
-0.045589783 0.0382218373 0.0532174276 -0.30456838 0.950494409 0.0616318583
0.0340047822 -0.0258539203 0.002639901 0.0149456272 0.0947622135 -0.995387673
0.0172706146 -0.0421246427 0.113318754 0.0795369968 -0.996734321 0.0139504541
0.0474264027 0.0371259987 0.12013254 0.26380381 0.964481235 0.0135424836
-0.0721960892 0.01393029 0.0665653488 -0.961539328 0.264043629 -0.0756505802
0.0634954256 -0.00753353679 0.0199369924 0.908391595 -0.1981747 -0.368173033
0.0539316012 -0.032699666 0.1815012 0.407753199 -0.911946118 0.0457352325
0.0161916279 0.0268092537 0.308733886 0.505594969 0.792681873 0.340630472
-0.0323541926 0.0259570163 0.151762091 -0.975331962 0.144689322 -0.166710898
-0.022602183 -0.0405532919 0.094067768 -0.259123474 -0.965187371 0.035612952
-0.0261025255 0.0382505728 0.00213877256 -0.0752614737 0.460993946 -0.884205997
0.0224917017 0.0402155934 0.220008407 0.0932802111 0.96912092 0.228261396
0.0692076892 0.0186057999 0.0514194511 0.939196765 0.313862979 -0.139282539
0.0224517588 0.0433082944 0.0377146969 0.125279039 0.992098987 0.00669343164
-0.0389544093 0.0153969714 0.0856749415 -0.818919659 0.120210618 0.561177373
-0.0329792665 -0.0192847877 0.103008201 -0.979076147 -0.161624223 0.123642959
0.0103348051 0.0364339743 0.233751796 0.0631250441 0.927112699 0.369428337
0.0493578644 -0.00505059872 0.233907675 0.632150471 -0.0885581747 0.769768238
0.0509159428 0.0092909063 0.232788633 0.607808232 0.0971440151 0.788119376
0.0635605419 0.0297201888 0.159657203 0.614357054 0.788309515 0.0336679704
0.0644503745 -0.0283446417 0.148341175 0.592583358 -0.805092275 0.0259120651
-0.0540442904 -0.0327416852 0.0256098769 -0.682276547 -0.727022111 -0.077055566
-0.0732272117 0.000496669649 0.0599808168 -0.988145471 0.0545398071 -0.143506184
0.0603013732 -0.012232925 0.0155455768 0.870749235 -0.193364114 -0.452112794
-0.0100178408 0.0443142686 0.0449705419 -0.0752635747 0.997116566 0.00969699956
0.0231086291 -0.0119133154 0.277822003 0.927883267 -0.369055808 -0.0532035641
-0.0477585475 0.0379576583 0.0402661926 -0.313738346 0.949371278 0.0161977746
0.0716877883 0.0175520078 0.157214535 0.938347757 0.34039849 0.0602678135
0.0238454878 -0.0396076869 0.00563785555 0.23480691 -0.93188405 -0.27650997
0.0544438088 -0.0270887095 0.215066831 0.641566038 -0.719254136 0.266582936
-0.0111244657 0.0437701074 0.0905652885 -0.0831701756 0.996519446 0.00563426269
0.0749075877 -0.00923260325 0.0910558225 0.978718281 -0.20333159 -0.0276914779
-0.00581458535 0.0409853611 0.212943847 -0.114633419 0.984490812 0.132804021
0.0125571273 -0.0435025353 0.0265669354 0.0834155828 -0.996386647 0.0159836859
0.0113326353 0.0109994905 0.00387989669 -0.0351369679 0.0455709435 -0.998342991
-0.0703434481 0.0183308588 0.0693858895 -0.832330048 0.554062784 0.0155348387
-0.00107795255 0.0443400712 0.0809433703 -0.0305273496 0.999511898 0.00662958575
0.0273485776 -0.00881018928 0.291382544 0.87302357 -0.190513656 -0.448925763
0.00206294724 -0.0433087735 0.0771995637 0.0206225887 -0.999771059 0.00572432205
0.0373001261 0.0406783204 0.0403477955 0.26039803 0.965498865 -0.00217669061
0.0664698422 -0.026940768 0.145459751 0.594491422 -0.80373174 0.0243970696
0.0356965138 -0.0390480995 0.11862178 0.206502914 -0.978336871 0.0146144014
0.0228353778 -0.0141014422 0.316241298 0.205073059 -0.227543652 0.951928973
0.0224971722 -0.0415221669 0.111530523 0.14179498 -0.989795029 0.0141444793
0.0206424086 0.0362103132 0.231717575 0.108186617 0.8888551 0.445232689
-0.029841274 0.037161118 0.0988051039 -0.717459083 0.690325916 0.0932877809
-0.0400173585 -0.00116941503 0.24232156 -0.740261257 -0.0871485025 0.666647017
-0.0550134893 -0.0252479805 0.181509095 -0.534486115 -0.803154647 -0.263186753
0.0635112537 0.017137421 0.21711922 0.904416203 0.325207025 0.276173621
-0.0219765559 0.041281507 0.122571329 -0.443894833 0.89562726 0.0284468904
0.0681941578 0.0266236741 0.0785603548 0.843744934 0.535570323 -0.0354796611
-0.0235381552 0.0410819089 0.175555234 -0.172109097 0.985072076 -0.00336953602
-0.0096192545 0.0440219887 0.076499448 -0.0901318714 0.995888591 0.00906254631
0.024137462 0.0399259577 0.220565559 0.0932802111 0.96912092 0.228261396
-0.0653457353 -0.0148327054 0.163492118 -0.547987163 -0.830102921 -0.103146419
-0.0238452238 -0.009618766 0.27700527 -0.960311711 -0.275930434 -0.0407890901
0.000966559363 0.0444226341 0.0721154309 0.0209775213 0.99976033 0.00625227019
-0.0304217704 -0.00927990872 0.2988224 -0.973522604 -0.172708735 -0.149751291
0.0383679877 -0.0388077674 0.0228183059 0.272671103 -0.959447205 -0.0714950711
-0.0512414233 -0.0240425941 0.173825592 -0.286043525 -0.830894113 -0.477277815
-0.0540819398 0.0117427234 0.229030618 -0.589169681 0.187197164 0.786025763
-0.0596699646 -0.0225522683 0.0711403608 -0.118591636 -0.901808977 0.415543765
-0.020805237 -0.0417695688 0.013104011 -0.130390391 -0.982585013 -0.132382303
0.0352172279 0.0396796473 0.161567362 0.200513154 0.979611635 0.0124749951
-0.00796282907 0.0113007669 0.00441700887 -0.00686705858 0.0139535731 -0.999879062
-0.0258990444 -0.0379372871 0.112328672 -0.719433844 -0.691463292 0.065524742
-0.0408435199 -0.0157456159 0.0810545826 -0.737430036 -0.289880514 0.610054195
-0.0121233364 -0.0244949955 0.260246383 -0.359489292 -0.918439627 0.165033221
-0.0612964977 -0.0170407051 0.212528027 -0.769735873 -0.590710104 0.242008716
0.00320058846 -0.0418856472 0.175983852 0.0271551181 -0.999414027 0.0208379198
-0.0469422308 0.0143377137 0.0792285859 -0.0173413549 0.2097473 0.977601886
0.00748458802 0.0362061193 0.234798281 0.0628272891 0.920434594 0.385814726
0.0329701122 -0.0372488274 0.206611106 0.190618306 -0.978354454 0.0805428401
-0.0665133356 0.017460063 0.0897532065 0.0480078645 0.953666091 0.297012269
-0.0240998545 -0.039731226 0.1739996 -0.179053545 -0.983839393 0.000112138405
-0.0124263051 0.0274518352 0.294380798 -0.345187455 0.873039365 -0.344452947
0.0726064556 0.0141525735 0.1587997 0.979070485 0.190184146 0.0724635646
0.0292779492 -0.0350976285 0.00233532073 0.1817213 -0.303752393 -0.935260296
-0.00409943949 0.0151623525 0.317134243 -0.0342354625 0.0708661228 0.996898115
-0.067070029 0.0143922368 0.107689488 0.135015652 0.990668416 0.0186239481
-0.0108529393 0.0247653824 0.00344882195 0.0197809935 -0.192911416 -0.981016755
0.0117363427 0.0293401727 0.250449204 0.237789631 0.903796077 0.355821341
-0.0349683468 -0.032527525 0.0812029565 -0.856900036 -0.392482907 0.334184736
-0.0267824906 0.0366888065 0.215421083 -0.235566512 0.9442572 0.22997126
0.0335597444 -0.0382725968 0.0102273808 0.326898843 -0.898543 -0.292844296
-0.00550113147 0.0358356202 0.000976613101 0.00452731922 -0.0623090751 -0.998046577
0.0283347726 -0.00542209548 0.29186252 0.87302357 -0.190513656 -0.448925763
-0.0519480488 -0.0122195103 0.160931112 0.320876956 -0.610601664 -0.724018991
-0.0309030149 0.00184993791 0.307473945 -0.984980285 0.0551926754 0.163607985
0.0328982891 -0.0404717068 0.0365664069 0.196334824 -0.980532527 0.00292353681
-0.046512501 0.00499947915 0.0809304717 -0.307594568 0.1111582 0.945002317
-0.0285214641 -0.0412897598 0.0373295241 -0.145179898 -0.988955617 0.0298265908
0.00919467886 0.0441022577 0.0910750963 0.0252711494 0.99963522 0.00953101926
-0.0472748757 -0.000553897855 0.00302395498 0.0106492387 -0.0231287628 -0.99967581
0.0292713455 -0.0402822682 0.126675424 0.20626013 -0.978382111 0.015003928
0.0167193666 0.0160488218 0.316728727 0.0876284316 0.135212004 0.986934125
0.0756380823 -0.00379578917 0.105355747 0.997991264 -0.0630924553 -0.00571965845
0.0066184127 0.0306922816 0.297280129 0.140953839 0.976980209 -0.160130396
0.011433812 -0.0338723867 0.236263293 -0.00251789135 -0.948656976 0.316296846
-0.0516633576 0.0156429481 0.00372759278 -0.2840195 0.054473497 -0.957269847
0.0355852741 0.0394973531 0.168681656 0.194883928 0.980715513 0.014748333
-0.0758225052 5.75440457e-05 0.128559928 -0.99938947 0.0292264707 0.0191453714
0.0592086442 -0.00953263313 0.224908992 0.642783642 -0.210575953 0.736537158
-0.0648934636 -0.0209498558 0.0347432515 -0.866274774 -0.450236022 -0.216461495
-0.022024969 0.0224000627 0.252655533 -0.605471134 0.717354178 0.344684839
-0.0689194516 -0.00880878901 0.190953613 -0.948857427 -0.287391573 0.130674466
-0.0426113081 -0.00143933922 0.00317114935 0.0551094078 -0.0224370025 -0.998228192
-0.0349847024 0.00575217783 0.247813404 -0.785552561 0.132111982 0.604527652
-0.0673679546 0.00891731044 0.206353186 -0.970324874 0.184677958 0.156088978
0.0563319725 0.0338288836 0.143654175 0.40227893 0.915371001 0.0163577162
-0.0338976065 -0.00311466497 0.249279684 -0.793406606 -0.0850362182 0.602722764
0.0314432438 -0.000398882171 0.307537515 0.982964218 -0.0901063606 0.160193846
-0.0286186933 -0.0102936031 0.255201668 -0.843176842 -0.269504637 0.465209812
-0.015843903 0.042871524 0.117757109 -0.127637744 0.991728604 0.0135287819
-0.0367724253 -0.013491283 0.241671687 -0.647704184 -0.511806905 0.564387321
-0.0269990801 0.0011685746 0.263676317 -0.951162636 0.0470570736 0.305082381
-0.00355236619 -0.0424670906 0.141764986 -0.0182893053 -0.999738038 0.013761756
-0.0359302887 -0.0396896603 0.0168929925 -0.256852269 -0.948373854 -0.186048537
0.0046952443 -0.0433654291 0.0618982066 0.0155624673 -0.999850035 0.007594008
0.0203110497 0.0422098205 0.0108199208 0.125886858 0.981854141 -0.141827077
0.0467714642 0.0380486224 0.0647027412 0.262017876 0.965032876 0.00762864249
-0.0678663534 0.0108987498 0.200521075 -0.968245387 0.204793811 0.143388882
0.0297261751 0.0416603187 0.10214994 0.204972669 0.978682637 0.0129140783
-0.0301313746 -0.0318775015 0.15420263 -0.962417424 -0.247227922 -0.112387918
-0.0591773061 -0.010246346 0.137972697 0.669323385 -0.741027772 -0.0537018366
0.0641803945 -0.0265317087 0.0478607299 0.845986664 -0.509286165 -0.157905802
-0.00830479274 -0.0359001471 0.224583075 -0.172261834 -0.928055942 0.330209106
-0.00299033695 -0.0189098683 0.00418784328 -0.02697872 0.0652475357 -0.997504294
0.0729288298 -0.0128108793 0.155601013 0.976591587 -0.205245554 0.0643672049
0.030785895 0.0408454671 0.144388268 0.20518899 0.978633583 0.0131837958
0.0370680519 0.0404460974 0.0805579111 0.199647024 0.979761422 0.0144426534
0.00859631063 -0.0405885412 0.203085663 0.0137951002 -0.996325731 0.0845264494
0.0325276529 0.0396696502 0.196619468 0.184506238 0.982722104 0.0146586439
-0.0147260647 0.0272360003 0.310063041 -0.426379949 0.841391385 0.332055151
0.0394609626 0.0306496056 0.231090251 0.291591167 0.718631268 0.631303132
-0.0232691045 0.0127670565 0.281485139 -0.884045959 0.451712519 -0.120076835
-0.0590443142 -0.0181811282 0.166565248 -0.305018067 -0.921805441 -0.2392461
0.0758352057 0.00078233902 0.106659236 0.998568952 0.0534242019 0.00240393565
-0.0454790982 0.00235649949 0.237023698 -0.690172374 0.0377633125 0.722658992
-0.0305606413 0.0257070347 0.237319226 -0.470383555 0.753435075 0.459428847
0.0707172283 -0.00874934519 0.18601878 0.969933748 -0.207264602 0.127553597
-0.03997696 0.0156592422 0.161709655 -0.584099293 0.314181149 -0.748410523
0.0511551771 -0.032407019 0.200288787 0.460616082 -0.876182854 0.1419034
0.0697807659 -0.0237608889 0.0990883916 0.81511426 -0.57929194 -0.00308590429
0.0677292056 -0.00299982855 0.208812428 0.977538168 -0.108312376 0.180797264
0.0706361611 0.0211677286 0.153165993 0.938347757 0.34039849 0.0602678135
-0.0427847148 -0.0325456194 0.202062421 -0.378078669 -0.914040029 0.146926537
0.0458993363 -0.000844132956 0.237243557 0.68394959 -0.0892744586 0.72404635
-0.0662117537 0.0195304519 0.0832866633 -0.37026307 0.837790549 0.401263326
-0.0654436581 0.0154096309 0.100204873 0.126723766 0.976284087 0.175528869
-0.0578623478 -0.0304413223 0.034532566 -0.614373446 -0.783203423 -0.0955907404
0.0679896132 -0.00882407341 0.0342038448 0.944019556 -0.203011215 -0.260025948
0.0234966878 0.0211087044 0.295410356 0.625213206 0.63459903 -0.454304576
0.0522058725 0.0358404695 0.0394560321 0.363361061 0.931273282 -0.0264371783
0.0135295453 0.0440142405 0.0628383918 0.07420782 0.997211874 0.00785272475
-0.00709125185 0.030055909 0.296549383 -0.199534118 0.968707621 -0.147620037
-0.0252845252 0.00358032659 0.277033965 -0.998433232 0.0513905324 -0.0221362319
-0.0644412603 -0.00692751771 0.0217138126 -0.929801166 -0.0654618591 -0.36219424
0.0195151746 -0.0227364048 0.00311880408 -0.0212756079 0.156264186 -0.987486064
0.0184647937 0.0420265326 0.184401884 0.127922431 0.991573215 0.0204563029
0.0250368382 0.0126394902 0.2890847 0.85331887 0.457769632 -0.249587536
-0.0450394328 -0.0221055156 0.00255755511 -0.0918362588 0.0321500525 -0.995254993
0.0220253889 0.0429027131 0.094919102 0.140223548 0.990051389 0.011644735
-0.0740374448 0.00842045528 0.139036888 -0.833225429 0.552619994 0.0186129175
0.0645779084 0.0299045786 0.0720418932 0.639633954 0.767673314 -0.0393220447
-0.0755174948 0.00500083868 0.123160013 -0.986599743 0.16286014 0.00988261309
0.0472106239 0.0340008523 0.220247113 0.313863903 0.888013303 0.336038411
-0.0168674322 0.0429531582 0.101690457 -0.131633893 0.99123323 0.0113687469
-0.0329997285 -0.00437836696 0.131212167 -0.995899498 -0.0891143009 0.0155790569
-0.0454380874 -0.03705936 0.0356136143 -0.382543445 -0.918629169 0.0988987237
0.0149880276 0.0423588715 0.181823003 0.0733185485 0.997130096 0.0188652575
-0.0326450342 -0.0194034746 0.240368835 -0.566345274 -0.583273768 0.58227545
-0.0228653024 -0.0182757895 0.255926282 -0.665008068 -0.66409874 0.341668129
-0.0245498383 0.040201738 0.00475548211 -0.136885956 0.858787239 -0.493707091
-0.0281801881 0.0397941688 0.170051235 -0.3265827 0.94272548 -0.0679147243
-0.0621607483 -0.000166414198 0.222561902 -0.826659083 -0.110559098 0.551734924
-0.0756591179 0.00506414517 0.102035369 -0.988138616 0.15343073 -0.00640956499
-0.00821867221 -0.0423172731 0.133618725 -0.0766563118 -0.996966302 0.0134924781
-0.036968567 0.00381903104 0.155787065 -0.886822701 0.00877898932 -0.462026387
0.0428748824 0.0255971535 0.00292902404 0.155850276 -0.00741908979 -0.987752795
0.0240637442 0.0415300068 0.171444636 0.134217218 0.990751207 0.0199472588
-0.0123275064 -0.0431744548 0.0334633664 -0.0836933032 -0.996136665 0.0265904479
-0.0337436625 0.00921187322 0.109939101 -0.992333412 0.0822366402 0.092257604
0.0721736098 -0.0194329061 0.106597356 0.928319514 -0.371774048 0.00263797538
0.0648181875 -0.0130840681 0.0261999672 0.908504009 -0.199002862 -0.367448151
-0.0124489761 -0.0429099152 0.0465737758 -0.090549767 -0.995661616 0.0214146189
0.0590093528 -0.0128836986 0.224124846 0.642783642 -0.210575953 0.736537158
0.0379149913 -0.0392735972 0.0724387918 0.200618327 -0.979594529 0.0121176085
-0.00541290643 0.0445700763 0.0360725267 -0.0255018454 0.999645591 0.00762912631
0.0446062852 0.0370532703 0.179825759 0.247192383 0.968823254 0.0166613758
0.0679556671 -0.0243572224 0.0655053592 0.841362834 -0.533811152 -0.084583059
-0.0314241389 0.0220783141 0.129706362 -0.993031919 0.117363021 0.0106546255
0.02608327 0.00651975609 0.266793148 0.965353608 0.199888572 0.167741001
0.0699174141 -0.0235530925 0.0974704522 0.815099597 -0.579277039 -0.00712829269
-0.0559172671 0.000836048848 0.122481213 0.998869896 0.0220520142 -0.0421033539
-0.0270561472 -0.0389638518 0.187923422 -0.221517161 -0.972652674 0.0698352978
-0.00765987163 -0.0405105839 0.00359332749 -0.0699477047 -0.879042089 -0.471584976
-0.0759178152 0.00176279499 0.094417782 -0.999405146 0.0331402309 -0.0095376214
0.0156949482 0.0427523894 0.155805414 0.0767776743 0.996920764 0.0159382485
-0.0741651097 -0.00337179263 0.156883189 -0.953015149 -0.2944327 0.0712141544
-0.033765165 -0.0053572144 0.112084245 -0.991586268 -0.0927624181 0.0902880356
-0.0063363229 -0.0416831733 0.180109443 -0.0267239213 -0.999221325 0.0290285479
0.0533826462 0.0357488816 0.0644918942 0.335415691 0.942067742 -0.00213478762
0.00816317531 -0.0431582593 0.080929861 0.0206218213 -0.999734819 0.0102457972
0.0305006726 -0.0409395792 0.0406363967 0.196040198 -0.980590701 0.00315322145
0.00863187884 -0.0426712816 0.119080706 0.0287194345 -0.999484241 0.0143644344
-0.0573600543 0.0104937971 0.142805899 0.850897074 0.509396136 -0.128412232
0.0335351855 0.0316868936 0.232885116 0.329968661 0.719596684 0.610983908
0.0505162475 0.0367192657 0.0764657403 0.324119806 0.945972681 0.00906230044
0.0478519893 -0.0112670474 0.00366327326 0.151714325 -0.0488404334 -0.987217009
-0.0196347897 0.0280350744 0.244585362 -0.390524894 0.845695436 0.363716215
0.0583241139 -0.0272131815 0.0251537455 0.746476889 -0.585732996 -0.315735966
-0.0640464315 -0.0162590791 0.0870472648 -0.195974678 -0.928046286 0.316740036
0.0132021392 0.0247691313 0.290621951 0.332038403 0.814873755 -0.475111842
0.0601837741 -0.0120434484 0.015238049 0.870749235 -0.193364114 -0.452112794
-0.0133867721 -0.0410255217 0.184794795 -0.0778232142 -0.99652493 0.0296937861
0.00157626816 -0.0251761438 0.282356193 0.0549079031 -0.998150587 -0.0260867737
0.040778811 -0.017011994 0.00334687609 0.00462655583 0.0168289244 -0.999847651
-0.0458328396 0.0247669169 0.226739037 -0.414183676 0.658700585 0.628144503
-0.0184611318 0.043065389 0.0795140765 -0.151299134 0.988258362 0.0213042703
0.0430451353 0.0390968162 0.0583144849 0.262025416 0.965052426 0.00406173244
0.0615244079 -0.028816484 0.0441706686 0.677949786 -0.728295028 -0.0998522788
0.0185210805 -0.0105261246 0.31739251 -0.00780866155 -0.175971389 0.984364331
0.00647337715 -0.0433730109 0.0572754435 0.0151802972 -0.99985379 0.00786657166
0.018652466 -0.0414677002 0.00943798834 0.142846957 -0.954943776 -0.260148197
-0.0145243076 0.0441018497 0.0284364967 -0.0702953264 0.997525573 0.00103683816
0.0356350905 0.0410657925 0.0412204873 0.188570112 0.982050121 0.00434428127
0.0626057043 -0.03059314 0.093116079 0.595172644 -0.803594887 0.00218835496
-0.0272805506 -0.0362137523 0.117001707 -0.722688258 -0.689929903 0.0414532833
-0.0728463552 0.0104352359 0.131516666 -0.824689865 0.565370202 0.0155952452
-0.0530012417 0.0351222833 0.0583500596 -0.393292218 0.916665673 0.0710291341
0.027640852 0.0414496804 0.143359979 0.141302288 0.989870429 0.0137913739
-0.064600499 -0.00518173208 0.0218070789 -0.929801166 -0.0654618591 -0.36219424
0.00627851809 -0.0415401012 0.00547536352 0.0254318733 -0.96530962 -0.259866416
0.0138454628 -0.0384844609 0.21906415 0.0405120701 -0.980897546 0.190259412
-0.0162893506 -0.0393440347 0.0027650715 -0.10397137 -0.885699749 -0.452466339
0.0237378454 0.0416592638 0.0101162722 0.125104085 0.960109711 -0.250076711
-0.026966476 0.0396252621 0.199350544 -0.162815735 0.977186263 0.136374846
0.0720153645 0.0205278658 0.122973148 0.938970268 0.343773037 0.0124436039
-0.0140642159 -0.0181295107 0.316139533 -0.00459697843 -0.11849425 0.992944121
0.0442164946 0.0387661089 0.061324478 0.262025416 0.965052426 0.00406173244
0.058964092 -0.0193762816 0.0174219916 0.840762138 -0.312350929 -0.442217141
-0.040476614 0.032641761 0.216470569 -0.290723115 0.926399946 0.239297599
0.0630654408 -0.0024142725 0.018038148 0.885352254 -0.0716220811 -0.459370911
-0.0584432489 0.0287084745 0.0714110473 -0.367620915 0.798894227 0.476049274
0.0751527662 0.00855522445 0.125334056 0.982442081 0.185200229 0.0225479323
-0.0608166729 0.0173298437 0.0170887944 -0.868495524 0.201287106 -0.452989012
0.0740944253 -0.0133980449 0.0928167268 0.979156911 -0.202479467 -0.0159269068
-0.0648221317 0.0171803755 0.208770454 -0.857654214 0.5049119 0.0974325165
0.0496087972 -0.00986096519 0.232672599 0.617701292 -0.189417705 0.763260126
-0.0174133313 0.0199902437 0.274592817 -0.637880027 0.764896452 0.089679718
0.0128279619 -0.0431414408 0.0483094616 0.0737161115 -0.997193098 0.0131067522
0.035506812 -0.0398259163 0.0648276625 0.198940173 -0.979977548 0.00817841012
-0.030183342 -0.00988869673 0.00404002598 0.0501929894 -0.0273480695 -0.998364985
-0.0137148868 -0.025710892 0.293234835 -0.342242181 -0.7442348 -0.573572099
0.0630432487 -0.0301806174 0.0819547567 0.601734459 -0.798658073 -0.00779908989
-0.00183344469 0.044462923 0.0598858331 -0.0330433138 0.999399126 0.0104676848
-0.0714805892 -0.0125699318 0.0908213191 -0.649021983 -0.754702032 0.0958918557
-0.0257610689 -0.0383804585 0.153969419 -0.69039613 -0.719810069 -0.0722961724
0.0403414945 -0.036753569 0.184661691 0.24719663 -0.968573809 0.0275435653
-0.0641227351 0.0109375021 0.218026135 -0.948634088 0.163055927 0.27112022
-0.0492476885 -0.0116933433 0.00330100218 0.00575083215 -0.0323784053 -0.999459147
0.0102605297 0.0423519374 0.197200936 0.0604927838 0.997879207 0.0240317043
0.0458499371 0.0382849964 0.0664525935 0.262017876 0.965032876 0.00762864249
0.0563491317 0.0326888198 0.192062859 0.395515829 0.917739511 0.036351677
0.0521363728 0.035040439 0.159418467 0.309282005 0.950918317 0.0099471705
0.0478152598 0.0306646473 0.00892347603 0.595349073 0.654542565 -0.465975851
0.025833858 -0.0384980191 0.208567516 0.193264708 -0.977996647 0.0785575658
-0.0233434931 0.012702759 0.281790939 -0.884045959 0.451712519 -0.120076835
0.00729317932 -0.0211511791 0.316304457 0.0112758502 -0.0967701972 0.995242953
-0.011887465 -0.0400829953 0.200821517 -0.0912931189 -0.989207566 0.114603139
0.0589737654 0.032385244 0.160476023 0.398558468 0.917032778 0.0142116472
0.0162646712 -0.0223786317 0.29039519 0.464421034 -0.779270411 -0.420773864
-0.0330032198 -0.0361591504 0.202167235 -0.289345056 -0.943857372 0.159413457
-0.0706284712 -0.0160570203 0.0701146692 -0.868636191 -0.495312303 -0.0116971387
0.0411881601 -0.0382076606 0.0855608959 0.265027761 -0.964134276 0.0143284183
0.0654869162 0.0268940253 0.0528539711 0.854250491 0.505749941 -0.120304137
0.0682385965 0.00486038831 0.0330435482 0.962952912 0.0564721487 -0.263690531
-0.0262378179 -0.038870145 0.191214264 -0.175335377 -0.981594741 0.0756916776
0.0198398248 0.042636615 0.138432717 0.141300797 0.98985523 0.0148549611
-0.0563372226 -0.000570815045 0.113253484 0.994960308 -0.0912448689 -0.0415742956
-0.0200159334 -0.0423088954 0.0400928021 -0.11654038 -0.992975593 0.0204411894
0.0325987319 -0.0395202518 0.13062372 0.20626013 -0.978382111 0.015003928
-0.0186412678 0.0127532339 0.00440544715 0.0124971392 0.0155634759 -0.999800801
0.0244602994 0.0337454939 0.234361068 0.215025574 0.836415231 0.504156172
0.00516701218 -0.0383544595 0.220269555 -0.0279159024 -0.978491366 0.204390481
0.00707698439 -0.00835896391 0.00386670584 -0.0317621529 -0.0382519215 -0.998763204
-0.0292232951 -0.00751904653 0.255466387 -0.862138391 -0.175180137 0.475425541
0.0155572372 -0.0404424663 0.199414674 0.0678237304 -0.994676292 0.0775829554
-0.0513768413 -0.0232086822 0.0065510091 -0.684740007 -0.424511969 -0.59238553
0.0743296763 -0.0124980956 0.121093364 0.979626834 -0.200502291 0.0114060435
-0.00309063668 0.0397673995 0.222126986 -0.124753982 0.967367887 0.220535189
-0.0389164361 0.00443604575 0.0879828177 -0.901139498 0.0730897188 0.427323461
-0.0207784909 -0.0400868877 0.186106038 -0.16726473 -0.985618651 0.0240494274
0.00304416021 0.039017389 0.00130948007 -0.00135389785 0.179678276 -0.983724535
-0.0321936685 -0.0129500325 0.128144908 -0.992273927 -0.123303838 0.0137327407
0.0698445321 -0.00568227584 0.0408685716 0.979980946 -0.0697519258 -0.186472833
-0.00861832408 -0.0430221322 0.0700636841 -0.0405021012 -0.999165058 0.00535724033
0.000486689899 -0.0419824013 0.173841414 -0.0229472574 -0.999537051 0.0199735854
-0.0660774317 -0.0128193605 0.137345769 -0.0172704402 -0.99977982 -0.0119231176
0.0100816393 -0.0160874698 0.00389922843 -0.0387849882 0.0152776157 -0.999130845
0.0629947213 0.0312979254 0.0742451666 0.629367411 0.77693826 -0.0162272509
0.0166830485 -0.0226249959 0.29131323 0.464421034 -0.779270411 -0.420773864
-0.00921135933 0.044131439 0.0688930376 -0.0882793665 0.996048033 0.00975014549
0.0350941131 0.0403609897 0.11498419 0.205586955 0.978541315 0.0138155464
0.0464466941 0.0298987784 0.00609914738 0.595349073 0.654542565 -0.465975851
0.0639948132 -0.0283424521 0.0582443216 0.678264737 -0.729102015 -0.0914727524
0.0177637726 0.0242359142 0.255962042 0.469537258 0.807688415 0.356614769
-0.0670683578 -0.0049479576 0.028977674 -0.965661228 -0.0666157454 -0.251119047
-0.0708298191 -0.00329678704 0.18618662 -0.982043624 -0.125553876 0.140807107
0.0168557686 0.042647038 0.010779798 0.125886858 0.981854141 -0.141827077
-0.0329008317 0.00778018876 0.124112122 -0.996979177 0.0760736242 0.0156584475
0.0231462551 -0.000973429894 0.318036983 -0.0354654454 -0.0588698573 0.997635424
0.00570825563 0.0256111297 0.31531634 0.0843949914 0.498465091 0.862791955
0.0297533809 -0.0187933433 0.246494124 0.650426209 -0.539712727 0.534467995
0.0530515993 0.0350193584 0.138094374 0.316874176 0.948369801 0.0136164147
0.00649925613 0.0422654648 0.203385864 0.00812516734 0.999429166 0.0327925496
0.0633052461 -0.0280237412 0.0505908705 0.678264737 -0.729102015 -0.0914727524
0.0680664362 -0.0207172452 0.179104011 0.920814157 -0.366341203 0.133773908
-0.0295682276 -0.0359067781 0.0965939384 -0.742221355 -0.657169819 0.131283209
0.0682056784 0.00884216885 0.0343567841 0.947762072 0.184776187 -0.260009378
-0.0143353628 0.0120198328 0.00444785308 0.0124971392 0.0155634759 -0.999800801
-0.0219077873 0.0364571435 0.220786241 -0.234945312 0.933565438 0.270658761
-0.00104396497 0.0436709704 0.139836738 -0.0159364194 0.999771118 0.0142733119
0.0651177999 0.028947641 0.0644702187 0.661984801 0.747134209 -0.0597225428
0.0315837921 -0.0405938193 0.0689103731 0.200628042 -0.979645669 0.00653468166
-0.0509120644 -0.0285326158 0.19935691 -0.570979297 -0.808741033 0.141140908
0.0399261831 -0.0385426291 0.0863638558 0.265027761 -0.964134276 0.0143284183
-0.0495053025 0.00142193815 0.15630589 0.772854567 -0.00906226598 -0.634518385
-0.0356375673 -0.0150643529 0.157687559 -0.804530919 -0.192108348 -0.561982572
0.0296662641 0.0418369499 0.0898711936 0.203088209 0.979075432 0.0129024163
-0.0405986533 -0.0216204537 0.0786168091 -0.771828949 -0.325961649 0.545920312
0.037542756 0.0300788746 0.00221793279 0.162788317 0.0461169221 -0.98558265
-0.00435206197 0.0446010667 0.0355579578 -0.0255018454 0.999645591 0.00762912631
0.0146210406 -0.0429568291 0.0551239895 0.0737191364 -0.997252822 0.0072402074
0.0244096095 -0.041842123 0.0618189937 0.135407075 -0.990776896 0.0051095318
-0.00459006006 -0.0409444919 0.197540098 -0.0390246399 -0.997437 0.0599719621
-0.0157115157 -0.031271531 0.232303459 -0.2368595 -0.892503023 0.38384366
-0.0308817471 -0.00987191351 0.251393862 -0.770439148 -0.249599531 0.58662051
-0.0334674982 -0.000398888053 0.120990925 -0.997324705 -0.0441702716 0.0582441725
-0.006992013 0.0442886022 0.0188385965 -0.0222740471 0.998865604 -0.0420882963
-0.0459666704 -0.0213482613 0.0738762141 -0.306887656 -0.411304116 0.858282506
-0.0578971475 0.0159298366 0.0850492239 0.762674212 0.465001076 0.449557632
0.0537858787 0.035546449 0.0818946954 0.324118495 0.945970178 0.00935997348
0.00553212114 -0.0425460379 0.134210178 0.0301888026 -0.999427497 0.0152725829
0.0237999083 -0.018968261 0.311400499 0.670251489 -0.676532209 0.305069089
0.00744096967 -0.0396182902 0.212581781 -0.00426412839 -0.991232216 0.132062703
-0.0319289748 0.0381620449 0.0868353888 -0.774370015 0.586337984 0.237820938
-0.0225034847 -0.013088377 0.281462739 -0.868105412 -0.471987128 -0.153692156
-0.0757735831 -0.00294636866 0.10272182 -0.996452391 -0.0838890895 -0.00674515497
0.0677852928 0.0217318332 0.184091583 0.939569414 0.327227652 0.100654341
0.0296253596 -0.0269586546 0.00242306525 0.0169586428 0.14899385 -0.988692641
0.0442274376 0.0387695936 0.05979033 0.262025416 0.965052426 0.00406173244
0.0414304183 -0.0384018005 0.0458615279 0.259920597 -0.965625584 -0.00291011739
-0.0570446719 0.0261870809 0.207756626 -0.577156782 0.816447616 0.0174184591
0.0453873723 0.0357763573 0.212717241 0.313899457 0.94217968 0.117322125
-0.0141359044 -0.0217807229 0.270465584 -0.563833654 -0.822290123 0.0770105571
-0.0518462173 -0.0343512186 0.0320298084 -0.545684755 -0.837893248 -0.0127674108
-0.0312122725 -0.00505339175 0.298994139 -0.983412325 -0.0734792203 -0.165834233
0.068202373 0.0270305946 0.0873496435 0.840408921 0.541581631 -0.0200563967
-0.0260204647 0.000876616566 0.28499586 -0.99308002 0.0385818668 -0.110921092
0.0463286935 -0.0148796501 0.23363553 0.586753428 -0.296629339 0.75347954
0.0394257636 0.0367253848 0.00958994993 0.442179024 0.813407779 -0.377948999
-0.0671916324 -0.0209209598 0.0553121319 -0.851300299 -0.523572266 -0.0340556577
0.074552973 -0.00955779271 0.136923849 0.978815019 -0.201643586 0.0355106518
-0.0426315761 -0.00733795692 0.161597925 -0.0314189419 -0.26410234 -0.963982821
0.0206417253 0.0186364891 0.26478772 0.689429283 0.704256594 0.169439986
-0.000499395548 0.0421925323 0.203120058 -0.0414036065 0.997742534 0.0528723188
-0.0359940226 0.000714852831 0.09693954 -0.979711652 0.0289596263 0.198308676
0.00456479041 0.0443790464 0.0199031228 0.0240107495 0.998696506 -0.0450425856
-0.0428666706 -0.0345616364 0.00876769996 -0.481127888 -0.771445751 -0.416398048
-0.076024227 0.000754494599 0.109652467 -0.999652565 0.0248224493 0.008862352
0.073659212 0.0154122558 0.132346292 0.938775361 0.343707621 0.0237867776
0.0120296137 -0.0334124394 0.237647538 -0.00251789135 -0.948656976 0.316296846
0.0342316098 -0.0219761867 0.00304077952 0.00737334741 0.0641814843 -0.997910976
-0.0212755855 -0.0417765596 0.0136191732 -0.130390391 -0.982585013 -0.132382303
0.0689713841 -0.000527279582 0.0348472884 0.961812496 -0.0739061013 -0.263542503
0.026852812 -0.0408782836 0.112923687 0.14179498 -0.989795029 0.0141444793
0.0756873208 0.00325978543 0.112612752 0.998540044 0.0539411865 0.00287518138
0.0403536526 0.0101126071 0.241725472 0.664871991 0.121441849 0.737019002
-0.0703937083 -0.00345487228 0.189027862 -0.980843902 -0.125319198 0.149131715
-0.00897090679 -0.037429499 0.218836237 -0.151100904 -0.955037177 0.255093127
-0.0325224881 -0.0134655998 0.14408376 -0.986909091 -0.131245881 -0.0937288254
0.0455130841 0.0309519212 0.0063856467 0.595349073 0.654542565 -0.465975851
0.0172276588 0.0208792569 0.286518695 0.58732152 0.781603873 -0.210116491
0.0456925244 -0.0366852165 0.102983152 0.266461343 -0.963743269 0.0140498802
0.00656518926 -0.0421151375 0.158817061 0.0295074638 -0.999422729 0.0168350395
0.0191593757 -0.0422887899 0.0901154505 0.0777793527 -0.99689585 0.0122077512
-0.0120278276 0.0191476806 0.316476213 -0.0312083699 0.0832552537 0.99603951
-0.0409540287 0.025378756 0.167871691 -0.606458247 0.545884073 -0.578116715
0.00255590173 -0.0427649578 0.124998436 0.0301894899 -0.999447823 0.0138804633
-0.0366032345 0.030304193 0.225160925 -0.295517951 0.851012707 0.434104413
-0.0349087413 0.0218730714 0.0934171211 -0.95337683 0.139480799 0.267614961
-0.0651907735 0.0169326385 0.161271908 -0.313342333 0.941577971 -0.123480417
0.000556742392 -0.0309098535 0.301977154 0.0640556812 -0.997699916 -0.0221753959
0.0291520943 0.0028661178 0.257609491 0.867972434 0.0478619859 0.494300634
-0.029247488 0.0415720294 0.0675834366 -0.190328225 0.981299937 0.0287327822
-0.0230602133 -0.0411507522 0.0717209574 -0.167680562 -0.985430717 0.0284538288
-0.0670611042 -0.0126815741 0.135177276 -0.327426165 -0.944871485 -0.00314094569
-0.0600399698 0.0188303828 0.0166368706 -0.838970602 0.308756888 -0.448104382
0.0568384484 -0.0305774647 0.192418652 0.407067001 -0.908214271 0.0971769691
-0.0632000852 0.0278854457 0.0602135297 -0.687817454 0.725870073 0.00445818389
-0.029638688 0.0422811825 0.0245043777 -0.152201489 0.98732239 -0.0450478569
-0.00805664736 0.00016866319 0.316952936 -0.01182329 -0.0172830522 0.999780715
-0.0148308781 0.0424990912 0.158929306 -0.117111817 0.993027687 0.0134435203
-0.0118220781 0.026933339 0.293204844 -0.2927351 0.762355566 -0.577165723
0.0109825377 0.0209223913 0.00367578968 -0.0373215079 -0.0728762895 -0.99664247
-0.0517360419 0.00857986442 0.00337111164 -0.246941969 0.0545149595 -0.96749568
0.0743398814 0.00310020074 0.155368844 0.996113598 0.0597901009 0.0646760538
0.0348942306 -0.0398788224 0.0735235745 0.200618327 -0.979594529 0.0121176085
-0.0354359958 0.0396498602 0.0104861349 -0.289143682 0.940230429 -0.179895952
0.0412053664 0.0385950675 0.136264593 0.263593346 0.964538634 0.0135598043
0.0335798689 -0.0395521319 0.0162799987 0.296152025 -0.938434243 -0.177862689
-0.0520061453 0.0355168246 0.0252324134 -0.572871149 0.814945161 -0.0876527205
-0.054974832 -0.0259632167 0.19081572 -0.574981689 -0.817860663 0.0223615877
0.00535017586 -0.0410168063 0.198562656 0.0142053775 -0.99854368 0.0520449169
-0.0379311716 0.00539403741 0.0898966921 -0.901139498 0.0730897188 0.427323461
-0.00483422957 -0.0259380145 0.265112308 -0.188036591 -0.973730445 0.128417924
-0.0209613685 -0.0402741998 0.163465809 -0.200820312 -0.979627132 0.00132903096
0.0184205589 0.0419891684 0.186489551 0.127922431 0.991573215 0.0204563029
0.0262261705 0.0420208818 0.117196631 0.141500011 0.98984617 0.0135016162
0.0400623406 -0.0374194146 0.155795007 0.255706519 -0.966592968 0.0176711231
0.069336219 0.013381239 0.0439220357 0.966113508 0.178827673 -0.186132699
0.031702903 -0.0354514252 0.221414009 0.290293276 -0.929709554 0.226649284
-0.0425994168 0.0384093205 0.0627945873 -0.361409754 0.916908383 0.169298247
-0.000524159181 0.0273772846 0.265962013 -0.06491559 0.987639844 0.142665863
0.0424448143 0.0390914863 0.0295549958 0.272807449 0.961490929 -0.033335574
-0.0357809894 -0.0120939604 0.243965991 -0.664839506 -0.453186274 0.59381038
0.0604810404 -0.00925452286 0.0146305873 0.870193064 -0.191059858 -0.454158872
0.0346819585 0.0400067217 0.14601133 0.20518899 0.978633583 0.0131837958
0.00829129597 0.0437365232 0.123399454 0.0303409733 0.999449551 0.0134137692
-0.0544237691 0.03175359 0.0208143144 -0.687097132 0.661691487 -0.300103039
0.0240914742 -0.0210783579 0.00319073175 -0.023928538 0.0777000412 -0.996689558
-0.0209125958 0.0162366008 0.273796253 -0.793425798 0.603621125 0.0782123059
-0.00357585552 -0.0303388169 0.297209548 -0.0372487456 -0.987777531 -0.151353851
-0.0548789573 0.0278806396 0.0156451432 -0.742553055 0.514330328 -0.429044634
0.0397169517 0.0400176271 0.0542363222 0.262025416 0.965052426 0.00406173244
-0.0555708612 0.00147086731 0.127916351 0.996567011 0.0116921896 -0.0819604471
-0.0410781986 0.000391660833 0.159945743 -0.485998333 -0.0280530918 -0.873509407
-0.0715870999 0.0124210816 0.104836422 -0.658646047 0.75045234 0.0548337474
-0.00964527688 -0.00653317627 0.00405214911 -0.00691079115 -0.0574602596 -0.998323798
-0.0436088394 0.0340951402 0.00694103576 -0.60248667 0.642909825 -0.472944796
0.0287381452 -0.00885965724 0.00336230716 -0.0220799521 -0.0193320829 -0.999569297
0.0079933641 0.0443090744 0.0672348876 0.0199146215 0.99977541 0.00724129751
-0.0496420833 0.0370946687 0.0300003416 -0.436175883 0.8988778 -0.0420639962
0.0271243104 -0.0153246205 0.308945097 0.835194051 -0.472139537 0.282019615
-0.018085359 0.0259182719 0.300211731 -0.55596 0.82908994 -0.0593156703
0.0310692981 0.00876665678 0.301756188 0.97574079 0.21547392 0.0387430526
0.0519954351 0.0351149534 0.157164703 0.309220463 0.950879753 0.0144973239
-0.0554823084 0.0337194603 0.0604284377 -0.50115329 0.863066852 0.0629359931
-0.0181612134 -0.0314587975 0.230356395 -0.2368595 -0.892503023 0.38384366
-0.00907998591 0.0420724044 0.197116492 -0.0886036679 0.994604349 0.0539590195
0.0424661893 -0.0354309225 0.0129975873 0.441208005 -0.844296336 -0.304136992
-0.0103698957 -0.0419675438 0.147845253 -0.0732018128 -0.997216403 0.0141728446
0.0681976038 -0.0230988254 0.165464544 0.814702749 -0.576717138 0.0604720078
0.0206398225 0.016967518 0.281235656 0.801387846 0.587703884 -0.11127314
0.0733381156 0.00208500157 0.169066392 0.99390012 0.0586310215 0.0934069678
0.0238522581 -0.0311826648 0.00172126094 0.029876234 0.12853314 -0.991255045
0.018719839 -0.0174631473 0.316112486 0.118550271 -0.179592684 0.976571739
0.0706800834 -0.0053193235 0.189302098 0.987335205 -0.0810295045 0.136394098
0.0678035745 -0.0261370957 0.0827134042 0.820022464 -0.571913004 -0.0218778308
0.0301488832 0.0421123327 0.0460087191 0.191344485 0.981520593 0.00216177432
0.0323958678 0.0416242236 0.0537175185 0.191339508 0.981485248 0.00870239362
-0.0267450869 0.0386312534 0.146558896 -0.686784148 0.72476846 -0.055120416
-0.073063353 0.0074586866 0.0620150814 -0.977420986 0.162148416 -0.135484681
-0.0740502475 -0.00275086281 0.159577979 -0.987433672 -0.136605456 0.0794590637
-0.0514061444 -0.027752588 0.182142298 -0.496121585 -0.860378921 -0.116667494
-0.033448941 -0.0370895672 0.191284223 -0.308721006 -0.949267805 0.0598501302
0.0167958703 0.0215650155 0.287862669 0.58732152 0.781603873 -0.210116491
0.0144693926 -0.0424567182 0.105641674 0.0792905316 -0.996750116 0.0142201381
0.0680133717 -0.026181102 0.0933663196 0.817833662 -0.575321376 -0.0123818172
0.0360126082 -0.0375093075 0.192865774 0.252794772 -0.966296375 0.0486438759
-0.00526880533 0.0256126374 0.278384139 -0.155011907 0.986534894 0.0521546118
-0.0433455999 -0.0328342878 0.198538619 -0.445129871 -0.895122409 0.0248053558
-0.0736142665 -0.00574653724 0.154401498 -0.953062594 -0.294550985 0.0700817928
0.0295375264 -0.0120275499 0.304701232 0.912055671 -0.373982608 0.168200493
0.0268531787 0.0415893592 0.141505008 0.141300797 0.98985523 0.0148549611
0.0273626647 0.0170698632 0.305860814 0.869315088 0.46558696 0.165891901
-0.0324098557 -0.0153928242 0.115268291 -0.990205944 -0.12845616 0.0546905324
0.017293547 0.0433248429 0.105422897 0.0799925923 0.996717036 0.0125021357
0.0563596372 -0.00955056341 0.00753539904 0.84336853 -0.188064054 -0.503350198
-0.0261074995 0.00476566198 0.267311891 -0.972080767 0.153854534 0.177166045
-0.0178077627 0.0320422679 0.236356475 -0.29777661 0.890178382 0.344835609
0.00748935927 -0.0438649866 0.0239714912 0.0273691211 -0.999456823 -0.0183572639
0.0611732703 -0.0309156412 0.121638841 0.391959786 -0.91989845 0.0124270879
0.0233810002 -0.0377565054 0.217975301 0.112102114 -0.985873997 0.124440253
-0.0211337727 0.0433955439 0.036750268 -0.124235928 0.992171407 0.0126971556
-0.0166108088 0.042492223 0.139063336 -0.231639758 0.972756684 0.00935642701
0.0266211363 0.0147295326 0.31281904 0.78624326 0.417180449 0.455830961
-0.0335254008 -0.00223416476 0.118598277 -0.997294426 -0.0456617177 0.0576104559
0.0133820691 -0.0433062866 0.0187099931 0.0888996869 -0.995672882 -0.0270638037
-0.00621889523 0.0307865921 0.301072207 -0.20304063 0.978563488 -0.0344666913
-0.0236034657 0.041103702 0.105596113 -0.439061433 0.897547364 0.040421661
0.075464159 0.00460585065 0.0905866367 0.99809593 0.0553958267 -0.0271270275
0.0223600676 0.0150117205 0.283400109 0.873725712 0.469775856 -0.126151279
0.0169262214 0.0436035915 0.0828012545 0.0767449364 0.997003794 0.00967723504
0.0363584594 0.0406671885 0.0739460852 0.198058322 0.980120599 0.0116822263
0.00831517753 0.0433410751 0.150418975 0.0291627198 0.999441504 0.0163166728
-0.0556014969 0.00532547804 0.00464006602 -0.750466526 0.167813122 -0.639248431
0.0610357619 0.000812555984 0.0138043431 0.887431026 0.0566700995 -0.457443595
0.0740273736 -0.0133488698 0.127957822 0.979182482 -0.201684833 0.0229114462
0.0436885346 0.0379183836 0.13612751 0.263593346 0.964538634 0.0135598043
-0.0140305459 -0.042909041 0.0395637073 -0.0836630911 -0.996350706 0.0169053413
-0.0248508524 -0.00548284536 0.274425136 -0.97665441 -0.196192607 0.0874905586
-0.0309230992 -0.0184538914 0.243478637 -0.599834263 -0.622980535 0.502089679
-0.0102012888 0.0242280049 0.283003934 -0.359463215 0.933157504 -0.00178398506
-0.0281533071 -0.0360236884 0.153512063 -0.69597429 -0.714687526 -0.0695806071
0.0599232611 0.0328687364 0.100153353 0.408995539 0.912494957 0.00869637169
-0.0636098738 0.0183829545 0.210989179 -0.83836931 0.493946165 0.230551556
0.0377221897 -0.0381513612 0.149517853 0.259284228 -0.96565485 0.0168033745
0.0175809951 -0.00894365727 0.00361871387 -0.023641821 -0.0230492931 -0.999454737
0.0344725886 -0.0146994557 0.24450933 0.646075666 -0.428172618 0.631865919
0.0754758083 0.00385247718 0.0894629874 0.99807322 0.0565061308 -0.0256302934
-0.0439433117 -0.0283011549 0.0708259216 -0.485422462 -0.555820584 0.674854457
0.0728711034 -0.0140493821 0.15252766 0.976591587 -0.205245554 0.0643672049
0.0377577572 -0.0393871083 0.0595999617 0.262804478 -0.964848816 0.000806189084
0.0458243537 -0.0358440629 0.158729433 0.255759209 -0.966648936 0.013307441
-0.0288337647 -0.0319454964 0.125620047 -0.971547365 -0.236547738 0.0118662352
-0.0701215225 -0.010480587 0.172371999 -0.884761274 -0.462097526 0.060525462
-0.0566159505 0.00260226231 0.107528884 0.993138671 0.111619972 0.0348794274
-0.0316572249 -0.0235296439 0.108541628 -0.978218317 -0.188715398 0.0864610821
0.0212804202 0.0416607345 0.184525755 0.127922431 0.991573215 0.0204563029
-0.0681694587 0.00184270915 0.20532917 -0.984032094 0.0514442101 0.170394525
0.0710283725 0.0209004186 0.147903817 0.939370632 0.339441627 0.0486033782
-0.00699855531 -0.0188989402 0.316442797 -0.0367089882 -0.0909371004 0.995179772
-0.0454769221 -0.0364981223 0.0180413445 -0.468791008 -0.872603595 -0.137105867
-0.0145442248 0.0395410215 0.214083893 -0.17241177 0.970608354 0.167909801
-0.0455608778 0.032568786 0.00734101261 -0.590733945 0.650158226 -0.477836549
-0.0276427913 -0.0414668775 0.0357337518 -0.145179898 -0.988955617 0.0298265908
-0.0179766356 0.0433628374 0.0672214817 -0.0901354328 0.995862961 0.0115112308
0.0590284986 -0.0322182866 0.0685768794 0.418720841 -0.908099115 -0.00536742155
-0.0580508068 0.0256379909 0.200370667 -0.581652641 0.813175499 0.0206305496
0.0613232105 -0.0231331241 0.205793169 0.785248041 -0.580563724 0.215246543
0.0503745105 0.0348481692 0.19961635 0.302949399 0.952294111 0.0368452109
-0.0548400744 0.0124220027 0.00520516932 -0.770768046 0.131313473 -0.623436689
-0.00198554264 -0.0431875547 0.0850423899 -0.0335611291 -0.999428093 0.00414400641
-0.0704545224 0.00658967519 0.188336034 -0.96813339 0.217421308 0.124280557
0.0717209885 -0.014427764 0.0613522225 0.970519662 -0.192944765 -0.144442901
0.0281282277 0.0362695266 0.228573565 0.164918929 0.875105023 0.454964876
-0.0117137043 0.0338898803 0.236076502 -0.18628104 0.930699766 0.314797401
0.0048128355 -0.0422825817 0.152228008 0.0303584393 -0.999395311 0.0169529784
-0.0191026899 0.0315974798 0.236386458 -0.29777661 0.890178382 0.344835609
-0.0119082877 0.0431909458 0.0114308569 -0.069908157 0.989226639 -0.128621206
-0.0686338432 0.00320896341 0.20218181 -0.984619617 0.0623950027 0.163190454
-0.00709153222 0.0443731108 0.0518605 -0.0299400017 0.999517262 0.00829151832
0.0273543669 0.0415214649 0.141250548 0.141964599 0.989770174 0.014173504
-0.0376820342 0.0405827839 0.0452574937 -0.204482183 0.978582919 0.0237205029
0.0624625501 0.008089836 0.222517544 0.825853109 0.148978934 0.54384917
-0.0291752505 0.0135992987 0.252513557 -0.77801156 0.460976571 0.426847249
-0.00366552069 0.016604501 0.317043385 -0.0132726636 0.0710020587 0.997387886
-0.0747785498 -0.00670904944 0.0867853713 -0.977656543 -0.208222687 -0.0288250148
0.0149278033 0.0400689884 0.22351758 0.024457125 0.976302922 0.215021759
-0.0172736415 0.043732353 0.0445749752 -0.0824319646 0.996492445 0.0144154839
-0.0320791616 0.0176738531 0.122445468 -0.991413057 0.117703453 0.0569739752
-0.0717068179 0.00223726523 0.0501398194 -0.988500953 0.0516938865 -0.142104492
-0.0743199751 0.00378106545 0.0700781637 -0.991572022 0.0527696833 -0.118322499
0.00375251069 0.0446323598 0.0306682856 0.0212434735 0.999774277 -0.000253250939
0.000363216221 0.0421905796 0.203832411 -0.0414036065 0.997742534 0.0528723188
-0.0627764295 0.0160625334 0.0921056752 0.565160692 0.768031955 0.301198006
0.0671207108 0.0146358552 0.205654195 0.971107721 0.174863786 0.162395909
-0.0115064042 0.0426029589 0.174563522 -0.0713544413 0.997302353 0.0172204394
-0.0248230216 0.0423735612 0.0667481817 -0.149164677 0.988545835 0.0229541492
-0.0352692364 0.037348411 0.181099969 -0.588548779 0.80311352 -0.0928387046
-0.0199236171 0.0427386425 0.08523646 -0.149022639 0.988711476 0.0155563997
-0.0668937588 -0.0126612562 0.125271096 -0.0172704402 -0.99977982 -0.0119231176
-0.0491269267 -0.0355953355 0.0336318601 -0.408998281 -0.912389696 0.0162923969
0.0148212086 0.0402080604 0.222898247 0.024457125 0.976302922 0.215021759
0.0671116068 -0.0250404388 0.0616881164 0.839048088 -0.531774759 -0.114951558
0.0164210315 -0.026171406 0.307210694 0.536651909 -0.841933489 0.0561482757
0.00697591521 -0.0300280368 0.248133189 0.08694233 -0.94576627 0.312997073
0.00132614405 -0.0298858873 0.295644388 0.0675682575 -0.926183462 -0.370969921
0.0363063741 -0.0384860203 0.147115076 0.20522289 -0.978604019 0.0147569729
0.00669243935 0.0285710466 0.313218339 0.175651386 0.906625211 0.383637071
-0.0348555197 -0.0062812526 0.101074232 -0.987617433 -0.0937776938 0.125767812
-0.047534276 -0.0308646549 0.192882426 -0.514165282 -0.857185066 0.0294579156
-0.0269745754 0.042481665 0.0460805593 -0.133267224 0.990910649 0.0183271747
0.0240894241 0.0170633001 0.314205982 0.6322276 0.50798291 0.585014224
0.0658996774 -0.0168728873 0.0339659333 0.90833956 -0.33134377 -0.255206943
-0.0366653564 -0.0397343672 0.0194609045 -0.261113852 -0.962238252 -0.0769221038
-0.0152284031 0.0420611456 0.184846105 -0.11330051 0.993357599 0.0200892519
-0.0176577548 -0.0235083401 0.252834812 -0.495062172 -0.834627628 0.241474897
0.011687935 0.0441994445 0.0558773944 0.0742081553 0.997219622 0.00678988779
-0.0142642016 -0.0420617233 0.10236872 -0.147267073 -0.988945305 0.0173074268
-0.00868690036 0.0410417393 0.00329299825 -0.0637271032 0.875386834 -0.479204297
-0.0737927701 -0.0056124271 0.0683136842 -0.989236712 -0.087657012 -0.117161602
-0.00931090188 -0.042914994 0.0749325454 -0.102536738 -0.994683146 0.00957129896
0.0482999571 -0.0357889449 0.11272845 0.314949006 -0.949013591 0.0134271914
0.0510843538 -0.0211552438 0.227048136 0.608013272 -0.443796635 0.658304155
-0.0044684206 -0.0423001054 0.151173638 -0.018384248 -0.999699056 0.0162403937
0.0467237134 -0.0327557986 0.209836065 0.33801806 -0.923230588 0.18272683
0.0331197502 0.0400942381 0.162245993 0.198451579 0.979972363 0.0164677631
-0.0371612392 0.00665705117 0.0916052735 -0.953317046 0.0746336654 0.292602926
-0.0627735025 0.00268553089 0.221582223 -0.830747783 0.0332664885 0.555654109
0.0238010223 -0.0219015941 0.249952414 0.591398239 -0.635497034 0.496378392
-0.0364776508 -0.00923401543 0.15699574 -0.787789464 -0.165869355 -0.59319067
-0.033137278 -0.00311091371 0.136695209 -0.998650491 -0.0430357791 -0.0290698092
0.0500806954 0.0352071222 0.188130134 0.298956096 0.954013526 0.0219869148
0.0602824945 -0.0311185446 0.0540863397 0.64180088 -0.764259517 -0.0632369965
-0.0188316865 0.0403278425 0.204214711 -0.169689178 0.97610569 0.135732353
-0.00209615202 -0.0416320745 0.185771887 -0.0267239213 -0.999221325 0.0290285479
0.0274678691 -0.00720330888 0.00335833244 -0.0220799521 -0.0193320829 -0.999569297
-0.0686742107 0.0148091286 0.173004777 -0.749734998 0.661713779 -0.00569370063
-0.0584237853 0.0241712858 0.212601464 -0.673412085 0.713312089 0.194169909
-0.0299740069 -0.00957138514 0.253163578 -0.843176842 -0.269504637 0.465209812
0.0709194648 0.022727209 0.0853998669 0.843886018 0.535707414 -0.029561786
0.020727612 -0.0422739831 0.0715887086 0.136739403 -0.99058193 0.00704699708
-0.0742214421 -0.00840261085 0.0877381072 -0.932213724 -0.361834943 -0.00729059381
-0.0328834704 0.0352672952 0.165718677 -0.843328238 0.462245852 -0.274091691
0.0381697045 0.0391451709 0.153922752 0.256525993 0.966411412 0.0156022124
0.0532372979 -0.0329165698 0.183366275 0.407753199 -0.911946118 0.0457352325
0.0716421089 0.0139119781 0.0585746316 0.973890185 0.175804794 -0.143633902
-0.0181542461 0.0432081249 0.0745513651 -0.149154127 0.988639951 0.0185494181
-0.0144275644 0.0273205258 0.310214896 -0.342097014 0.875657558 0.340871662
-0.0374633842 -0.02968544 0.220961189 -0.340264261 -0.869512498 0.358005881
0.04005413 0.0397943332 0.0741173232 0.261720836 0.965081751 0.0109293591
-0.0167944697 -0.0207731027 0.265303949 -0.613090575 -0.775473535 0.150867015
0.00305595634 0.0442455749 0.0168005583 0.0237799976 0.991866887 -0.125038341
0.0157820368 -0.020668036 0.270142801 0.602649689 -0.794039249 0.0794684365
0.0556940858 0.0140266518 0.22847997 0.657547057 0.106099881 0.745905221
-0.0200193135 -0.0424951167 0.0313308375 -0.12075083 -0.992387176 0.0242281184
-0.067329548 0.00421467903 0.20946351 -0.984032094 0.0514442101 0.170394525
-0.00713988197 0.02412839 0.00364895187 0.0197809935 -0.192911416 -0.981016755
0.071957964 0.0111993965 0.0573960757 0.973890185 0.175804794 -0.143633902
-0.0229388037 -0.0308596295 0.228716558 -0.261187047 -0.874986589 0.407651573
0.00368475013 0.0432212416 0.165802302 0.0258438978 0.999518394 0.0171762295
0.023698965 0.0208037035 0.30929534 0.667947233 0.672876656 0.317936242
0.0249523703 -0.0409798993 0.124450279 0.142056972 -0.989744663 0.0150069809
0.0661641236 -0.0251237781 0.0551578334 0.839048088 -0.531774759 -0.114951558
-0.0460025936 -0.000216998268 0.0812115314 -0.272680253 -0.13040027 0.953226745
-0.0313284716 -0.0410354673 0.0234442455 -0.146652609 -0.987962425 -0.0492265075
0.0708436626 -0.00283832745 0.189591848 0.987335205 -0.0810295045 0.136394098
0.0642430062 0.0270161087 0.0458350501 0.858425975 0.486482412 -0.162602946
0.000486926173 0.0283983666 0.260341583 0.057274051 0.979998708 0.19058381
0.0562233607 0.02370357 0.0149804226 0.804220378 0.405082583 -0.434899658
-0.0742202772 -0.00830988846 0.0997884626 -0.932133734 -0.36195752 0.0106479432
0.0584273894 -0.0203065404 0.0170586599 0.840762138 -0.312350929 -0.442217141
0.0403316457 -0.0378005805 0.127372522 0.2637541 -0.964476585 0.0147882588
-0.0513634064 0.0363268597 0.0514477476 -0.378549576 0.923162937 0.066860728
-0.0193195241 0.0430259181 0.0748926523 -0.149154127 0.988639951 0.0185494181
0.0418124332 -0.0381471422 0.0779527114 0.263895571 -0.964483857 0.0114062466
-0.0278242964 0.0421321204 0.056797705 -0.169982925 0.985221446 0.0210831724
0.0370608131 -0.0389748687 0.104247433 0.205960944 -0.978444278 0.0150648551
0.0524336915 0.0343180084 0.194715119 0.298956096 0.954013526 0.0219869148
0.0220787971 -0.0255812861 0.246297098 0.420886219 -0.747096002 0.514492333
0.0747790562 0.0113937718 0.101569635 0.982897758 0.184093192 -0.00463392166
-0.0361668189 0.0267649985 0.163115038 -0.731410086 0.400772303 -0.551743567
-0.0392866272 0.0392767621 0.0146093374 -0.291494876 0.929999828 -0.223899275
-0.0227420962 -0.0186471908 0.293113434 -0.622309804 -0.552220702 -0.554781854
-0.0025549256 0.0441769639 0.0988564606 -0.0218458083 0.999691844 0.0117891273
0.0594864187 -0.00240501596 0.0112172459 0.858097494 -0.0742427483 -0.508091152
0.0298982224 -0.0103799861 0.306408659 0.912055671 -0.373982608 0.168200493
-0.0345322665 -0.0326562406 0.168817939 -0.678850293 -0.514626265 -0.523757637
0.068158598 0.00971183326 0.204765551 0.970694721 0.176261619 0.163351536
0.0427327425 0.000111636447 0.00313563687 0.00049248914 -0.0204268713 -0.999791205
0.0143131597 -0.0216204984 0.282651515 0.528277278 -0.842079043 -0.1087474
-0.0718961998 0.0143013643 0.0842088729 -0.720802486 0.687450707 0.0886304602
-0.0355683792 0.0334076046 0.218579917 -0.289430588 0.895295262 0.338638872
-0.00220480852 0.0298419492 0.0022372968 0.00527370907 -0.303252369 -0.952895701
-0.00967237574 0.0293767961 0.309495452 -0.284209967 0.884488881 0.370005578
-0.0553495532 0.0220503297 0.172205943 -0.263625622 0.933262885 -0.24397102
0.0670043131 0.0279677935 0.130069707 0.614584029 0.788653851 0.0176514909
-0.0505304366 0.0118843927 0.159541906 0.364809394 0.568793595 -0.737148523
0.0246998056 -0.0418505604 0.0195191579 0.148564711 -0.988150358 -0.038567882
-0.0672242616 0.0196395662 0.0414436069 -0.924892008 0.351798922 -0.144264475
-0.00550715271 0.0430686369 0.170239008 -0.0212067738 0.999599695 0.0187260322
-0.0500563312 -0.0341559961 0.0423796247 -0.420127541 -0.898762941 0.125371352
-0.0585724925 -0.010067855 0.141695244 0.663773715 -0.739227474 -0.113785952
0.0659223088 0.0121572978 0.212966079 0.944495738 0.171042576 0.280485749
-0.0179280729 -0.0410065456 0.132120244 -0.230310544 -0.973064482 0.010126397
-0.0482688247 0.0141711609 0.00326505677 0.0133149764 -0.0265329201 -0.999559224
0.0755138333 0.00556399961 0.118337795 0.998398423 0.0554428026 0.0112535078
0.0279591495 0.0331353523 0.233609887 0.284465015 0.788620055 0.545122087
0.0293210308 -0.0402256123 0.12968698 0.20626013 -0.978382111 0.015003928
-0.00104525781 -0.0439090087 0.017301032 -0.0362720974 -0.999255478 -0.0131472908
0.0614351695 0.00190990411 0.0147151327 0.887431026 0.0566700995 -0.457443595
0.0150454415 -0.0166349576 0.316480066 0.0797103122 -0.138529882 0.987145245
-0.0410822213 -0.00327116685 0.160386008 -0.50371635 -0.0984908789 -0.858236194
0.0389499373 0.000101493522 0.244225397 0.732453346 -0.0921352655 0.674553931
-0.0308711328 0.0266827207 0.136396999 -0.990248442 0.135113686 -0.0339462571
-0.0474846223 -0.03548561 0.0414614122 -0.446943074 -0.886775732 0.117773704
0.00476636881 0.0350801338 0.00101033813 0.00125576754 -0.0375842936 -0.999292672
-0.0568114047 0.0055699175 0.119175957 0.942987919 0.330748945 -0.0371323265
-0.0657678192 0.0142228734 0.134509747 -0.000462013471 0.999592245 -0.0285510235
-0.00679425035 -0.00374020213 0.316973875 -0.0224671904 0.00066129514 0.999747336
0.00758551118 -0.042657344 0.122182067 0.0293339659 -0.999474049 0.0138279982
-0.0739060517 0.00896008518 0.12889699 -0.833225429 0.552619994 0.0186129175
0.0744961639 -0.00878885847 0.142782028 0.977887988 -0.202861205 0.0508190803
-0.0374636872 -0.00932526145 0.243496283 -0.71917969 -0.236040965 0.653502285
-0.0499916569 0.007290959 0.157257218 0.680144608 0.318941981 -0.660060167
-0.0445010993 -0.0088303053 0.079960819 -0.362114042 -0.211666852 0.907783389
0.0645851267 -0.0290539486 0.0855422726 0.601734459 -0.798658073 -0.00779908989
0.0456222792 0.0370425533 0.162998543 0.254010081 0.967073977 0.0157154556
-0.0531853766 0.00589654056 0.230553913 -0.610374808 0.0320360027 0.791464627
-0.0613060328 0.0198501321 0.170990316 -0.404478639 0.908166647 -0.10784439
-0.0205109492 0.041142579 0.19217558 -0.128131822 0.989858329 0.0613403097
-0.0395686664 -0.0321551779 0.210993706 -0.367995054 -0.895597517 0.249969527
-0.0340186669 0.0364901143 0.0845166229 -0.760597885 0.580695748 0.290315986
-0.0693873659 -0.0115312248 0.151585136 -0.632254422 -0.774718046 0.00814047921
0.0609591587 0.0321219974 0.122764057 0.404528767 0.914435327 0.0128219901
-0.0529314106 -0.031093949 0.0518299107 -0.423487157 -0.884742498 0.194651768
0.0183150824 -0.0421466114 0.0130996675 0.147624522 -0.97914964 -0.13954547
0.00341352145 -0.039289762 0.214614016 -0.02610825 -0.98826611 0.150493965
-0.047282112 -0.0360974826 0.0216638019 -0.468791008 -0.872603595 -0.137105867
0.0525046169 -0.0346458542 0.0407266762 0.351136416 -0.936038792 -0.0231246352
0.0692959341 -0.0240750296 0.126691499 0.811622977 -0.58383745 0.0200536344
-0.0146915797 -0.03712372 0.216369264 -0.150804371 -0.967847466 0.201319322
-0.0576161104 0.0247939303 0.0172218122 -0.781922698 0.439441502 -0.44214049
-0.0557414264 -0.0186608328 0.0754959799 0.342634052 -0.586901665 0.733586013
0.00457817673 -0.0435700037 0.0424748621 0.0151800392 -0.999754965 0.0161132198
0.0482204712 0.0369961674 0.11294009 0.317218155 0.948260486 0.0132181998
-0.0315542322 0.0306971302 0.228057465 -0.332962483 0.827660441 0.451790094
-0.0465071176 -0.00556576705 0.235582081 -0.630777419 -0.170973584 0.756893575
-0.0283508867 0.00421764409 0.25902487 -0.950612128 0.0438787304 0.307263881
-0.0321933104 -0.0168096993 0.145123489 -0.983077347 -0.161177635 -0.0870675594
-0.054173766 0.0047735294 0.145818488 0.960334837 0.239272296 -0.143198609
-0.0637750532 -0.00399656352 0.0194738492 -0.929801166 -0.0654618591 -0.36219424
-0.0681009506 0.0158040862 0.0392911403 -0.961454928 0.224252105 -0.159108743
0.00443562516 -0.0426102904 0.132046542 0.0301894899 -0.999447823 0.0138804633
-0.0589664455 -0.00837519472 0.103522091 0.868818462 -0.493464351 0.0405871794
0.041566815 -0.0332426216 0.217639147 0.361708552 -0.91719538 0.16709137
0.0274336768 -0.0411480629 0.0883933123 0.138770178 -0.990228117 0.0138263861
-0.0382832003 0.0349147432 0.210521878 -0.272096694 0.929375708 0.249447927
-0.0112360908 -0.0431239475 0.0407272703 -0.0836630911 -0.996350706 0.0169053413
0.00884625005 0.0443391865 0.0608552752 0.0202220194 0.999765277 0.00777022587
-0.0141529133 -0.0431943328 0.0271098048 -0.0860463232 -0.995883048 0.028513154
0.0260088469 -0.0417959211 0.0236887167 0.20437932 -0.977826595 -0.0456524603
0.0387564213 -0.0390934266 0.03712729 0.260832399 -0.965377212 -0.00365121034
0.0463314869 0.0381344017 0.0689636654 0.262017876 0.965032876 0.00762864249
0.0130134003 0.0103030658 0.317353594 -0.0148991626 -0.00620356575 0.999869704
-0.0376767856 -0.0256842818 0.227887135 -0.388085991 -0.754920781 0.528662384
-0.00520142152 0.044255616 0.0722535238 -0.0328524895 0.999435186 0.00707886508
-0.0314479328 -0.0268866999 0.153834602 -0.962555766 -0.219309315 -0.159341916
0.020556319 -0.000882703187 0.317868003 -0.0945288241 -0.0458460599 0.994465888
0.0586729001 -0.0318919778 0.12768137 0.392598629 -0.919608891 0.013630541
0.071006198 0.0106892988 0.182787194 0.976101518 0.184720337 0.114473633
-0.0363491246 0.0255557917 0.00185616734 0.0177356806 -0.194082692 -0.980824709
-0.0440966908 0.00426250303 0.0819386447 -0.6071437 0.0990645215 0.788392544
-0.0278660241 -0.0343726568 0.123842682 -0.914160609 -0.405078471 0.0148914438
0.0491292277 0.0186941562 0.232418026 0.596159041 0.180382133 0.782340527
-0.0676719954 -0.00255598193 0.206552871 -0.976753891 -0.130092949 0.170374975
-0.0709937279 0.00734446442 0.0474802277 -0.983150661 0.0477162227 -0.176459506
-0.0209221967 -0.0381790935 0.205370668 -0.165048763 -0.974672794 0.150903389
0.0745267684 0.0109699463 0.132566484 0.982067704 0.186997563 0.0239797775
-0.0631002148 -0.0106816608 0.217464804 -0.924341023 -0.266819596 0.272765666
0.00754159173 -0.0287471381 0.251846485 0.08694233 -0.94576627 0.312997073
0.041952592 0.0386644699 0.117192771 0.26380381 0.964481235 0.0135424836
0.0590930115 -0.0299164444 0.0367303581 0.716703594 -0.684541166 -0.133188888
0.0245134848 -0.0418669916 0.0547143597 0.133944288 -0.990969419 0.00620651944
0.00808500262 -0.0250466173 0.26699979 0.274641514 -0.950823545 0.143201813
0.0714621644 0.0218500237 0.126198225 0.939607024 0.341541588 0.0220877249
0.0382244651 -0.0325077513 0.224638881 0.352662534 -0.813171685 0.463012934
0.0389343958 -0.0372489956 0.0137820338 0.330779761 -0.915126443 -0.230495527
0.0113899441 -0.0431193744 0.0660817254 0.0756099299 -0.997112513 0.00705966214
0.0415678579 -0.0382554179 0.0315605117 0.272663146 -0.961737454 -0.0267567094
-0.0315200502 -0.0321319572 0.161798249 -0.826058745 -0.47943905 -0.296251953
0.00115801079 -0.00998584265 0.00406984541 -0.0277839601 -0.0558546968 -0.998052239
0.0593127636 -0.023938749 0.210474979 0.770654619 -0.57070297 0.283530712
0.0339408228 0.0109517149 0.00332750258 -0.000697869807 0.020884404 -0.999781668
0.0348686871 -0.0356221503 0.00497897622 0.323159724 -0.767056644 -0.554249048
0.050570445 0.0342224384 0.0206343759 0.5683043 0.793554664 -0.217488497
0.0097605592 -0.0421943151 0.148247136 0.0795732811 -0.996685803 0.0168981701
-0.0571512165 0.000173112758 0.00535168423 -0.897275805 0.0481057577 -0.438841522
-0.00997747659 0.043558518 0.118067019 -0.0727810413 0.997261286 0.0131490305
0.0241952429 -0.0412679571 0.112296772 0.14179498 -0.989795029 0.0141444793
0.0233411321 0.0121207132 0.277231457 0.878851652 0.476308793 -0.0273802541
0.0552968003 -0.0325682875 0.170311741 0.37848264 -0.925370693 0.0209713802
-0.0589092598 0.0233137355 0.018119908 -0.811721683 0.379313678 -0.444104761
0.0438214679 -0.0369755326 0.118564563 0.26497829 -0.964156687 0.0137211718
-0.0467274084 -0.0300695288 0.205219155 -0.502776563 -0.852145731 0.145132616
0.0260504302 -0.00631658339 0.00337249329 -0.0220799521 -0.0193320829 -0.999569297
-0.036607931 -0.0292645392 0.168175677 -0.678850293 -0.514626265 -0.523757637
0.0301812062 0.00669238381 0.310186313 0.941087961 0.207325235 0.267150939
-0.0325853267 0.0275790725 0.100928521 -0.981222808 0.145246059 0.126906216
-0.0248800761 0.012782526 0.263329489 -0.835109949 0.469879419 0.286015391
0.0606214096 -0.0286547723 0.187197612 0.62316519 -0.777420163 0.0853401124
0.055718792 -0.0317030412 0.185439833 0.407753199 -0.911946118 0.0457352325
-0.0141484714 0.0418325817 0.00606081673 -0.0679373071 0.967608154 -0.243143752
-0.0184067056 0.0336645193 0.00107459529 0.0186221655 -0.0859964192 -0.996121347
-0.0239139483 -0.041577564 0.0490841311 -0.132464558 -0.991069138 0.0153346621
-0.0534754509 0.0195976995 0.0783748853 0.453296423 0.412959784 0.789928138
-0.0262480315 -0.0364780501 0.00166600598 -0.0793283507 -0.54855752 -0.832341135
-0.0260403328 0.0427980776 0.0354286069 -0.124235928 0.992171407 0.0126971556
-0.0104572396 -0.0435193119 0.026911931 -0.0860463232 -0.995883048 0.028513154
0.0163236657 0.042427795 0.172791919 0.074709788 0.997004211 0.0200224295
0.0455262706 -0.0372380073 0.0664733896 0.262791008 -0.964828312 0.00687796995
-0.0578998679 -0.00847725378 0.134927751 0.817293465 -0.572815597 -0.0625601038
0.0629309476 0.0268219805 0.0383275137 0.858425975 0.486482412 -0.162602946
-0.0347135006 0.0110511379 0.00393763009 0.0412354246 -0.046692498 -0.998057842
0.00297124047 0.0257182581 0.283386224 0.0448208116 0.998026609 0.0439777859
0.0145805136 0.0173544071 0.316700231 0.0149295377 0.134411901 0.990813017
-0.0272712809 -0.0382545062 0.196804122 -0.175335377 -0.981594741 0.0756916776
0.0606134059 0.0325349311 0.0682315074 0.451979756 0.891674697 -0.0251080561
-0.0681780993 0.01479813 0.185692956 -0.837575972 0.545339704 0.0327274874
0.0488981506 -0.0347546612 0.167593663 0.299264014 -0.954006612 0.0176763292
0.0229905747 0.0430290695 0.0687800209 0.134774983 0.990853369 0.00672492478
-0.00155204266 0.0179337013 0.316982428 -0.0231747422 0.0745576173 0.996947408
0.0686015938 0.0176052082 0.189517676 0.937423766 0.326439828 0.121134974
-0.0275188611 -0.0353319748 0.121362105 -0.911752701 -0.407696605 0.0499040484
-0.0323175859 0.0223062216 0.110488969 -0.988299191 0.123082668 0.090085797
0.0726061236 0.0086631991 0.171703357 0.977926791 0.187870547 0.0914538726
-0.0164549575 -0.0419336512 0.0886427858 -0.165136412 -0.98606956 0.0199209619
0.00939962557 0.0435725172 0.132631752 0.0303404666 0.999439716 0.014135207
-0.0541683961 0.0274567914 0.192093432 -0.490913123 0.862573802 -0.122355141
0.0486153412 0.0360039875 0.170747266 0.302395344 0.953094363 0.0129706291
0.00391514459 0.0121739951 0.00418813185 -0.0299940258 0.0636688322 -0.997520208
-0.0562481558 -0.0107508939 0.154576548 0.75983423 -0.599219501 -0.252166241
-0.0278587283 -0.0358199846 0.149438518 -0.907942951 -0.414699495 -0.0605292134
-0.0697607591 -0.00742739875 0.0418541055 -0.969220877 -0.178539485 -0.169512913
-0.0313556241 0.00590919906 0.300005677 -0.986130059 0.160316601 0.0429652072
0.011877684 0.0441536374 0.0605309086 0.0742081553 0.997219622 0.00678988779
0.057581733 -0.0315387211 0.0377927663 0.51004684 -0.857253313 -0.0704905763
0.0219287168 -0.0224707677 0.299678971 0.571436703 -0.808531404 -0.140488818
0.0711513961 0.00401257409 0.187617307 0.991925061 0.0497848019 0.116645463
0.0426650011 -0.0355267121 0.197678055 0.252794772 -0.966296375 0.0486438759
0.0753039565 0.00553804641 0.0865918242 0.997476459 0.0565085001 -0.0429840796
-0.0244872527 -0.00962655594 0.268845812 -0.941222847 -0.282155246 0.185709089
0.0241924552 0.033484156 0.234908876 0.215025574 0.836415231 0.504156172
-0.0354401689 0.0411576316 0.0399473992 -0.19270514 0.981045187 0.0203738492
0.0741266246 -0.00951540205 0.0753752486 0.978276253 -0.196830809 -0.0650626644
0.0341275137 0.0394314345 0.19090547 0.188852385 0.981940687 0.011280098
0.0561481785 -0.0316224263 0.0314902449 0.551271915 -0.823872209 -0.131658226
-0.0541315313 0.0336945867 0.0244059959 -0.711408496 0.639724016 -0.290948927
-0.000575944283 0.0298581435 0.254158526 -0.0711708143 0.966031849 0.248429433
0.0595610272 -0.00151957027 0.0112138675 0.858097494 -0.0742427483 -0.508091152
0.03830934 -0.0392083218 0.0663252996 0.26378566 -0.964563251 0.00589217385
-0.0269469488 -0.0415797029 0.0207721365 -0.16138573 -0.986137748 -0.0385608114
0.00460621643 0.0267816569 0.267461972 0.173834771 0.974501669 0.141873464
-0.0642984427 -0.00263207773 0.0205708534 -0.929801166 -0.0654618591 -0.36219424
-0.0231541505 -0.00601375594 0.00402022865 0.0126566812 -0.0637336671 -0.997886598
0.0115506022 -0.0435594903 0.028269334 0.0834155828 -0.996386647 0.0159836859
-0.0178577345 -0.0406509786 0.179275988 -0.119250119 -0.99250865 0.0265699793
0.00758020424 0.0443938573 0.0571160102 0.0202220194 0.999765277 0.00777022587
0.0503933551 -0.0330519562 0.196831072 0.304553092 -0.95000571 0.0688219368
0.0334371552 -0.040362251 0.0370886461 0.196334824 -0.980532527 0.00292353681
0.00364902123 0.0434546443 0.151844997 0.0291642174 0.999459684 0.0151587082
-0.0405517047 0.0401496585 0.030341393 -0.240456492 0.97065866 0.00155894225
0.006560971 0.0430707981 0.00920318415 0.0290371105 0.971468329 -0.235385284
-0.0332285603 -0.00657929358 0.118254871 -0.99407506 -0.0927211791 0.056723658
-0.0694096754 0.00407827579 0.0377714465 -0.983150661 0.0477162227 -0.176459506
0.0616577828 0.0316471628 0.133079 0.405370474 0.914040327 0.0143216588
0.0752591536 -0.00102967779 0.140031091 0.997297168 -0.0646837726 0.034849789
-0.0294085862 0.00572635634 0.312159937 -0.951057553 0.152757332 0.26861611
0.0118077565 -0.0419658812 0.00846562074 0.0823309124 -0.961567163 -0.261935413
0.0703951435 0.0157134684 0.179724184 0.936757743 0.333593488 0.105831601
-0.00304692639 -0.0429279968 0.108037105 -0.0240348689 -0.99961549 0.0138276303
-0.0133211878 -0.0220294322 0.281640423 -0.381433457 -0.919001341 -0.0997246057
0.0312409839 -0.00549003109 0.25300655 0.849257231 -0.222400069 0.478853285
0.00423727816 -0.0438985978 0.0209527988 0.0273691211 -0.999456823 -0.0183572639
0.0725390595 0.00280737834 0.176428358 0.992474198 0.0549817197 0.109416731
-0.0643361426 0.0189200528 0.203807437 -0.846185744 0.525684416 0.0873245448
-0.0706213411 0.0162724626 0.0572967163 -0.963273942 0.242455661 -0.115405187
0.0688756867 0.0130809056 0.196299608 0.976054549 0.176975533 0.12647973
0.0392836292 0.0187376661 0.240053475 0.60706073 0.311858088 0.730904698
0.0598499457 -0.01731185 0.0176480436 0.840762138 -0.312350929 -0.442217141
0.0338056682 0.0186870342 0.244987223 0.64484632 0.344082564 0.68248117
-0.0042645909 0.00392938735 0.00394190111 -0.000601949578 0.0429428853 -0.99907732
-0.0319076883 0.0354497248 0.21519994 -0.250065893 0.936940074 0.244152367
-0.0554251723 -0.0291722191 0.0205753324 -0.762082756 -0.567251682 -0.312178522
-0.0466948606 -0.0350106202 0.0478317986 -0.447227657 -0.881557882 0.15113911
0.0175926128 0.0234783194 0.257957524 0.506237388 0.82728833 0.243552133
-0.0182868252 0.0256791799 0.299462638 -0.553055525 0.822954655 -0.129904404
-0.0604139801 -0.0150645426 0.0160619273 -0.864853859 -0.222496256 -0.450025767
0.0687885345 -0.0250733813 0.113742164 0.81103611 -0.584960759 0.00643343339
0.0453266706 0.0374907709 0.134700361 0.263593346 0.964538634 0.0135598043
0.0331553725 -0.0401213374 0.0209507447 0.217270374 -0.974154174 -0.0617828779
-0.0296574319 0.0120133315 0.305487594 -0.950063646 0.260167867 0.172313243
-0.0706056795 0.00901941012 0.182878258 -0.967701316 0.220497936 0.12220782
0.0390650679 -0.0365039316 0.196974143 0.252794772 -0.966296375 0.0486438759
-0.0644035928 0.0256693139 0.0671086439 -0.59733808 0.789762676 0.139506295
0.0169721306 0.0201827066 0.279107967 0.602217436 0.798331201 0.00119950797
-0.0138719201 -0.0421764537 0.0991508936 -0.147267073 -0.988945305 0.0173074268
-0.0686266144 0.0179256855 0.0836271423 -0.643349707 0.735587895 0.212159485
0.0550415759 -0.019586643 0.0104096611 0.815546215 -0.302184522 -0.493527085
0.0081657212 -0.017170391 0.316664505 0.0532054603 -0.0968547612 0.993875444
-0.0434429848 -0.0330382268 0.188878097 -0.464883387 -0.877670109 -0.116527237
-0.0111781387 0.0437209828 0.0960204377 -0.0791847259 0.996837676 0.00667356793
0.0141383427 0.0423198136 0.186683434 0.06989903 0.997312009 0.0219746344
0.0122200631 0.0439886989 0.0804476237 0.0767449364 0.997003794 0.00967723504
-0.0515679556 0.00768206632 0.231578552 -0.601760685 0.11740867 0.789999485
-0.0511896638 0.036637575 0.0438981125 -0.379585743 0.925138772 0.00573115144
-0.0743656514 -0.0055538929 0.142318257 -0.962979198 -0.266292751 0.0419432409
0.0245724023 0.0147929267 0.00353820955 -0.02667531 -0.0114402678 -0.999578655
0.0450565573 0.0385839655 0.0526047121 0.260383219 0.965490341 0.00538106076
0.0519355915 -0.0350133527 0.0823660052 0.322102726 -0.946630657 0.0118449628
-0.0174399531 0.03920551 0.213083415 -0.169966757 0.97102958 0.167966858
-0.0733114258 -0.00505214573 0.161331845 -0.953028142 -0.293354064 0.0753695667
0.0670371665 -0.0271621566 0.114926502 0.5896613 -0.807564318 0.0118114939
-0.0378052622 -0.0153617407 0.0862677025 -0.921346128 -0.163454965 0.352708936
-0.0664344472 -0.00282122409 0.0260755457 -0.929385543 -0.066522412 -0.363066345
0.0558615441 -0.0143147435 0.226383776 0.620169461 -0.340762287 0.706590891
-0.00899348986 0.0377893344 0.226213862 -0.187970668 0.932937086 0.307075471
0.0667574911 0.0277775406 0.144326242 0.618243337 0.785560131 0.0258951988
0.0324838709 0.0407788496 0.124409321 0.2060159 0.978447378 0.0140809827
0.0541895833 -0.034219475 0.0845183597 0.322102726 -0.946630657 0.0118449628
0.0424344581 -0.00505129921 0.239988474 0.682420552 -0.0913902819 0.725224078
0.0235217285 0.0247672051 0.248333103 0.47684589 0.724053085 0.498362482
-0.00823782954 0.0436865275 0.118039476 -0.0739148036 0.997168303 0.0138531039
0.0652154876 -0.0284319192 0.119054508 0.5896613 -0.807564318 0.0118114939
0.0161414651 0.021983503 0.267071414 0.605247617 0.779220104 0.162761718
0.0577143196 -0.00587745891 0.227078362 0.659391642 -0.0859590843 0.746869266
0.0316788989 0.000391873295 0.306183653 0.984728754 0.0674572214 0.160495624
-0.0322920466 -0.0207075688 0.00269100582 0.0719916299 0.177127376 -0.981551349
0.0429211442 -0.0256863911 0.00327349622 0.170889586 -0.0177918933 -0.985129535
-0.0463891356 0.0168425157 0.232362428 -0.549227715 0.456561089 0.699929237
-0.00305267665 0.0438993712 0.120921304 -0.0177743714 0.999754846 0.013204529
0.00547611158 -0.0426470479 0.127200115 0.0293336455 -0.999462843 0.0146161132
0.0292132205 -0.0392640536 0.182626033 0.190862 -0.981275141 0.0258993879
0.00366796265 0.0437322296 0.0128567445 0.0266236626 0.991362631 -0.128418103
-0.0266439691 -0.0125732819 0.292915402 -0.758403301 -0.342662871 -0.554442644
-0.0353452858 0.0161302765 0.155640962 -0.910821617 0.161542371 -0.379878968
0.0669669811 0.0205660988 0.0428837482 0.93230772 0.311378598 -0.183971971
0.0180510045 0.00715646755 0.317574916 -0.0877726153 0.0168608762 0.995997846
-0.0141865701 -0.0219947903 0.315050014 -0.291638374 -0.540311217 0.789310336
0.0617659108 0.00522600982 0.223770089 0.837321579 0.0186291132 0.546393275
0.0556500556 0.0254842737 0.224034087 0.741981804 0.432909161 0.511910737
0.0290446125 -0.0394762416 0.174861126 0.19451122 -0.980680048 0.0207847729
0.0608231137 0.0316010718 0.159212029 0.398558468 0.917032778 0.0142116472
-0.0382596975 0.0273852522 0.166653131 -0.764447749 0.42736581 -0.482678056
-0.0140457581 0.0227208075 0.284112469 -0.524185419 0.849752426 -0.0561293066
0.0221168134 0.040981353 0.212114696 0.107245199 0.992040634 0.0659834817
-0.0110067622 0.0439388734 0.0719629898 -0.0901354328 0.995862961 0.0115112308
0.0691653642 -0.0193184341 0.0554440916 0.931591392 -0.335814536 -0.139161393
-0.0426400976 0.0226814855 0.0023815965 -0.0827137455 -0.127224952 -0.988419056
0.0436597811 -0.0128038048 0.00342232425 0.00385788223 -0.0219284892 -0.999752104
0.0253536832 0.0426508781 0.0755794751 0.134773746 0.990825057 0.0100786341
-0.0239882487 0.041484022 0.00897900689 -0.150766686 0.955665708 -0.252927452
0.0244240926 -0.017309633 0.255643826 0.715153456 -0.562692821 0.414647073
-0.0456309125 0.0311514608 0.18654277 -0.524741828 0.817475677 -0.237443507
-0.0331427361 0.038511684 0.00490246766 -0.286301345 0.802909195 -0.522846401
-0.0295406596 -0.0408957939 0.0448445271 -0.172425553 -0.984072328 0.0432562456
-0.0560350447 -0.0267929895 0.0632489013 -0.326283962 -0.902180433 0.282151103
-0.0343473721 0.0333811498 0.219693435 -0.289430588 0.895295262 0.338638872
-0.0317468658 -0.0276774772 0.0011812126 0.0409685895 0.123977229 -0.991439044
-0.0698122683 0.0114547013 0.183332511 -0.925626516 0.367946506 0.0884933025
0.075415959 0.00046260268 0.1367305 0.997738838 0.0574660078 0.0348574109
0.012688875 0.0433433568 0.131787251 0.0797177553 0.996717513 0.014119844
-0.0321299238 -0.0404034984 0.0457229962 -0.172425553 -0.984072328 0.0432562456
0.0336664888 0.0234351013 0.241574276 0.467703372 0.602684379 0.646548629
-0.0576573287 -0.0219442776 0.175505658 -0.344451398 -0.870559037 -0.351397485
0.0277994023 0.0227224597 0.24701078 0.515493751 0.61094451 0.600843549
0.0378661563 0.038876468 0.174214233 0.249608725 0.968153715 0.0193337984
-0.00913447136 -0.0298495686 0.302104461 -0.24391529 -0.969603837 0.0193323195
0.000575628492 0.0431933539 0.170737088 -0.0220309217 0.999604642 0.017466234
0.0316105295 -0.0404672818 0.0807446021 0.201634467 -0.979343891 0.0151370829
0.0289960776 0.0157264906 0.251894896 0.764522076 0.426014423 0.48375383
-0.0315183736 0.02106898 0.131848407 -0.993443251 0.11360196 0.0128445951
-0.0244062956 0.011250885 0.268897466 -0.905295193 0.385040522 0.179399759
0.0200819817 -0.0415404774 0.133617831 0.142125294 -0.989729404 0.0153598497
-0.0142991733 -0.0248952303 0.253969554 -0.392897099 -0.89649123 0.204781145
-0.0574426126 0.024117864 0.077346481 0.298122495 0.635418177 0.712296844
0.0649451809 0.0230507114 0.201422321 0.846975207 0.510974765 0.146757662
-0.0275052516 0.0222030223 0.245619307 -0.577071369 0.648169041 0.496855557
-0.0626684492 -0.00510077997 0.0172390758 -0.891688883 -0.0651815906 -0.4479312
-0.0359571934 0.0257097775 0.0881499593 -0.908809662 0.172361284 0.379942805
-0.0752831259 -0.00109516292 0.0798379422 -0.993254423 -0.086728856 -0.0769653544
-0.0501619675 -0.0351366202 0.0333370882 -0.408998281 -0.912389696 0.0162923969
-0.0728020878 -0.0083681122 0.0640729519 -0.975070596 -0.198713616 -0.0987424105
0.00879470689 0.0444535975 0.0460232549 0.0212418102 0.999750674 0.00687322346
0.0461202799 -0.00625911293 0.00326746728 0.00049248914 -0.0204268713 -0.999791205
0.0315829308 0.00667696819 0.300291154 0.976175129 0.213877767 0.0365833491
0.0281042647 -0.0412381149 0.0734500533 0.136735782 -0.990543485 0.0112631805
0.074246228 -0.000480047735 0.0674145455 0.992166579 -0.0673484579 -0.105212815
-0.0462894828 -0.0305229073 0.0071382018 -0.652942479 -0.585710168 -0.480218381
0.0150625363 0.0110578181 0.317394961 -0.0473951884 0.00389230042 0.998868585
0.0585843072 0.0153283791 0.0131305668 0.84547776 0.295121521 -0.445051342
-0.0306907919 0.0305505619 0.113875819 -0.979836881 0.192232326 0.0544651039
-0.0194030775 0.0417931676 0.170873704 -0.171766236 0.985116124 0.0065351692
0.0520142375 -0.0161693814 0.00485777092 0.696372509 -0.242977574 -0.675297797
-0.0106718119 0.0433607102 0.129497034 -0.0708507299 0.99740988 0.0123988772
0.0715154506 0.00592977028 0.183703217 0.991925061 0.0497848019 0.116645463
-0.0377404391 0.0190000935 0.0867658845 -0.911241412 0.1528375 0.382465392
0.0107826734 -0.0432502921 0.0539888057 0.0743587911 -0.997208536 0.00677372236
0.0384917585 0.0132217892 0.242782362 0.69134742 0.230045035 0.684921861
0.0682432704 0.0228882417 0.174277156 0.840184271 0.53648752 0.0791929364
0.0402238417 -0.036768784 0.18518254 0.24719663 -0.968573809 0.0275435653
-0.0339440536 0.021623608 0.097943567 -0.973501563 0.129901767 0.188202664
-0.0676553288 0.0174708175 0.0389475092 -0.961454928 0.224252105 -0.159108743
0.0459301471 0.0371391765 0.148406049 0.262548923 0.964841962 0.0121655511
-0.0362803854 -0.0243923728 0.0848563792 -0.884231627 -0.248976201 0.395152181
-0.0394008558 -0.0240152665 0.078990101 -0.80056864 -0.288430125 0.525259972
0.071436701 0.0185859063 0.155284295 0.938347757 0.34039849 0.0602678135
-0.0334740782 -0.00586161026 0.145585216 -0.990595162 -0.0925366059 -0.100788206
-0.0624530902 -0.0042315212 0.221285956 -0.83169347 -0.122083254 0.541647196
-0.0193332315 -0.0414091525 0.0939494458 -0.147187203 -0.989082515 0.00718852412
0.0654699691 -0.0283500699 0.111480419 0.589669704 -0.807587206 0.00962285511
-0.0586841407 -0.000878109678 0.00861453359 -0.896403074 -0.0680075437 -0.4379915
-0.0303942125 0.0297336716 0.122148502 -0.979672372 0.193224519 0.0539116189
0.0153261651 0.0264392415 0.294170321 0.427169055 0.6767717 -0.599588752
0.0732024912 -0.0158377092 0.134270085 0.928616703 -0.369396538 0.0348898992
-0.0412524732 -0.00822550494 0.00340905518 0.0582422428 -0.0227973908 -0.998042107
-0.0289017186 -0.0375532851 0.092772593 -0.768986166 -0.617106438 0.166852653
-0.0231499992 -0.0219316655 0.248078745 -0.515237153 -0.787884414 0.337296307
0.0571770848 -0.0279687902 0.0238436483 0.746476889 -0.585732996 -0.315735966
-0.0694381355 0.0131655842 0.121626525 -0.368517786 0.929172397 0.0288685933
0.00427966898 0.0436784116 0.136133322 0.0306181442 0.999422789 0.0147160823
0.00273020565 -0.0420355883 0.169193333 0.0279454179 -0.999422014 0.0193577353
0.0205990792 -0.0405883307 0.181730186 0.130887374 -0.99108088 0.0250447113
0.00789149618 -0.0057191216 0.317174409 0.00129300437 -0.00573343132 0.999982715
-0.0112759282 0.00567102469 0.00405474175 -0.00570643414 0.0501398183 -0.998725951
-0.015411317 0.0102427462 0.00441258116 0.000792864419 0.076638557 -0.99705863
0.0225726353 -0.041372137 0.121021978 0.142057419 -0.989751875 0.0145197986
0.0136470321 0.0427145303 0.168000753 0.0754074007 0.996992052 0.0178993084
-0.0714557792 -0.0106860208 0.11993645 -0.599922001 -0.799401879 0.0324067585
0.0696729935 0.0220633655 0.162528176 0.937666178 0.340695262 0.068621859
-0.0209813166 -0.0310911687 0.229425271 -0.244701758 -0.889490724 0.385910988
0.0328126206 0.0413025313 0.0812838245 0.199647024 0.979761422 0.0144426534
0.0657068893 -0.0221628352 0.189233947 0.81326443 -0.559593141 0.159550831
0.0177832528 -0.0355437142 0.229971009 0.0911745131 -0.940221965 0.328130782
0.0212464684 -0.0240040181 0.249618461 0.528465509 -0.709340632 0.466433376
-0.0555555598 -0.0252406304 0.197298047 -0.624684751 -0.780629694 0.0196548719
0.0167602287 0.043968175 0.033731168 0.0699819699 0.997546136 -0.00206383644
-0.0467222691 0.0302485349 0.185846014 -0.524741828 0.817475677 -0.237443507
-0.0742154003 -0.0066229995 0.131379561 -0.902433157 -0.430048466 0.0259372983
0.012326102 -0.0132423103 0.316966745 0.00460274424 -0.137228891 0.990528584
0.0630633119 -0.0180524107 0.210456744 0.859424949 -0.425998241 0.282690912
0.0444963857 0.00525479189 0.00322239466 0.00081382849 0.0170819424 -0.99985373
-0.00368764307 0.0441697804 0.0962437419 -0.021847127 0.999744356 0.00582006108
-0.0235369438 0.0186781304 0.256448369 -0.715267003 0.578168869 0.392573327
-0.0459612598 -0.0178732082 0.00297169761 -0.0522592552 0.117407717 -0.991707861
0.0475128299 0.0360400016 0.186806932 0.298971891 0.954055727 0.0198326465
0.045184294 0.0356749263 0.0147814051 0.450006872 0.834133565 -0.318927705
-0.0404768356 -0.0377692574 0.0511728341 -0.375357032 -0.922869265 0.0861360058
-0.0755751084 -2.37002161e-05 0.0826075789 -0.995837867 -0.0836427063 -0.0362066254
0.0734908618 0.00808656645 0.0645678968 0.978824854 0.176531151 -0.10362725
0.0127095055 -0.0430247933 0.0653387098 0.0743582398 -0.997197628 0.00823355187
0.022043108 0.0231332814 0.252242762 0.511765599 0.710264742 0.483342379
0.0241878983 0.042505821 0.10220167 0.140893832 0.989951313 0.0120569887
-0.0039447859 0.0312641399 0.301233935 -0.20304063 0.978563488 -0.0344666913
0.0510979319 -0.0133083948 0.230589222 0.570230842 -0.300398469 0.764589846
-0.0334954593 -0.0161929939 0.152745841 -0.962465048 -0.158631802 -0.220220119
0.0140903641 -0.0427673157 0.0826718319 0.0768165588 -0.996979952 0.0114093274
0.0753071507 0.00325440622 0.135242358 0.997738838 0.0574660078 0.0348574109
-0.058942165 0.0174443254 0.159935863 0.268262655 0.889080644 -0.370905429
0.0325266011 -0.0387391073 0.0105054998 0.326898843 -0.898543 -0.292844296
0.0597604194 -0.0286760203 0.191040843 0.620054781 -0.772146523 0.139001876
-0.0612297681 -0.0117609598 0.0985068692 0.69312346 -0.717511415 0.0689715222
0.0361693804 0.0404701633 0.0912259601 0.203088209 0.979075432 0.0129024163
-0.00896499158 0.0417448168 0.201849206 -0.0885417387 0.992844641 0.0801238567
-0.0571096441 0.026969815 0.0186816751 -0.814800262 0.466732442 -0.34389168
-0.0504565484 -0.0192825546 0.167479734 -0.0662801266 -0.74984771 -0.658282161
0.0172233401 -0.0428522809 0.0453718831 0.0762298182 -0.997026265 0.0112987505
-0.0518074044 -0.00822574096 0.157686258 0.621199727 -0.485347211 -0.615263343
-0.0304068666 0.0292982157 0.135376193 -0.981088281 0.190573752 -0.0338766202
0.0628812277 0.0307540058 0.0622780944 0.661717176 0.746573627 -0.0689791441
-0.0432333884 -0.0364377797 0.0505319365 -0.447800457 -0.886799574 0.1142864
-0.0573279225 0.00602661125 0.110447663 0.953394532 0.298908323 -0.0411420614
0.0250990365 -0.00857556911 0.317281626 0.255314678 -0.296188742 0.920373142
-0.0699652446 0.0132479484 0.157629579 -0.732177854 0.680932581 -0.0156937242
0.0724571122 -0.00316059424 0.176485704 0.991401017 -0.071668148 0.10948801
0.00854697823 0.0257697862 0.289558286 0.216496706 0.845096052 -0.488816887
-0.0108165596 -0.0428868597 0.0613973022 -0.099353537 -0.994937181 0.0151227601
-0.0633418243 -0.00912539441 0.218151743 -0.818083227 -0.257047802 0.514457166
-0.0324262487 0.0172563774 0.245076785 -0.656289756 0.487906247 0.575526774
0.00936191017 -0.0290704691 0.298327511 0.300689518 -0.943683743 -0.138009906
-0.0267521887 -0.041276817 0.0462517978 -0.132670075 -0.990692794 0.0304379519
0.00893623448 -0.041888756 0.167895699 0.0271742772 -0.999468923 0.0179867521
0.0186722945 0.0427044805 0.142879133 0.0792485625 0.99675256 0.0142856948
-0.0629012656 -0.00682430911 0.21994754 -0.813431084 -0.234476939 0.532306731
0.0216828443 -0.0418797224 0.0941934185 0.140674666 -0.98997283 0.0128261931
0.0718680586 -0.00140143858 0.182534873 0.990051568 -0.0715753585 0.121139713
-0.0170963305 0.0428528577 0.0119407801 -0.113309443 0.98438555 -0.134707242
0.0420068675 0.035478083 0.221255544 0.334980398 0.886040807 0.320499271
-0.0716062611 -0.00907017488 0.158702849 -0.774534762 -0.63197273 0.0265785623
-0.0391158728 0.0162368166 0.238846676 -0.610763609 0.45703724 0.646594703
0.0420206669 0.0385407152 0.124601019 0.263695449 0.964504719 0.0139729958
0.062030809 -0.0297332943 0.159122361 0.589255869 -0.807356238 0.0308783073
0.00608770953 -0.0416268844 0.183982169 0.0258396473 -0.999370158 0.0243208613
0.0100448564 -0.0238990922 0.270137349 0.410062939 -0.909095526 0.0734414011
0.0523197768 -0.0347169982 0.0407997312 0.351136416 -0.936038792 -0.0231246352
-0.00283510297 0.0446486469 0.0305409551 -0.0223084055 0.999751031 -0.000244656461
0.0381982193 0.0388531201 0.170864334 0.251856953 0.967592835 0.0182245374
0.0603938211 -0.0233823283 0.208511545 0.785248041 -0.580563724 0.215246543
-0.0199673929 -0.0334019493 0.224648407 -0.221510053 -0.899935424 0.375565708
0.0629181749 0.0315501237 0.0974401972 0.41243881 0.910965681 0.00598212285
-0.0302125765 0.0310333835 0.139510658 -0.981088281 0.190573752 -0.0338766202
0.0642186577 -0.024677914 0.0420945037 0.854408681 -0.491234392 -0.169335455
-0.0680640941 0.0086561606 0.0334202496 -0.958369672 0.136603877 -0.250732839
-0.0239431314 -0.0283183543 0.233541182 -0.311130613 -0.859862626 0.404763997
-0.0093955091 -0.0408489135 0.194502087 -0.0776030347 -0.995258152 0.0586431473
0.0285208429 -0.0058719134 0.292353304 0.791898966 -0.18273145 -0.582670927
0.0755396372 -0.00469118013 0.116400371 0.997983336 -0.0626831427 0.0100047607
-0.0150124361 -0.0405601192 0.190776863 -0.122929037 -0.990274072 0.0651581734
0.0307859911 0.0337814024 0.231253224 0.244502544 0.781408429 0.574124813
-0.0333326665 0.0385251012 0.185189356 -0.351466835 0.933460236 -0.0715755522
0.0581151739 -0.0325487336 0.0633636917 0.436795175 -0.899331033 -0.0203377809
-0.0257242053 -0.0390064296 0.166747856 -0.353111833 -0.933444679 -0.06319087
0.00735800026 -0.0420959196 0.158568352 0.0295074638 -0.999422729 0.0168350395
0.0155531671 0.0423624402 0.179438055 0.0733185485 0.997130096 0.0188652575
0.0526097488 -0.0348513909 0.0557100571 0.337618381 -0.941246092 -0.00833701715
-0.0278097591 0.038738588 0.102755881 -0.717459083 0.690325916 0.0932877809
-0.0107893107 0.0436900399 0.1025493 -0.0756857246 0.997086287 0.00952494238
-0.0658599658 -0.0157595056 0.186349377 -0.797953129 -0.6019876 0.0296930447
-0.028339435 -0.010242277 0.255736655 -0.843455493 -0.265690923 0.466895521
-0.0089127093 -0.0425162415 0.113902984 -0.0806040466 -0.996668935 0.0124089252
0.0195100246 -0.0178895095 0.00354570931 -0.0236073639 0.0763739794 -0.996799767
-0.00399512623 0.00662101021 0.00406502414 -0.00675698509 0.0647493377 -0.997878671
0.0104504204 0.0408902688 0.220297792 0.024457125 0.976302922 0.215021759
-0.0107493768 0.0240683219 0.277686675 -0.359013915 0.93305856 0.0226007849
0.0169597949 0.00145842103 0.317575206 -0.0877726153 0.0168608762 0.995997846
0.0309869942 -0.0379972765 0.202213081 0.190618306 -0.978354454 0.0805428401
-0.0159123422 -0.0419660375 0.0925771833 -0.156789333 -0.987441182 0.0194162857
0.0597550008 -0.0277367029 0.196512162 0.645243168 -0.75350219 0.126077801
0.0245537145 0.0039872279 0.31795095 0.103903323 0.0473412648 0.993460119
-0.00199674411 -0.0360274238 0.227013636 -0.119411469 -0.945425689 0.303168595
0.0205236856 0.0429342075 0.109651715 0.141500965 0.989860117 0.0124276374
-0.0593105827 0.0141416032 0.0901231491 0.778434098 0.564234674 0.275099188
-0.0127635362 0.0161789743 0.0044218379 0.00364661519 -0.0627955645 -0.998019814
-0.0531680816 0.0244657342 0.221625422 -0.486129969 0.744916379 0.456921488
0.0244580842 0.0427279707 0.0806811862 0.136565357 0.990559518 0.0119076837
-0.0106689336 0.0296833503 0.303730413 -0.301459819 0.952154875 -0.0502300002
-0.0480694722 0.0378626548 0.0398121078 -0.313738346 0.949371278 0.0161977746
-0.029946207 0.0114870402 0.297842325 -0.956974804 0.25228852 -0.143351778
-0.0207706452 0.0415118026 0.14464383 -0.208620891 0.977992594 -0.00278876093
-0.033791844 0.0011527711 0.115097961 -0.997759044 0.0322398655 0.0586297438
-0.00384669054 0.0391050411 0.224604716 -0.124753982 0.967367887 0.220535189
-0.0387330751 -0.0363781794 0.0661536154 -0.588037491 -0.782317579 0.205404505
0.0696690429 -0.0218279914 0.156848524 0.816406906 -0.575474203 0.0480542965
0.0108808813 -0.0413689192 0.18584066 0.0734568238 -0.996982574 0.0250971802
-0.0507079445 -0.0117625783 0.00337661379 -0.278796077 -0.0816911459 -0.956869543
0.0728921198 -0.0108970384 0.0652988703 0.975536823 -0.193734035 -0.103899226
0.0484066623 0.0131828684 0.234284083 0.607202947 0.185050756 0.772697091
-0.0637950576 -0.0135331635 0.100603107 0.515901625 -0.847427845 0.125345647
0.00312194178 -0.0409671659 0.199516229 0.0137951002 -0.996325731 0.0845264494
-0.0464221026 0.0201339147 0.0777956243 -0.43697542 0.246374771 0.865073383
0.00285847471 0.0427220199 0.190315847 0.0208692625 0.999506533 0.0234769657
0.0410137858 -0.0374409283 0.138661532 0.262386978 -0.964836597 0.0156081822
0.0658973172 0.0238477822 0.190852115 0.844951689 0.524166107 0.106331468
-0.0177980874 0.0413129607 0.00544135554 -0.111474119 0.962607324 -0.246902078
0.0166505318 0.04286326 0.143016197 0.0792485625 0.99675256 0.0142856948
-0.0303755825 -0.0261930061 0.142442207 -0.980905712 -0.180756852 -0.0717692748
-0.0294471286 -0.0318368846 0.112673693 -0.965985715 -0.244162351 0.0851844475
-0.0150920037 0.0285990095 0.247870837 -0.338992804 0.877085149 0.34030211
-0.0276692754 0.00871500779 0.00417668744 0.0220138319 0.0629374087 -0.997774661
0.0286223511 -0.0107127999 0.00340070555 -0.0220799521 -0.0193320829 -0.999569297
-0.0740242552 -0.00747743915 0.125548145 -0.912349164 -0.408304483 0.0301086456
0.00892065437 -0.0408060222 0.200396561 0.0577372871 -0.994696438 0.085120514
0.0522362562 0.0357653701 0.104584605 0.31808275 0.947963953 0.013697979
-0.0704045103 0.00901493946 0.0455996824 -0.973378122 0.149705693 -0.173560649
-0.0658791768 0.022804242 0.0424870683 -0.89174664 0.434222013 -0.127432749
0.074883756 0.00969442 0.0887275809 0.982214153 0.185816616 -0.0269718319
-0.0733643758 0.00496242491 0.167031835 -0.974683642 0.203734249 0.0921094045
0.0712922633 0.00615450124 0.0481512451 0.981097281 0.0555933602 -0.18535772
-0.0666320009 -0.0148695151 0.173375921 -0.710581064 -0.701702118 -0.0518520847
-0.0311892334 -0.0326320948 0.218877355 -0.257904708 -0.907233119 0.332284719
0.0742521671 -0.0106798298 0.0813335846 0.978520036 -0.20161733 -0.0429992005
-0.051137228 0.00601237999 0.0818150389 0.688349068 0.134989023 0.712708652
0.021221808 0.0419080162 0.171791654 0.134217218 0.990751207 0.0199472588
-0.0401876434 0.0284708171 0.0792976985 -0.683151841 0.33295998 0.649954855
-0.0169378041 -0.0375426375 0.212536125 -0.164896831 -0.965616167 0.20098336
-0.0696061377 0.0187358005 0.0760239052 -0.827067971 0.553684115 0.0969149247
0.0479468368 0.0370246536 0.117212393 0.26380381 0.964481235 0.0135424836
-0.00620706201 0.0444978919 0.0419392798 -0.0299398229 0.999495208 0.0106355753
-0.0641536814 0.0170377795 0.159441911 -0.313342333 0.941577971 -0.123480417
-0.0297012129 0.0372901573 0.158719557 -0.651904225 0.750612557 -0.10771139
0.0520814659 0.0362035067 0.0714670202 0.328346044 0.944546521 0.00456183823
0.0450203919 -0.037417702 0.0570027225 0.259905249 -0.965629041 0.00312009756
-0.00323954669 -0.0423439049 0.149868504 -0.018384248 -0.999699056 0.0162403937
0.0517727616 -0.0344863183 0.123551621 0.31403771 -0.949313462 0.0135705424
-0.0278114394 0.037427127 0.11719451 -0.719945371 0.692656994 0.043644961
-0.0512826684 -0.0269408713 0.179696668 -0.427826256 -0.85243547 -0.300530523
-0.041389146 0.00923398415 0.240140753 -0.682309866 0.120373525 0.721084952
-0.018434843 -0.0411014457 0.116809024 -0.235246316 -0.971801639 0.016150428
-0.00239209169 -0.0424078459 0.146891664 -0.018384248 -0.999699056 0.0162403937
-0.0356084251 0.0281571605 0.0877591564 -0.905855298 0.220952511 0.361394763
-0.00777053011 0.0440614979 0.0900108084 -0.0865355283 0.996195436 0.0103070019
-0.0681126164 0.00166865802 0.0319012938 -0.965990245 0.0476159044 -0.254156768
-0.0255506512 0.00131437742 0.273080194 -0.995288193 0.0515002385 0.0821535513
0.0541013225 -0.0334932077 0.138939445 0.313616663 -0.949453115 0.0135430349
0.064772314 0.0295835069 0.0689360097 0.639633954 0.767673314 -0.0393220447
-0.0715978266 -0.0104029051 0.124410095 -0.599360466 -0.800301075 0.0168863814
-0.0205077529 -0.0424363407 0.0313039748 -0.12075083 -0.992387176 0.0242281184
-0.054890138 0.024842077 0.181200166 -0.399621397 0.879421771 -0.258689404
-0.0303469679 -0.0237716311 0.00219763189 0.0725396872 0.218382403 -0.973163426
0.0126439646 -0.0414410259 0.177332287 0.0754196793 -0.996978045 0.018620817
-0.0117706904 0.0138587946 0.0044788587 -0.00686705858 0.0139535731 -0.999879062
0.0735140596 0.0160254597 0.0866357027 0.94127655 0.336128145 -0.0318794809
0.0427829926 0.0392010167 0.0422414227 0.26194638 0.965076268 -0.00344331539
-0.0054476804 -0.0272729677 0.256304622 -0.200020015 -0.963586271 0.177463844
0.0710746879 -0.00641296271 0.0476067986 0.979980946 -0.0697519258 -0.186472833
-0.0220595728 0.0411585539 0.146687237 -0.409058988 0.912297547 -0.0195954237
-0.0255539012 0.0394873629 0.12169259 -0.714999378 0.69794637 0.0405807644
0.0312385866 0.0413463571 0.101938255 0.204972669 0.978682637 0.0129140783
0.0432691963 -0.0360168833 0.0162028587 0.404416442 -0.880342841 -0.247878507
0.0451955131 0.0381867577 0.089396753 0.262340009 0.964828968 0.016816562
0.0173873448 0.0200747607 0.273143428 0.611270845 0.78714186 0.0821913332
0.0672430856 0.0214890698 0.0458451266 0.93230772 0.311378598 -0.183971971
0.00847952795 0.0302582059 0.250269296 0.138360873 0.936138153 0.323267132
0.029471524 -0.0391128519 0.186451159 0.190862 -0.981275141 0.0258993879
-0.0252399629 -0.0287958394 0.231513479 -0.285299093 -0.856934488 0.429264069
0.0295533542 -0.0408999746 0.0801398601 0.201645061 -0.979398906 0.0108160395
-0.0358103999 0.0200405385 0.158204119 -0.840451181 0.241180435 -0.485256404
0.00811762316 -0.0399754687 0.209922716 -0.00426412839 -0.991232216 0.132062703
-0.0709860866 -0.0113777362 0.111673811 -0.602544785 -0.797405005 0.0329380929
-0.0660169647 0.00783011406 0.0255286665 -0.923525572 0.129823729 -0.360896349
-0.0426033977 -0.0304527935 0.212543545 -0.412731826 -0.876290023 0.24853228
0.0278405243 0.0149247779 0.295505091 0.787780106 0.440444678 -0.43059364
0.0414937619 -0.0381088951 0.0865540939 0.265027761 -0.964134276 0.0143284183
0.0686433717 0.00283918796 0.204838296 0.984294772 0.0421181954 0.171434373
-0.00472436347 -0.0334760702 0.233102767 -0.152695313 -0.929363251 0.336107254
-0.00131472718 0.0446821439 0.0287854672 -0.0223084055 0.999751031 -0.000244656461
0.0313585544 -0.0407077535 0.0564118279 0.198947161 -0.98000592 0.00293214782
-0.0705563068 -0.00942491724 0.174029731 -0.884558022 -0.461822212 0.0654016063
-0.0478318715 -0.0256048336 0.219056675 -0.466999978 -0.794162154 0.388866901
-0.0156613866 0.0428810058 0.118783968 -0.127637744 0.991728604 0.0135287819
0.0290402388 -0.0375896993 0.211051952 0.192501917 -0.973242879 0.125464275
-0.0265314014 -0.0373905518 0.111155187 -0.719433844 -0.691463292 0.065524742
0.00978724317 -0.0243588048 0.267944477 0.408204496 -0.901273012 0.145176172
0.0622583694 -0.0109421941 0.0187626309 0.870749235 -0.193364114 -0.452112794
0.0736674482 0.0160243803 0.122725727 0.938970268 0.343773037 0.0124436039
-0.0148388108 -0.0416416091 0.128506996 -0.130890176 -0.991339564 0.0106607685
0.00680208696 -0.0432643847 0.0711269752 0.0177615359 -0.999825656 0.00576225249
-0.0424000204 0.000405287972 0.0833614724 -0.60916847 0.00956322625 0.792983174
-0.0357829701 -0.0010764873 0.00351167914 0.0368120819 -0.0273584519 -0.99894768
0.0543683471 -0.0330220456 0.166994022 0.378590971 -0.925367296 0.0190870259
0.0742550541 -0.0132896411 0.110835653 0.97989589 -0.199498028 0.0021884793
0.00597035583 0.0436557148 0.134157149 0.0306181442 0.999422789 0.0147160823
0.0100987755 0.0436272151 0.126372709 0.0797177553 0.996717513 0.014119844
0.0347483291 -0.0400344535 0.0543881035 0.196036741 -0.980582893 0.00519167446
0.0742205364 0.0115630552 0.138138074 0.981357574 0.18857418 0.0371084176
0.0401902654 -0.0318716798 0.00409001476 0.410875827 -0.677170396 -0.610427201
0.0756961354 0.00272595435 0.115632075 0.998493791 0.0539396964 0.0100270947
0.0754798055 -0.00535543103 0.118150089 0.997937977 -0.0633183047 0.0105198482
0.0213296807 -0.0180626402 0.314933871 0.462029159 -0.559465706 0.688133121
0.0551478665 -0.00322001886 0.00522000351 0.696146071 -0.0679145679 -0.714680493
0.0734182576 0.0170529661 0.100334736 0.9396981 0.341964304 -0.00527714519
-0.0667359109 0.0165577156 0.168530332 -0.578361511 0.813235641 -0.0643876418
0.009257532 0.0295648443 0.309310653 0.283036917 0.884359777 0.37121129
-0.0210088154 -0.0424306339 0.0223095735 -0.120365724 -0.992173731 -0.0332159288
0.0411027524 0.013547545 0.00336241079 0.000413059635 -0.0211144183 -0.999777019
-0.0240051571 -0.0296765347 0.00129038425 0.0557473116 0.21478869 -0.975068212
0.0493756709 -0.0198032352 0.00420465498 0.156957477 -0.0164921787 -0.987467647
-0.00764808321 0.0433099049 0.148535706 -0.0688656867 0.997508407 0.0153118968
-0.0532325525 -0.0253577682 0.209118378 -0.576507926 -0.783194959 0.232903704
0.0350788276 -0.0390701246 0.0162327012 0.296152025 -0.938434243 -0.177862689
-0.0137312269 -0.0326730177 0.230154886 -0.221438646 -0.905549228 0.361863971
-0.0566492099 0.0229343813 0.0136650424 -0.811721683 0.379313678 -0.444104761
0.0312947934 0.0412565475 0.107713766 0.20558919 0.978552043 0.0129946154
0.0603373333 0.0157646919 0.0167501701 0.84547776 0.295121521 -0.445051342
0.0363823499 0.0400118256 0.120545446 0.205586955 0.978541315 0.0138155464
0.0592670777 -0.0271045047 0.201208181 0.639235079 -0.744350433 0.193186447
-0.0286971733 -0.0325577358 0.137103557 -0.908501565 -0.417140782 -0.0248685777
0.00629507488 -0.043353186 0.060231774 0.0155624673 -0.999850035 0.007594008
-0.0217595349 -0.01740851 0.260747517 -0.729655683 -0.637054145 0.248525321
-0.0247596932 0.0400995419 0.116355419 -0.443894833 0.89562726 0.0284468904
0.0370228682 0.0404069635 0.0838371513 0.199647024 0.979761422 0.0144426534
-0.0527919855 0.0259161471 0.010016496 -0.748238742 0.433603287 -0.502122462
0.0709742819 0.0187924242 0.160984785 0.937889874 0.340212017 0.0679582879
0.0301344806 -0.0385744998 0.195978465 0.190966561 -0.980581999 0.0446176939
0.0174388917 -0.0427453942 0.0555555404 0.0737191364 -0.997252822 0.0072402074
0.00800980055 -0.00641597339 0.317170262 0.00129300437 -0.00573343132 0.999982715
-0.0623312343 0.0144245865 0.144016257 0.336620867 0.93508321 -0.110931367
0.0231928439 -0.0162664204 0.260257869 0.752866507 -0.596308589 0.278582126
0.0414761548 0.0394067697 0.0742431158 0.262153685 0.964970469 0.0103698429
-0.0119460534 0.0265858078 0.257648381 -0.348737597 0.897382736 0.270344973
-0.0344126814 0.0381456803 0.19458871 -0.282874465 0.958995342 0.017609017
-0.0541188196 -0.0131280544 0.0785991457 0.592176557 -0.443550467 0.672748029
0.0290166405 -0.0385881985 0.199698319 0.190618306 -0.978354454 0.0805428401
-0.0409855683 -0.020339741 0.231772721 -0.496426851 -0.637025654 0.589710653
0.0289122269 0.0137592615 0.253676319 0.81094116 0.310341269 0.496047199
9.36678939e-06 -0.0286773946 0.313234772 -0.0478857197 -0.497793257 0.865972817
-0.038005498 0.0406530233 0.0395713393 -0.204482183 0.978582919 0.0237205029
-0.0593120213 0.0251341055 0.0214162587 -0.818990171 0.461074859 -0.341562748
-0.0578182616 -0.0091885338 0.00910345605 -0.853832662 -0.148720473 -0.498850763
0.00360679895 0.0445790981 0.0434983155 0.0202220324 0.999766767 0.00758647034
-0.0324628452 -0.0268662387 0.0969821704 -0.964413762 -0.195328072 0.178193957
-0.0386440725 0.0406209467 0.030078224 -0.238592863 0.971118987 0.00118792965
-0.0407998293 0.0399035917 0.0436211487 -0.245474309 0.969164848 0.0214895848
-0.0218926767 -0.0415502459 0.0628496851 -0.154618412 -0.987841606 0.0161880348
0.00850513634 -0.0283188178 0.294629102 0.273250967 -0.905805409 -0.323806137
0.0742576157 -0.0071794868 0.152007811 0.995544255 -0.067921713 0.065408878
0.00912452344 -0.0434546942 0.0449875677 0.0175371245 -0.999741435 0.0144755403
-0.01903158 -0.0304997918 0.00132742394 0.0390571132 0.221620992 -0.974350393
0.00062653909 0.0267799299 0.27009443 0.0551870726 0.988214016 0.142784864
0.00803349532 -0.0404812144 0.204442585 0.0137951002 -0.996325731 0.0845264494
-0.0237134538 -0.0394902789 0.188626422 -0.164340854 -0.983875573 0.0705751479
-0.0703055368 -0.00628098257 0.186309164 -0.950026035 -0.287957937 0.120544076
0.0728677975 -0.0058369196 0.171048522 0.993093669 -0.0675826818 0.0959045738
-0.0759637192 0.00171150569 0.0990496603 -0.999405146 0.0331402309 -0.0095376214
0.0647808821 0.0117731881 0.217074182 0.945820093 0.167836338 0.277948111
-0.0240652463 0.0399341739 0.00415570571 -0.136885956 0.858787239 -0.493707091
0.0639661226 0.0290512431 0.167373963 0.613443315 0.788831651 0.0378405005
0.0664260003 -0.0187730456 0.0390841978 0.924186945 -0.336684346 -0.180339411
-0.0168546875 -0.0195138839 0.272621136 -0.621752322 -0.77856487 0.0852093175
0.0560138579 0.0338989393 0.147557291 0.40227893 0.915371001 0.0163577162
0.0124991997 0.028417512 0.309322821 0.399603158 0.84498471 0.355412751
-0.0126954736 0.0366912756 0.227272664 -0.189203277 0.932079136 0.308918417
-0.0247293579 0.012659646 0.264059878 -0.860864043 0.478550315 0.172923774
0.0309960272 -0.0402634873 0.0165347718 0.216440022 -0.965195656 -0.146802768
0.0490078016 -0.00677612227 0.233924543 0.617701292 -0.189417705 0.763260126
0.0234911592 0.000145427815 0.003327442 -0.0222407542 -0.015970422 -0.999625027
0.013533877 -0.0376758453 0.223279545 0.0238246992 -0.977956891 0.207443371
-0.0252376497 -0.0408636382 0.0688327411 -0.167680562 -0.985430717 0.0284538288
-0.0666482132 -0.0211872335 0.0648933616 -0.653228402 -0.745459855 0.132598341
0.075844478 0.00023441763 0.0996590853 0.998527706 0.0540991426 -0.00396754267
-0.0287403846 0.035639671 0.141061775 -0.918317437 0.394589484 -0.0315008275
-0.0600274141 0.0198570546 0.0173207664 -0.838970602 0.308756888 -0.448104382
-0.0274223897 0.0379471788 0.115260883 -0.714999378 0.69794637 0.0405807644
0.0482552454 -0.0336832051 0.198185424 0.318782985 -0.945996881 0.0588854924
-0.0449744317 -0.0280220833 0.217220664 -0.420781463 -0.824051678 0.379317403
-0.0312233184 -0.0220242694 0.118366589 -0.985876918 -0.158912942 0.0528535023
-0.000217107323 0.0446361263 0.0447854389 -0.0255018454 0.999645591 0.00762912631
0.0453799304 0.0384653269 0.0397951398 0.346641421 0.937905431 -0.0131543819
-0.0179761498 -0.0408784006 0.163241962 -0.121014878 -0.992589593 0.0110115698
0.0717015942 0.0213235841 0.089813363 0.940229118 0.339824855 -0.0220988151
0.0559554932 0.0339800025 0.142902899 0.315970749 0.948700011 0.0114376675
-0.0586779528 0.00934827393 0.116101233 0.798502624 0.601093292 -0.0328706019
0.0506581229 -0.0351191043 0.104443514 0.316354543 -0.948538661 0.0139385303
0.07395488 0.00140182258 0.162250417 0.995411754 0.0597614609 0.0747256577
0.0707590837 -0.0223152226 0.115153332 0.810989678 -0.584941924 0.0117719369
0.0660470019 0.0258202993 0.0524051903 0.862227857 0.489437252 -0.13043882
0.016554653 0.0264977733 0.295558086 0.465790838 0.770946562 -0.434373558
0.0428134717 0.0387412746 0.0953201556 0.263896823 0.964441359 0.0145340618
0.0508230196 0.0354672115 0.159455805 0.309282005 0.950918317 0.0099471705
0.0627301858 -0.00157202903 0.222144941 0.829907954 -0.107575037 0.547430873
-0.0406142591 0.0127111816 0.161240844 -0.507549286 0.270532489 -0.818050086
0.0593639416 -0.0300801012 0.183395623 0.62316519 -0.777420163 0.0853401124
0.0541404103 0.033609279 0.19328726 0.40535289 0.91363728 0.0309139397
0.0153137451 -0.0420821616 0.126922101 0.079804115 -0.996698856 0.0149274841
0.0441195128 -0.0360822737 0.172451926 0.248960704 -0.968284488 0.0210651122
0.0184330907 0.039924146 0.222941408 0.0967988595 0.969601035 0.224730521
0.00220783053 0.0428456986 0.185668777 0.0208707266 0.999495804 0.0239263084
-0.00331751492 -0.0275573828 0.00255486825 -0.00300423033 0.26295504 -0.964803457
0.0447695279 -0.0367653831 0.115022756 0.26497829 -0.964156687 0.0137211718
0.054271095 -0.0335362317 0.13205569 0.313614935 -0.949444354 0.0141751301
-0.0587946473 -0.009467594 0.133045782 0.704071164 -0.707315028 -0.0631594285
0.0304166841 0.00371236912 0.310896361 0.96251142 0.061911758 0.264080733
-0.0636087449 0.0242787659 0.0755760849 -0.373789638 0.841906071 0.389198452
0.0528453508 -0.0148632875 0.00524120135 0.687567294 -0.246807665 -0.682888806
0.0742461177 0.0142667342 0.111117719 0.982979953 0.183680356 0.00345677487
0.0737680764 0.0118204962 0.14715154 0.980483949 0.189676344 0.0517091379
0.0724764253 -0.0155523642 0.152515035 0.928405881 -0.366871774 0.0588865094
0.0157735437 -0.0413638259 0.168750825 0.0765385181 -0.996916831 0.0172816515
0.0305842565 0.0407345514 0.154295694 0.200489283 0.979563415 0.016105881
-0.045741428 0.02299673 0.228477703 -0.448727876 0.619477391 0.644120455
0.0367141932 -0.039652197 0.0523562979 0.196036741 -0.980582893 0.00519167446
-0.0523474986 -0.0309869909 0.0535974185 -0.43680191 -0.878554881 0.193249539
-0.0265064136 -0.0416768064 0.0336893116 -0.147240669 -0.988933742 0.0181752983
-0.0638632918 0.0140528685 0.132907367 0.0899355784 0.99468106 -0.0502105467
0.0346781385 -0.039943747 0.0713631317 0.200628042 -0.979645669 0.00653468166
0.0684844333 -0.0168252773 0.0459940278 0.925069988 -0.333055079 -0.182537109
-0.0713335553 0.0166815402 0.072679893 -0.900057971 0.434789389 0.0292216521
0.0732354485 -0.0105711424 0.158090736 0.976591587 -0.205245554 0.0643672049
-0.0290919575 -0.00784844051 0.311301584 -0.947221816 -0.18077071 0.264750481
0.0484694971 0.0374489352 0.0487419477 0.346641421 0.937905431 -0.0131543819
-0.0310434358 0.039289578 0.191650316 -0.210160375 0.976290286 0.0518640913
-0.057780914 0.0324516933 0.0595102899 -0.50115329 0.863066852 0.0629359931
0.064640183 0.00436009705 0.219416925 0.834555686 0.0230796225 0.550440013
-0.0706392217 0.00441991226 0.188566322 -0.987111628 0.0646446422 0.14639543
0.0487638884 -0.0360079917 0.0877787745 0.319288254 -0.947526097 0.0157932956
-0.0236284798 -0.0405274824 0.0868271737 -0.267449677 -0.962804198 0.0384558253
-0.0194554726 -0.0168062319 0.274127647 -0.728253365 -0.680682838 0.0794850215
-0.0711862499 0.0119938795 0.134843834 -0.683327675 0.730021358 0.0115044434
0.0302519393 0.011603511 0.252793386 0.817107558 0.301811159 0.491167158
-0.00685436599 -0.00800061921 0.00411729053 -0.00691079115 -0.0574602596 -0.998323798
0.0533767261 0.0285639567 0.0150225851 0.740439892 0.52506125 -0.419594467
0.0533625202 0.0352671599 0.113575363 0.317218155 0.948260486 0.0132181998
-0.0612529693 0.0228943115 0.195662718 -0.670268893 0.741909325 -0.0176109914
0.0196090025 -0.0242448122 0.251035918 0.453127742 -0.773614526 0.442939967
0.058316051 -0.00282420235 0.00919810181 0.886126697 -0.1308541 -0.444585919
0.00933955487 -0.0423240869 0.14120871 0.0301888026 -0.999427497 0.0152725829
0.0137056128 -0.0430494506 0.0516871706 0.0737191364 -0.997252822 0.0072402074
-0.031638521 -0.00124758711 0.300006133 -0.996241033 -0.0781858712 0.0372921862
0.000667638027 0.0429667731 0.181775663 -0.022432223 0.999479949 0.0231627487
-0.00125501874 -0.0423164449 0.153660926 -0.0183831286 -0.999682903 0.0172081776
-0.0416718633 -0.0231462934 0.0764449126 -0.597345054 -0.339736402 0.726469517
0.0320501314 -0.0405307077 0.0644600727 0.198940173 -0.979977548 0.00817841012
-0.0231653413 0.0426990147 0.0623010782 -0.14240396 0.989673078 0.0163824018
0.0661481158 0.0287120575 0.0750288066 0.639791071 0.768045843 -0.0278026685
0.0218241719 -0.0375174122 0.220334365 0.110545486 -0.97615844 0.186800987
-0.0689452576 0.0151355696 0.0960286525 -0.4781847 0.869328558 0.124928318
0.0675308005 0.0216431743 0.0475639991 0.93230772 0.311378598 -0.183971971
0.00212928423 -0.0407790079 0.201726021 -0.00343555165 -0.995246351 0.0973288938
-0.0212160989 -0.00722770536 0.00411942422 0.00354812504 -0.0622550882 -0.998053968
0.0324427479 0.0241036953 0.00273581664 -0.00357043394 -0.122665025 -0.992441714
-0.0319955469 0.0229579095 0.239726828 -0.53063482 0.66154176 0.529895484
-0.0248945685 0.0429696845 0.0242100393 -0.117893592 0.992092907 -0.0430437885
-0.0493091608 -0.00475896475 0.158249769 0.571759164 -0.261440486 -0.777650535
0.0143996548 -0.0428419988 0.0728378779 0.0756090209 -0.997084379 0.010297983
0.0739866267 0.0123321721 0.0791506095 0.981107831 0.183695182 -0.0606924593
0.0576850725 -0.0321640556 0.137460191 0.392040402 -0.91982609 0.0149745056
0.0629507835 -0.0295261441 0.145925965 0.592583358 -0.805092275 0.0259120651
0.0163837931 -0.0414066796 0.163594096 0.0780460835 -0.996815324 0.016373273
0.0695355064 0.0220042041 0.164633263 0.937352121 0.340076685 0.0756229684
-0.0276407055 0.0243129636 0.00268650508 0.0698933005 -0.208587974 -0.975502849
-0.0265723875 0.0382562731 0.127462547 -0.718641579 0.695167542 0.0172126703
-0.0595002176 0.021616232 0.17614592 -0.415893614 0.895696759 -0.157352343
0.0646594111 0.029531949 0.066699033 0.661984801 0.747134209 -0.0597225428
-0.013218648 -0.0415229377 0.158364386 -0.123290963 -0.992294371 0.0122943306
-0.0374926279 0.0272654638 0.229434514 -0.381333262 0.756431103 0.531410217
0.0291662789 0.0399300086 0.00827123066 0.224750891 0.93181026 -0.284985572
0.00403178057 -0.0328622253 0.238770864 -0.0875870511 -0.955066979 0.283152819
-0.0383986203 0.0105578631 0.242866575 -0.721933722 0.192356125 0.664688468
-0.0361309877 0.0110339983 0.245191713 -0.721933722 0.192356125 0.664688468
0.00841727492 -0.00619788789 0.317170988 0.00129300437 -0.00573343132 0.999982715
0.0270430015 0.0422680272 0.0892684215 0.138095796 0.990332127 0.0131000411
0.0143439493 0.0178397552 0.00377501491 -0.036441315 -0.070068188 -0.996876359
0.0246582936 -0.0410747896 0.120885422 0.142057419 -0.989751875 0.0145197986
-0.0340934414 -0.0403514097 0.0389151322 -0.194580108 -0.979984045 0.0420719236
-0.0615775324 -0.0130469374 0.0925637591 0.552766502 -0.803440154 0.221208274
0.0707826371 0.0232618093 0.114198465 0.833474874 0.552409947 0.0127614764
-0.0556446099 -0.0301226161 0.022837964 -0.762082756 -0.567251682 -0.312178522
-0.00584973933 -0.0304763392 0.242061181 -0.216814786 -0.9404549 0.261793464
0.0480808169 0.0361730696 0.170784761 0.302395344 0.953094363 0.0129706291
-0.0655341661 0.0141124884 0.131095623 0.0899355784 0.99468106 -0.0502105467
0.0701701123 -0.00749113473 0.19146541 0.984798431 -0.0945045799 0.145742387
-0.0429656168 -0.0251555667 0.00217956011 -0.135018706 0.00954923313 -0.990796983
0.0313128789 -0.0212089998 0.242846127 0.543250561 -0.611592174 0.575181484
0.0159209384 0.0437606078 0.0730070614 0.0755590051 0.997108459 0.0080992505
-0.0331641295 0.00251078791 0.128604757 -0.999322116 0.0330795683 0.0161559992
-0.0662017979 -0.0134196263 0.198475852 -0.896135211 -0.431038529 0.105581447
-0.0666483098 0.00863917148 0.0279977072 -0.959567964 0.132418692 -0.248383984
0.0111747257 0.0441744881 0.0649164483 0.0755593181 0.997119546 0.00657758629
0.023051565 0.0428759323 0.0849224542 0.138098821 0.990372002 0.00959554594
-0.000201991398 -0.04288574 0.116196612 -0.0223944709 -0.999650896 0.0140166972
-0.0302806633 0.030088627 0.136145392 -0.981804788 0.187203273 -0.0318479016
-0.0572658917 0.00752780528 0.0959092692 0.896720648 0.394216537 0.201210022
-0.0583125711 -0.00946190486 0.138551836 0.817293465 -0.572815597 -0.0625601038
-0.00928857912 -0.0412578246 0.187703792 -0.0776030347 -0.995258152 0.0586431473
-0.0474016353 -0.0345917338 0.0481836856 -0.447227657 -0.881557882 0.15113911
-0.0406259874 0.000245629894 0.0854840301 -0.79616648 0.0157068595 0.604873776
-0.0553572298 0.00489869894 0.13676893 0.973035991 0.21603328 -0.0808116719
0.00744767278 -0.0431434336 0.0838166117 0.0206218213 -0.999734819 0.0102457972
-0.0736537679 0.00954376523 0.121688947 -0.824770033 0.565141141 0.0192274023
0.0285300795 0.0001142359 0.259810748 0.952259779 0.0473357327 0.301596731
0.036269976 -0.0363159754 0.00761773553 0.355487794 -0.867129803 -0.348875612
-0.0125071118 0.0289837214 0.303314074 -0.37709105 0.924554288 -0.0547873266
-0.0653434095 0.0137968023 0.125183541 0.0899355784 0.99468106 -0.0502105467
0.0121663699 -0.0409069563 0.194916858 0.0683466569 -0.996581316 0.0464158393
-0.0350085635 0.0380472251 0.190606388 -0.342025489 0.939023077 0.0354148932
-0.00942288084 0.0423920616 0.189448552 -0.070900552 0.996556222 0.0429987535
0.0317452563 0.0106359104 0.251177939 0.740593374 0.262037963 0.618754864
-0.0186306857 0.04198681 0.151201297 -0.208811373 0.97795403 0.00196894514
-0.0553632561 -0.000383972544 0.130571462 0.9922176 -0.0950172544 -0.0804728493
0.0492611119 -0.0359315945 0.0817071611 0.320409834 -0.947170794 0.0143178999
-0.00485379562 -0.0327579038 0.235212011 -0.161910698 -0.937971115 0.306586087
-0.058760358 -0.00886477964 0.127234453 0.817293465 -0.572815597 -0.0625601038
-0.0194569589 -0.0187702426 0.287549104 -0.655085027 -0.713692605 -0.248005047
0.0749682577 0.00289447119 0.0770456937 0.996222258 0.0558393747 -0.0665060356
-0.00700146904 -0.0416878638 0.178546783 -0.0741112083 -0.99687928 0.0271857064
0.0100207584 0.0402924743 0.223088964 0.0263247341 0.976680636 0.213077515
-0.0593509501 0.0236123391 0.211439276 -0.673412085 0.713312089 0.194169909
0.0105452627 0.0243702872 0.286299754 0.349429816 0.922799349 -0.162296623
0.00324819363 -0.0283320648 0.255022281 0.000653634663 -0.971716285 0.236150414
0.0723445321 -0.0189167235 0.0986642475 0.929044425 -0.369909316 -0.00659701694
-0.0383742194 -0.0367241173 0.0081405427 -0.330897659 -0.884098709 -0.329964191
-0.0126150457 0.0433725252 0.0132115189 -0.069908157 0.989226639 -0.128621206
0.0706993219 -0.0148429528 0.0550421877 0.970519662 -0.192944765 -0.144442901
0.0617710202 0.0298415147 0.183042305 0.627843559 0.776881874 0.0476135872
-0.0334132734 0.0157558585 0.14966654 -0.968481541 0.0937215313 -0.230781108
0.0645714972 -0.0277769912 0.161788467 0.589255869 -0.807356238 0.0308783073
0.0341104985 -0.0227934381 0.238954134 0.498819709 -0.587601542 0.637105465
-0.0715933301 0.0129520281 0.0983136913 -0.722239196 0.688151419 0.0694132075
-0.0414910936 -0.0315686919 0.176904464 -0.554072976 -0.764480472 -0.329504043
0.0730066668 -0.0132365731 0.153062651 0.976591587 -0.205245554 0.0643672049
0.0611157101 0.0179376597 0.0198759913 0.881412625 0.307099164 -0.35888961
-0.0539450641 -0.025979738 0.181572378 -0.534486115 -0.803154647 -0.263186753
-0.0159419081 -0.0416118694 0.118896813 -0.134163558 -0.990873873 0.0129986024
0.00368712625 0.0428410123 0.184574158 0.0208707266 0.999495804 0.0239263084
-0.058678808 0.00388082152 0.226202565 -0.646713495 0.0326721817 0.762032926
-0.0611802285 -0.0198097565 0.02105629 -0.867755473 -0.351561964 -0.351290137
-0.0388508604 -0.0395583452 0.0245907504 -0.257632822 -0.963113725 -0.0776981562
-0.0354959437 -0.00955468648 0.154844869 -0.899556935 -0.128629938 -0.417434543
0.0564581689 -0.02650134 0.211833899 0.638415813 -0.721504331 0.268060982
-0.030440747 0.0406349201 0.0789454217 -0.245809525 0.96680975 0.0696893483
-0.0424801333 0.0145992313 0.00334538369 0.0586318821 -0.0466955639 -0.997186959
-0.0348064877 -0.0365724562 0.192692907 -0.295380443 -0.953741968 0.0559150763
-0.0310249191 0.0326039963 0.151873702 -0.969775796 0.200661033 -0.13881664
-0.0385192275 -0.0347353356 0.199510969 -0.347362936 -0.92461127 0.156310439
-0.0458172471 0.0385649056 0.0289249151 -0.336032331 0.941723704 -0.0154507421
0.0042411391 -0.0398162622 0.210992559 -0.00426412839 -0.991232216 0.132062703
-0.0312085503 -0.011302757 0.250243801 -0.730400383 -0.401138306 0.552813947
0.0633993467 -0.0187197775 0.208161018 0.876505792 -0.432055086 0.212287486
0.0345365735 -0.038263359 0.180988611 0.192433476 -0.981005371 0.0244467203
-0.0659126467 -0.013968714 0.198688398 -0.896135211 -0.431038529 0.105581447
-0.0511728873 0.0246509058 0.0756371168 0.0967991501 0.387626976 0.916719794
-0.0695807207 -0.0152534824 0.0509289919 -0.956048191 -0.273750097 -0.105036475
-0.0330887922 -0.0031828879 0.129897782 -0.998902142 -0.0441635922 0.0156228589
0.0363580664 -0.0391899728 0.09988412 0.205960944 -0.978444278 0.0150648551
0.00872706633 -0.0259965238 0.260874739 0.263309002 -0.941949487 0.208325699
0.0300637758 -0.041040714 0.0286274067 0.204308629 -0.978880525 -0.00714097824
-0.0313560581 0.0346557295 0.0974161121 -0.913130343 0.364609092 0.18235445
-0.0192800169 0.0149321389 0.00436613372 0.022158023 -0.0725426078 -0.997119129
-0.0655449471 0.0101506668 0.213513636 -0.948779106 0.18327038 0.257351846
-0.0132518765 -0.0404205829 0.195637501 -0.0916086286 -0.993513465 0.0673705116
0.0627451828 0.0311010536 0.0655880979 0.639633954 0.767673314 -0.0393220447
-0.0589646657 -0.0283008052 0.0296870019 -0.776836038 -0.613475263 -0.142034814
0.00368719505 -0.0430999688 0.0972921349 0.0267039407 -0.999594152 0.00991788041
0.0756027549 0.00515158399 0.10506956 0.998560369 0.0534301922 -0.00472464832
0.0205424065 0.0227338086 0.3112009 0.583392501 0.742153287 0.329942048
-0.0301740361 0.0115844447 0.299480889 -0.952307642 0.263096839 -0.154564008
-0.0339601804 0.0101192484 0.106804541 -0.992339969 0.0820513889 0.092352204
0.0542163494 -0.0263350892 0.217647548 0.641566038 -0.719254136 0.266582936
0.00951466091 0.0438270488 0.113820762 0.0304259937 0.999458373 0.0125335166
0.0265642661 0.0427867555 0.0314771082 0.123891607 0.992286623 -0.00427131169
0.0544984124 -0.0333176707 0.141980026 0.312249184 -0.949883699 0.0148810511
0.0397262543 0.0399886656 0.060518352 0.262025416 0.965052426 0.00406173244
0.00459564554 -0.0304940457 0.30092472 0.180921286 -0.982786 -0.0374044292
-0.0449184162 0.012470354 0.0803936548 -0.34527424 0.16720067 0.923487663
-0.0143639917 0.0420752332 0.188284741 -0.112184323 0.99230963 0.0523092225
-0.00559671293 -0.0428757798 0.107444457 -0.0829956606 -0.99644959 0.0141434046
0.0610062329 -0.0313243 0.0910335397 0.403948426 -0.914772153 0.00419159327
0.017505931 0.0433432375 0.102476193 0.0797890127 0.996738255 0.0121080689
-0.0495156107 -0.0124439506 0.162177052 0.297892183 -0.54481262 -0.783861876
-0.013784913 0.0226197708 0.279806556 -0.524404287 0.851397872 0.0110278772
0.0375720008 0.0389453935 0.174560437 0.249608725 0.968153715 0.0193337984
0.0266156334 -0.0413862535 0.0178970255 0.217270374 -0.974154174 -0.0617828779
0.0416698804 -0.0371576721 0.145564996 0.262397349 -0.964869022 0.0132441092
-0.0230600141 -0.0213801668 0.249376606 -0.556320786 -0.745125771 0.367824256
0.0445638384 0.0375015272 0.1490609 0.259799868 0.965540707 0.0153343109
0.0142644425 -0.0241293556 0.259080526 0.505446017 -0.831152558 0.23175326
-0.000435606867 -0.00662762121 0.317114438 -0.0235605333 -0.00191692659 0.999720573
0.0205295825 -0.0424001408 0.056439524 0.135407075 -0.990776896 0.0051095318
0.0447197116 -0.00849456612 0.23700512 0.667047918 -0.199270755 0.717870653
0.0532270125 0.0351144565 0.127574909 0.316817909 0.948381841 0.0140808234
0.0260604152 -0.000524651758 0.271065198 0.992713392 -0.101176605 0.0654490516
-0.0339499974 -0.0392066946 0.0112542091 -0.195122465 -0.967790723 -0.159085408
0.0260397706 0.0133994359 0.291709944 0.780584395 0.423954368 -0.459293604
-0.0243867059 -0.0417843074 0.0400445652 -0.132670075 -0.990692794 0.0304379519
0.0245831406 0.0177847106 0.256732491 0.709338784 0.534912765 0.459028155
0.023872435 0.0420521333 0.139021205 0.141300797 0.98985523 0.0148549611
-0.0102902676 -0.0426970741 0.0873633573 -0.0974722505 -0.99515909 0.0125574088
0.028704531 -0.040136231 0.143331852 0.202737838 -0.979075611 0.0175556522
-0.0325488968 0.0210689835 0.00298673002 0.0731889978 -0.151093036 -0.985806465
0.0200753862 -0.0420499157 0.0986580285 0.140673786 -0.989949644 0.0145096239
-0.00719139601 0.0431008224 0.163314591 -0.0702262223 0.997401893 0.0160505511
-0.0127552024 0.0427304457 0.15992197 -0.117111817 0.993027687 0.0134435203
0.0165563207 -0.0394524312 0.210558873 0.0567886047 -0.990979373 0.121387832
0.0685132294 0.0014969479 0.205915272 0.984294772 0.0421181954 0.171434373
0.0152328069 -0.0432057122 0.0311063668 0.0834155828 -0.996386647 0.0159836859
0.00619297281 -0.0424124616 0.141736739 0.0307192728 -0.999418557 0.0147991916
0.0410908438 0.0046757474 0.241768234 0.681500554 0.0240247361 0.73142314
0.027953418 0.0333538064 0.233296844 0.284465015 0.788620055 0.545122087
0.0726281128 -0.00889277624 0.0600502089 0.970056176 -0.197007746 -0.142052621
-0.0681753643 0.00992071328 0.0345345103 -0.958369672 0.136603877 -0.250732839
-0.0698108033 0.0133480445 0.153731107 -0.716991603 0.697077394 0.00247606076
0.0134599737 0.023053533 0.270769892 0.532044947 0.842155993 0.0877583995
-0.0726298809 0.0036228047 0.057055841 -0.988145471 0.0545398071 -0.143506184
-0.0740036625 -0.00462664711 0.153795715 -0.953976154 -0.292028069 0.0681844354
-0.0330101333 -0.00761440169 0.120390771 -0.99407506 -0.0927211791 0.056723658
0.0557644143 -0.00388922169 0.228980581 0.611152709 -0.0848114043 0.786955714
0.0743105452 0.0128564075 0.12670224 0.982442081 0.185200229 0.0225479323
-0.0550192319 0.0346322676 0.0515176123 -0.498902917 0.864419103 0.0622521527
-0.0279591211 -0.0385262346 0.00437240545 -0.14165844 -0.883826911 -0.445850611
0.00167191666 0.0300527252 0.00216655702 -0.0152811445 -0.312016755 -0.949953675
-0.0260082264 0.0108456769 0.289999802 -0.81757617 0.345986664 -0.460285097
0.0302122239 -0.0410096601 0.0286177614 0.204308629 -0.978880525 -0.00714097824
0.0112936485 0.0437645591 0.108746086 0.0799339488 0.99672091 0.0125662787
0.0578355984 0.0235925153 0.222466077 0.741991997 0.432900399 0.511903286
0.0217498264 0.0433578709 0.0453135928 0.12860091 0.991687655 0.00419268245
-0.0320523612 0.0179609107 0.139173162 -0.993194759 0.111683033 -0.0330309495
-0.0149072769 0.021902346 0.280098611 -0.610034704 0.79234165 0.00723725324
0.0703844848 7.22279296e-05 0.194644809 0.987335205 -0.0810295045 0.136394098
0.0490986707 -0.0348663683 0.156785718 0.304637462 -0.952334642 0.0159594715
0.0693868586 0.00339739821 0.200432406 0.984294772 0.0421181954 0.171434373
-0.0677288688 -0.00314834024 0.0310354754 -0.96474731 -0.0702893063 -0.253618091
-0.029754219 0.00313729474 0.31172049 -0.961049914 0.0493941195 0.271925062
-0.0279245973 -0.0340379095 0.130207765 -0.910468936 -0.413431376 0.0109920986
-0.0607982097 -0.0159369845 0.216992795 -0.758727133 -0.608526349 0.232440934
-0.0428667995 -0.0281830317 0.173605769 -0.576187551 -0.620195627 -0.532320797
-0.0260245687 0.0187681233 0.25180753 -0.674597561 0.537793279 0.505664468
-0.0281683457 -0.0335806661 0.127215886 -0.910468936 -0.413431376 0.0109920986
-0.0181664777 -0.0350941481 0.221067118 -0.2086844 -0.929980516 0.302633494
-0.0122705413 0.0425612803 0.173811059 -0.0713544413 0.997302353 0.0172204394
0.0165028432 0.0439201156 0.0456844998 0.0707344189 0.997471452 0.00688502612
-0.0629525338 -0.0164661586 0.0858114199 0.552908719 -0.776380837 0.302530527
0.0323034369 -0.0182012877 0.244381026 0.6046924 -0.514504194 0.607974052
-0.0567682338 0.00757659639 0.132111339 0.88063705 0.467565715 -0.0765547156
-0.057372223 -0.00583237647 0.119914017 0.913523972 -0.405283511 -0.0349153839
-0.0736034842 -0.00954553514 0.0955885434 -0.82249558 -0.567690372 0.0350533426
-0.0298541917 -0.00401519229 0.310813233 -0.960694373 -0.0779715031 0.26643315
-0.00872635245 -0.0426697008 0.102761462 -0.0830020979 -0.996502936 0.009624945
0.0193079078 0.0431889279 0.103140326 0.140893832 0.989951313 0.0120569887
0.0191158555 0.0193654203 0.286151715 0.586493313 0.782490849 -0.209125742
0.0483267643 -0.0340435345 0.192288634 0.304553092 -0.95000571 0.0688219368
0.0420560763 0.038702359 0.112479884 0.263803333 0.964481175 0.013554249
-0.00733000727 0.0369323837 0.2298228 -0.188906372 0.927438557 0.322756946
-0.0524420378 -0.0279982995 0.0638210757 -0.422269672 -0.858923674 0.28972128
-0.0284905419 -0.0411619343 0.0417183826 -0.145179898 -0.988955617 0.0298265908
-0.0221495062 0.0412029132 0.0069734254 -0.11102625 0.96251893 -0.247447833
0.0160773967 0.0440130616 0.0322733325 0.0699819699 0.997546136 -0.00206383644
0.0281502407 0.0421252676 0.0205724978 0.19070968 0.979708493 -0.061653465
0.000164075593 -0.0365959529 0.00113531472 -0.00378212961 -0.212262332 -0.977205396
0.0325953321 0.0410824882 0.100461578 0.204214752 0.978825927 0.0140047325
-0.00919365701 0.0436138759 0.118206993 -0.0727810413 0.997261286 0.0131490305
-0.0386568354 -0.0254549577 0.079333529 -0.80056864 -0.288430125 0.525259972
0.0697928319 -0.0113295843 0.0453863012 0.962572873 -0.196095899 -0.187082857
0.0145847354 -0.0320323869 0.240232542 0.125138924 -0.908088863 0.399643302
0.0541014932 -0.0253192808 0.0137854256 0.797566235 -0.424448162 -0.428639561
0.0449897059 0.00982199357 0.237560821 0.673295617 0.111398205 0.730933249
0.0300388461 -0.038725272 0.193074208 0.190966561 -0.980581999 0.0446176939
0.00739784941 0.0285195727 0.00253357564 -0.0214832686 -0.207576543 -0.977982879
-0.0621122427 0.0127949844 0.112820623 0.593180776 0.804901838 -0.0164184645
-0.0454420362 -0.0320501254 0.189516252 -0.448272914 -0.893502653 0.0265402962
0.00903331359 0.0433724102 0.146928732 0.0304729864 0.99942255 0.0150302211
-0.0402000482 0.0371105395 0.0720166564 -0.508359492 0.722120225 0.469161928
-0.0170383661 0.00693058139 0.317102105 0.0994007215 -0.00250733411 0.995044351
0.0716560536 0.0215751055 0.121154479 0.938970268 0.343773037 0.0124436039
0.0591544483 -0.0249707526 0.0240303296 0.825199485 -0.452727795 -0.337762266
-0.0680549079 0.0214425913 0.0710528624 -0.739678025 0.669393897 0.0691971257
-0.0146809422 -0.0401502766 0.197631039 -0.122929037 -0.990274072 0.0651581734
-0.0252977089 -0.00774798947 0.285535826 -0.929376185 -0.24418211 -0.276830435
0.00901267692 0.0403910107 0.22276185 0.0263247341 0.976680636 0.213077515
-0.00563242942 -0.0430267864 0.0117863182 -0.0333974101 -0.990529776 -0.133174703
0.00924541648 -0.0413577395 0.189539309 0.0683466569 -0.996581316 0.0464158393
0.0733080232 0.0150657771 0.143970541 0.980483949 0.189676344 0.0517091379
-0.0271665257 -0.0389207076 0.173035579 -0.295791954 -0.953857422 -0.0516058095
-0.0174634012 -0.0190663926 0.27188295 -0.676005244 -0.732161283 0.083407566
0.00741831567 0.0430198987 0.171764102 0.0251066294 0.999474525 0.0205030423
-0.0350309597 -0.0361770875 0.198250775 -0.295380443 -0.953741968 0.0559150763
0.0610327954 0.0323692002 0.100386821 0.408995539 0.912494957 0.00869637169
0.0745937689 0.0105901973 0.132783894 0.982067704 0.186997563 0.0239797775
0.00218291886 -0.0307457854 0.305434262 0.0642606989 -0.993588746 0.0930151716
-0.0399775547 -0.0378781063 0.0521823512 -0.375357032 -0.922869265 0.0861360058
0.00993457855 0.0434472719 0.13966027 0.0792474449 0.996743619 0.0149058877
0.0451325266 0.0363631135 0.20446361 0.316271007 0.948258579 0.0278991964
0.0587372263 -0.0300290055 0.035560029 0.714174092 -0.678975523 -0.170140326
0.0403669914 0.0377213227 0.203310557 0.245417178 0.969186187 0.0211781841
-0.0705589513 0.00704560364 0.186726366 -0.968119383 0.217412189 0.124405704
-0.0321469146 -0.0345854023 0.0877767778 -0.9035061 -0.361110985 0.230814964
-0.0576704601 0.0249335133 0.212413963 -0.673412085 0.713312089 0.194169909
-0.075952437 -0.00112641662 0.105464878 -0.996063232 -0.0883078724 -0.00773436902
-0.0508685167 -0.0273572487 0.180288123 -0.427826256 -0.85243547 -0.300530523
-0.0415433447 0.0349771406 0.194466928 -0.52113992 0.851850808 -0.0525691137
-0.068868676 0.0123099093 0.0395986028 -0.975982726 0.138007939 -0.168557301
-0.019192774 -0.0170244551 0.276611471 -0.729223728 -0.683472455 -0.0331412405
0.0516397368 0.0345889471 0.0247657557 0.5683043 0.793554664 -0.217488497
0.0181546389 -0.0416597998 0.139712726 0.0801145732 -0.996665061 0.0155051071
-0.0198735256 0.0283251498 0.00221510032 0.0529515371 -0.283804357 -0.957418978
-0.0133715215 -0.0284712745 0.304036746 -0.337793976 -0.939676881 0.0538765267
0.0494970642 0.0359955375 0.152464842 0.312944382 0.949720383 0.00984892808
0.0244636995 -0.0114235509 0.286107283 0.905546129 -0.342316687 -0.250610381
0.0208958828 -0.00768371181 0.317603374 -0.0488187298 -0.0329965875 0.998262465
-0.0758322349 -0.00165446274 0.0953196066 -0.996452391 -0.0838890895 -0.00674515497
0.0543535796 0.0339583076 0.179135011 0.393182188 0.919059336 0.0271626264
-0.0352705079 -0.00579977427 0.0987997994 -0.976053596 -0.0938099548 0.196262792
-0.0645099845 0.00984347332 0.217329141 -0.948634088 0.163055927 0.27112022
-0.0210662346 0.0220901384 0.294554318 -0.64476651 0.690296054 -0.328279644
-0.0558706695 0.0075819525 0.0893974176 0.888125241 0.270949513 0.371240973
0.013741283 0.0290332606 0.30337265 0.395441353 0.917797625 0.0356884487
-0.0259447814 0.0410712963 0.0085770912 -0.147449255 0.955356538 -0.256032586
-0.0577909065 -0.026208848 0.0211330705 -0.805627704 -0.488007277 -0.335876197
-0.0329743809 -0.0368508008 0.176198659 -0.47613579 -0.865383148 -0.156226471
0.0318695881 -0.0391074968 0.164779024 0.196467951 -0.98033303 0.0186411943
-0.0484933526 0.0370985054 0.0557870352 -0.341431558 0.93733269 0.0695121884
-0.0732603489 -0.010841969 0.0806358109 -0.944915473 -0.326369703 -0.0248501375
0.006663587 0.0430842801 0.169195797 0.0251263455 0.999539077 0.0170411672
-0.00149561763 -0.0431505798 0.0915501662 -0.0302791949 -0.999525309 0.00567572052
-0.0709930025 -0.008807511 0.0507486849 -0.975817025 -0.179562375 -0.124653757
-0.00268489376 -0.00466269554 0.00391900552 -0.0146205397 -0.0277760085 -0.999507248
0.0526566783 0.0353814178 0.122361767 0.316820771 0.948390782 0.0133970175
-0.0253073544 0.00325534751 0.317716396 -0.0936122984 0.0482288487 0.9944399
0.00664238355 0.0187740435 0.316900644 0.00693414686 0.0879386738 0.996101797
-0.0584628002 0.00858473063 0.106885732 0.902195811 0.428706616 0.0474693067
0.0475413924 0.000611048824 0.235991849 0.637327254 0.0130125638 0.770483375
0.00474264723 0.0390253001 0.0013085874 -0.00135389785 0.179678276 -0.983724535
0.0597914737 0.0323775088 0.138857014 0.405195534 0.914096892 0.0155996569
-0.0553328838 -0.0197745302 0.00982558253 -0.803028941 -0.327119917 -0.498133689
-0.0302711156 -0.0288382799 0.111924586 -0.965985715 -0.244162351 0.0851844475
-0.0759656008 -0.000868794364 0.104218623 -0.996063232 -0.0883078724 -0.00773436902
-0.000146576388 -0.0414714293 0.190709787 -0.0266357232 -0.998315871 0.0515353605
-0.0305713223 -0.0186571255 0.243646731 -0.599834263 -0.622980535 0.502089679
-0.0641799461 -0.0143305574 0.0956435146 0.125337273 -0.98297745 0.134335369
-0.0155024631 -0.0277864583 0.242017176 -0.308481991 -0.890818715 0.333587974
-0.0364220697 0.0405487836 0.0550952033 -0.20447205 0.97832489 0.0327345617
-0.073181096 0.0125198438 0.0798047504 -0.885185003 0.464448869 0.0271082204
-0.0597987558 0.00939582626 0.224721166 -0.639925182 0.128258973 0.757657886
0.0580797907 0.0338423849 0.0759399573 0.422260702 0.906473935 0.00101977831
0.0592834438 -0.0317579965 0.0561055572 0.468888015 -0.882306933 -0.0409684479
-0.00128007348 0.0314967522 0.301647563 -0.0889594927 0.995841861 -0.019626135
-0.0193773197 0.029992593 0.240132709 -0.328441024 0.876158118 0.352807701
-0.0666070172 0.017055837 0.188280584 -0.837575972 0.545339704 0.0327274874
0.0395563296 -0.0373733614 0.16602411 0.251086026 -0.967789769 0.0184012745
0.0730461316 0.00197403617 0.0583022161 0.988204062 0.0556792915 -0.142662093
0.0739744985 -0.0121015588 0.0816810244 0.978520036 -0.20161733 -0.0429992005
0.0757554875 0.00128344616 0.0965446354 0.99837625 0.0553808175 -0.0133316144
-0.0443735685 -0.00914645923 0.162150174 -0.0314189419 -0.26410234 -0.963982821
0.00368794571 -0.0429543197 0.108904989 0.0287200194 -0.999498546 0.0133358585
0.0346928956 -0.0397904023 0.0219888208 0.272671103 -0.959447205 -0.0714950711
0.0555960036 0.0297336187 0.0212416687 0.758548796 0.566717148 -0.321613669
0.0304050886 -0.0398520249 0.13891771 0.205218956 -0.978585482 0.0159846582
0.0461364654 0.0355482842 0.212544603 0.313899457 0.94217968 0.117322125
-0.0232836352 0.0401767785 0.199795565 -0.162815735 0.977186263 0.136374846
-0.0242196429 0.0163875641 0.25884157 -0.802092552 0.529319286 0.27652964
-0.0323373882 -0.00748252482 0.250331224 -0.783645868 -0.171144709 0.597167253
-0.0290175366 -0.0312959231 0.123522697 -0.971547365 -0.236547738 0.0118662352
0.0494880874 0.0342060207 0.0180240678 0.597634077 0.759405911 -0.257169545
0.0247294653 0.0404015068 0.216586073 0.107245199 0.992040634 0.0659834817
-0.0576431997 -0.00890539064 0.141318786 0.80986017 -0.573935688 -0.12134406
-0.0539209431 -0.0298617971 0.0553817613 -0.390221983 -0.902320266 0.183152646
0.0415630099 0.0374187193 0.203299038 0.245417178 0.969186187 0.0211781841
-0.0613028133 -0.0150771042 0.0860209124 0.610332847 -0.730050087 0.307442069
0.014964472 -0.0338290855 0.235576283 0.0988509208 -0.924739301 0.367539912
0.0486603274 -0.0359545383 0.0932128511 0.319304317 -0.947565794 0.0128041906
0.059732059 -0.0312605669 0.050527159 0.468888015 -0.882306933 -0.0409684479
0.053870923 -0.0292945537 0.018494086 0.726201713 -0.558772266 -0.400505632
0.0688751572 0.0251955373 0.0738696467 0.850222528 0.524344742 -0.0467347279
-0.0260130967 -0.0410203632 0.0586528924 -0.154830873 -0.987475097 0.0303367376
-0.0315162727 0.0391558298 0.192251998 -0.210160375 0.976290286 0.0518640913
0.0715502299 -0.0162341868 0.16228964 0.927469552 -0.367812812 0.0671867803
-0.0190096891 -0.0405798748 0.175931976 -0.119485192 -0.992695391 0.016704252
0.038721375 0.0128601984 0.24267204 0.69134742 0.230045035 0.684921861
0.0307077403 0.00504693527 0.309522659 0.96251142 0.061911758 0.264080733
-0.0500833269 0.00147069622 0.00301190739 0.0165056884 0.0213683359 -0.999635458
0.0400322255 -0.0368626924 0.183599981 0.24719663 -0.968573809 0.0275435653
-0.0564700153 0.00209707534 0.104990348 0.993138671 0.111619972 0.0348794274
0.0268027416 -0.0384822491 0.206380229 0.193264708 -0.977996647 0.0785575658
-0.0265003274 -0.0268725006 0.00176772679 0.0934970975 0.251413494 -0.963353336
0.0724159214 0.0195417972 0.119989553 0.938970268 0.343773037 0.0124436039
-0.0334696941 -0.0116856878 0.00378937828 0.0398359299 0.0669835806 -0.996958494
-0.0191696413 -0.022313771 0.00341617007 0.0534801818 0.154107064 -0.986605763
0.0255400248 -0.0178500685 0.295906759 0.711176395 -0.581560016 -0.394988865
-0.0360248026 -0.0144595438 0.241651612 -0.647704184 -0.511806905 0.564387321
-0.0646936977 0.01179249 0.215482757 -0.948779106 0.18327038 0.257351846
-0.0294132303 -0.0294817743 0.227326307 -0.29903388 -0.84945327 0.434750497
0.0577439019 0.00649665339 0.227650636 0.658127546 0.0130370818 0.75279355
-0.0621920762 -0.0174261935 0.208437795 -0.789455593 -0.601588905 0.12186417
0.0109837277 0.0428602045 0.171157559 0.074741289 0.997065067 0.0165835042
-0.0255552823 -0.0259210292 0.237029844 -0.388513088 -0.83601439 0.387475818
0.0607880666 0.0324843616 0.0998128752 0.408995539 0.912494957 0.00869637169
-0.0396913105 -0.0391704329 0.0226413996 -0.311810642 -0.945993185 -0.0887192339
-0.017810524 -0.0371476501 0.213717799 -0.164896831 -0.965616167 0.20098336
0.0750955002 -0.00868464109 0.12234556 0.979838014 -0.199511319 0.0106151914
0.0637995387 -0.0277190172 0.173915279 0.59890312 -0.797219276 0.0758705661
0.0187014869 -0.0346547735 0.00131296959 0.0561291836 -0.0322754681 -0.997901797
-0.0111414015 -0.0425305228 0.0964084238 -0.0874875486 -0.996140957 0.00700546615
-0.00198504122 -0.0429396433 0.0103157724 -0.0327896513 -0.966600418 -0.25418207
0.0126061654 0.0430703333 0.1505418 0.0780793801 0.996825576 0.0155651383
-0.0702879831 0.00612208922 0.0432176152 -0.983150661 0.0477162227 -0.176459506
0.0272139423 0.0411641703 0.0115576894 0.214201584 0.961241841 -0.173584864
0.0306612532 0.0394660312 0.214932714 0.179125667 0.98123455 0.0713636056
-0.0629333122 0.0128572274 0.219477013 -0.82702142 0.154694691 0.54046762
-0.0459588076 -0.00562407557 0.160588072 0.355051011 -0.219796702 -0.908640862
0.046344687 -0.0218317359 0.00375604805 0.16099073 -0.0134335728 -0.986864448
0.0339373389 0.0394077361 0.19615213 0.188852385 0.981940687 0.011280098
0.0738395224 -0.00715426598 0.0678575845 0.992168725 -0.0675266087 -0.105078071
0.0450726219 -0.0348983223 0.195894002 0.318782985 -0.945996881 0.0588854924
0.0688202695 0.0238298118 0.158778066 0.836546123 0.544926643 0.0569701754
-0.0215346511 0.0424756768 0.0865166972 -0.149022639 0.988711476 0.0155563997
0.0727790556 0.00554113477 0.0578296227 0.988182843 0.0549251772 -0.143101186
-0.0551580117 -0.0250624914 0.20161069 -0.622078717 -0.772165716 0.129530802
-0.0400434544 0.0243833751 0.231090243 -0.442499787 0.627521634 0.640632868
0.0143196563 0.0270501688 0.00268131507 -0.0277427845 -0.210483015 -0.977203727
-0.00834278076 0.0280706969 0.313480592 -0.183506772 0.480388522 0.857643366
0.0151656427 -0.0215401868 0.28572885 0.50434202 -0.834316552 -0.222609565
-0.0235037949 0.0343185515 0.225986351 -0.261338025 0.905068874 0.335489094
-0.016888779 -0.0416656844 0.104883708 -0.139432207 -0.990186036 0.00950521883
-0.0243108855 0.0160456234 0.25923144 -0.802092552 0.529319286 0.27652964
0.0700050343 0.00834600265 0.194289252 0.975104153 0.180458024 0.128867298
0.037905259 0.0405259686 0.0503293634 0.262025416 0.965052426 0.00406173244
0.0125367326 -0.0418241713 0.156863113 0.07874991 -0.996736348 0.0177520867
-0.0255615685 -0.0169221644 0.253052519 -0.703396738 -0.609463155 0.365770072
0.00172476303 -0.0422142686 0.161166009 0.0286845453 -0.999421179 0.0182885304
0.0683007201 0.00727781823 0.205931618 0.98561734 0.0337116383 0.165595561
0.046948515 -0.0344871499 0.192344126 0.318782985 -0.945996881 0.0588854924
0.0675538629 0.0253172197 0.163135536 0.836406708 0.545113981 0.0572239272
-0.0297319286 -0.00952455374 0.307408015 -0.942509592 -0.287399709 0.170519754
-0.0154013321 -0.0424815269 0.057943449 -0.099353537 -0.994937181 0.0151227601
0.0530851052 -0.0341247813 0.118348428 0.314953715 -0.949022353 0.0126819033
0.030731906 0.0400969732 0.189819579 0.188852385 0.981940687 0.011280098
0.0291037275 0.0403833144 0.191871713 0.184506238 0.982722104 0.0146586439
0.0275931199 -0.0403389658 0.0121547047 0.229319155 -0.959274471 -0.164939404
0.0508710096 0.00920718306 0.232833605 0.607808232 0.0971440151 0.788119376
0.0453252551 -0.0372725071 0.0693141343 0.262791008 -0.964828312 0.00687796995
0.0269264309 -0.00688737861 0.261791213 0.92327702 -0.233547747 0.304983526
0.0311051066 0.0405463241 0.159606042 0.200513154 0.979611635 0.0124749951
0.0620840483 -0.0297720385 0.157088912 0.589254498 -0.807361484 0.0307677574
0.0751004168 -0.00333111292 0.14024618 0.99715364 -0.0661904588 0.03610247
0.0496723652 0.0357092024 0.168315426 0.30434075 0.952404797 0.0173747092
0.055743566 0.0327478623 0.19772461 0.40535289 0.91363728 0.0309139397
0.000204917922 -0.0407239193 0.202099167 -0.0389985889 -0.994516969 0.0970316157
0.0586084704 -0.000376720984 0.00906057249 0.886126697 -0.1308541 -0.444585919
0.0678573047 0.0276694978 0.107137257 0.616106451 0.787622273 0.00800500996
-0.00989793456 -0.0415757847 0.173483731 -0.0731431544 -0.99711144 0.0204656012
-0.0185288696 0.0193001418 0.271520588 -0.685731709 0.723135889 0.0827429295
0.0315142509 -0.0394115959 0.15131024 0.202749327 -0.979120374 0.014697548
-0.017710289 -0.0421135398 0.0684237525 -0.154618412 -0.987841606 0.0161880348
-0.00897132471 -0.0424755875 0.00964364819 -0.0783972889 -0.963526368 -0.255872458
0.0644532006 -0.008653681 0.0229030387 0.908391595 -0.1981747 -0.368173033
0.062550938 -0.0293056737 0.160351822 0.587385535 -0.808628917 0.0331296064
-0.0396049956 -0.00919044558 0.241188166 -0.719125628 -0.241576135 0.651536107
-0.00431479453 -0.0431092321 0.0850678209 -0.0335611291 -0.999428093 0.00414400641
-0.000674307367 -0.035932715 0.227829861 -0.119411469 -0.945425689 0.303168595
0.0630235881 0.0217563779 0.0283510824 0.858519256 0.451465219 -0.24315384
0.0359836366 0.0409491097 0.0509750617 0.191339508 0.981485248 0.00870239362
0.0331757309 0.040390292 0.141182399 0.205184758 0.978611052 0.0148227625
-0.074256417 -0.00741690633 0.0784285852 -0.976190209 -0.207985982 -0.0616002902
0.005023364 0.0289364548 0.256353087 0.166789696 0.950980842 0.26041612
-0.00609955965 -0.00994812057 0.00422526158 -0.012961844 -0.0656351298 -0.997759461
-0.0318352697 0.0283076338 0.150972881 -0.960014164 0.229982436 -0.159627602
0.00562858554 -0.0431329517 0.0891984554 0.0230431296 -0.999670208 0.0113306493
0.0642476237 -0.0291692263 0.116962408 0.5896613 -0.807564318 0.0118114939
-0.00752436057 0.0397948796 0.21945907 -0.172247514 0.959892094 0.221218854
-0.0622178493 0.0289040895 0.0467639033 -0.737274885 0.670643985 -0.0816239119
0.0525126395 -0.0341679388 0.128628489 0.314037621 -0.94931072 0.0137719298
0.0247759144 0.042903547 0.0541008213 0.128599063 0.991657794 0.00878457259
0.0336710157 0.0394716774 0.195044861 0.188852385 0.981940687 0.011280098
-0.0421837587 0.0325700487 0.214674161 -0.290723115 0.926399946 0.239297599
0.00642249742 0.0116166417 0.00408088137 -0.0351369679 0.0455709435 -0.998342991
-0.0110222415 0.0439687294 0.0691189651 -0.0882793665 0.996048033 0.00975014549
0.0631138439 0.00651102867 0.221660635 0.837321579 0.0186291132 0.546393275
0.036771278 -0.0241131631 0.235740966 0.449480265 -0.576090097 0.682706177
0.0732225759 0.0176248434 0.108607474 0.939234316 0.343256146 0.00373602612
-0.00732255251 0.0431361272 0.160629688 -0.0694968253 0.997450352 0.0162166506
-0.017074727 0.0262299353 0.309386975 -0.511229455 0.800009966 0.314051598
-0.072437237 0.0135141872 0.0681780616 -0.961539328 0.264043629 -0.0756505802
0.0451616371 0.035547883 0.215362095 0.333188325 0.937113941 0.103938036
-0.058927923 -0.0168042781 0.0799562324 0.30954957 -0.765762746 0.563725531
-0.0562602752 -0.0107512642 0.00696801845 -0.771445036 -0.150755763 -0.618178964
-0.0589106173 -0.00905664259 0.127150796 0.704071164 -0.707315028 -0.0631594285
-0.0101659303 -0.0381181198 0.0015866836 -0.0335914753 -0.519948542 -0.853536725
-0.0719966546 0.00830278508 0.0553298816 -0.977420986 0.162148416 -0.135484681
-0.0644859235 0.0265111641 0.0501870112 -0.825839639 0.563367367 -0.0246173833
0.00100807737 0.0300357897 0.294196705 0.0383605771 0.909388959 -0.414174199
0.00624711181 0.0413555144 0.217143604 -0.0428788103 0.993808091 0.102503285
0.00989267081 -0.0244856156 0.266860784 0.408204496 -0.901273012 0.145176172
0.0206864428 -0.0418224765 0.10866763 0.14179498 -0.989795029 0.0141444793
0.0504191824 0.0347670503 0.20134566 0.302949399 0.952294111 0.0368452109
0.0577176747 -0.00464664388 0.227217058 0.659391642 -0.0859590843 0.746869266
-0.0245731933 0.0126954459 0.288116897 -0.853485942 0.458873689 -0.246974707
0.0283683242 0.0311533661 0.00171164664 0.00888917688 -0.168375552 -0.985682905
-0.0305789346 -0.0283399286 0.150168613 -0.954948962 -0.268443346 -0.126533628
0.0674188485 -0.026920178 0.111689538 0.59161526 -0.80618149 0.00792020094
0.0127209061 0.0442166632 0.0247908734 0.0699084178 0.996449113 -0.046927359
-0.0687877281 0.00918583342 0.0365720457 -0.975982726 0.138007939 -0.168557301
-0.0510555772 -0.0108003249 0.160166571 0.437333405 -0.43095848 -0.789312482
0.0233265147 0.0133768716 0.268891661 0.860433459 0.477013856 0.179198265
0.0691360128 0.0242234291 0.0695901635 0.848868728 0.523151398 -0.0757263973
-0.0522430878 0.0326634808 0.0689862197 -0.314535528 0.781069815 0.539441705
-0.0389842033 -0.0201346864 0.0817372135 -0.85969913 -0.231005102 0.455581188
0.0731092667 -0.00113684461 0.171888958 0.993140399 -0.0680639446 0.0950771794
0.0353708926 -0.0393873383 0.100561724 0.205960944 -0.978444278 0.0150648551
-0.0115082941 0.0423800257 0.185005529 -0.0709824562 0.997204363 0.0233464185
0.0501737046 -0.0349228071 0.0280443846 0.374598742 -0.925008357 -0.0635232925
-0.0291237463 -0.0332995209 0.110299711 -0.908544838 -0.409666002 0.0819755346
0.044401787 0.0175718217 0.236373357 0.606077671 0.186000645 0.773352146
-0.0671088714 0.0132957335 0.201863935 -0.939677954 0.315536171 0.132068768
0.0106471648 -0.0290214137 0.305802308 0.299024731 -0.951786458 0.0684596971
-0.0290604864 0.00507113267 0.293368372 -0.801887095 0.128904358 -0.583404481
0.00977366649 -0.0430199455 0.090571348 0.0784822777 -0.996854067 0.0110696377
-0.00425471515 -0.0432272336 0.0653825787 -0.0421591699 -0.999087274 0.00687734224
0.056664717 0.0339051839 0.130294127 0.405370474 0.914040327 0.0143216588
0.00378127649 0.0445105442 0.0519892379 0.0202220194 0.999765277 0.00777022587
-0.0414572786 -0.0331303736 0.201887294 -0.390283495 -0.908099592 0.151769534
-0.0255195094 0.00649931467 0.284212645 -0.985432863 0.12286333 -0.117587291
0.0666699375 0.0031733412 0.0269567874 0.962925136 0.0562711805 -0.263835013
-0.0305316695 0.028966882 0.137126647 -0.981088281 0.190573752 -0.0338766202
-0.0559918522 0.0245912876 0.182097597 -0.408919185 0.885128796 -0.222108141
0.0671428303 -0.0271816577 0.0905702641 0.60173279 -0.798647165 -0.00896857213
0.0695188526 -0.00854338089 0.0409289043 0.962007523 -0.202195078 -0.183463201
0.0731495908 0.00485716852 0.169332307 0.99390012 0.0586310215 0.0934069678
-0.0584230688 -0.0270304541 0.0238430993 -0.805627704 -0.488007277 -0.335876197
-0.0352939754 -0.0276106107 0.226578098 -0.336884826 -0.812501729 0.475762039
0.0693831867 0.0219119981 0.166935924 0.937352121 0.340076685 0.0756229684
0.0434881102 -0.037824145 0.0395499296 0.260832399 -0.965377212 -0.00365121034
-0.0289503506 -0.0337772027 0.109834302 -0.908544838 -0.409666002 0.0819755346
-0.0316202057 0.0222719744 0.120855363 -0.991146386 0.120763518 0.0551812239
0.0468205912 -0.0362916154 0.10867679 0.265845656 -0.96392101 0.0135086225
0.0737280271 0.00791425325 0.0665145334 0.978824854 0.176531151 -0.10362725
-0.016399686 0.029019815 0.245483608 -0.338992804 0.877085149 0.34030211
-0.0680962466 -0.00734680587 0.199729814 -0.945771575 -0.281511694 0.162071824
-0.0334580403 -0.0134086983 0.106044786 -0.987582743 -0.129792035 0.0885120183
0.0610379205 0.0321239271 0.120132726 0.404786378 0.914324284 0.0126139363
0.0647957341 0.0102930876 0.0240790038 0.911978781 0.180745602 -0.368273765
0.00518374813 0.0445522416 0.0428341043 0.0202220324 0.999766767 0.00758647034
0.0337728967 -0.0105996192 0.247512452 0.735307455 -0.343801439 0.584057927
0.0364868067 0.0408098071 0.0556226954 0.191339508 0.981485248 0.00870239362
0.0294011269 -0.0409470855 0.0787118841 0.201645061 -0.979398906 0.0108160395
0.0256316854 -0.0356607365 0.225793027 0.188691586 -0.930517256 0.313899934
-0.0506510247 0.0305258053 0.200082149 -0.514510453 0.855590761 0.0569505505
0.0251646257 0.0405064059 0.214301673 0.107245199 0.992040634 0.0659834817
0.0233967503 0.00736191163 0.00346199033 -0.0237037838 0.0186105333 -0.999545813
-0.0496318824 -0.0244576974 0.219257804 -0.516344368 -0.757405341 0.399656922
0.0129667308 -0.0112302478 0.317170168 -0.0186193418 -0.0107985241 0.999768317
-0.0694861143 -0.0152086829 0.0499511201 -0.956048191 -0.273750097 -0.105036475
0.0199282128 -0.0368526081 0.224769807 0.0999534428 -0.975214958 0.197396487
0.0464771079 0.0381913676 0.0496358808 0.335410058 0.942071915 -0.000814835192
0.0414980475 -0.0382277286 0.0784121172 0.263895571 -0.964483857 0.0114062466
-0.0303075281 0.00432641883 0.309494722 -0.962265491 0.0543162078 0.266635984
-0.0160597685 -0.0355180811 0.221146519 -0.191960454 -0.940051734 0.281875908
-0.0440335362 0.00328308297 0.00314276264 0.0589906387 0.0284822807 -0.997852087
0.0588567124 0.0138874402 0.0128717043 0.873664021 0.175214604 -0.453884393
0.00331082735 -0.0428987763 0.113880272 0.0287200194 -0.999498546 0.0133358585
0.073004947 0.0142482314 0.152441326 0.979647577 0.190361962 0.0636631474
-0.0685178414 -0.00684191783 0.198004871 -0.949934483 -0.282284945 0.133939147
-0.0317781689 0.0315835919 0.101204589 -0.972954988 0.188503921 0.133509621
0.0302664707 -0.0398852577 0.138662848 0.205218956 -0.978585482 0.0159846582
-0.0513394122 0.0174262303 0.0784870423 0.177523568 0.333407402 0.9259184
-0.0335942104 0.0328017568 0.0907402189 -0.903106272 0.344653428 0.256150424
0.028280783 0.0163513756 0.301126791 0.874335229 0.483181208 0.0455391109
0.0259932751 -0.0398788005 0.00844983483 0.226253316 -0.938299298 -0.261541605
-0.0156483086 -0.0400576482 0.197154705 -0.137438849 -0.987784445 0.0734330863
0.00511024281 0.0274452023 0.291205001 0.137491331 0.85175699 -0.50557512
0.000861708932 0.0434220551 0.157489648 -0.0170836039 0.999718845 0.0164437909
-0.0312304648 0.0420335709 0.0299424783 -0.159186155 0.987211049 0.00860605855
-0.00370429969 -0.000915032211 0.00382767749 -0.000210411265 -0.0278791618 -0.999611318
0.0502604709 -0.0341732111 0.175478292 0.298553407 -0.954104841 0.0234480314
-0.0396322331 0.022262834 0.233578182 -0.511532903 0.597916842 0.617113948
0.0307419902 0.04131808 0.111826025 0.20558919 0.978552043 0.0129946154
-0.00211512407 0.0149189459 0.31719481 -0.0231747422 0.0745576173 0.996947408
0.0672690759 -0.0225235208 0.178337413 0.81615442 -0.568015695 0.106067114
0.0644722154 -0.0124306419 0.213454052 0.916378796 -0.272369742 0.293367863
-0.0677959252 -0.00920077011 0.198153453 -0.949934483 -0.282284945 0.133939147
0.0586824644 -0.0267031393 0.204689079 0.639235079 -0.744350433 0.193186447
0.0484449181 -0.0355033095 0.129201909 0.313614935 -0.949444354 0.0141751301
-0.041436791 -0.0371941788 0.0138945786 -0.40567106 -0.88152498 -0.241546318
-0.00616564516 0.0252345193 0.28385684 -0.147016093 0.988399565 0.0381122231
-0.0666109647 -0.00341951041 0.0268133323 -0.965661228 -0.0666157454 -0.251119047
-0.0494372755 -0.0262459728 0.00662560228 -0.694077671 -0.527755439 -0.489622563
-0.0236058306 0.0403591503 0.129240972 -0.432790041 0.901422858 0.011379445
0.0678500672 -0.0264766265 0.0994448721 0.812431753 -0.5830549 0.00120061927
0.00381805583 0.0418023409 0.21139801 -0.0188079383 0.996476054 0.0817417428
0.00143211221 -0.0423235154 0.00791351989 0.0252059679 -0.965407014 -0.25952667
-0.0329964972 0.0416943305 0.0358115403 -0.159175381 0.987107635 0.0167787429
0.028047881 0.0405588318 0.193394771 0.184506238 0.982722104 0.0146586439
-0.0324109599 0.013698273 0.123592338 -0.993780077 0.0949966237 0.0581097193
0.0367572875 -0.0252402037 0.00273965605 0.0149456272 0.0947622135 -0.995387673
0.0408961337 -0.0374737322 0.0175735551 0.374537617 -0.919174373 -0.121819906
-0.0744695515 -0.00665205554 0.122903831 -0.912288368 -0.409106791 0.019010786
0.0203143052 -0.042551821 0.039513224 0.133941412 -0.990952194 0.00857142638
-0.0243402431 0.0385733785 0.209398152 -0.196902767 0.959122658 0.203256294
-0.0273581031 -0.0397744557 0.0804892869 -0.267096341 -0.962713301 0.0429256521
0.0166071966 0.0274903114 0.304621602 0.513601065 0.836229026 0.192184702
-0.0575308013 0.00748631435 0.0979208481 0.914387643 0.402860701 0.0399825275
-0.0552332276 -0.0258221357 0.0665162852 -0.213295817 -0.841029286 0.497166634
-0.0331561087 0.0315076145 0.225221745 -0.290529877 0.865883291 0.407232821
-0.0667570975 -0.0127956209 0.137794354 -0.327426165 -0.944871485 -0.00314094569
0.0424711954 -0.0365885767 0.167522543 0.251081496 -0.967788696 0.0185231138
0.00503846057 -0.0320863076 0.241699407 -0.0875870511 -0.955066979 0.283152819
-0.0398412615 0.0255373999 0.166988963 -0.512155294 0.492406845 -0.703727484
0.0208137129 0.0246620253 0.304710291 0.600284278 0.77689755 0.189970747
0.0138707707 -0.0425637985 0.101188082 0.0789633319 -0.996783853 0.0136678563
0.0719736487 0.0161041273 0.160650659 0.937889874 0.340212017 0.0679582879
-0.045019517 -0.027019002 0.219359717 -0.410876602 -0.83394146 0.368404508
-0.0535018856 0.0356690129 0.0412835729 -0.523738563 0.851843059 -0.0078335572
0.0155030748 0.0434965259 0.103065632 0.0799929276 0.996725202 0.0118288919
-0.0742462326 -0.00374432385 0.0707361712 -0.98893404 -0.0896730274 -0.118187241
-0.0123808553 -0.0279647735 0.296125153 -0.306836873 -0.850995779 -0.426212907
-0.0300201629 -0.0378975994 0.0863947124 -0.480037719 -0.87235868 0.0924884975
-0.0685823468 0.00187610265 0.033725493 -0.965990245 0.0476159044 -0.254156768
0.016585638 0.0420901425 0.189818631 0.0699007437 0.99741292 0.0167733729
-0.0115097544 -0.0417099552 0.159158395 -0.0728897452 -0.997207403 0.0162642859
0.0720068209 -0.0198114743 0.101621177 0.928320825 -0.371751875 -0.00457697036
-0.0259688439 -0.0371961484 0.00211266216 -0.0793283507 -0.54855752 -0.832341135
0.0165028382 0.00588107719 0.317484511 -0.0482474528 0.00388251245 0.998827875
-0.0468807901 0.0333241528 0.0100005499 -0.590733945 0.650158226 -0.477836549
0.0288656773 0.00678529888 0.292856792 0.791070402 0.162266657 -0.589811027
-0.07019827 0.0100908513 0.0453710713 -0.973378122 0.149705693 -0.173560649
0.0305743675 0.041285303 0.116805605 0.206017524 0.978456974 0.0133667598
0.0156021733 0.042335901 0.180650313 0.0733185485 0.997130096 0.0188652575
0.00225991109 -0.0429359444 0.0102720598 0.0252059679 -0.965407014 -0.25952667
0.0332926709 0.0376408985 0.00554051427 0.357168466 0.860969067 -0.362164289
-0.0311836223 -0.0399820245 0.0123690929 -0.212684527 -0.965232372 -0.151959598
-0.0043856961 0.0432561795 0.161250263 -0.0202617925 0.999628127 0.018249074
0.00405548737 -0.0418636992 0.175955855 0.0258618295 -0.999480307 0.0192413367
-0.0650934101 -0.0156800321 0.168743356 -0.593810916 -0.798945844 -0.0952583775
0.0384811314 0.0381721606 0.204761647 0.251091719 0.967817128 0.0168222375
-0.00789188779 0.0293411819 0.310936844 -0.170469135 0.91027832 0.377271295
0.034658129 -0.0394512939 0.106291828 0.20642437 -0.978353143 0.0146310441
-0.0208221018 -0.0134911798 0.00425882803 0.0210921336 -0.0248848386 -0.99946779
-0.0593963508 0.0103247055 0.116505371 0.798502624 0.601093292 -0.0328706019
-0.0211452572 -0.0422880258 0.0346857392 -0.116545856 -0.992963195 0.0209998675
-0.0153741545 0.0428904323 0.120802802 -0.127637744 0.991728604 0.0135287819
0.00511712067 0.00213259321 0.00376169016 -0.02581314 0.0314346142 -0.999172449
-0.0648995018 0.0183853229 0.17448942 -0.564211071 0.821156859 -0.0858331397
-0.016215056 0.0385220218 0.218016377 -0.211966053 0.956030786 0.20267123
0.0244763992 0.0428180463 0.0213828867 0.124488287 0.990784228 -0.0533791371
-0.0378550764 0.0272204928 0.229238438 -0.381333262 0.756431103 0.531410217
0.0522845014 0.0347667421 0.175058943 0.300161302 0.953752816 0.0160841066
-0.0343548496 -0.00824854748 0.103523237 -0.986388564 -0.10613586 0.125590175
0.0407005891 -0.0385704752 0.063935306 0.262791008 -0.964828312 0.00687796995
-0.0751596868 0.00474369952 0.0800851634 -0.984653771 0.16213426 -0.0645704269
-0.0470293564 -0.0329192616 0.0574529975 -0.519599974 -0.835619211 0.178203598
-0.0753084771 0.00054901259 0.147268921 -0.99886471 0.032264024 0.0350493938
0.0643948203 -0.0130384694 0.0251285092 0.908504009 -0.199002862 -0.367448151
0.0121039018 0.0433875623 0.01330499 0.0735994279 0.988197684 -0.134345174
0.0290493201 -0.0403513148 0.125225139 0.20626013 -0.978382111 0.015003928
0.00861887849 0.0293771423 0.294840418 0.241638735 0.871674299 -0.42637378
-0.0720404347 -0.0113601425 0.0625729828 -0.975070596 -0.198713616 -0.0987424105
0.000285444245 -0.0254934394 0.285791106 0.0577066727 -0.98220104 -0.178748623
-0.0621909279 0.00297185071 0.222436081 -0.830747783 0.0332664885 0.555654109
-0.0719685974 -0.000334222994 0.0514299676 -0.985849142 -0.0873224959 -0.14309527
-0.0751331885 -0.00392547968 0.131675275 -0.963090658 -0.268280208 0.0219532624
-0.0619234156 -0.0138884551 0.0903716354 0.552766502 -0.803440154 0.221208274
0.0611223051 0.0248720805 0.213887696 0.829644084 0.493634731 0.260797799
-0.0448702034 0.0389286079 0.0304957222 -0.336032331 0.941723704 -0.0154507421
0.0400570811 -0.0364703246 0.0125726618 0.404416442 -0.880342841 -0.247878507
-0.0216576639 -0.0412202522 0.0793838254 -0.169711754 -0.985240102 0.0223573446
0.026231982 0.00121649498 0.283667288 0.993341982 0.0361317731 -0.109390177
-0.00791082157 -0.0423522727 0.132685622 -0.0766609386 -0.996987522 0.0117884846
-0.0324310764 -0.0337942874 0.0879021512 -0.9035061 -0.361110985 0.230814964
-0.0205263142 -0.0392550831 0.0035645538 -0.10397137 -0.885699749 -0.452466339
0.0692994814 0.0253653253 0.088353728 0.840408921 0.541581631 -0.0200563967
-0.0626290477 0.0131140688 0.109791909 0.593180776 0.804901838 -0.0164184645
-0.0531029643 -0.00394374934 0.230379925 -0.613577664 -0.0966360271 0.783698797
0.0400032627 -0.0311584537 0.22565374 0.352662534 -0.813171685 0.463012934
-0.0350025823 0.0383718039 0.00635034003 -0.276366472 0.906238198 -0.31992799
0.0701105565 0.00633133801 0.041949514 0.981097281 0.0555933602 -0.18535772
0.0120796356 0.0437826748 0.102105186 0.0799929276 0.996725202 0.0118288919
-0.0245945911 0.00271212258 0.00385891357 0.00841516443 0.0533412024 -0.998540878
-0.0156352418 -0.0405270042 0.00483534031 -0.110311724 -0.876309156 -0.468949497
0.072453087 -0.000134736863 0.0535207957 0.987314939 -0.0698479638 -0.142585188
-0.000206550858 0.0375069843 0.00107628443 -0.00877546892 0.131940529 -0.991218805
-0.0371001574 -0.0326964836 0.212384367 -0.330547094 -0.910220444 0.249474049
-0.0329897881 -0.00553451637 0.137593587 -0.99562788 -0.0887962654 -0.0289903395
0.0382227394 0.036078312 0.22307434 0.24730213 0.923767686 0.292395025
0.0179907811 0.0437161363 0.0584053778 0.0724240914 0.997341037 0.00809878018
-0.0271824636 -0.0111014558 0.257290302 -0.799285293 -0.408780247 0.44050172
0.041424831 -0.038394799 0.0430398037 0.259920597 -0.965625584 -0.00291011739
0.0589793093 -0.0249365592 0.209372897 0.770654619 -0.57070297 0.283530712
-0.0553349999 0.00471749556 0.136552196 0.973035991 0.21603328 -0.0808116719
-0.07285592 0.00270165877 0.173713408 -0.989882231 0.0525590889 0.131798372
-0.0655902186 0.0154695304 0.207475616 -0.939677954 0.315536171 0.132068768
-0.0309715295 -0.040458253 0.0493745953 -0.172161549 -0.984592736 0.0306203738
-0.0213339669 -0.0402242954 0.167022615 -0.192617863 -0.981197357 -0.0122565022
0.0673018338 0.0281382094 0.0935219562 0.622648716 0.782494843 -0.00323026231
-0.0746137633 0.00862621312 0.0857816113 -0.956169307 0.292645037 -0.00996195525
-0.0443775701 0.0291626305 0.0756376672 -0.459501415 0.346867055 0.81764394
0.0715197103 0.0213494944 0.131489894 0.939607024 0.341541588 0.0220877249
-0.0382794859 0.0348650903 0.0773677818 -0.810840189 0.386036426 0.439902335
-0.0141829187 0.0377066664 0.222932416 -0.188962385 0.951832712 0.241469741
-0.034775799 0.0406812077 0.0614207585 -0.20447205 0.97832489 0.0327345617
0.0238877443 0.0426179861 0.0967009218 0.140223548 0.990051389 0.011644735
0.0399324297 0.0399038457 0.0649240504 0.262160033 0.964995384 0.00748458179
0.0650538382 0.0245036169 0.194321768 0.844951689 0.524166107 0.106331468
-0.0268319381 0.0397388833 0.160713448 -0.34412086 0.937796295 -0.0460324809
0.0338583252 -0.040251553 0.0458482519 0.196040198 -0.980590701 0.00315322145
-0.0332172306 -0.00783515402 0.144809644 -0.991149962 -0.0889621153 -0.0985259116
-0.0111952433 -0.0261206681 0.253882409 -0.347364992 -0.918065429 0.191032484
0.00924818193 -0.0278505959 0.294040423 0.247833103 -0.782822669 -0.570760369
-0.011902206 0.0249467034 0.265231306 -0.365647703 0.918683827 0.149405137
-0.0246748555 -0.0129788188 0.289933649 -0.844718456 -0.459474236 -0.274470866
-0.0238952275 0.0401933173 0.137753692 -0.410419494 0.911850214 -0.00921946578
0.0117169793 0.0435610173 0.121781864 0.0798127875 0.996721566 0.0132707274
0.0692971233 -0.0111241827 0.0426105545 0.962007523 -0.202195078 -0.183463201
0.0163402661 -0.0210696408 0.00337712015 -0.0236073639 0.0763739794 -0.996799767
0.0579028501 0.0289422465 0.0254156081 0.745476902 0.597000539 -0.296402693
0.0261032725 -0.00121247319 0.0032910191 -0.0222407542 -0.015970422 -0.999625027
-0.00716689074 0.0431078255 0.00931114935 -0.0214717668 0.971723914 -0.235141367
-0.0693186133 0.00930934256 0.192426746 -0.96813339 0.217421308 0.124280557
0.055523479 0.0332713645 0.0325215948 0.571896851 0.808139443 -0.140870377
0.0337712322 -0.0399648641 0.0846196251 0.2032381 -0.979047179 0.0126909427
0.0734329214 0.017010212 0.11215007 0.938904643 0.344147652 0.00453193858
-0.0327117283 0.0102340855 0.137945789 -0.996594191 0.0765476897 -0.0306664798
-0.0752234874 0.0069864033 0.0915127257 -0.950499833 0.310471088 -0.0125611676
-0.0304818724 0.0295982573 0.13923631 -0.981088281 0.190573752 -0.0338766202
0.0379901756 0.0402294113 0.0825104729 0.199647024 0.979761422 0.0144426534
0.0299291788 0.0113758567 0.296742975 0.84517771 0.331703037 -0.419103444
-0.0513849063 -0.0291689852 0.0618911637 -0.422269672 -0.858923674 0.28972128
-0.0712784995 -0.00369093717 0.182709037 -0.982054591 -0.125235319 0.141014382
0.00659302974 0.0441542186 0.0931654987 0.0274576116 0.999563456 0.0109074851
0.0382152597 0.0395344501 0.127024351 0.2060159 0.978447378 0.0140809827
-0.0434378032 -0.0323929767 0.00590879908 -0.596825123 -0.663314819 -0.451456755
-0.0320656681 -0.0213850964 0.108290579 -0.983086884 -0.161270902 0.0867862627
0.00960191258 0.0443530557 0.0561153436 0.0742081553 0.997219622 0.00678988779
0.0651109894 -0.025157956 0.180369292 0.813607693 -0.566377759 0.131373107
0.0460598373 0.0318416897 0.00835504223 0.588125885 0.671092033 -0.451379478
-0.0249419559 -0.0391115812 0.104647905 -0.435928345 -0.89920938 0.0372693539
0.0308081159 0.0419876968 0.0442470947 0.191344485 0.981520593 0.00216177432
0.0108053759 0.0429930104 0.00992146014 0.071691528 0.968826056 -0.237142146
0.0277536528 -0.0405748879 0.124644653 0.142056972 -0.989744663 0.0150069809
-0.0754512665 0.00566244771 0.0913629876 -0.987420678 0.154923797 -0.0316072665
-0.0750281916 0.00704763638 0.116629867 -0.94052875 0.33943361 0.0137965353
0.0219516504 -0.0417164067 0.103413889 0.141354427 -0.989866197 0.0135623543
-0.0358747463 0.00465267717 0.153801247 -0.88529098 0.0718776137 -0.459449172
-0.0272041919 -0.00290025256 0.262394503 -0.948975325 -0.0837048665 0.304038644
0.000946194322 -0.0432759165 0.0857500868 0.0230441149 -0.999711335 0.00680605182
0.0112041028 0.0433037974 0.14250505 0.0792474449 0.996743619 0.0149058877
-0.0369981989 -0.016383209 0.239015675 -0.592875004 -0.517805755 0.616746604
0.0444907279 -0.0375771301 0.0458653622 0.260832399 -0.965377212 -0.00365121034
-0.0571707786 0.0279783093 0.0204027868 -0.768113494 0.549151301 -0.329294086
0.0553799563 -0.0328801496 0.152806245 0.383875728 -0.923226476 0.0170975719
-0.016980335 0.0300647793 0.24218489 -0.328441024 0.876158118 0.352807701
0.0275417856 -0.0409095296 0.104075295 0.140673786 -0.989949644 0.0145096239
0.0261898444 0.0196173884 0.303025626 0.808223128 0.58745724 0.0408587158
0.0724016733 0.0172490193 0.0732490741 0.945554852 0.319993675 -0.0594146326
0.0342891665 -0.0246482946 0.237103512 0.498819709 -0.587601542 0.637105465
0.0368156197 0.0395254823 0.148526184 0.20518899 0.978633583 0.0131837958
0.0616380128 -0.0310592053 0.0880026713 0.403948426 -0.914772153 0.00419159327
-0.0180312246 0.04376439 0.0380282185 -0.0824319646 0.996492445 0.0144154839
-0.0643727698 0.0244206714 0.0379671711 -0.822150826 0.557884037 -0.113284707
0.00231287968 -0.0419481271 0.174144161 0.0271551181 -0.999414027 0.0208379198
0.0295325935 0.00967060092 0.310204759 0.944653869 0.200718984 0.2595011
-0.00257291096 -0.0436981927 0.0339096709 -0.0384788029 -0.998808026 0.0300323907
0.0167726669 0.0207499487 0.28432632 0.595843613 0.799413621 -0.0768648311
-0.0623464202 0.0210390357 0.182206514 -0.576464295 0.811493158 -0.0957480073
-0.0165468409 -0.042557256 0.0456430365 -0.090549767 -0.995661616 0.0214146189
-0.0248468295 0.0429499442 0.0351021183 -0.12423908 0.992226303 0.00717839599
0.0169824512 -0.0427304609 0.0623967999 0.0743582398 -0.997197628 0.00823355187
-0.0189086325 -0.0194356176 0.288026747 -0.643947482 -0.722328126 -0.252138108
0.0727540684 -0.00611069076 0.0584618623 0.987275541 -0.0672083125 -0.144118086
0.0291789805 0.00521515529 0.314208514 0.905164659 0.197131068 0.376584888
0.0368927374 -0.0283699391 0.231815534 0.356615186 -0.719090462 0.596434951
0.0711720853 0.0221099878 0.0816397318 0.94127655 0.336128145 -0.0318794809
-0.00523205261 -0.0428615009 0.109385509 -0.0223959256 -0.999671161 0.012495501
-0.0330178354 -0.0120095273 0.112890813 -0.990326822 -0.106069364 0.0894536451
0.0315620251 -0.0405957549 0.0692885008 0.200628042 -0.979645669 0.00653468166
-0.0443344916 0.0256401778 0.00221574376 -0.0841715857 -0.0698669255 -0.993998826
-0.0294223396 -0.0295253368 0.125675351 -0.971547365 -0.236547738 0.0118662352
-0.0113411053 -0.0413945164 0.177205215 -0.0741521642 -0.997057617 0.0194317121
0.0184143267 -0.0426961143 0.0524113815 0.0737191364 -0.997252822 0.0072402074
-0.0128558521 -0.0247512812 0.313555072 -0.253454983 -0.524238348 0.812978923
-0.0710570845 0.0125550982 0.112142644 -0.659186959 0.751547933 0.0254590791
0.0684171195 0.0259274796 0.140072929 0.838357568 0.544381499 0.0283772517
-0.016194042 0.0347061743 0.230474288 -0.245455444 0.911730826 0.329391062
0.0278562494 -0.00383678899 0.260797587 0.948330939 -0.092221275 0.303584725
-0.0708955635 0.00942207553 0.0487048323 -0.973378122 0.149705693 -0.173560649
-0.0348349289 -0.0398448794 0.0469809979 -0.243476123 -0.968255401 0.056575492
-0.00837912843 -0.0430924958 0.0131618548 -0.0872072652 -0.987466335 -0.131549507
-0.00146172117 -0.0271608163 0.291031725 -0.0601438545 -0.873503447 -0.483088493
0.0463331474 -0.0244137677 0.22872903 0.500714242 -0.485724121 0.716489553
-0.0364592757 0.0401557831 0.0146771775 -0.246116027 0.95054096 -0.189469501
-0.0290167502 0.0345065636 0.126253295 -0.924919724 0.379854858 0.0152911376
0.0568980598 -0.014891908 0.0106100121 0.815055609 -0.299313784 -0.496080339
-0.0280510398 -0.0414121855 0.0355600282 -0.145179898 -0.988955617 0.0298265908
-0.0587573749 -0.0206693184 0.210066848 -0.625701487 -0.748389065 0.220025912
0.0563293353 -0.0321670148 0.169383226 0.37848264 -0.925370693 0.0209713802
-0.0153843774 -0.0409711252 0.178417873 -0.119250119 -0.99250865 0.0265699793
-0.0277864894 0.0402140822 0.186161938 -0.222937092 0.974733233 -0.0139330784
0.0243280772 0.0124548029 0.266274167 0.916083694 0.357694924 0.181232005
-0.0476593958 0.0259936343 0.175485803 -0.45268172 0.804379344 -0.384776622
0.0728440973 -0.0090596546 0.167159556 0.975321352 -0.204744533 0.0826309696
-0.0723481733 -0.0108445767 0.102802175 -0.601739705 -0.796575129 0.0581155419
-0.0277892144 0.00528071234 0.260452012 -0.940394282 0.146781921 0.306779444
0.0692258412 -0.0175424983 0.0515710787 0.931680262 -0.335487008 -0.139356688
-0.0411970053 -0.00583460563 0.160962158 -0.500931799 -0.176446423 -0.847309828
0.0693391098 -0.0140120394 0.18731387 0.965681374 -0.219963551 0.138114288
-0.0267136137 0.00204764584 0.264733929 -0.9832623 0.0465344004 0.176152453
0.00999468567 -0.0424218786 0.132856124 0.0801156908 -0.996678293 0.0146278022
0.00625446185 -0.039929042 0.210211045 -0.00426412839 -0.991232216 0.132062703
0.0356745894 0.0400250091 0.13010881 0.2060159 0.978447378 0.0140809827
-0.0261013965 0.0423979423 0.0565220888 -0.142405063 0.989586592 0.0209567938
0.0687304878 0.00294020554 0.204313298 0.984294772 0.0421181954 0.171434373
0.039892583 -0.0201637098 0.236105683 0.562373996 -0.37896499 0.734929204
-0.0545455616 -0.00717261727 0.151739851 0.838982165 -0.482669473 -0.251274794
-0.0137850309 0.0255679524 0.258673734 -0.418649137 0.883288026 0.211033478
-0.00416842267 -0.0438536834 0.0217666616 -0.0374163054 -0.999228418 -0.0119438311
0.0411137393 -0.0377359006 0.117405385 0.264255136 -0.964344084 0.0144831212
-0.0104988086 0.0408759942 0.209311699 -0.13133812 0.985285521 0.109374784
0.0434235535 0.0264901749 0.232848671 0.497325361 0.448005021 0.742939353
0.0387936099 -0.0280783665 0.230930734 0.463323712 -0.602458358 0.649903893
-0.0602568338 0.0238313197 0.0219442912 -0.845112026 0.403972924 -0.350130647
-0.0733289693 -0.00306338585 0.167136101 -0.986504853 -0.132979959 0.0955221951
0.0711838667 -0.00909382345 0.181910642 0.969933748 -0.207264602 0.127553597
-0.055951302 -0.0265638261 0.0174758043 -0.773890316 -0.461091965 -0.434151858
-0.0676000249 -0.0108051039 0.196143778 -0.948857427 -0.287391573 0.130674466
0.00777111814 -0.0419853153 0.164309109 0.0286916941 -0.999443114 0.0170409363
0.0522287334 0.0348446702 0.171693097 0.302395344 0.953094363 0.0129706291
-0.00890499732 0.0429112407 0.16740449 -0.0709102526 0.997332692 0.0173019599
0.0486130628 -0.0340657603 0.190714899 0.304553092 -0.95000571 0.0688219368
0.0748762608 -0.00401066221 0.0773787862 0.995487332 -0.0686369464 -0.0655282587
0.00580379398 0.0437072399 0.130859765 0.0306192283 0.99943459 0.0138931591
-0.036347545 0.0407055249 0.0508762189 -0.20447205 0.97832489 0.0327345617
-0.00584010115 0.0428627368 0.179906527 -0.0247323401 0.999383926 0.0249015298
0.0732942039 -0.0156198873 0.0848433602 0.933023334 -0.357581556 -0.0400364883
0.0183389665 0.0228163249 0.25830401 0.581302941 0.770999908 0.260088563
0.00594913686 0.0444246084 0.0573947812 0.0199144371 0.999769807 0.0079904953
-0.0302860245 -0.0375328144 0.197565222 -0.22288841 -0.972306788 0.07028687
0.0747158401 -0.00179550361 0.15039987 0.996361673 -0.0672596171 0.0523402989
0.0109770572 0.0253515719 0.264677262 0.414541364 0.89649421 0.15637663
0.039426904 -0.0384630927 0.0998288709 0.265837491 -0.963901818 0.0149595952
0.0749006225 0.00873439401 0.134262407 0.981716931 0.186955586 0.0357698351
0.0139953329 -0.0288600645 0.247582455 0.344061583 -0.827714801 0.443294466
-0.0525195355 -0.00279229949 0.152402763 0.923370183 -0.266281754 -0.276552618
-0.0668262787 0.0131067695 0.204326066 -0.939677954 0.315536171 0.132068768
0.0502788799 0.036565107 0.0384968199 0.363361061 0.931273282 -0.0264371783
0.0356269271 0.0391101042 0.192764529 0.245475367 0.969293356 0.0145645011
-0.0125424047 0.023281016 0.280816417 -0.432291269 0.900939703 -0.0378396846
0.0724639447 0.0134698559 0.162501651 0.978986621 0.190462887 0.0728637874
0.028328226 -0.039888998 0.160958333 0.198015571 -0.980019987 0.0187281799
-0.00816958488 0.0286975064 0.0025590223 0.0262989383 -0.299859971 -0.953620672
0.0719808343 0.00553830713 0.179965049 0.991143584 0.0548583828 0.120933019
-0.0574612215 -0.00538577454 0.112954583 0.926677525 -0.373832464 -0.0389643833
-0.0437614929 -0.0294833026 0.214145857 -0.392979622 -0.888252616 0.237853661
0.0434689618 0.0372198663 0.186929932 0.244946972 0.969353974 0.0188115146
0.0349102135 -0.0399062113 0.0698650179 0.200628042 -0.979645669 0.00653468166
-0.00844255753 -0.0436662979 0.0197015536 -0.0906123444 -0.995786369 -0.0140954256
-0.0326123922 -0.0148514128 0.146970908 -0.986909091 -0.131245881 -0.0937288254
0.021632527 0.0420569205 0.159830788 0.136658505 0.990483522 0.0163346604
-0.0319032901 0.0339858021 0.160251124 -0.882804692 0.435507149 -0.17603834
0.0543976578 -0.0315938824 0.0248150221 0.582343161 -0.774717093 -0.246352956
-0.0243183426 -0.0116506257 0.286613016 -0.844718456 -0.459474236 -0.274470866
-0.045499638 0.0387488777 0.0332305294 -0.336032331 0.941723704 -0.0154507421
-0.0703890376 0.00267759444 0.0428254733 -0.982590973 0.0515226051 -0.178494468
0.00906808948 0.0438880098 0.110078039 0.0302900467 0.999460876 0.0126686124
-0.0403984004 0.0112385884 0.240614947 -0.673386693 0.175599158 0.718133211
0.0248959419 0.0429503904 0.0451942916 0.12860091 0.991687655 0.00419268245
0.06530381 0.0245235978 0.192236892 0.844951689 0.524166107 0.106331468
-0.0282139345 0.0148800319 0.296635747 -0.778545976 0.459211618 -0.427774221
-0.0235354393 0.0272480451 0.00229085916 0.0862573013 -0.273475111 -0.958003581
-0.0637944855 -0.0141580087 0.0963763378 0.515901625 -0.847427845 0.125345647
0.067462366 0.00700381149 0.210432623 0.956822813 0.0329882801 0.288793951
-0.0731708292 0.0118012491 0.0897984359 -0.858359218 0.512107193 0.0310769267
-0.0577802315 0.0297703195 0.0248128692 -0.768113494 0.549151301 -0.329294086
0.069160267 -0.0239635142 0.0787508069 0.824067056 -0.565573335 -0.0322528258
0.0646823461 0.0219813009 0.0346253887 0.858519256 0.451465219 -0.24315384
-0.00467485759 -0.0305834859 0.304887432 -0.167651564 -0.977315366 0.129412845
0.0235376389 -0.0115632075 0.269649773 0.905479133 -0.38759771 0.1728452
0.0441761748 0.0363801506 0.211108952 0.313899457 0.94217968 0.117322125
0.0632489932 -0.0267836627 0.0436833227 0.845986664 -0.509286165 -0.157905802
0.066263303 -0.0223938684 0.185149521 0.813607693 -0.566377759 0.131373107
0.00838260892 -0.0264596428 0.259216099 0.263309002 -0.941949487 0.208325699
-0.0749801524 0.00465897481 0.146091461 -0.982495308 0.183256656 0.0334664807
0.0206215568 0.0213819293 0.257547223 0.560145497 0.736619174 0.378984421
-0.0105542456 -0.0421121 0.135700122 -0.0743019655 -0.99716258 0.0120815272
-0.0627122572 0.0138336578 0.1038134 0.550166905 0.819674194 0.159532383
-0.00131396822 0.0446252355 0.0425461219 -0.0255018454 0.999645591 0.00762912631
-0.0286514223 0.0209165398 0.245829837 -0.604523599 0.594071865 0.530688167
0.0450253877 -0.0370358535 0.0287871643 0.351308256 -0.935408175 -0.0399272814
0.0223642928 -0.0285917988 0.00210411991 -0.00283327256 0.164154366 -0.986430645
-0.0442215556 0.020980732 0.00264530975 -0.0462360866 -0.125016838 -0.991076767
0.0245170564 -0.0414846312 0.0938294823 0.139789045 -0.990078449 0.0142712398
-0.0477276479 0.0380019097 0.0382710202 -0.313738346 0.949371278 0.0161977746
-0.0258999503 0.0401379187 0.161875593 -0.34412086 0.937796295 -0.0460324809
-0.0321021223 -0.0408267334 0.0352532439 -0.145179898 -0.988955617 0.0298265908
-0.0567551839 -0.0216463539 0.173883276 -0.344451398 -0.870559037 -0.351397485
-0.0311163295 -0.00384145164 0.253197555 -0.873171151 -0.0814676657 0.480557054
-0.0472445512 0.0217116485 0.00269505953 -0.0472279973 -0.0741015896 -0.996131778
-0.0622935472 0.0287393449 0.0610460589 -0.687817454 0.725870073 0.00445818389
-0.00301249043 0.0442173512 0.0925653871 -0.024935443 0.999639809 0.00992396567
-0.0242287984 -0.0396435119 0.180279788 -0.16726473 -0.985618651 0.0240494274
-0.0666983665 0.0171003542 0.180787323 -0.723100305 0.690377593 -0.0224668644
-0.029060641 0.0376638264 0.209084097 -0.235566512 0.9442572 0.22997126
0.0536716012 -0.034457671 0.0542603887 0.337618381 -0.941246092 -0.00833701715
-0.0496945058 0.0224431553 0.0764317267 -0.195587039 0.33417505 0.921993911
0.0281991424 0.00460515974 0.291119521 0.886679232 0.0466289558 -0.460027963
-0.0339300516 0.0148657516 0.151421889 -0.961223125 0.116263635 -0.250065893
0.0219338846 -0.0358587873 0.00157536378 0.0478545092 -0.101291366 -0.993705153
-0.000881597749 -0.00188984547 0.00381557074 -0.0146205397 -0.0277760085 -0.999507248
-0.0721703291 -0.0123023578 0.0868066503 -0.848202884 -0.527929723 0.0429187752
0.0150469864 0.0215584942 0.278793437 0.532251716 0.84656322 0.00622363389
-0.00468324235 0.0124297673 0.317243076 -0.0246672612 -0.0172659364 0.999546647
-0.0514958767 -0.0332643854 0.0205957965 -0.540201783 -0.814549446 -0.211403027
-0.0246154794 -0.00938046298 0.283905257 -0.952041745 -0.262055963 -0.157934293
-0.0070670251 0.0315262338 0.246031349 -0.184966102 0.935034811 0.302485257
-0.0703238452 -0.0166291967 0.0707227294 -0.757036805 -0.651445687 0.0501382127
0.0584024017 -0.0236040941 0.0204139196 0.826889694 -0.444501221 -0.344488263
-0.0244791787 0.00940760658 0.280596846 -0.964719653 0.226227984 -0.13467285
0.0115626 0.0430893078 0.154637751 0.0767776743 0.996920764 0.0159382485
0.053663529 -0.0343386781 0.088611989 0.32041201 -0.947175264 0.0139711564
0.0480329648 -0.0360061859 0.103658037 0.316354543 -0.948538661 0.0139385303
0.0220141281 0.0432067015 0.0629970803 0.13221848 0.991178155 0.00917402562
-0.0303946914 0.0394256451 0.176841621 -0.428373426 0.901152253 -0.0664892793
0.0752875536 0.00469354407 0.13343071 0.997738838 0.0574660078 0.0348574109
-0.0627999868 -0.00923532337 0.218958435 -0.818083227 -0.257047802 0.514457166
0.0518077515 0.0363037484 0.0615228608 0.335410058 0.942071915 -0.000814835192
0.0199072217 -0.0404460046 0.00630259158 0.136545867 -0.958596826 -0.249894574
-0.00630994628 -0.0414945938 0.00539682268 -0.0289683845 -0.965301335 -0.259526938
-0.023550537 -0.0400802274 0.100137948 -0.455307543 -0.88810873 0.0629108772
-0.00603073693 -0.0417589422 0.177547864 -0.021467248 -0.999536574 0.021578934
-0.0444371335 -0.0375413138 0.034821463 -0.356198013 -0.934114933 0.0235015582
-0.0460443611 -0.0319064588 0.00856876141 -0.579003453 -0.674163043 -0.458540261
-0.03841997 0.029602899 0.225139575 -0.306893468 0.829060972 0.467412204
0.0752289048 0.00883382449 0.0975904538 0.982539237 0.185456142 -0.0149267744
-0.0396724874 -0.0383672141 0.0482714126 -0.375357032 -0.922869265 0.0861360058
-0.0268615978 -0.0376467329 0.157262767 -0.69597429 -0.714687526 -0.0695806071
-0.0562681082 0.00343351758 0.119905531 0.983093679 0.178130895 -0.0423811562
-0.0314332095 -0.0260469508 0.105561468 -0.978158474 -0.189172581 0.0861378163
0.0677011728 0.00526805236 0.209839692 0.956822813 0.0329882801 0.288793951
0.00895007098 0.0416333066 0.214441364 0.0278275944 0.996156693 0.0830515698
-0.0368802565 -0.00506302073 0.0925007423 -0.952373028 -0.0949492306 0.289776206
-0.0258102041 0.0407645031 0.0073464092 -0.150766686 0.955665708 -0.252927452
-0.049927684 0.0346183566 0.017098517 -0.58906275 0.713154256 -0.380021214
-0.0255523289 0.0392748469 0.12891367 -0.718641579 0.695167542 0.0172126703
-0.0298714717 -0.028380827 0.141472202 -0.970695436 -0.238687739 -0.02790129
-0.0193190548 0.0267456775 0.00270557652 0.0555199683 -0.27616626 -0.959504902
-0.0319769322 -0.0171214039 0.118906962 -0.986258984 -0.155923754 0.0545982271
-0.0344226382 0.0287826868 0.229408046 -0.389929503 0.769976974 0.505064845
0.0139935476 -0.0429079865 0.0680534271 0.0756099299 -0.997112513 0.00705966214
0.0304717802 -0.0371252976 0.00442726028 0.348955303 -0.780417264 -0.518824697
-0.0304496021 0.0414871093 0.0625209161 -0.190328225 0.981299937 0.0287327822
-0.0343577013 0.00925765585 0.150824331 -0.960593224 0.0915940478 -0.262433559
0.0365943647 -0.0396891619 0.049899043 0.196036741 -0.980582893 0.00519167446
0.0108053239 0.0432228004 0.149811043 0.0780793801 0.996825576 0.0155651383
-0.0310114485 0.030291818 0.148278234 -0.976718724 0.195798025 -0.0876560807
-0.0311179957 -0.0245067726 0.234732002 -0.415228426 -0.75771004 0.503448904
0.0241362439 -0.0400103051 0.186118122 0.130887374 -0.99108088 0.0250447113
-0.0510856598 -0.00263792094 0.0815139647 0.746442795 -0.181311697 0.640272796
-0.0411597159 -0.036668524 0.0568665874 -0.447800457 -0.886799574 0.1142864
-0.00275485523 -0.0420566416 0.166471397 -0.020635128 -0.999592662 0.0197187867
-0.0379637703 0.00358202331 0.244541565 -0.740105629 0.0408752933 0.671247184
-0.056688206 0.0072750608 0.0936752221 0.944021046 0.275972277 0.180730522
0.0144316425 -0.0271769138 0.250750082 0.369386941 -0.842197955 0.392754138
0.0228442831 -0.0348324801 0.00155173782 0.0561291836 -0.0322754681 -0.997901797
-0.0386106581 0.00335099483 0.243842387 -0.740105629 0.0408752933 0.671247184
-0.0389148005 -0.038364021 0.0516074203 -0.375357032 -0.922869265 0.0861360058
-0.0290599043 -0.0329999695 0.112504256 -0.908544838 -0.409666002 0.0819755346
-0.0219206472 -0.0393364117 0.00404415543 -0.10397137 -0.885699749 -0.452466339
-0.0332816844 -0.00516080376 0.119606683 -0.994191349 -0.0910046324 0.0574610084
0.0016114526 0.0442969202 0.0926285274 0.0274576116 0.999563456 0.0109074851
0.0660417933 -0.003610226 0.0254462977 0.924735248 -0.0733683407 -0.373472661
0.0247081418 0.010730503 0.267756237 0.916083694 0.357694924 0.181232005
-0.00468583023 0.0416557234 0.207361828 -0.0792974159 0.993608952 0.0803312212
-0.0154522496 0.04383717 0.0477446242 -0.0824319646 0.996492445 0.0144154839
-0.0638011504 0.00608449394 0.0195536833 -0.93070507 0.0448662117 -0.36300838
-0.0564517916 -0.0150875739 0.160988124 0.452259332 -0.745192528 -0.490050614
-0.0599529923 -0.0129057574 0.0883729496 0.806252182 -0.566041648 0.171914026
0.0475676434 0.0344453332 0.217589951 0.333188325 0.937113941 0.103938036
0.0325243328 -0.0394460583 0.0139627983 0.296152025 -0.938434243 -0.177862689
-0.0442924221 0.00128853139 0.0818970794 -0.60916847 0.00956322625 0.792983174
0.0302951824 -0.00516453465 0.310431003 0.93555361 -0.230264992 0.267801285
-0.0128636924 0.0304633882 0.244867742 -0.270934492 0.910403132 0.312667102
0.0425327334 0.0341918016 0.224261938 0.334980398 0.886040807 0.320499271
-0.0554362476 0.00474093768 0.228864834 -0.610374808 0.0320360027 0.791464627
-0.0527023443 0.0357038554 0.0524689918 -0.378549576 0.923162937 0.066860728
-0.0345664261 -0.0367749428 0.00453432913 -0.345749259 -0.796637595 -0.495808512
0.0132454233 0.0442122689 0.0319406528 0.0707366541 0.9974913 -0.00275384821
-0.0759385064 -0.00103794486 0.109539322 -0.996026754 -0.088297911 0.0115801776
-0.0124025483 -0.0414415851 0.171036917 -0.0731607825 -0.997166276 0.0175221376
-0.0554488133 -0.00975213925 0.227355037 -0.63888216 -0.196056843 0.743902802
0.00450286484 -0.0433470778 0.0646430064 0.0155623974 -0.999848604 0.00779092731
0.0341377189 -0.0401661485 0.0525705202 0.196036741 -0.980582893 0.00519167446
0.011880283 -0.041785291 0.162060229 0.0780350789 -0.996793091 0.0177240856
-0.012491666 0.00731377359 0.317012243 0.00854968466 -0.0126630319 0.999883294
-0.066107031 0.0169699121 0.167500174 -0.60493201 0.795770288 -0.0284021795
-0.0615118789 0.0125342457 0.126178276 0.473291606 0.878078699 -0.070518285
-0.0601872184 0.00323230988 0.0118907843 -0.890873432 0.0483131297 -0.451675087
-0.0137498661 0.0344718829 0.232944155 -0.245455444 0.911730826 0.329391062
-0.0228294275 -0.0350348298 0.218012554 -0.21923691 -0.927184403 0.303750366
0.0476233352 -0.00240768716 0.235636166 0.632150471 -0.0885581747 0.769768238
-0.074309156 0.00536279454 0.0707082801 -0.991345108 0.0547364838 -0.11932601
-0.0614139232 0.0182780014 0.162452473 -0.183706596 0.927334368 -0.326041371
-0.054856843 0.00673300234 0.145850566 0.910760343 0.390600383 -0.133966401
0.0708020009 0.0132767726 0.0520911668 0.973513544 0.179712549 -0.141331941
-0.0603657084 0.014448061 0.150109926 0.331549853 0.895722628 -0.296235919
0.0744208464 -0.00998317705 0.138150283 0.978815019 -0.201643586 0.0355106518
-0.0507414842 0.0209832902 0.16811609 -0.0155866519 0.800798953 -0.598730505
0.00503623262 0.0312870394 0.299583866 0.136956304 0.978285491 -0.155565113
-0.0018848633 0.0440002881 0.114981281 -0.018357316 0.999738753 0.0136189563
-0.0330116622 0.0278164523 0.156063218 -0.927252412 0.285619795 -0.24212487
0.0193352478 -0.0414919457 0.143272117 0.140066206 -0.989988148 0.0174630713
-0.0311733567 -0.031496017 0.0977472643 -0.953454018 -0.245803446 0.174660236
0.0390433449 0.0144770897 0.24180398 0.69134742 0.230045035 0.684921861
-0.0563238917 -0.0231333767 0.208850335 -0.651556492 -0.751330733 0.104768217
0.0261189296 0.0134336589 0.314821746 0.759369493 0.43000862 0.488313973
0.0273334404 -0.0016507792 0.263094771 0.948330939 -0.092221275 0.303584725
0.045626032 -0.0359955614 0.151511159 0.259305537 -0.965711355 0.0127303498
-0.0384685431 0.000962666909 0.00336698409 0.051038295 0.0402657948 -0.997884631
0.0664663045 0.0115464946 0.211506725 0.944495738 0.171042576 0.280485749
0.0150962116 -0.0418516105 0.143171154 0.0801329091 -0.996651113 0.0162904728
-0.0438575439 -0.0257752403 0.223155785 -0.389775872 -0.759141684 0.521323979
-0.0661160981 -0.00845223657 0.209295444 -0.946308911 -0.278684139 0.163813084
-0.0158304447 -0.0411085163 0.166080138 -0.121014878 -0.992589593 0.0110115698
-0.0047717993 -0.0436589628 0.0323970511 -0.0384788029 -0.998808026 0.0300323907
0.0640234024 0.0267809633 0.191357976 0.851637781 0.514438212 0.10033153
-0.0385057649 -0.039135582 0.018206149 -0.257632822 -0.963113725 -0.0776981562
-0.00879299407 0.0354845864 0.233130834 -0.187544271 0.92839402 0.320798516
0.0193682826 0.0248541092 0.252449347 0.469537258 0.807688415 0.356614769
-0.0293995347 0.0415777718 0.0663801825 -0.190328225 0.981299937 0.0287327822
-0.0594118496 0.00996351404 0.10952387 0.798502624 0.601093292 -0.0328706019
-0.0220929971 -0.0410857844 0.0098123411 -0.128228739 -0.962166429 -0.240402088
0.0203009614 -0.0403403246 0.190948795 0.130770877 -0.99052918 0.0418432467
-0.000461278189 -0.00294496458 0.317120895 -0.0235605333 -0.00191692659 0.999720573
-0.0155885507 -0.0401547368 0.195850935 -0.122929037 -0.990274072 0.0651581734
0.002217791 0.0439593822 0.12053207 0.0303409733 0.999449551 0.0134137692
0.000820640807 0.0437987573 0.133220227 -0.0165692214 0.999776065 0.0131624797
0.00163804471 -0.026638183 0.263554476 0.0482654758 -0.983527005 0.174198508
-0.035955138 0.0273171091 0.0873646101 -0.912391722 0.181650072 0.366803288
-0.0368590911 0.0187957446 0.15940173 -0.840451181 0.241180435 -0.485256404
-0.0681576677 -0.0128556476 0.165196978 -0.690666676 -0.722891629 -0.0201751273
-0.0614364799 -0.0264869922 0.0530381581 -0.608411193 -0.786117017 0.108884506
0.0217943701 0.042430088 0.0136614264 0.125886858 0.981854141 -0.141827077
-0.0531205994 0.0236630599 0.0762604812 0.0967991501 0.387626976 0.916719794
-0.00676381093 -0.0430259911 0.0853095546 -0.0335611291 -0.999428093 0.00414400641
-0.00679941076 -0.0388490133 0.213222353 -0.0942631811 -0.97998929 0.175315261
-0.0131414709 -0.0248915796 0.25617501 -0.35506615 -0.913879514 0.196855485
0.0712040759 -0.0060506957 0.0481512669 0.979980946 -0.0697519258 -0.186472833
-0.00332108206 0.0440106141 0.112079864 -0.0183584206 0.99975729 0.0121782431
0.0556375731 0.0339290619 0.155006482 0.398519516 0.917006612 0.0167643707
0.0708422874 -0.0221893615 0.115675281 0.810989678 -0.584941924 0.0117719369
-0.0323892446 0.0300434509 0.000946979967 0.0500960685 -0.225462154 -0.972963095
0.0528540294 0.0359357904 0.0639178501 0.335415691 0.942067742 -0.00213478762
-0.020408245 0.0407802854 0.19823657 -0.128131822 0.989858329 0.0613403097
-0.0295783039 0.0027716143 0.312408641 -0.961049914 0.0493941195 0.271925062
0.00358976173 -0.0327866763 0.00113631485 0.0150382575 0.14961499 -0.988629937
-0.0198985234 -0.0205586276 0.313525795 -0.478409261 -0.546358824 0.687471211
0.0466198046 -0.0369047564 0.0714397968 0.262791008 -0.964828312 0.00687796995
0.0635696706 -0.0247987261 0.0391704063 0.854408681 -0.491234392 -0.169335455
0.039354491 0.0372149998 0.0105835074 0.450006872 0.834133565 -0.318927705
0.00409428326 0.0436143122 0.140833249 0.0304731298 0.999425292 0.0148472534
0.0590015051 0.0334107007 0.0837100666 0.416592807 0.909078181 0.00523140794
0.0307485144 0.00991710512 0.303436875 0.97574079 0.21547392 0.0387430526
0.0567930286 -0.0327616675 0.123145622 0.391959786 -0.91989845 0.0124270879
0.0431034858 0.0389740881 0.0315592778 0.272807449 0.961490929 -0.033335574
0.0235228259 0.0423356439 0.0145417934 0.125886858 0.981854141 -0.141827077
0.0757970811 0.00109757504 0.099499559 0.998527706 0.0540991426 -0.00396754267
0.0698388125 -0.0162354981 0.0525226698 0.931680262 -0.335487008 -0.139356688
-0.00857221128 0.0247640089 0.315283662 -0.183506772 0.480388522 0.857643366
-0.00178239355 -0.0424938527 0.142173105 -0.0182893053 -0.999738038 0.013761756
0.0133453055 0.0343374156 0.00110064157 0.0100835105 -0.128943965 -0.991600573
0.00180149102 -0.0322654083 0.24012124 -0.0685653761 -0.961720288 0.265316606
0.0287482441 -0.0141791349 0.304197091 0.912055671 -0.373982608 0.168200493
0.0708772823 -0.017459606 0.164782777 0.927076995 -0.367173672 0.0755760297
-0.0303653512 -0.0181159457 0.00330695357 0.0637273937 0.131385997 -0.98928076
0.042407937 0.00707560925 0.24035757 0.673295617 0.111398205 0.730933249
0.00815793828 -0.0435285525 0.041057475 0.0175371245 -0.999741435 0.0144755403
0.0599594457 -0.0314812853 0.118009528 0.392347544 -0.919737279 0.0121171148
0.0705852414 0.0234277099 0.119909366 0.833474874 0.552409947 0.0127614764
-0.0311565013 -0.0204396992 0.12684751 -0.987742484 -0.155728623 0.0106500871
0.0596052804 0.0329093497 0.108843859 0.406358838 0.913652956 0.0105354385
0.0494491279 0.0362408469 0.136749184 0.315956891 0.948662341 0.0145225395
-0.0357989452 0.0257895068 0.0884923141 -0.908809662 0.172361284 0.379942805
-0.0180281904 0.0245677432 0.294657965 -0.546420932 0.779170573 -0.307111353
0.0227944988 0.0423394921 0.129756688 0.141964763 0.989772439 0.0140153579
0.00321770907 -0.043087833 0.0994266548 0.0267017055 -0.999553084 0.0134376977
-0.0587730805 -0.00865235504 0.125307156 0.84174186 -0.535232723 -0.0706859082
-0.0231884905 -0.013790531 0.265180662 -0.84076196 -0.512288213 0.175157651
-0.0755980512 -0.0022852122 0.126915645 -0.99431175 -0.104068942 0.022668669
0.0223055397 0.0142054932 0.279777266 0.881476343 0.471160829 -0.0317321643
0.039934585 -0.0291727153 0.0029906561 0.180976674 -0.0783184394 -0.980364084
-0.0554202619 -0.00523933433 0.228405894 -0.613577664 -0.0966360271 0.783698797
0.0575030314 -0.0277020582 0.204772841 0.649815381 -0.736404836 0.188275918
0.044978314 0.0227296472 0.234017952 0.576104879 0.287713856 0.765064716
0.0116608903 0.0442834785 0.0435855429 0.0724250004 0.997357786 0.00565893669
-0.0349527326 -0.0112541984 0.0975417096 -0.975248516 -0.108699791 0.192547828
0.0586918781 -0.0318342614 0.0509774218 0.468888015 -0.882306933 -0.0409684479
-0.0131781879 0.020053428 0.316291882 -0.0880438536 0.0996677876 0.991117895
-0.0317363149 -0.0150074944 0.00365542593 0.0439608544 0.157882005 -0.986478925
0.0672870398 0.0119271449 0.207576253 0.971107721 0.174863786 0.162395909
-0.027666606 0.00166634891 0.290705036 -0.886899352 0.0391967818 -0.46029678
-0.0506481553 0.0252208169 0.0753265205 0.0756055787 0.429029137 0.900120974
-0.0631649146 -0.0254782111 0.0512960288 -0.493860155 -0.865154207 0.087236926
0.0272997476 0.0316955762 0.235901481 0.325930238 0.774438143 0.5422315
0.00722313519 0.0424909576 0.196273182 0.0208692625 0.999506533 0.0234769657
0.0627343147 -0.0257093919 0.191890296 0.808969498 -0.564836144 0.162875846
0.0162585114 -0.0202043028 0.281716883 0.604182959 -0.788623214 -0.11417678
-0.00792982862 -0.0426585195 0.010013601 -0.0327896513 -0.966600418 -0.25418207
-0.0479495032 0.0379481823 0.0340467879 -0.313702703 0.949294746 -0.020739032
-0.010557881 -0.0256965263 0.291521896 -0.279689044 -0.836251497 -0.471653819
0.0229013363 -0.0205578733 0.29572919 0.627121925 -0.690286875 -0.360863
0.00121515104 0.0424406264 0.199356558 0.00812516734 0.999429166 0.0327925496
-0.0619005836 0.01370953 0.101652002 0.550166905 0.819674194 0.159532383
0.00704848551 -0.0235581581 0.0033042301 -0.0333820991 0.179421082 -0.983205795
-0.0393841428 -0.0314467104 0.173848931 -0.543416023 -0.682618082 -0.488601685
0.0470190142 0.0363407755 0.17975222 0.300117195 0.953716576 0.0188251585
-0.0243048727 -0.0405171464 0.0828307646 -0.267096341 -0.962713301 0.0429256521
-0.0431016202 -0.0278768193 0.0720185321 -0.676134944 -0.422164738 0.603836358
-0.0449368295 -0.0264659488 0.0715621755 -0.477352053 -0.513428152 0.713110507
-0.0589387064 0.0206479202 0.170450885 -0.266628802 0.947490871 -0.176550463
-0.000706677958 -0.041885311 0.177329169 -0.0229472574 -0.999537051 0.0199735854
-0.0293765526 0.0409522722 0.0782963877 -0.245809525 0.96680975 0.0696893483
0.00592239156 -0.0144968775 0.316967019 0.0112758502 -0.0967701972 0.995242953
-0.0697228976 -0.0110850699 0.173578725 -0.884558022 -0.461822212 0.0654016063
0.0722736995 -0.0183850015 0.0862510136 0.930837154 -0.363983363 -0.0325312987
-0.0606804307 0.0218345151 0.212707948 -0.761784017 0.611798644 0.213043749
0.0755234751 -0.00371644976 0.0925756271 0.997689426 -0.0666148141 -0.0133503629
0.0117368192 -0.0424917643 0.0104384872 0.0854642838 -0.987252712 -0.134268448
-0.0343798046 0.0176599732 0.242506946 -0.656289756 0.487906247 0.575526774
0.00378522505 -0.043456618 0.0518358102 0.0151802972 -0.99985379 0.00786657166
-0.0601849634 -0.0181673417 0.167815992 -0.311340153 -0.886444807 -0.342465907
0.00555057027 0.0417588626 0.212326645 -0.0188079383 0.996476054 0.0817417428
-0.0311747019 -0.000307601296 0.253687375 -0.872722566 -0.0798967183 0.481634408
0.0152818578 -0.042797789 0.0698198795 0.0756099299 -0.997112513 0.00705966214
0.0181226401 -0.0190329223 0.28351385 0.60888797 -0.784288466 -0.118940927
0.0138197082 0.044165268 0.0377335621 0.0707344189 0.997471452 0.00688502612
-0.0305781906 -0.027087214 0.147463489 -0.980905712 -0.180756852 -0.0717692748
0.0265865336 -0.0417137562 0.0369245481 0.135573447 -0.990740001 0.00735187763
-0.0353231236 0.0308724765 0.000972703305 -0.0569408499 -0.0132825365 -0.998289227
-0.0236649567 0.0184141181 0.0039254006 0.0508648865 -0.149554342 -0.987444341
-0.0326675017 0.0102693632 0.136638009 -0.996373057 0.0789110586 -0.0318372063
-0.0479892221 -0.0188673723 0.167079979 -0.159357354 -0.567952693 -0.807486832
0.00280668783 0.0257365844 0.283138037 0.0448208116 0.998026609 0.0439777859
0.0160915523 -0.0218937141 0.263116322 0.582910478 -0.775279999 0.243220627
0.000759104115 -0.0309425068 0.304030884 0.0640556812 -0.997699916 -0.0221753959
0.0600198532 -0.00624451884 0.0127638209 0.886214554 -0.0738686025 -0.457348019
-0.0676686281 0.0150552718 0.0358708926 -0.944774032 0.218388811 -0.244352758
-0.041499642 -0.0328431215 0.00444816367 -0.501341999 -0.665110171 -0.553430021
-0.0748306072 0.00268907063 0.15348111 -0.996399701 0.0356278606 0.076929599
-0.00833337459 -0.043030364 0.0706826532 -0.0405021012 -0.999165058 0.00535724033
-0.0461520452 0.0166596229 0.232667769 -0.549227715 0.456561089 0.699929237
-0.0722553409 -0.00457529644 0.0559180815 -0.987100899 -0.0792014524 -0.139136717
-0.0681695638 0.0205228769 0.0504965985 -0.857730806 0.509403706 -0.0693223625
0.0513233571 0.0352245444 0.165775996 0.306630164 0.951762915 0.0111918924
0.0148859133 0.0216914631 0.280725727 0.521844447 0.850166321 -0.0699679926
-0.015295596 0.0279473005 0.00257709327 0.0292006359 -0.288572818 -0.957012594
-0.0503941844 -0.0291914213 0.0111624406 -0.7065081 -0.51797843 -0.482228696
0.00825886636 -0.0288891101 0.251218265 0.08694233 -0.94576627 0.312997073
0.05490704 0.00713117063 0.229977168 0.613327324 0.012652481 0.789727449
-0.0344361575 0.0368317945 0.0827394161 -0.760597885 0.580695748 0.290315986
0.0230175535 0.0428627603 0.0867427054 0.138095796 0.990332127 0.0131000411
-0.0286458059 -0.0412617576 0.0197512337 -0.16138573 -0.986137748 -0.0385608114
0.0448722095 0.0306168117 0.00537811292 0.52371645 0.544208288 -0.655407012
0.0274042422 -0.0413612425 0.0704611974 0.135404557 -0.990755558 0.00831849221
-0.0616546883 0.0183086396 0.218195036 -0.721952558 0.436531842 0.536865532
-0.0511750458 0.00558003098 0.23211791 -0.612005949 0.0343482755 0.790106893
0.049008157 0.0372557576 0.0493042619 0.34662047 0.937957525 -0.00948459562
-0.0268359077 -0.000686133868 0.28851126 -0.970631778 -0.0527027249 -0.234726071
-0.0406671687 0.0350359957 0.00506789432 -0.48790136 0.664832771 -0.565640986
-0.0417624831 -0.0132757975 0.162986925 -0.18879433 -0.236276224 -0.953168511
0.0409417777 -0.0376790805 0.124336539 0.264256239 -0.964346945 0.0142658874
-0.0452425281 -0.0261960399 0.172859301 -0.402078509 -0.728399277 -0.554767787
-0.0261198552 -0.00661551271 0.287789434 -0.95120734 -0.152768776 -0.268078804
-0.00139431536 0.0280652262 0.261704922 -0.0673435628 0.979398668 0.190376118
0.0192652143 0.0436045443 0.0583487318 0.13221927 0.991201997 0.00605545333
-0.045575315 0.0236767798 0.00246973417 -0.0472279973 -0.0741015896 -0.996131778
0.0304868749 -0.00367448835 0.310291306 0.960259557 -0.0868957266 0.265237033
-0.0309615333 0.00740858969 0.303678296 -0.985588968 0.164799541 0.0381502323
0.0487425658 0.0373924094 0.058455779 0.335410058 0.942071915 -0.000814835192
-0.00642101211 -0.024429836 0.279825561 -0.307672173 -0.951247036 0.0216115545
-0.0286622761 -0.00932076306 0.294121196 -0.791787505 -0.23288624 -0.564656019
0.00361646636 0.0440744567 0.108410193 0.0304259937 0.999458373 0.0125335166
0.0530543798 0.0304285748 0.0168902471 0.736293554 0.538518548 -0.40971902
-0.0619801939 0.0256143994 0.0303207319 -0.838220179 0.50135088 -0.214556023
-0.0177999519 0.0437280955 0.022413251 -0.114748582 0.99232924 -0.045993045
-0.0725332403 0.0126818284 0.0664385517 -0.957417965 0.278107256 -0.0775057748
0.0629949 0.0273904762 0.0403659896 0.858425975 0.486482412 -0.162602946
-0.0731564704 0.00855297724 0.0645058865 -0.981152236 0.162973017 -0.103826568
0.0193964902 0.0433084072 0.0186374633 0.124488287 0.990784228 -0.0533791371
0.0238476618 -0.0418077933 0.0750250788 0.136735782 -0.990543485 0.0112631805
0.00346036324 0.0271402613 0.314625648 0.0394782983 0.50020051 0.865009308
0.0171145293 0.0200739312 0.280010804 0.602217436 0.798331201 0.00119950797
-0.0200630129 0.0244253659 0.299475214 -0.609724343 0.781311989 -0.133370981
-0.00918564748 -0.0435957342 0.0194934709 -0.0906123444 -0.995786369 -0.0140954256
-0.0089629834 0.0435349503 0.125416722 -0.0727797896 0.997255981 0.0135510694
-0.0425859356 0.025015208 0.228674893 -0.408751696 0.703656614 0.581196606
-0.0222669837 -0.0400225218 0.165181724 -0.19249171 -0.981252313 -0.00952695031
-0.0745232974 -0.00267922224 0.0722463842 -0.98893404 -0.0896730274 -0.118187241
0.0373821909 -0.0391538375 0.0887384881 0.203227311 -0.978993595 0.016436398
-0.0303092401 0.0308451493 0.141251189 -0.981088281 0.190573752 -0.0338766202
0.0173337589 -0.0409421946 0.183653174 0.0753872916 -0.996880531 0.0233651884
-0.0735242024 -0.00853292214 0.119455612 -0.782966793 -0.621499538 0.0264847931
-0.0733945174 0.00943484989 0.137700386 -0.833225429 0.552619994 0.0186129175
0.0668856293 0.028079382 0.0745227283 0.639791071 0.768045843 -0.0278026685
0.0333421858 -0.0403104707 0.0553509255 0.196036741 -0.980582893 0.00519167446
-0.0540442225 -0.0144170153 0.22661822 -0.554510832 -0.494009942 0.669680476
-0.0439502323 0.0390587147 0.0439141053 -0.274905205 0.961265206 0.0199081674
-0.0568440944 0.00494587793 0.102406366 0.958447158 0.282886922 0.0367970802
-0.0440782779 -0.0376018828 0.0359322789 -0.356545806 -0.931485116 0.0721835867
-0.0661552094 0.0102640571 0.0269589897 -0.959567964 0.132418692 -0.248383984
0.0660284327 0.0254961209 0.179953253 0.839551091 0.536099136 0.0880429447
0.0724332296 6.21845949e-05 0.053310551 0.988204062 0.0556792915 -0.142662093
0.0225493872 0.0279225356 0.244482164 0.373929918 0.77525121 0.509079456
-0.0421461287 -0.0261480978 0.0742505678 -0.652952433 -0.39227885 0.647896826
-0.00429537237 0.0444847714 0.0220671485 -0.0222740471 0.998865604 -0.0420882963
-0.00383976475 0.00693240412 0.31716803 -0.024150325 -0.0174106564 0.999556661
-0.0729180048 -0.00925941915 0.120328271 -0.782966793 -0.621499538 0.0264847931
0.0625421628 0.0303126893 0.0542529528 0.698125184 0.709195077 -0.0983030424
0.0584164905 -0.032331376 0.102704666 0.393940538 -0.91906321 0.0115610566
-0.065038672 0.0118780252 0.214150025 -0.948779106 0.18327038 0.257351846
-0.0690151929 0.00980578224 0.193921866 -0.96813339 0.217421308 0.124280557
0.0499855829 0.0279936219 0.0088398505 0.718380749 0.499707073 -0.483964801
0.0290512276 0.0270572656 0.00235572076 -0.0010841405 -0.161618203 -0.986852705
0.0633545335 -0.0297886721 0.119306429 0.590103149 -0.807246447 0.0114683453
-0.0391068346 -0.0243306506 0.228700384 -0.407746285 -0.724550486 0.555670261
-0.0317128064 0.0203604978 0.123270149 -0.991413057 0.117703453 0.0569739752
0.0641281477 0.00213778668 0.220286435 0.834555686 0.0230796225 0.550440013
0.00378536568 -0.0432720689 0.0774048857 0.0206225887 -0.999771059 0.00572432205
0.0284811091 -0.0398329778 0.16227332 0.198015571 -0.980019987 0.0187281799
0.0107740113 -0.0413654442 0.186291501 0.0734568238 -0.996982574 0.0250971802
-0.019056055 -0.0411467998 0.106618712 -0.237247556 -0.971236765 0.0203147847
-0.0305099902 -0.0293287727 0.107809877 -0.965985715 -0.244162351 0.0851844475
-0.0361739442 -0.0136827603 0.00354714424 0.0398359299 0.0669835806 -0.996958494
-0.0041140118 0.0423214727 0.00574756037 -0.024771478 0.972744763 -0.230551496
0.0694031398 -0.0220455163 0.0653143384 0.841362834 -0.533811152 -0.084583059
0.0557826188 0.000340268256 0.229402903 0.613674521 0.0122568235 0.789463937
0.0576946077 -0.0317187703 0.163864792 0.38069427 -0.924565494 0.0158291962
0.0754235217 -0.00704267794 0.110061981 0.998031616 -0.0626813918 0.00199855072
0.00775033633 -0.0255991393 0.264015165 0.274353862 -0.939990759 0.202847615
0.0696210231 -0.0238786776 0.0925713473 0.817833662 -0.575321376 -0.0123818172
-0.0126016868 0.0441637656 0.0403918232 -0.0752635747 0.997116566 0.00969699956
-0.00723775587 -0.0296665571 0.243754882 -0.229617596 -0.945514679 0.23082
-0.0521142882 -0.00905444984 0.158038765 0.589640319 -0.505744994 -0.629719138
-0.0546765582 0.006579955 0.146629988 0.910760343 0.390600383 -0.133966401
-0.00163186477 -0.0299977129 0.00177833211 0.00875837822 0.304205149 -0.952566206
0.018166227 0.0433428934 0.0981127441 0.0797894374 0.996754587 0.0106772408
-0.0545763727 0.0239659754 0.177439101 -0.352810174 0.910055876 -0.217539161
-0.0142806786 0.0422863587 0.17905488 -0.11330051 0.993357599 0.0200892519
0.00523403813 -0.0251003605 0.272392258 0.164450109 -0.983245373 0.07864362
0.0677612298 -0.0113080527 0.200873626 0.954133093 -0.240162238 0.178751633
-0.0602926392 0.0177018015 0.0858179478 0.417306155 0.700495064 0.578931928
-0.0329139699 -0.00674882895 0.12345383 -0.994191349 -0.0910046324 0.0574610084
-0.0671194009 0.0170637285 0.0355423965 -0.944774032 0.218388811 -0.244352758
-0.0756689145 0.000291423045 0.0851730082 -0.998800755 0.0330059156 -0.0361636356
0.0324903884 -0.0067609344 0.250650794 0.770817399 -0.213642389 0.600164592
-0.0358215792 0.0109984744 0.154934151 -0.895158291 0.122072563 -0.428707212
-0.0542863844 -0.0196580612 0.00806206305 -0.803028941 -0.327119917 -0.498133689
-0.0551997109 0.011328237 0.00541941832 -0.770768046 0.131313473 -0.623436689
0.0439859354 0.0371647198 0.0178474419 0.418256968 0.890294671 -0.180101067
-0.0462060976 0.00115581938 0.0030438843 0.0101100123 0.0286015365 -0.999539733
0.0408119703 0.0394690764 0.0836543229 0.262352377 0.964874625 0.0137095023
0.0737754449 -0.0123692088 0.0789712387 0.977627337 -0.201462984 -0.0604763813
0.0654066053 0.0168991343 0.030888229 0.914219618 0.316016614 -0.25364545
-0.0108185893 0.0434144106 0.124338368 -0.0708507299 0.99740988 0.0123988772
0.0617784498 0.00407169373 0.223790228 0.837321579 0.0186291132 0.546393275
0.0035999521 0.0435956673 0.0117884143 0.0266236626 0.991362631 -0.128418103
0.041990321 -0.0380765873 0.0798028526 0.263895571 -0.964483857 0.0114062466
-0.0432211366 0.0149401324 0.0808521853 -0.664161801 0.138010621 0.734739542
-0.0322426864 0.0141591491 0.132291328 -0.995703101 0.0914441496 0.0146044595
-0.0759080346 -0.00108457389 0.111804707 -0.996026754 -0.088297911 0.0115801776
0.00250746465 -0.0421918324 0.161164473 0.0286845453 -0.999421179 0.0182885304
0.0367483519 0.0407169653 0.031138735 0.261942536 0.964834034 -0.0219426472
-0.0205388713 0.0412121241 0.00628566166 -0.111474119 0.962607324 -0.246902078
0.0682197255 -0.0193183787 0.181879691 0.920814157 -0.366341203 0.133773908
0.00256013768 -0.0421381169 0.164050446 0.0279516298 -0.999436319 0.0185942277
0.0274416054 -0.0414622154 0.0561510261 0.133944288 -0.990969419 0.00620651944
-0.039197951 0.00817659707 0.086689044 -0.808515906 0.093386434 0.581017256
0.0305873758 -0.0409396513 0.0330999543 0.196341604 -0.980535209 0.000756398425
-0.0156973693 0.0424298602 0.156297033 -0.117114544 0.993047297 0.0118864989
-0.0202494588 -0.019147902 0.290212807 -0.621558309 -0.646867275 -0.441845894
-0.057734886 0.0116695313 0.146711938 0.713933587 0.687406659 -0.133307844
0.0180724895 -0.0212924907 0.26029026 0.57784158 -0.778250158 0.245816782
-0.00174818797 -0.037097499 0.223694509 -0.118655868 -0.959885955 0.254047036
0.0742290427 0.0144204052 0.107807787 0.982979953 0.183680356 0.00345677487
0.0707401336 -0.0176713664 0.165436346 0.927076995 -0.367173672 0.0755760297
-0.0157738087 -0.014304081 0.00438560304 0.0210921336 -0.0248848386 -0.99946779
-0.00750609633 0.0166865256 0.316903916 -0.0383723751 0.0723054186 0.99664408
0.0254164628 0.0429490672 0.0353820872 0.125280008 0.992105544 -0.0055946596
-0.0689095363 0.0120412507 0.039615227 -0.975982726 0.138007939 -0.168557301
-0.0345102583 -0.0287682255 0.225113022 -0.322855145 -0.827852786 0.458720148
-0.0598100443 -0.0133108412 0.153180415 0.302464694 -0.919436336 -0.251300037
0.0753875537 -0.00636084788 0.12084974 0.997937977 -0.0633183047 0.0105198482
-0.0317224202 -0.0235537602 0.150905454 -0.962555766 -0.219309315 -0.159341916
-0.0155994967 -0.0398258925 0.199510645 -0.137223095 -0.981540084 0.133224979
0.018493901 0.0431230586 0.113827399 0.0799339488 0.99672091 0.0125662787
0.041148314 0.0380170763 0.174874705 0.249608725 0.968153715 0.0193337984
-0.0732149086 -0.0108205821 0.0786270789 -0.944915473 -0.326369703 -0.0248501375
0.0333493053 0.0361162003 0.0033810622 0.347782433 0.767424345 -0.538616061
-0.00847178104 0.0427305406 0.179178373 -0.0705043525 0.99724561 0.0230268165
-0.017148951 -0.0417554201 0.093302654 -0.156789333 -0.987441182 0.0194162857
-0.0144720369 -0.025132225 0.252600384 -0.392897099 -0.89649123 0.204781145
0.00109590585 0.0133407446 0.317354412 -0.00726466533 -0.0156844128 0.999850571
-0.0308689867 -0.0072905389 0.299299545 -0.968508899 -0.184470877 -0.167215124
0.0741923134 0.0110577781 0.141452143 0.981357574 0.18857418 0.0371084176
-0.0547024733 -0.0314260208 0.0459449214 -0.434155554 -0.894587874 0.105932049
-0.057652954 0.030366821 0.0255630351 -0.795440793 0.578267634 -0.181329697
0.0437604294 -0.0372806618 0.0987817313 0.266461343 -0.963743269 0.0140498802
0.027108016 -0.0312750796 0.00182237838 0.0457945056 0.0335210636 -0.998388231
0.0324395779 0.0412947815 0.0876328481 0.201412126 0.979379892 0.0157568306
0.0277637245 0.0118889732 0.256723991 0.81094116 0.310341269 0.496047199
0.0660979142 0.0280575357 0.151471088 0.616768718 0.786593437 0.0294494051
-0.0193124388 -0.0282432133 0.237198986 -0.283135533 -0.908908725 0.306135744
-0.00370334154 0.0129531868 0.317275479 -0.0169677269 -0.0174077731 0.99970448
0.0422667121 0.0381016479 0.150192483 0.259799868 0.965540707 0.0153343109
-0.00328514581 0.025944762 0.278196863 -0.0516982749 0.996677876 0.0629318506
0.00921276233 0.0407602853 0.00279364228 0.0662656203 0.886126041 -0.458682597
0.0430542855 0.0381093085 0.134876031 0.263593346 0.964538634 0.0135598043
-0.0265931747 0.0169111809 0.308718462 -0.806528389 0.513991177 0.292104214
-0.0366623722 -0.00515818083 0.00358316124 0.0551094078 -0.0224370025 -0.998228192
-0.0303789095 0.0335565979 0.149697153 -0.907868147 0.401819378 -0.119651586
0.0736627456 0.00799084241 0.16069992 0.979070485 0.190184146 0.0724635646
0.0734334795 0.0111882627 0.069331118 0.978593707 0.178792968 -0.101919115
-0.0445101329 -0.0027055406 0.160501634 0.373064965 -0.141667798 -0.916925728
-0.0698317471 -0.0170130661 0.0726651809 -0.746873319 -0.654161155 0.119388036
0.0352068879 -0.0383784111 0.168010477 0.194606364 -0.980766118 0.0150410617
-0.0664583246 0.00965835433 0.21049687 -0.948779106 0.18327038 0.257351846
0.0397573676 -0.0385120806 0.0910146921 0.266267598 -0.963773787 0.0155421505
0.0655439565 -0.0280750974 0.0735984859 0.618867457 -0.785119236 -0.0243093222
0.0401744294 0.0392194114 0.112310097 0.263803333 0.964481175 0.013554249
0.0397253192 0.00302878386 0.243292604 0.734730244 0.0245149862 0.677916229
-0.0284821852 0.0417789768 0.0148168436 -0.148272902 0.978833914 -0.141065136
0.0563845791 0.0325513568 0.195147588 0.395515829 0.917739511 0.036351677
0.0326300472 -0.0114407717 0.0033498656 0.00385788223 -0.0219284892 -0.999752104
0.0178135092 0.0130171979 0.00373890464 -0.02667531 -0.0114402678 -0.999578655
0.0628499397 0.0303268698 0.158418958 0.614357054 0.788309515 0.0336679704
0.0443405554 -0.03133457 0.00691864506 0.586216748 -0.670866072 -0.454190075
-0.0173623238 -0.0424466893 0.047335606 -0.090549767 -0.995661616 0.0214146189
-0.0290641632 -0.0365230907 0.205779014 -0.220015213 -0.9623276 0.159746364
0.0233135229 0.043152066 0.04602941 0.12860091 0.991687655 0.00419268245
0.0489360384 -0.00537170209 0.234217147 0.632150471 -0.0885581747 0.769768238
0.0501461285 -0.0355068754 0.0397665399 0.351136416 -0.936038792 -0.0231246352
-0.0370446231 -0.0336589087 0.208946495 -0.330547094 -0.910220444 0.249474049
0.0707775377 0.00272639613 0.0443975828 0.981148601 0.0565794893 -0.184787124
-0.00796588963 0.0397498728 0.219310573 -0.172247514 0.959892094 0.221218854
-0.0670690446 -0.0208099105 0.0505404783 -0.851300299 -0.523572266 -0.0340556577
-0.0719933333 -0.00994489882 0.130339966 -0.621556044 -0.783038139 0.0227866285
-0.0668411658 0.0163976799 0.167103605 -0.60493201 0.795770288 -0.0284021795
0.0276659286 -0.0399435477 0.165115388 0.196467951 -0.98033303 0.0186411943
0.0642651059 0.0296235428 0.0634742818 0.661984801 0.747134209 -0.0597225428
0.07321156 0.0175611103 0.0977010386 0.93963021 0.34192431 -0.0135256778
-0.0170659516 -0.0260343025 0.296420541 -0.442036152 -0.782989144 -0.437643856
-0.0306502619 0.029278247 0.141889771 -0.978754163 0.187823415 -0.082235612
0.00718921639 0.0265518923 0.314562881 0.117294438 0.513462007 0.850058019
-0.0579505794 0.0117678878 0.0902382727 0.849473476 0.481763512 0.215171397
0.0187943166 0.0432908286 0.0982795371 0.0797894374 0.996754587 0.0106772408
0.00977793286 -0.0431940408 0.072710432 0.0768174008 -0.997006238 0.00880693644
0.0135313262 0.0442012272 0.0354866903 0.0707344189 0.997471452 0.00688502612
0.0367261414 0.0397853639 0.131376034 0.2060159 0.978447378 0.0140809827
0.0745640181 0.00800699248 0.145942697 0.980767071 0.188496664 0.0506462716
-0.00314145602 0.0179518482 0.00430611704 -0.0228225421 -0.0683558881 -0.997399926
-0.0310651283 -0.0212956342 0.239649714 -0.502125382 -0.704302073 0.501825392
-0.0754766998 0.00276565067 0.140650958 -0.998933733 0.0284395777 0.0363662541
0.0391859671 -0.0385453864 0.02241686 0.272671103 -0.959447205 -0.0714950711
-0.0449908065 0.0310289087 0.00488280183 -0.608771682 0.508299291 -0.609121442
0.0722858434 -0.0104943329 0.0598933495 0.970519662 -0.192944765 -0.144442901
0.0382597261 -0.0378008363 0.161070946 0.253097802 -0.967267454 0.0183090251
0.0216765025 0.00522122714 0.317868374 -0.0908852518 0.0304773413 0.995394945
-0.0626678654 -0.0148017736 0.0893846198 0.610332847 -0.730050087 0.307442069
-0.00794974749 0.0445273676 0.028479525 -0.0255015288 0.999671757 0.00245731045
0.0360731103 -0.0383107016 0.161466063 0.199966252 -0.979688168 0.01498916
0.0275548237 0.0424150353 0.0686763194 0.13221848 0.991178155 0.00917402562
-0.0568557094 0.033594163 0.0398706077 -0.675827086 0.736333132 -0.0327306539
0.0666165721 -0.0180202656 0.194837887 0.90098393 -0.399495006 0.169209063
0.0450184369 -0.0364516087 0.131760493 0.2637541 -0.964476585 0.0147882588
-0.028188596 -0.0343717591 0.11697031 -0.91174227 -0.407721728 0.0498913601
-0.0337660066 -0.017627087 0.0991810579 -0.968654454 -0.163838387 0.186723411
0.0236122521 -0.0290868838 0.240046244 0.417746633 -0.737733722 0.530317605
0.00321134295 -0.0417240635 0.182840137 0.0228347927 -0.999377728 0.0268826596
-0.00915942237 0.041954747 0.199033055 -0.0885417387 0.992844641 0.0801238567
0.0315779519 -0.0374919312 0.206961338 0.193264708 -0.977996647 0.0785575658
-0.0197030434 -0.042611195 0.0229712252 -0.120365724 -0.992173731 -0.0332159288
-0.0723223383 -0.0127828164 0.0776835898 -0.848338783 -0.527877092 0.0408311933
0.00776369493 0.00324048559 0.317243607 -0.00618450204 -0.0124687813 0.999903202
-0.0101127519 0.0296067363 0.307376154 -0.292600811 0.952973962 0.0789010972
0.0122180421 0.02360813 0.00331509602 -0.0310922954 -0.137934163 -0.98995322
0.0247875069 0.00332154966 0.00334662768 -0.0219808258 0.0170109104 -0.999613702
0.0169950749 0.023048297 0.31400638 0.37848419 0.562401831 0.735155642
0.0583369406 -0.0192328125 0.0161282883 0.840762138 -0.312350929 -0.442217141
-0.0476226007 -0.0331598572 0.0545950532 -0.519599974 -0.835619211 0.178203598
0.0518537027 0.0357844652 0.112673898 0.317218155 0.948260486 0.0132181998
0.0164973613 0.0232925409 0.0032254681 -0.0307884496 -0.137835339 -0.989976585
0.0502318776 0.0347170636 0.204177707 0.302949399 0.952294111 0.0368452109
0.0537307291 -0.00806424071 0.00443983292 0.707858026 -0.154969305 -0.689145625
-0.0374374391 0.0139535434 0.242023783 -0.665894389 0.449025035 0.595786273
-0.0532956286 -0.0314859822 0.0204522992 -0.697707295 -0.664730906 -0.267090678
0.0218594809 0.0245218094 0.00288848065 -0.0304126423 -0.135995686 -0.990242422
0.0714757184 0.0218501425 0.0883002526 0.940229118 0.339824855 -0.0220988151
0.0751957735 0.00173902448 0.0794952438 0.996231437 0.0567392744 -0.0656009242
0.0532679243 -0.0345404046 0.0839329731 0.322102726 -0.946630657 0.0118449628
-0.0418384257 -0.0339077176 0.00631653158 -0.516150236 -0.75436902 -0.405606091
-0.0107382384 0.0440455821 0.0176724772 -0.0686255693 0.996673524 -0.0439566672
-0.0214230533 -0.0400279687 0.137669477 -0.428134352 -0.903714895 0.000603368797
0.00351158134 0.00927211952 0.317310636 -0.0105457082 -0.0147461398 0.99983573
0.00724962401 -0.0012393452 0.317196363 -0.00641378853 -0.00569470925 0.999963224
-0.0153607882 0.0271558083 0.2974882 -0.436081231 0.890425265 -0.130291834
2.70852986e-05 -0.0427683057 0.125064261 -0.0211904924 -0.999677956 0.0139583871
0.0681235787 0.0267075751 0.0781484006 0.843744934 0.535570323 -0.0354796611
-0.0312700344 0.0249945339 0.120241787 -0.988495111 0.140842751 0.0551436543
0.0690753795 0.016872213 0.187826485 0.937423766 0.326439828 0.121134974
-0.008325672 -0.0418245489 0.00699423852 -0.0783972889 -0.963526368 -0.255872458
-0.0354923752 0.0406525137 0.0578022993 -0.20447205 0.97832489 0.0327345617
0.0155649619 -0.0426219054 0.0856299151 0.0777805001 -0.996920526 0.00998618547
0.00655867856 -0.042042392 0.163002879 0.0286916941 -0.999443114 0.0170409363
-0.038304425 0.0313653022 0.171388516 -0.665074766 0.654815078 -0.359016389
-0.0344953811 -0.00590078952 0.150966876 -0.96223259 -0.104769379 -0.251260579
-0.030659823 0.0276425452 0.129521419 -0.990300119 0.138597801 0.00981590897
0.0749571013 0.00602942892 0.0795814347 0.996231437 0.0567392744 -0.0656009242
-0.0697417105 -0.00114225311 0.0390576981 -0.980861902 -0.0789232105 -0.17799136
0.0563526972 -0.0100345312 0.00770459381 0.84336853 -0.188064054 -0.503350198
-0.00968793676 0.0442605238 0.0524310719 -0.0824333355 0.996540964 0.0105359359
-0.0661058409 -0.0141699466 0.0982628289 0.0682579502 -0.990148365 0.122258604
-0.067690518 0.0140414365 0.137383562 -0.426671773 0.904397011 -0.00414394354
0.0258899323 0.0216678037 0.250155165 0.567915201 0.625845313 0.534593344
0.0710755925 -0.00885454772 0.183122781 0.969933748 -0.207264602 0.127553597
-0.0251823372 0.039974311 0.151769924 -0.384828001 0.922476709 -0.0307236183
-0.032652402 -0.0253426704 0.0976211588 -0.96437186 -0.194071025 0.17978695
-0.000123007091 0.0445484843 0.0558831027 -0.0299400017 0.999517262 0.00829151832
-0.0572010484 0.00635432365 0.116267826 0.942987919 0.330748945 -0.0371323265
0.0700165409 0.0215745252 0.0638481761 0.94302994 0.318941206 -0.0947156027
-0.00261113102 0.0446356277 0.0368487461 -0.0255018454 0.999645591 0.00762912631
0.035349862 -0.0396757265 0.0821468371 0.201634467 -0.979343891 0.0151370829
-0.0361198912 0.0362952882 0.20689498 -0.256270468 0.955357075 0.147032142
0.0193991037 0.0435809699 0.0592840737 0.13221927 0.991201997 0.00605545333
0.00649927514 0.0227954693 0.316571143 0.0293611288 0.0792107657 0.99642539
-0.0305909353 0.00423909482 0.308489724 -0.962265491 0.0543162078 0.266635984
-0.031729988 0.0190762139 0.133357437 -0.992973924 0.113310777 -0.0341070779
0.0380326598 -0.0386333954 0.113373427 0.20642437 -0.978353143 0.0146310441
-0.0532610623 0.00259342552 0.0855097813 0.838409841 0.135764375 0.527860641
-0.00987795718 -0.0341710835 0.228451939 -0.187421396 -0.916843891 0.352520168
0.066420272 0.0241895627 0.0488728664 0.858425975 0.486482412 -0.162602946
0.0748766375 0.00347525674 0.14564362 0.996927083 0.0591433048 0.0513672195
0.0739886803 0.000231781043 0.162735904 0.995411754 0.0597614609 0.0747256577
0.0724508965 0.01096253 0.168606906 0.977878988 0.18921715 0.089160949
0.000965274733 -0.0427079398 0.130811814 -0.0211904924 -0.999677956 0.0139583871
0.0722092885 -0.00812202404 0.175316894 0.971696138 -0.20763731 0.112665191
0.0718859129 -0.0201331374 0.108692839 0.927869201 -0.372888297 0.00362245645
0.00825017348 -0.00672973466 0.317168154 0.00129300437 -0.00573343132 0.999982715
0.0665498318 -0.0126295375 0.0319293469 0.944038928 -0.200319797 -0.262035221
0.00538585405 0.0440952179 0.102001828 0.0302908216 0.999484003 0.0106846038
-0.0346184013 0.00120908296 0.105813974 -0.991437614 0.0308186971 0.126892194
0.0334243295 0.0413553317 0.0634829226 0.195515379 0.980650723 0.00988556352
0.0443397706 -0.0369279157 0.112018949 0.264974713 -0.964145839 0.0145308496
-0.0548040445 -0.0239060842 0.0699910216 -0.102371156 -0.820723653 0.562078953
0.023754843 0.0385620567 0.225755928 0.188442618 0.881959736 0.432014287
-0.0323750078 0.0417500727 0.0384280667 -0.159175381 0.987107635 0.0167787429
-0.0216362561 -0.0391936106 0.197570137 -0.137438849 -0.987784445 0.0734330863
-0.074280794 0.00820996141 0.0755389357 -0.983743131 0.167062134 -0.0658766627
-0.0250001591 0.0164737136 0.313250819 -0.627337992 0.524221718 0.575880885
-0.0368033513 0.0402892905 0.0157939071 -0.246116027 0.95054096 -0.189469501
-0.00658577077 0.0431534666 0.00944669943 -0.0214717668 0.971723914 -0.235141367
-0.0735696501 -0.00864800536 0.115411451 -0.782966793 -0.621499538 0.0264847931
-0.00443825595 -0.000107396643 0.003805307 -0.000210411265 -0.0278791618 -0.999611318
0.0470584382 -0.0362474494 0.107147514 0.265845656 -0.96392101 0.0135086225
0.0370288944 0.0396890194 0.133648191 0.206061035 0.978440404 0.0138997892
0.0137232212 0.0441019524 0.0490553732 0.0724240914 0.997341037 0.00809878018
-0.0505212164 -0.0338729616 0.0428507808 -0.420127541 -0.898762941 0.125371352
0.0423993211 0.0390177302 0.0850436518 0.262352377 0.964874625 0.0137095023
0.0170389358 0.0137909327 0.317096407 0.00644075498 0.172896117 0.984919071
0.0545695727 -0.0207628521 0.010481506 0.774299204 -0.406730473 -0.484799922
-0.0029215759 0.000758916729 0.317080226 -0.0228628442 -0.0157101881 0.999615133
0.0599323248 0.0329755601 0.0793695759 0.422260702 0.906473935 0.00101977831
0.0591940456 -0.0307921084 0.175609329 0.386250198 -0.921508789 0.0404009111
-0.0686840393 0.0173657293 0.0853944529 -0.643349707 0.735587895 0.212159485
-0.0740478011 -0.00783030815 0.0765184195 -0.976190209 -0.207985982 -0.0616002902
0.0566835427 -0.0152947383 0.0105006123 0.815055609 -0.299313784 -0.496080339
-0.0694913613 0.0108385983 0.04199944 -0.975982726 0.138007939 -0.168557301
-0.018574752 0.0295601097 0.241953873 -0.328441024 0.876158118 0.352807701
0.00925503137 -0.042910579 0.100614885 0.0267017055 -0.999553084 0.0134376977
-0.0231781577 0.0217318053 0.306949426 -0.704041779 0.701977491 0.107483529
0.0104788482 -0.0386446817 0.218954989 0.0405120701 -0.980897546 0.190259412
-0.0583821542 0.0234014643 0.215551078 -0.675206125 0.711146414 0.195876405
0.0159218676 0.0416857598 0.210314417 0.0425427854 0.99659431 0.0706398562
0.00143923751 0.00853485933 0.317281518 -0.00726466533 -0.0156844128 0.999850571
0.0715084884 0.0219806709 0.121085101 0.938970268 0.343773037 0.0124436039
0.0623734327 -0.0290353849 0.169507109 0.586652339 -0.808799148 0.0410258397
0.00240066408 0.04447236 0.0602639096 0.0199144371 0.999769807 0.0079904953
0.021648868 -0.0421461462 0.0716825128 0.136739403 -0.99058193 0.00704699708
0.00214411307 -0.0289183687 0.312543685 0.0427589267 -0.926992655 0.372634292
-0.0581664959 -0.00736517106 0.0979794215 0.877874672 -0.477520972 0.0361886919
-0.075428008 0.00633114726 0.0973157068 -0.987861872 0.155188039 -0.00674112653
0.052052051 -0.0349939573 0.0492214604 0.337618381 -0.941246092 -0.00833701715
-0.075521843 0.0034119693 0.136038347 -0.984266996 0.175594851 0.0196180809
0.00235965593 0.0405597049 0.220820481 -0.0473797545 0.976412892 0.210649177
-0.00444257019 0.0432392966 0.162111935 -0.0202617925 0.999628127 0.018249074
-0.0634652176 0.0158335402 0.0223750681 -0.90801847 0.213261634 -0.360585749
-0.0309103819 -0.0218953749 0.128388481 -0.987742484 -0.155728623 0.0106500871
-0.0747376132 -0.000517733181 0.0723996716 -0.98893404 -0.0896730274 -0.118187241
-0.0314700658 -0.0387787007 0.00740977307 -0.206953093 -0.942858219 -0.261129707
0.0225052592 0.0426750562 0.107762257 0.140892386 0.98993808 0.0131146228
0.0300067854 0.0421076324 0.0518123775 0.195519149 0.980684817 0.00544006191
0.0313417993 0.0403395896 0.168929212 0.196690887 0.980287373 0.0186938457
0.0137439017 -0.0421357235 0.13181933 0.0801156908 -0.996678293 0.0146278022
-0.0161924746 0.0214917394 0.270395926 -0.613522232 0.784802735 0.0876078755
-0.0465313719 0.0354448529 0.0132468567 -0.472159982 0.81971705 -0.324235767
0.0320814323 -0.000794395563 0.301483298 0.995518506 -0.0890205652 0.0319104232
0.0736447418 -0.0156943484 0.114360122 0.927800596 -0.37289387 0.0116671417
-0.0286021353 0.0353554676 0.130876821 -0.921133459 0.389097184 0.0107927956
-0.00882489385 0.034115896 0.237117725 -0.18628104 0.930699766 0.314797401
0.0113878089 -0.0408075636 0.198197299 0.0683466569 -0.996581316 0.0464158393
0.0674753219 0.026214541 0.155392852 0.836834192 0.54509294 0.0508159995
0.0250093057 0.0401672657 0.219086132 0.170825332 0.952186644 0.253296703
0.0296270775 0.0406711263 0.169585549 0.196690887 0.980287373 0.0186938457
0.024877401 0.0416342837 0.0113272172 0.198499575 0.968280673 -0.151757792
0.0591600299 -0.00918338584 0.225051268 0.642783642 -0.210575953 0.736537158
-0.019614706 0.0231578606 0.255238407 -0.569408953 0.752802253 0.330245823
0.0138450818 -0.041046473 0.189040961 0.0732939392 -0.996397614 0.0426595956
0.00265891321 -0.0350148462 0.2316548 -0.0857892931 -0.944232643 0.317907006
-0.0317409135 -0.0234365532 0.107797966 -0.978218317 -0.188715398 0.0864610821
0.0310623245 0.0408524246 0.139926988 0.205184758 0.978611052 0.0148227625
-0.0331516547 -0.014502513 0.107859376 -0.987582743 -0.129792035 0.0885120183
-0.00551318535 -0.0425980681 0.128070569 -0.0790429115 -0.996783912 0.0131978141
0.014182031 -0.0431269039 0.0416575091 0.0762298182 -0.997026265 0.0112987505
0.0318132498 0.000955134135 0.305122602 0.984728754 0.0674572214 0.160495624
-0.0336856253 -0.00132657673 0.144803832 -0.993630946 -0.045949176 -0.10288962
-0.0603698797 0.0185103115 0.0170340121 -0.838970602 0.308756888 -0.448104382
-0.0269910749 -0.0203850112 0.245637455 -0.578253746 -0.651533484 0.491046578
-0.0405187067 0.0370260387 0.0087949836 -0.395853519 0.827291787 -0.398607939
0.0308040694 0.000530629508 0.294866056 0.894864976 0.0547027923 -0.442972004
0.0307836164 0.0407408095 0.151033702 0.20304279 0.979045212 0.0156197716
-0.0568362229 0.0337470476 0.0456630761 -0.500720978 0.865497351 -0.0138894459
-0.0334630285 -0.0387267897 0.0676433334 -0.444919169 -0.889827847 0.101258047
-0.0338084594 0.0411800035 0.0169642714 -0.186241582 0.969610929 -0.158646703
0.0749035324 -0.00697348405 0.139006234 0.99715364 -0.0661904588 0.03610247
0.0736467519 0.0056368812 0.0643655203 0.992923498 0.0550429411 -0.10522861
0.00189431178 -0.0354860838 0.230045496 -0.0706310421 -0.951199651 0.300383925
-0.0105464861 0.0437708061 0.0960731046 -0.0791847259 0.996837676 0.00667356793
0.0672247952 0.0278444343 0.0758371656 0.639791071 0.768045843 -0.0278026685
0.008420787 -0.0428091015 0.109750886 0.0279859789 -0.999509394 0.0140581857
-0.0114324286 0.0439054264 0.0715234986 -0.0901354328 0.995862961 0.0115112308
0.00974303599 0.0437663425 0.117861865 0.0304255281 0.999448121 0.0133381039
-0.0254410153 0.00487765699 0.271740133 -0.984576285 0.152866259 0.0850973651
-0.0556358067 0.00100173355 0.00417274493 -0.436808944 0.0476427339 -0.898291767
0.00509026155 -0.0290670877 0.311487805 0.155760914 -0.916677773 0.368022442
0.00253571566 -0.0329611801 0.238013898 -0.0877538472 -0.950436354 0.298278213
-0.0523675551 -0.0252076942 0.00991817663 -0.743203223 -0.452797741 -0.492567867
0.0723506967 -0.0144274672 0.159117461 0.976007164 -0.205141664 0.0729849339
0.0753991678 -0.007470499 0.104204542 0.997991264 -0.0630924553 -0.00571965845
-0.0412067937 -0.00667919649 0.0033714736 0.0554803275 -0.0275037363 -0.998080909
-0.0611634355 -0.00651710322 0.0144747726 -0.890176177 -0.0682211146 -0.450480044
0.0291511602 -0.0403015471 0.014103273 0.229319155 -0.959274471 -0.164939404
-0.0330059777 0.00640025893 0.13802378 -0.996711791 0.0749994293 -0.0306694973
-0.0313503214 0.0231847664 0.123424948 -0.988495111 0.140842751 0.0551436543
-0.0694895041 0.017716726 0.0816957032 -0.650924325 0.740225434 0.168415889
-0.026539119 -0.0395079746 0.00637316173 -0.159648731 -0.956374109 -0.244664952
-0.0428847847 0.0166074513 0.235265566 -0.549227715 0.456561089 0.699929237
-0.00990627111 -0.0421417161 0.137240751 -0.0743019655 -0.99716258 0.0120815272
-0.0220536895 0.0420471072 0.0944241102 -0.252972901 0.966600537 0.0410852656
-0.0074792806 -0.0401793888 0.203501092 -0.0912931189 -0.989207566 0.114603139
-0.0172687802 0.0035540509 0.00394105642 0.00182487222 0.0527290218 -0.998607159
-0.0217245091 0.0413926883 0.167443561 -0.180756167 0.983514667 -0.00511672255
-0.00147386268 0.0102592541 0.00422795947 -0.0299940258 0.0636688322 -0.997520208
-0.0635906133 -0.0235934106 0.0350126074 -0.872013032 -0.44033885 -0.213763922
-0.0149600976 -0.0363579787 0.219094359 -0.191960454 -0.940051734 0.281875908
0.039901293 -0.000579521851 0.243099364 0.732453346 -0.0921352655 0.674553931
0.021561131 0.0431795395 0.0743218741 0.134773746 0.990825057 0.0100786341
-0.00178593874 0.0443245069 0.0798576065 -0.0305258911 0.999527991 0.00347648561
-0.0326709891 -0.0135108668 0.114960638 -0.990205944 -0.12845616 0.0546905324
-0.00498747212 -0.0419666305 0.168697874 -0.020635128 -0.999592662 0.0197187867
-0.0180069843 -0.0428530987 0.0239042046 -0.131602198 -0.991044939 -0.0226015002
-0.00661147463 -0.0408874502 0.197173425 -0.0390246399 -0.997437 0.0599719621
0.0287928593 0.0422119724 0.0726389064 0.199656174 0.979818583 0.009641096
0.00346391282 0.0437423928 0.133485452 0.0306181442 0.999422789 0.0147160823
-0.0353777841 -0.0391276627 0.0570524335 -0.324637502 -0.942014813 0.0849626586
0.0188524127 0.0425747006 0.150934926 0.0792485625 0.99675256 0.0142856948
0.0270798347 0.0087022555 0.261137162 0.928314269 0.19747667 0.315016627
0.0488357508 -0.0307419958 0.0120022969 0.59268558 -0.716537952 -0.367827803
0.073028787 0.0148577079 0.150028504 0.980483949 0.189676344 0.0517091379
0.00936538888 -0.0432894282 0.014730005 0.0874647498 -0.986729085 -0.136805445
-0.057062424 -0.0286827647 0.0542810745 -0.48747763 -0.85662806 0.168979108
-0.0164205868 0.0422435421 0.164220511 -0.115948863 0.993169069 0.0130775338
0.0735234921 -0.00520168036 0.0636214722 0.992166579 -0.0673484579 -0.105212815
0.0072697039 -0.0437943366 0.0197973857 0.0273691211 -0.999456823 -0.0183572639
0.0107205478 0.0436884796 0.118201355 0.0798127875 0.996721566 0.0132707274
0.0461116733 0.0245008723 0.23225921 0.482183009 0.455455035 0.74837172
0.0192511883 -0.0422870898 0.0892537857 0.139791369 -0.990106523 0.0121429656
-0.0240037125 -0.00938049015 0.279124772 -0.960311711 -0.275930434 -0.0407890901
0.00895203717 0.0258947139 0.266181568 0.289068937 0.945744872 0.148343951
0.0119429678 0.0406624009 0.221162671 0.024457125 0.976302922 0.215021759
0.0707741768 -0.00191485927 0.190643443 0.987335205 -0.0810295045 0.136394098
-0.0153202742 0.0269253739 0.310087131 -0.426379949 0.841391385 0.332055151
0.00133840147 0.0442100801 0.102731667 0.0302908216 0.999484003 0.0106846038
-0.0356078102 -0.00523853789 0.24668186 -0.784274042 -0.174245119 0.595443487
0.0293050501 0.0420486002 0.0786354398 0.199656174 0.979818583 0.009641096
-0.0533133447 0.0340375771 0.0636635997 -0.392325789 0.889376223 0.234713554
0.0236287201 0.0398342974 0.221162616 0.0932802111 0.96912092 0.228261396
0.0649901982 0.0286648309 0.158274616 0.614407241 0.788350821 0.0317290835
0.0180529616 0.0434677513 0.0878507732 0.078037113 0.996888578 0.0111033777
-0.0659559948 -0.0138347511 0.157499482 -0.507108569 -0.858398438 -0.0774149522
0.0606558624 0.0318752776 0.146213243 0.40520218 0.914121807 0.0138748717
0.0228440334 -0.0415711766 0.104712855 0.141354427 -0.989866197 0.0135623543
0.0565825185 0.0249627488 0.223123577 0.741981804 0.432909161 0.511910737
-0.0345399638 -0.0149460019 0.0972166674 -0.972890019 -0.134911895 0.187839925
-0.00608515784 -0.0385124908 0.215487516 -0.0942631811 -0.97998929 0.175315261
-0.0530042796 0.0131683 0.229480756 -0.589918315 0.20453085 0.781129539
-0.00531888869 0.0427995478 0.182960239 -0.0247323401 0.999383926 0.0249015298
0.0707888125 -0.0203375689 0.148901354 0.928917825 -0.367104739 0.0484341197
-0.0739380054 -0.00254463392 0.0672447382 -0.989236712 -0.087657012 -0.117161602
0.0716356266 -0.00177697887 0.0488205731 0.979980946 -0.0697519258 -0.186472833
-0.0479265283 0.0177566132 0.230754765 -0.498679549 0.455150366 0.737669826
0.00630995224 0.0153354256 0.00412237879 -0.0339763351 0.000994252972 -0.999422252
0.0252701539 0.0297012531 0.0019317582 0.00888917688 -0.168375552 -0.985682905
-0.0524613823 0.0096995852 0.00361933816 -0.246941969 0.0545149595 -0.96749568
0.0191139685 0.0190203326 0.284935617 0.689757526 0.718199134 -0.0917855352
-0.0442068758 -0.0215557327 0.00249969534 -0.0884464681 0.117989905 -0.989068091
-0.0566125732 -0.00990384236 0.15146564 0.75983423 -0.599219501 -0.252166241
0.0719169617 0.0212284515 0.105748729 0.939234316 0.343256146 0.00373602612
0.0100259055 -0.0291823255 0.301347913 0.302399009 -0.951721847 -0.0527285486
-0.0266404726 -0.00615732444 0.262744888 -0.934312582 -0.184153602 0.305200666
0.0405817896 0.0289836683 0.232233741 0.392504871 0.621282935 0.678194344
0.0661304059 -0.00667942601 0.0262686479 0.924735248 -0.0733683407 -0.373472661
0.0252564442 0.0420392685 0.1260313 0.141926497 0.989777386 0.0140523193
0.0437994654 -0.0352589364 0.196993104 0.318782985 -0.945996881 0.0588854924
-0.0446687129 0.00146170501 0.159945244 0.391164929 -0.0315463431 -0.919779778
-0.0289126335 0.0406865491 0.0839729491 -0.454517484 0.880841255 0.132410333
0.0546969894 -0.033627319 0.115544025 0.314953715 -0.949022353 0.0126819033
0.0261314266 0.00444979591 0.28417175 0.974180043 0.196967304 -0.110350013
0.023792326 0.0224845888 0.25139052 0.47684589 0.724053085 0.498362482
-0.0606225876 -0.0104850871 0.104515122 0.752649903 -0.655097127 0.0660740286
0.0312157139 0.0398181566 0.204079955 0.184532553 0.982751787 0.0121142622
-0.00860894619 0.0377709482 0.226505113 -0.187970668 0.932937086 0.307075471
-0.0717602728 0.0145719909 0.083560553 -0.788728118 0.605771542 0.104636654
-0.00442294604 -0.0433511183 0.0492454159 -0.0408224948 -0.999134779 0.00794934295
-0.0109438194 -0.042075252 0.135791195 -0.13089481 -0.991328061 0.0116320997
-0.0402637057 0.0132103493 0.00354074125 0.0586318821 -0.0466955639 -0.997186959
-0.0109425701 0.0276143168 0.255404803 -0.278364569 0.925064862 0.258395463
-0.0371606216 -0.00385080854 0.091956047 -0.955237389 -0.0531405918 0.291028231
-0.0555663522 -0.00272863778 0.0917347409 0.964751303 -0.202116087 0.168535009
-0.02162815 -0.0402238766 0.11814823 -0.435468107 -0.899879217 0.0241866224
0.0278740449 -0.0110223534 0.293505503 0.765155435 -0.311720908 -0.563353419
0.06479044 0.0212215848 0.0339817391 0.914741755 0.312190622 -0.256484866
-0.021025541 -0.0202832238 0.292852267 -0.578745782 -0.590936303 -0.562003195
0.0426081408 -0.0380678483 0.057349616 0.262804478 -0.964848816 0.000806189084
0.0518720545 -0.0332642317 0.186981324 0.304856062 -0.951883256 0.0313219689
0.0165665068 0.0206128698 0.281308097 0.600815654 0.795202732 -0.0816891566
0.0131335683 -0.0105793618 0.00376012354 -0.0231008735 -0.0230755713 -0.999466777
-0.0678272031 -0.0202867978 0.0592988296 -0.805641174 -0.590902865 -0.0421439558
0.0275478872 -0.0337661243 0.00178181282 0.0561291836 -0.0322754681 -0.997901797
-0.0168976418 0.0438714001 0.0371118397 -0.0752635747 0.997116566 0.00969699956
0.0126609069 -0.0431121723 0.0537040588 0.0743587911 -0.997208536 0.00677372236
0.0231878376 -0.0390228453 0.00413570193 0.227183998 -0.850840449 -0.473769873
0.0610517383 -0.0294052375 0.177887669 0.59890312 -0.797219276 0.0758705661
0.0581438402 0.0197391982 0.0152157714 0.84541142 0.294303894 -0.445718288
0.0601767061 -0.0307475244 0.160704888 0.383925468 -0.923258483 0.0139627233
0.0320007869 0.0021350519 0.301909307 0.997238994 0.0669850782 0.0320526548
-0.0596034275 -0.0241100549 0.0224397594 -0.806714058 -0.486593336 -0.335319638
0.0722127175 0.0161848108 0.156747729 0.938849449 0.339226305 0.0590517409
-0.044673182 0.0257248319 0.226442337 -0.396089673 0.679266691 0.617826462
-0.05984376 0.0112319555 0.126208405 0.743888915 0.664228737 -0.073685281
-0.0242339245 0.0204049706 0.307833713 -0.743328929 0.65469265 0.137257621
-0.0339061857 -0.000573716862 0.146597626 -0.993630946 -0.045949176 -0.10288962
0.0310317328 0.0382704667 0.0049388483 0.32011342 0.753166974 -0.574688435
0.0715930381 -0.012240889 0.173202161 0.972022057 -0.202365205 0.119253352
0.0202183596 0.0206448905 0.26042892 0.674272537 0.686193585 0.272937566
-0.0355917636 -0.0361927686 0.195020835 -0.295380443 -0.953741968 0.0559150763
-0.0451896981 -0.0298287651 0.0682336638 -0.55286026 -0.707124531 0.440818012
-0.03669513 -0.0356778548 0.196382901 -0.355298519 -0.933967948 0.0382995047
-0.0526707344 -0.026562218 0.203904841 -0.538832247 -0.833894789 0.119496256
-0.0314637742 0.0268661737 0.112570665 -0.985429108 0.144363284 0.0899363905
-0.0203177713 -0.0132290824 0.316726808 0.0559643134 -0.177114174 0.982597888
0.0342577399 -0.0383071918 0.181424534 0.192433476 -0.981005371 0.0244467203
-0.0193496161 -0.0409870749 0.110900376 -0.235417977 -0.971706271 0.0191100873
0.0110934987 0.0258972488 0.00301586542 -0.0253746845 -0.223885939 -0.974284947
0.0216851988 0.0413149287 0.203226602 0.120135613 0.992680073 0.0124041708
0.0388648189 0.0141538806 0.00334868102 0.000413059635 -0.0211144183 -0.999777019
-0.00748820234 -0.041963997 0.161605312 -0.0728897452 -0.997207403 0.0162642859
0.00230941639 -0.0431220559 0.0986858903 0.0267017055 -0.999553084 0.0134376977
0.00264613117 -0.0430224133 0.106080373 0.0279859789 -0.999509394 0.0140581857
0.071964488 -0.0196147147 0.12291166 0.928039312 -0.37231338 0.0112110851
-0.0453254464 0.0334137167 0.201713809 -0.469877779 0.878472567 0.0866076723
0.0734645846 -0.0122595536 0.148707059 0.977520227 -0.204304352 0.0520964637
-0.0657169082 0.0169488194 0.030002491 -0.945357084 0.216579333 -0.243707746
-0.0347240223 0.037207294 0.203452901 -0.274525791 0.949476898 0.152082771
-0.056833515 -0.0105724591 0.00785882758 -0.850178421 -0.154056504 -0.503451347
0.0192626129 -0.0401812259 0.197515875 0.127567321 -0.990841269 0.044273112
-0.0319272494 -0.0151715356 0.127174327 -0.991933584 -0.126156464 0.0123360353
-0.0590535052 -0.0259019503 0.0237170402 -0.806714058 -0.486593336 -0.335319638
0.032362614 -0.0402414452 0.085841024 0.2032381 -0.979047179 0.0126909427
0.0148230376 0.0252584313 0.257762062 0.493939549 0.798829734 0.34335807
-0.00740740894 -0.0431571204 0.0575644642 -0.0421615839 -0.99907136 0.00888225809
-0.0693149477 -0.0108096821 0.0428038575 -0.973521471 -0.161112845 -0.162168577
0.0466769558 0.0368567542 0.15487022 0.259819627 0.965594172 0.0110294344
-0.0176884058 -0.0396741219 0.00372456719 -0.110311724 -0.876309156 -0.468949497
-0.0277279539 0.00730532878 0.315931286 -0.89100194 0.156997412 0.425989807
0.000979912774 -0.0261927556 0.266817594 0.0541373827 -0.989476323 0.134185895
0.0755763987 0.00418669691 0.0951934636 0.99837625 0.0553808175 -0.0133316144
0.00843790958 -0.026942192 0.292434659 0.227645487 -0.807147205 -0.54469353
-0.03161552 -0.0172930588 0.129504701 -0.988171756 -0.152855799 0.0123140737
-0.0115875794 0.0430562691 0.145715649 -0.121816248 0.992469311 0.0128681548
0.0679286289 -0.0251152875 0.0707363075 0.831021965 -0.551734984 -0.070647411
-0.0334202384 -0.00673858008 0.145861223 -0.990595162 -0.0925366059 -0.100788206
0.00414484854 0.0443979935 0.0655421581 0.0199146215 0.99977541 0.00724129751
-0.00749749554 -0.0437434041 0.0229696729 -0.0374163054 -0.999228418 -0.0119438311
-0.00262807409 0.0432163823 0.165582118 -0.0212068837 0.999611616 0.0180765018
-0.0263704341 -0.0414229664 0.0164752638 -0.159628943 -0.976913393 -0.141982108
0.0027175069 0.0282934857 0.260234908 0.0545457378 0.979851544 0.192134812
0.00351382777 0.0441601241 0.101237395 0.0302908216 0.999484003 0.0106846038
-0.0291046138 0.036218244 0.214978642 -0.221650243 0.947475195 0.230568543
-0.0673010364 0.0105028015 0.204893265 -0.970324874 0.184677958 0.156088978
-0.0167898977 0.0430883568 0.09288533 -0.143785357 0.989434123 0.0185985006
0.0653141051 0.0297248401 0.0968445261 0.619396031 0.78507781 0.00116679212
0.0638141863 -0.0228757443 0.196353615 0.808969498 -0.564836144 0.162875846
-0.0327685694 0.0240242621 0.10361199 -0.981187761 0.146880478 0.125286475
-0.0180890419 0.023949933 0.256014027 -0.53898263 0.779682577 0.318736225
0.0629600641 0.0311578933 0.127711882 0.404519767 0.9144063 0.0149965864
0.0246292817 0.0419614533 0.137820025 0.141964599 0.989770174 0.014173504
-0.0306345982 0.0320632225 0.110954451 -0.976934195 0.193218544 0.0909182876
0.0282258098 0.0422873329 0.0729128212 0.134773746 0.990825057 0.0100786341
0.0383252513 0.0400348128 0.0243624979 0.272268593 0.958407402 -0.0855858177
-0.0219553193 -0.0399524305 0.183431559 -0.16726473 -0.985618651 0.0240494274
-0.0698661941 0.0164490275 0.0862535979 -0.471121639 0.86378336 0.178669259
-0.0343548978 -0.0192649929 0.157400512 -0.93413496 -0.23309727 -0.270291775
-0.0446152991 0.0390288724 0.0330399845 -0.270780027 0.962627947 -0.00506751379
0.0188274921 -0.0246225556 0.307697457 0.519167006 -0.851232529 0.0766078457
-0.0140516803 0.0419888842 0.190492139 -0.0886036679 0.994604349 0.0539590195
-0.0311405924 -0.0295220309 0.226066744 -0.298608422 -0.848151207 0.437575728
-0.0193672791 -0.040816722 0.12034706 -0.235390589 -0.971765339 0.0162278991
-0.00426967476 -0.0254709304 0.269497029 -0.185264826 -0.974462211 0.126887798
0.0659792304 0.00438939979 0.0252227436 0.925932169 0.0558812246 -0.373532772
0.0498644874 0.0366369141 0.099272341 0.319142669 0.947627485 0.0122478111
-0.0234486888 -0.0419898359 0.0177367203 -0.131602198 -0.991044939 -0.0226015002
0.060135558 -0.031599655 0.10216093 0.396474779 -0.918004155 0.00873391982
-0.038738497 0.0330443282 0.175334409 -0.667240143 0.692181766 -0.275090724
0.0700460499 0.0181740391 0.174691399 0.93671298 0.338081717 0.090937078
0.0150139139 -0.034260518 0.234477496 0.0988509208 -0.924739301 0.367539912
0.0312217819 -0.0403879096 0.0920691274 0.204913348 -0.978685737 0.0135915354
-0.0301837428 -0.0263593666 0.12260746 -0.981245399 -0.185407743 0.0527389497
-0.0575420007 -0.0206755999 0.0740321087 0.11521183 -0.71963954 0.684722662
-0.0646152174 0.013338362 0.0239255292 -0.923323929 0.130321071 -0.361233056
0.0684913308 -0.0205942429 0.176213242 0.923978388 -0.363634527 0.118464723
0.0322244041 0.041712232 0.0439581032 0.191344485 0.981520593 0.00216177432
0.0559793737 0.0336521379 0.162004903 0.396089911 0.91804558 0.0174663812
-0.0339762521 -0.00657740381 0.14919247 -0.965642214 -0.0931414664 -0.242610693
0.0214947561 -0.0425026993 0.0283413714 0.142575085 -0.989766002 0.00597055629
-0.0583538999 0.0149982925 0.154932422 0.670190215 0.68533659 -0.284883827
-0.0161052685 0.0412974166 0.198819378 -0.12832804 0.985663474 0.109541938
0.0689297472 -0.0247493058 0.0887447612 0.820037305 -0.571931601 -0.0208119806
-0.00997930961 -0.00640223038 0.0040469246 -0.00691079115 -0.0574602596 -0.998323798
0.00274607731 0.0273104072 0.314559867 0.0394782983 0.50020051 0.865009308
-0.0309354025 0.0211409313 0.00309549295 0.0731889978 -0.151093036 -0.985806465
0.0677552087 0.0203044065 0.188793727 0.937423766 0.326439828 0.121134974
0.0691862486 0.0255572906 0.119204249 0.834123671 0.551447451 0.0119774798
0.0479057868 -0.0351445735 0.162989456 0.301553518 -0.953300714 0.0168309081
-0.0113692254 -0.0428707593 0.0588131548 -0.0904792249 -0.995857716 0.00899259932
-0.0175857546 0.00590685889 0.00407655272 0.000388718327 0.0772440434 -0.997012138
-0.0144805708 0.0423651836 0.172065736 -0.115403511 0.993248701 0.0117929559
0.0135779769 -0.0378721664 0.00154706149 0.0306472275 -0.27352187 -0.961377442
-0.0356751744 0.0404603442 0.015106592 -0.289143682 0.940230429 -0.179895952
-0.0382492558 0.0118169859 0.087905301 -0.905819595 0.096408017 0.412548661
0.0698522083 0.0246927473 0.0948446511 0.838491023 0.544788241 -0.0117753204
-0.0283490236 -0.0229275335 0.00253769599 0.0883989334 0.219992697 -0.971487999
0.0247782662 0.0430172211 0.033176809 0.125280008 0.992105544 -0.0055946596
0.000168603185 -0.0395869963 0.212014565 -0.0648726597 -0.986518502 0.150242984
-0.0257382012 0.0271693136 0.239789528 -0.461640358 0.771165848 0.438396335
0.00821519414 -0.0299685495 0.247962932 0.0867025405 -0.950474799 0.298463255
-0.0481914346 -0.025978695 0.174704435 -0.364171833 -0.73915565 -0.566593111
-0.0655329961 0.0182676845 0.178727892 -0.723839879 0.689850032 -0.012757075
0.0295290416 0.0409976261 0.15124481 0.20304279 0.979045212 0.0156197716
-0.0251411179 -0.0413750858 0.0147039195 -0.165644169 -0.976572454 -0.137361437
-0.0400686557 -0.00686874243 0.0849688249 -0.833154678 -0.120118104 0.539837718
-0.0488783787 -0.0300529188 0.193042633 -0.514165282 -0.857185066 0.0294579156
0.0715943739 -0.00770273015 0.180898784 0.988315523 -0.0810278058 0.129100278
0.0325295809 0.0409751881 0.109365691 0.20558919 0.978552043 0.0129946154
0.0383556794 0.0395630073 0.122970157 0.205586955 0.978541315 0.0138155464
0.0370319831 0.0405368685 0.0269469899 0.272807449 0.961490929 -0.033335574
-0.00010480631 0.0442663834 0.0949324657 -0.024935443 0.999639809 0.00992396567
-0.0256288322 0.00820370319 0.267018137 -0.972380877 0.1471802 0.181144908
0.0671024297 0.016686141 0.0368185576 0.930907011 0.317728847 -0.18016775
-0.0617495984 0.0220082224 0.206236339 -0.761232078 0.645806193 0.0588235185
-0.0240045389 -0.0390485817 0.118806293 -0.440261453 -0.897479594 0.0264643971
-0.0546439048 -0.0132969049 0.160078674 0.329768568 -0.708789825 -0.623594105
0.0170463825 -0.0410193252 0.181289586 0.0753872916 -0.996880531 0.0233651884
0.0123084797 -0.0416095015 0.169925023 0.0765385181 -0.996916831 0.0172816515
0.0652276173 0.015384976 0.213373056 0.945820093 0.167836338 0.277948111
-0.0607367095 -0.0170767214 0.017676985 -0.864853859 -0.222496256 -0.450025767
-0.0177564123 -0.0254964275 0.246556962 -0.369305313 -0.875644028 0.311225086
-0.0729679132 0.00880204314 0.159209925 -0.93676728 0.344137311 0.0635344759
0.0209338959 0.0424830189 0.138260736 0.141300797 0.98985523 0.0148549611
-0.059548518 -0.0289483474 0.0403134074 -0.730086207 -0.683307648 0.00804941915
-0.0664978778 -0.0130299726 0.146295067 -0.381729245 -0.924072087 -0.0193296541
0.060292269 -0.0105506444 0.0148141576 0.870193064 -0.191059858 -0.454158872
-0.00263057608 0.0443338163 0.0732350198 -0.0328522064 0.99944061 0.00625580549
0.0631319155 -0.0206436042 0.0290104854 0.90833956 -0.33134377 -0.255206943
0.0552450287 0.0233953596 0.0128842009 0.804220378 0.405082583 -0.434899658
0.0216818215 -0.0418329817 0.0978122065 0.140674666 -0.98997283 0.0128261931
-0.0368530492 0.000847351517 0.155508867 -0.886822701 0.00877898932 -0.462026387
0.0290062151 0.0423488504 0.0397616352 0.191344485 0.981520593 0.00216177432
0.00103856627 0.027436062 0.290569934 0.0423044413 0.862678349 -0.503980696
0.0420959937 0.0381785428 0.0185975457 0.386157036 0.91217351 -0.137193844
0.0573648998 -0.00417454104 0.00769975829 0.886126697 -0.1308541 -0.444585919
0.063686573 0.0303554627 0.138645537 0.618290782 0.785671055 0.0209140554
-0.0462172494 0.00988115638 0.235595408 -0.631939948 0.11929673 0.765780807
0.0513422001 -0.0343580093 0.141800128 0.312249184 -0.949883699 0.0148810511
0.0259000692 0.0392005111 0.00415292998 0.20571962 0.836941957 -0.507156312
-0.00496968896 0.0443743492 0.0198182049 -0.0212339442 0.998842001 -0.0431714095
-0.0670233087 0.0141254328 0.200312316 -0.932215929 0.341875792 0.118719235
0.054233485 0.0175074735 0.228799841 0.645043552 0.206860006 0.735613883
0.0313832422 -0.000299291677 0.29603075 0.893791199 -0.077315487 -0.441768795
-0.0705095653 0.00953729543 0.182704944 -0.967701316 0.220497936 0.12220782
0.0480567881 0.0372157068 0.0329714584 0.363432199 0.930378795 -0.0480865724
-0.0748451563 -0.000481906773 0.153500471 -0.987740278 -0.136918306 0.074983567
-0.0370023671 -0.0339386557 0.207629212 -0.339538753 -0.927940428 0.15375255
-0.0452970761 -0.00698747277 0.236269346 -0.630777419 -0.170973584 0.756893575
0.0551482726 -0.0334434202 0.0449944202 0.468880773 -0.882349551 -0.0401248448
-0.0340371803 -0.00925523067 0.105167458 -0.986388564 -0.10613586 0.125590175
-0.0206077265 -0.0403181281 0.143147377 -0.221925348 -0.975057125 0.00359123759
-0.0153571817 0.043485504 0.0791455812 -0.0890027657 0.99600184 0.00767599046
-0.061033493 0.0191537623 0.218343215 -0.721952558 0.436531842 0.536865532
0.0707261349 0.00434088159 0.190607683 0.989434063 0.0496841334 0.136205077
0.00880306961 0.0441628774 0.0853101668 0.0229856502 0.999703586 0.00802847277
-0.0326166575 0.0107289571 0.136185953 -0.996373057 0.0789110586 -0.0318372063
0.0510875083 0.021269401 0.230090353 0.559761286 0.291601121 0.775651932
0.0509241338 -0.0352723851 0.0881361648 0.32041201 -0.947175264 0.0139711564
0.00792338425 0.0439610289 0.107054348 0.0302900467 0.999460876 0.0126686124
0.0648138574 0.0298916941 0.0774711986 0.629367411 0.77693826 -0.0162272509
-0.0466372137 0.020058925 0.00282251908 -0.0188301057 -0.0808217674 -0.99655062
0.00683404265 0.0247885765 0.315676988 0.117294438 0.513462007 0.850058019
-0.0486823567 -0.0183724334 0.166911448 -0.299964577 -0.649698615 -0.698507607
0.0067841296 -0.0273703539 0.257108201 0.122854099 -0.957359433 0.261475921
-0.0679981332 0.00659426555 0.204723117 -0.984619617 0.0623950027 0.163190454
-0.0297915585 -0.038056587 0.173177509 -0.47613579 -0.865383148 -0.156226471
-0.0385182969 -0.0280799237 0.0776960977 -0.789527833 -0.364622861 0.49365589
-0.0716904787 -0.00389968635 0.179654537 -0.982054591 -0.125235319 0.141014382
-0.0118438455 0.0435190168 0.109155747 -0.131656691 0.991174042 0.015504105
0.0250879343 -0.00917806835 0.28527032 0.905213058 -0.344485521 -0.248835474
0.016656789 0.0216940634 0.00342078792 -0.0330260098 -0.0847668573 -0.995853305
0.011530937 -0.0434285834 0.0341565874 0.0762287006 -0.996836603 0.0224912614
0.0757662987 -0.00170064784 0.107343288 0.998004436 -0.0630993545 0.00237752846
0.0756920081 0.000215685408 0.0898642599 0.99807322 0.0565061308 -0.0256302934
-0.0570510581 0.00919773281 0.139561631 0.865234554 0.4963907 -0.0704646185
0.059721498 -0.0300505674 0.0409308337 0.677949786 -0.728295028 -0.0998522788
-0.045353975 -0.00559893239 0.00316118658 0.0105847185 -0.0232027657 -0.999674737
0.0649679736 -0.0274119193 0.163721028 0.587385535 -0.808628917 0.0331296064
-0.0670834422 0.0214219408 0.0457517634 -0.876558244 0.462382197 -0.133598059
-0.0546017888 0.0270022779 0.212972603 -0.564237654 0.804268301 0.186516583
0.0624513232 -0.0279552736 0.181126977 0.597424626 -0.795370221 0.10232345
-0.0201539997 -0.0406368087 0.119709111 -0.235390589 -0.971765339 0.0162278991
0.0743948247 -0.0120943422 0.0947107402 0.979156911 -0.202479467 -0.0159269068
-0.0377104481 0.0276203766 0.16599143 -0.764447749 0.42736581 -0.482678056
0.0337932295 -0.0364308165 0.212303022 0.281545311 -0.949717224 0.137001127
0.0280350731 -0.0307607145 0.00190204297 0.029876234 0.12853314 -0.991255045
-0.0152019215 -0.0418159314 0.111146845 -0.135917813 -0.990636706 0.0128536578
-0.00615172661 0.00317716566 0.317046735 -0.024150325 -0.0174106564 0.999556661
0.0635536542 -0.0271797542 0.180719127 0.597424626 -0.795370221 0.10232345
-0.00988465985 0.0409764073 0.209144617 -0.13133812 0.985285521 0.109374784
-0.0664341528 -0.0213404313 0.0470573733 -0.850122273 -0.51394999 -0.114662938
0.0256390825 -0.0403880245 0.155658983 0.140069902 -0.99001205 0.0160180964
0.068115362 0.0269682172 0.0825305728 0.840371549 0.541543305 -0.022503173
-0.0280599623 0.000286216843 0.316346232 -0.917751968 0.0296559297 0.396045357
-0.0121180847 0.0427882436 0.161202737 -0.117111817 0.993027687 0.0134435203
-0.0270831646 -0.0385985079 0.0956167019 -0.455820471 -0.887517512 0.0673831403
0.0125930363 -0.0431290286 0.0520544079 0.0737191364 -0.997252822 0.0072402074
-0.0613753806 -0.000145358999 0.0139438968 -0.891688883 -0.0651815906 -0.4479312
0.0718408682 -0.0198250816 0.12488517 0.927841723 -0.37228474 0.0226671714
-0.0168279943 0.0422187779 0.16251785 -0.116284259 0.993137956 0.0124508394
0.00575310395 0.00530603519 0.317256964 -0.00618450204 -0.0124687813 0.999903202
0.0687111829 0.0250816577 0.146111261 0.838030457 0.544085026 0.0409437865
0.0137194547 -0.0272658438 0.297825807 0.413920194 -0.901191592 -0.12854439
-0.0369290686 0.018793883 0.0887409418 -0.906880736 0.141226768 0.397016972
-0.0438420922 -0.00573587984 0.237947964 -0.680668414 -0.169498906 0.712713718
-0.0634072235 0.0149115841 0.100671739 0.550166905 0.819674194 0.159532383
-0.0297968961 -0.0400120673 0.0654928631 -0.214428678 -0.976102531 0.0352735072
-0.035458492 -0.032047592 0.169420398 -0.678850293 -0.514626265 -0.523757637
0.0688841817 0.0232244478 0.163626801 0.836406708 0.545113981 0.0572239272
0.00482970449 0.0230045249 0.316603717 0.0293611288 0.0792107657 0.99642539
-0.0231892194 -0.0396111059 0.113028238 -0.437395006 -0.898461342 0.0381158069
-0.00679560259 -0.001557004 0.316973488 -0.0248215422 -3.54120966e-05 0.999691784
0.00454684621 -0.0259741032 0.266051326 0.161446884 -0.976932824 0.139775068
0.0394332661 -0.0388104331 0.0769110879 0.263895571 -0.964483857 0.0114062466
-0.0021803077 0.0120463068 0.00435229453 -0.0262213293 0.0103296377 -0.999602795
0.0175415062 -0.0427816149 0.0495215724 0.0737191364 -0.997252822 0.0072402074
-0.0203814245 0.0353393274 0.225627175 -0.245424539 0.910903871 0.331693918
0.00368319325 0.0284759429 0.25903028 0.0545457378 0.979851544 0.192134812
0.0644000808 -0.0196791691 0.0322720176 0.90833956 -0.33134377 -0.255206943
0.0553950775 -0.0270270507 0.212950779 0.638415813 -0.721504331 0.268060982
0.00469474262 -0.0433660894 0.013819469 0.0270818714 -0.990559936 -0.134378374
-0.016162107 0.0431059946 0.0130405278 -0.0679905638 0.989088714 -0.130693138
0.0197120513 0.0165723149 0.00364439351 -0.0313993692 -0.0279118437 -0.999117136
0.047776294 -0.0354532204 0.0235346457 0.407922685 -0.897843122 -0.16576162
-0.00416350778 0.0320628089 0.245887707 -0.0771431625 0.952059925 0.296025038
0.0348773016 -0.0388790836 0.14106479 0.205218956 -0.978585482 0.0159846582
-0.0734259133 0.00264518637 0.169061037 -0.992384374 0.0459041446 0.114306837
-0.00887425462 0.0441690474 0.0674299172 -0.0328524895 0.999435186 0.00707886508
-0.0748385705 -0.00368625461 0.0771059455 -0.992826998 -0.090192534 -0.0784846544
-0.052474396 -0.0249663738 0.212311205 -0.576507926 -0.783194959 0.232903704
-0.0074496194 0.0443028231 0.0574428769 -0.0330433138 0.999399126 0.0104676848
0.0472563527 -0.0294646651 0.00792006257 0.586216748 -0.670866072 -0.454190075
-0.0330433544 -0.016109363 0.106711503 -0.987582743 -0.129792035 0.0885120183
0.0481235306 0.036997534 0.0298283497 0.387149662 0.919163764 -0.072477974
-0.0271242045 0.0349137046 0.221287129 -0.261835665 0.917454481 0.299531758
-0.0302014693 -0.026906326 0.120326661 -0.980990171 -0.187028632 0.0517556965
-0.0754276395 -0.00308222432 0.129062719 -0.963090658 -0.268280208 0.0219532624
-0.0161676899 -0.0387772728 0.206651195 -0.137223095 -0.981540084 0.133224979
-0.00280037089 -0.0433609006 0.0563485341 -0.0408224948 -0.999134779 0.00794934295
-0.0250324245 -0.00762706148 0.268866098 -0.96529299 -0.184288457 0.185059994
0.00241810485 0.0405573166 0.220844698 -0.0473797545 0.976412892 0.210649177
0.00582637617 -0.0420977073 0.161102662 0.0286845453 -0.999421179 0.0182885304
0.0386485988 0.0395562606 0.118009973 0.263697624 0.964508653 0.0136571433
0.0199644988 0.0182258033 0.285093915 0.677210987 0.701805711 -0.221029818
0.0114094758 -0.0240731493 0.288568979 0.34781149 -0.919072747 -0.185290217
0.034250723 0.0406727423 0.105178896 0.204972669 0.978682637 0.0129140783
0.0537657666 0.0346129511 0.150518903 0.312918127 0.949667275 0.0146385441
-0.0579814959 -0.0231479618 0.18261789 -0.620953977 -0.781555951 -0.0598871484
0.0227588777 0.0427469953 0.0992352905 0.140222564 0.990034759 0.0129955625
-0.0501731514 0.0357271123 0.0212951686 -0.613250852 0.756156087 -0.228366449
0.0323370426 -0.00814315129 0.00327640519 0.00385788223 -0.0219284892 -0.999752104
-0.0313757706 0.00365657726 0.30398642 -0.985167861 0.0567083694 0.161952004
-0.0240988899 -0.022307288 0.245961869 -0.504147589 -0.756787002 0.416063279
-0.0400432147 0.0356341786 0.190242383 -0.52113992 0.851850808 -0.0525691137
0.0650995525 0.0146219337 0.2142696 0.945820093 0.167836338 0.277948111
-0.0282354911 -0.00349511798 0.00383386783 0.0122909257 -0.0348451845 -0.999317229
0.0594045967 0.033106458 0.0996027128 0.408995539 0.912494957 0.00869637169
-0.0650659294 0.0174281449 0.0279032742 -0.945357084 0.216579333 -0.243707746
-0.0730713396 0.00603458363 0.167761176 -0.974683642 0.203734249 0.0921094045
0.0327694011 -0.0329824637 0.00231200563 0.187073886 -0.184983581 -0.964771688
0.0246953615 0.0412152425 0.18460215 0.132049203 0.991102517 0.0166980755
-0.0324505656 0.0124063289 0.129093487 -0.995703101 0.0914441496 0.0146044595
0.00944457758 0.0422705911 0.201856998 0.0431174561 0.998517573 0.0332193114
-0.0428861809 0.0326693955 0.185517874 -0.534147978 0.814086676 -0.227922872
-0.0467395583 -0.0152204444 0.0764971371 -0.214199513 -0.387761265 0.896526515
-0.0321354499 0.0177144129 0.245020087 -0.656289756 0.487906247 0.575526774
0.0260897017 -0.0418325109 0.0297156122 0.142575085 -0.989766002 0.00597055629
-0.0729652195 0.00974284841 0.0645662895 -0.981152236 0.162973017 -0.103826568
-0.0335267084 -0.025169016 0.0934079423 -0.947723389 -0.202172145 0.246873915
0.0145447785 -0.00436268312 0.00359278408 -0.0202902518 -0.0154293003 -0.999675035
-0.0338085295 -0.00033231542 0.11520188 -0.997324705 -0.0441702716 0.0582441725
-0.0164965429 0.0413410048 0.197359185 -0.128131822 0.989858329 0.0613403097
-0.0206799384 -0.0230056773 0.249304906 -0.486874014 -0.814769864 0.314807534
0.0556841494 0.0202077367 0.226768449 0.645043552 0.206860006 0.735613883
-0.0628989175 -0.0130700683 0.100045607 0.515901625 -0.847427845 0.125345647
0.0370511722 0.0401138686 0.103186554 0.204214752 0.978825927 0.0140047325
-0.0251626297 0.00919095725 0.268237148 -0.952680111 0.24328059 0.182250768
-0.0169556904 0.0419343922 0.181371991 -0.11330051 0.993357599 0.0200892519
0.0682357615 0.026969363 0.12038482 0.834123671 0.551447451 0.0119774798
0.0502548425 0.0359860695 0.135848857 0.316874176 0.948369801 0.0136164147
-0.0323620551 0.0106372933 0.0040541425 0.0412354246 -0.046692498 -0.998057842
0.0716451982 -0.0175586616 0.0700640977 0.933651805 -0.345975041 -0.0927127302
-0.0598044072 0.0118939451 0.0961304918 0.778434098 0.564234674 0.275099188
0.00196008722 -0.000208275468 0.317159916 -0.0111204041 -0.00335826492 0.999932528
0.0578433417 0.0104045793 0.00992898971 0.846235812 0.171822131 -0.504343331
-0.0448930029 -0.0155402657 0.232739334 -0.537486851 -0.51898551 0.664651692
-0.0297237513 0.0308302826 0.229254264 -0.323912561 0.856423318 0.402019382
-0.0688755815 0.0145061568 0.161254742 -0.748093367 0.663450897 -0.013759234
0.0569536861 -0.00407873865 0.00685195012 0.886126697 -0.1308541 -0.444585919
0.0739040975 0.0129539771 0.13943816 0.981357574 0.18857418 0.0371084176
0.0122399674 0.0417817683 0.00547411125 0.0757508129 0.966968298 -0.243380681
0.0595601809 -0.0224469304 0.212805276 0.770654619 -0.57070297 0.283530712
-0.0623175279 0.014194576 0.100597742 0.550166905 0.819674194 0.159532383
-0.0322074552 -0.0385010152 0.0745868188 -0.444470853 -0.887431622 0.122109465
-0.00932442421 0.0370747048 0.00108761311 -0.00842953939 0.119135454 -0.992842197
-0.0257033463 0.0400679858 0.15872893 -0.362439454 0.93145448 -0.0320974588
0.0118760339 -0.0435370281 0.0228554241 0.0832833275 -0.996311367 -0.0206780992
0.0753060026 0.00458056584 0.132917657 0.998092353 0.0574657172 0.0225682538
0.0270385603 0.0406697723 0.00917175886 0.210836917 0.941985488 -0.261172712
0.0414937 0.00521443655 0.241375181 0.681500554 0.0240247361 0.73142314
-0.0560407153 -0.0123956847 0.0070950488 -0.771445036 -0.150755763 -0.618178964
-0.03752063 0.0405082491 0.0494445898 -0.20447205 0.97832489 0.0327345617
-0.00390914794 -0.0414549327 0.189084696 -0.0266357232 -0.998315871 0.0515353605
-0.0166251368 0.011085034 0.00441490925 0.00792267825 0.00270512304 -0.999964952
0.0211761507 -0.0424453369 0.0381076334 0.135573447 -0.990740001 0.00735187763
-0.0565769876 -0.0198990559 0.218078003 -0.623817682 -0.639891982 0.448764771
-0.0539866679 0.0203503312 0.167393984 -0.00666277716 0.910310149 -0.413873315
0.0477225337 0.0372179846 0.107743856 0.263945282 0.964444757 0.0133859785
-0.0650240869 -0.0216479158 0.0374602392 -0.878536463 -0.465773523 -0.105965488
-0.0688451174 -0.00253866182 0.0351126462 -0.96474731 -0.0702893063 -0.253618091
-0.0069588912 -0.0434770209 0.0358363052 -0.0384953469 -0.999127686 0.016189076
0.0647725098 0.00671800415 0.0225798365 0.925932169 0.0558812246 -0.373532772
0.0549094748 0.0162391724 0.00749688843 0.819097817 0.28313452 -0.498912543
0.0233477016 0.0223241068 0.305584192 0.692264378 0.698239684 0.18229492
-0.0362886856 -0.00802686641 0.245173015 -0.730411172 -0.170782387 0.661311507
-0.049175416 0.0209940915 0.00323780333 -0.329633534 0.113075309 -0.93731308
-0.0564578111 0.00160013314 0.106148323 0.994489551 0.0994262397 0.0332409404
0.00503696077 -0.0197433708 0.316489961 0.0262144655 -0.0910970792 0.995496929
-0.0524309283 -0.0335954964 0.0382785054 -0.480876833 -0.868722141 0.118655995
-0.0302160084 0.033509558 0.14785554 -0.914640486 0.396632731 -0.0782009959
0.0648762112 -0.0241213548 0.0438145585 0.845986664 -0.509286165 -0.157905802
0.0729641467 0.0159932907 0.0754374827 0.945554852 0.319993675 -0.0594146326
-0.0212394305 -0.0401993589 0.15712962 -0.207006782 -0.978334844 -0.00302541582
-0.00216520477 -0.0377965689 0.220714059 -0.0952250287 -0.969180644 0.227202713
-0.0600397669 -0.0135299069 0.0872418478 0.745584905 -0.574258864 0.338127047
-0.0410578084 0.0248853417 0.167514654 -0.606458247 0.545884073 -0.578116715
0.0338238293 -0.037435173 0.202327128 0.190618306 -0.978354454 0.0805428401
-0.0142690352 0.0436369988 0.0725616069 -0.0901318714 0.995888591 0.00906254631
-0.0222516746 -0.0128803602 0.27613153 -0.866518676 -0.497433484 -0.0412960388
0.0298672018 -0.0394274266 0.169010222 0.196458414 -0.980327308 0.0190370716
-0.0112013976 0.0428555517 0.161114537 -0.0702199936 0.997384191 0.0171455741
-0.0110604648 0.0437287291 0.0150993699 -0.0679905638 0.989088714 -0.130693138
0.0287157448 0.0423531195 0.0291341726 0.188567042 0.982004881 -0.0104364613
0.013352465 -0.0390667879 0.00211165756 0.0459886491 -0.651597142 -0.757169902
-0.0455121645 0.00550323227 0.00317358488 0.0165056884 0.0213683359 -0.999635458
-0.0642443841 -0.0150125405 0.0909600968 0.101457179 -0.96418041 0.245076805
-0.0362622658 0.0407219601 0.05091771 -0.20447205 0.97832489 0.0327345617
0.0550549727 0.0220724877 0.226551036 0.60252732 0.331952274 0.725788176
-0.0200330951 -0.040452988 0.142104096 -0.221950293 -0.975049436 0.00407991698
0.0744285945 -0.00491028379 0.151737964 0.995639861 -0.0672356561 0.0646579564
0.0397705435 -0.0378752479 0.132510092 0.2637541 -0.964476585 0.0147882588
-0.00645088586 -0.0432208561 0.0549359287 -0.0421615839 -0.99907136 0.00888225809
-0.0223967013 -0.041170329 0.0759740201 -0.169711754 -0.985240102 0.0223573446
0.00285222828 0.0267786786 0.269240759 0.0577960797 0.988274872 0.141323894
-0.0498614985 -0.0234840061 0.220806868 -0.515270472 -0.759050965 0.397916973
-0.0277190012 -0.00256494274 0.260884704 -0.948312581 -0.0789873749 0.307350278
0.0244101555 -0.0407530068 0.144119127 0.141561687 -0.989803135 0.015810445
-0.0337617226 0.00360114341 0.114264281 -0.997759044 0.0322398655 0.0586297438
-0.0334024517 0.0404565012 0.0120657711 -0.186241582 0.969610929 -0.158646703
0.0304445977 0.0364053313 0.227352714 0.260577261 0.832076609 0.489640564
-0.0233926919 0.0398063618 0.00374690821 -0.136885956 0.858787239 -0.493707091
-0.0511266641 0.0339612825 0.0676077462 -0.392325789 0.889376223 0.234713554
0.0138831378 0.0276598549 0.252587704 0.369272023 0.846311927 0.383919895
0.0651273449 0.0256170767 0.0463180373 0.858425975 0.486482412 -0.162602946
0.0507420843 -0.0343836862 0.15404167 0.308794916 -0.951066852 0.0108426735
-0.0620697523 -0.00284700857 0.22216109 -0.826659083 -0.110559098 0.551734924
0.0376201697 -0.0384962928 0.128310329 0.20643343 -0.978348374 0.0148265325
0.0471873164 0.0368957903 0.140852655 0.263593346 0.964538634 0.0135598043
-0.0240403293 0.0201204352 0.309269773 -0.720855117 0.629771411 0.28940627
-0.0359467028 0.0334158036 0.21824444 -0.265519857 0.904731274 0.333107173
0.0612586802 -0.00399683693 0.223953767 0.835712135 -0.0991566032 0.540141761
-0.0164449342 0.0132183053 0.00444014021 0.0124971392 0.0155634759 -0.999800801
0.0124609654 -0.0269234083 0.311773458 0.397322595 -0.855346501 0.332441092
0.0619176779 0.0307474314 0.165222782 0.613443315 0.788831651 0.0378405005
0.0472766256 0.0358600047 0.198919494 0.303116024 0.952764213 0.0190003887
0.0369325704 0.0108877402 0.003324078 -0.000697869807 0.020884404 -0.999781668
0.0608931551 0.0301640891 0.188836104 0.627071023 0.775681436 0.07141532
0.0747206005 0.0107004338 0.126544046 0.982442081 0.185200229 0.0225479323
0.0707225601 -0.00950671998 0.184747556 0.969933748 -0.207264602 0.127553597
0.0245894341 0.0106969747 0.268422456 0.916083694 0.357694924 0.181232005
-0.0208279825 -0.0402974761 0.161745412 -0.200975135 -0.979583919 -0.00493629137
0.0683027402 -0.0217452866 0.055747607 0.849427938 -0.512105167 -0.127359673
0.0744100813 0.00331759861 0.0703653 0.992940247 0.0557436049 -0.104700595
0.0521094887 -0.034653523 0.103186362 0.316354543 -0.948538661 0.0139385303
0.0259863806 0.041552945 0.152656807 0.139780298 0.990090489 0.0135023575
-0.0743981164 0.00888067873 0.0792874395 -0.955768108 0.292228013 -0.0333190225
0.0571757781 -0.0325097325 0.129124875 0.392598629 -0.919608891 0.013630541
0.0751705794 0.00529309868 0.135790486 0.997738838 0.0574660078 0.0348574109
0.0405092075 0.0387734123 0.136993884 0.262538105 0.964809716 0.0146960961
0.0214859442 0.0414881939 0.193681001 0.120085672 0.992596924 0.0181894582
0.0175029631 0.0435706323 0.0816231986 0.0767449364 0.997003794 0.00967723504
0.00565135812 -0.0176206365 0.00401649166 -0.0363992229 0.0732897595 -0.996646225
0.074070658 0.0145032409 0.123593159 0.982616663 0.185218737 0.0125916749
0.0647027488 0.0299986796 0.0782842074 0.629367411 0.77693826 -0.0162272509
0.0184077004 0.0436832731 0.0233687671 0.123741075 0.990925193 -0.0524918996
-0.0544393072 -0.0201420694 0.22057924 -0.581737697 -0.688419938 0.433196485
-0.0313425814 -0.0378977119 0.182259597 -0.362545341 -0.931848943 -0.014779903
-0.0624034664 -0.0223184449 0.0707698301 -0.356659889 -0.910788 0.207987845
0.0305188829 0.00126444529 0.311109653 0.961201489 0.0653910115 0.267984569
-0.016677257 -0.0419075469 0.0880921842 -0.165136412 -0.98606956 0.0199209619
0.0744130904 0.0118236304 0.130564885 0.982067704 0.186997563 0.0239797775
-0.0516195346 0.0137624738 0.160452065 0.364809394 0.568793595 -0.737148523
-0.0606244919 0.0193379815 0.1661338 -0.227561697 0.958707213 -0.170576558
-0.0538698163 -0.0315210193 0.0478471536 -0.423487157 -0.884742498 0.194651768
0.00318922039 -0.0426695745 0.130488781 0.0301894899 -0.999447823 0.0138804633
-0.0563030364 0.0191494238 0.16431237 0.22598657 0.795952559 -0.561595559
0.0430264272 -0.0327475943 0.00762790979 0.459903628 -0.784376025 -0.416224688
-0.0160017106 -0.0410698934 0.16757372 -0.120999575 -0.992578387 0.0121323103
-0.0184142519 0.0224603921 0.292216808 -0.519624233 0.669445336 -0.530879974
0.0297687513 -0.0318684817 0.231783873 0.34242782 -0.817656875 0.46279636
-0.0476288111 0.0222207749 0.0768828028 -0.136007264 0.302601129 0.943363428
-0.0453443011 0.0327739438 0.193317873 -0.523624003 0.845629156 -0.103582047
0.00944869761 -0.0315835096 0.243059679 0.0404399559 -0.952543616 0.301704079
-0.0308533205 -0.0269354063 0.14967382 -0.972302258 -0.191503182 -0.133996055
-0.0368069106 -0.0393722447 0.0465833027 -0.243476123 -0.968255401 0.056575492
0.00399444258 0.0432382788 0.164345009 0.0258438978 0.999518394 0.0171762295
-0.00523461678 -0.0415682709 0.185078842 -0.0267239213 -0.999221325 0.0290285479
0.0556139213 0.0327225914 0.199550377 0.404903233 0.912238359 0.0622462332
0.0582406007 -0.0174418562 0.221978756 0.770854414 -0.408056617 0.489155471
0.0569948031 0.0162920155 0.0109517072 0.81941098 0.2848382 -0.497426033
0.050856819 0.0353316459 0.168264073 0.30434075 0.952404797 0.0173747092
0.00555959272 -0.038458715 0.219824065 -0.0279159024 -0.978491366 0.204390481
-0.0167216587 -0.0237324571 0.253950442 -0.475102186 -0.847601473 0.236325756
-0.0500327707 0.0154518479 0.00324406986 -0.268999368 0.0338546447 -0.962545156
-0.0478338736 -0.0109097579 0.161891403 0.261716664 -0.42700696 -0.86554575
-0.0651818753 0.0148363353 0.210741496 -0.918612242 0.309923977 0.245150447
0.0259054525 0.0417803673 0.137683317 0.141964599 0.989770174 0.014173504
-0.0333271145 -0.000188927324 0.123553965 -0.997324705 -0.0441702716 0.0582441725
0.0180663984 0.0434664125 0.0878765321 0.078037113 0.996888578 0.0111033777
-0.0302085657 0.0101906645 0.30520651 -0.949299276 0.26455313 0.169831112
-0.049568465 0.00628697284 0.233387935 -0.631332099 0.117594495 0.766545057
-0.0569721678 -0.0184366702 0.0115896757 -0.803028941 -0.327119917 -0.498133689
-0.00925152076 0.044446451 0.0244405801 -0.0686255693 0.996673524 -0.0439566672
-0.0544941207 -0.0263168571 0.190618699 -0.593675256 -0.803850949 0.0370598659
-0.0301462324 0.0342841804 0.108305863 -0.91904074 0.384714454 0.0857837722
-0.0104603827 0.0427950975 0.167724798 -0.0709102526 0.997332692 0.0173019599
0.0300496139 -0.0394106705 0.167990696 0.196458414 -0.980327308 0.0190370716
-0.0358092068 0.0330775236 0.168937029 -0.749284625 0.503186524 -0.430553049
-0.0666584211 0.00890883367 0.0281805301 -0.959567964 0.132418692 -0.248383984
0.0224605871 0.042829452 0.0959073189 0.140223548 0.990051389 0.011644735
0.0558870292 -0.0333894204 0.10316366 0.31792748 -0.94804132 0.0118230963
0.0472908186 -0.0325729306 0.209710947 0.33801806 -0.923230588 0.18272683
-0.0302005263 0.0298010509 0.0011158441 0.0500960685 -0.225462154 -0.972963095
0.0151849326 -0.0419588139 0.135836576 0.0801145732 -0.996665061 0.0155051071
-0.0258978539 -0.0403656772 0.0773805007 -0.251848757 -0.966750324 0.0443388112
0.0322893852 0.033438644 0.231079482 0.244502544 0.781408429 0.574124813
-0.0535763774 0.00334961755 0.0859954895 0.927596688 0.133044004 0.349089682
0.0101348071 -0.041870033 0.00758792398 0.0823309124 -0.961567163 -0.261935413
0.0395663845 -0.0369809491 0.183622254 0.24719663 -0.968573809 0.0275435653
-0.0428766795 0.0271127244 0.172293073 -0.658623636 0.590885043 -0.465907395
-0.0200257585 -0.0400132766 0.189558649 -0.137438849 -0.987784445 0.0734330863
0.0422350743 0.037633317 0.0165043886 0.413194865 0.872065663 -0.262243181
0.0152805734 0.0170153241 0.0037610327 -0.0393831655 -0.0128689129 -0.999141276
-0.0721216334 -0.0107058205 0.107167502 -0.602544785 -0.797405005 0.0329380929
-0.02394434 0.0108546788 0.277993805 -0.934558809 0.354753911 -0.0273746401
-0.0248004137 -0.0118512286 0.263159281 -0.8582955 -0.420101404 0.294692457
-0.00536215769 0.0394732541 0.222132271 -0.124753982 0.967367887 0.220535189
0.00451599196 -0.0339713613 0.00100505028 0.00416334253 -0.017251255 -0.999842465
0.0094332789 -0.0419210667 0.165167159 0.0773549601 -0.996842146 0.0179389194
-0.0406691908 -0.0333665851 0.202500554 -0.390283495 -0.908099592 0.151769534
-0.0344895625 0.0190862673 0.154723927 -0.912457705 0.144487768 -0.382811189
-0.0241286815 0.00437330826 0.00394595325 0.0116531691 0.0485896394 -0.998750865
-0.0528028545 0.00990272369 0.156190762 0.767102778 0.435766608 -0.470808715
-0.0270003569 0.00235722667 0.289372079 -0.971509695 0.0341148823 -0.234531447
0.0538048485 -0.0344717161 0.0653478791 0.330125779 -0.943936884 -0.000391867565
0.0216693888 -0.0195747138 0.31347179 0.474987209 -0.554547489 0.683274686
-0.0708173152 0.00689724727 0.0463764107 -0.983150661 0.0477162227 -0.176459506
0.0231746942 0.0317793365 0.238171324 0.215025574 0.836415231 0.504156172
-0.0131063655 0.0441260873 0.0232877626 -0.070217669 0.996631861 -0.0423605591
-0.0335505189 -0.0279817861 0.162061855 -0.847953856 -0.378688723 -0.370902985
-0.0317300819 -0.0176838458 0.140823923 -0.987836957 -0.152727231 -0.029195901
0.0685442432 -0.0249304153 0.0799664589 0.824067056 -0.565573335 -0.0322528258
-0.0673714724 -0.0179201254 0.0417930118 -0.902996302 -0.407663554 -0.135677233
0.0109742921 -0.0419670492 0.155771965 0.07874991 -0.996736348 0.0177520867
0.0107118257 0.0441279839 0.0770634165 0.0767454803 0.997028708 0.00662655057
-0.0670797127 -0.00552015547 0.207685979 -0.976807654 -0.127203539 0.172238126
-0.0248207633 -0.0389563811 0.109738779 -0.437395006 -0.898461342 0.0381158069
0.0527115806 -0.030106757 0.209345073 0.455480844 -0.861957014 0.222636968
0.00118982336 -0.0426774992 0.133356444 -0.0195373166 -0.999726951 0.0128205102
0.035731272 -0.0334802287 0.224340298 0.290293276 -0.929709554 0.226649284
-0.00112592572 0.0435263284 0.149122554 -0.0170831867 0.999714077 0.0167353954
-0.0697955369 -0.016802358 0.0581745536 -0.886274517 -0.456546903 -0.0779898018
-0.021551189 0.0153421516 0.27920482 -0.797998548 0.602248013 -0.022260705
-0.0269357607 0.0389607658 0.1090603 -0.717359841 0.693273425 0.0690418705
0.0059438721 -0.0437856232 0.0304586616 0.0228861459 -0.999443114 0.0242815297
0.0686233756 0.0099512554 0.0367756353 0.965691507 0.184451804 -0.18280448
-0.0071735718 0.0306714923 0.302881811 -0.193820953 0.980104268 -0.0427663885
-0.0737355896 0.0104780545 0.074275161 -0.959596574 0.279555351 -0.0319879614
-0.0544835537 0.0228636229 0.173756982 -0.332646757 0.893537998 -0.301555723
0.0271503579 -0.0410007076 0.101649387 0.140673786 -0.989949644 0.0145096239
-0.0363966061 0.0182319176 0.158418872 -0.808076859 0.187169835 -0.558550835
-0.0512315361 0.0294849338 0.194603792 -0.514422774 0.849121034 -0.119844154
-0.00649390273 -0.0354633337 0.0009852215 0.00406257855 -0.0171548147 -0.999844491
-0.0632388969 -0.0171024966 0.203286641 -0.794062793 -0.594761074 0.125393435
-0.0328905264 -0.00936486363 0.119373194 -0.992993534 -0.10368792 0.056680575
-0.0385268359 -0.0386659072 0.0155450489 -0.342390984 -0.916609108 -0.206388444
0.0185575346 0.0207574547 0.289492876 0.5400576 0.706089497 -0.458012372
-0.0753972301 0.00315171484 0.142100732 -0.982495308 0.183256656 0.0334664807
-0.0135634857 -0.0427444851 0.0507191806 -0.0904792249 -0.995857716 0.00899259932
-0.0065355283 -0.0419281585 0.167843668 -0.0731607825 -0.997166276 0.0175221376
-0.0206129132 -0.0412619873 0.087804735 -0.156674832 -0.987615407 0.00830755383
0.0639863779 0.0306106468 0.079800173 0.629367411 0.77693826 -0.0162272509
0.00150767384 -0.0294554007 0.00196517019 -0.00643906696 0.310003251 -0.950713694
0.013247953 0.0435858101 0.110492658 0.0799339488 0.99672091 0.0125662787
-0.000659080617 -0.0434464987 0.0565861421 -0.0408224948 -0.999134779 0.00794934295
-0.00216822451 -0.0427256168 0.124788846 -0.0211904924 -0.999677956 0.0139583871
-0.0320343682 0.0417292089 0.0420027924 -0.169980794 0.985199869 0.0220873617
0.0438313909 -0.0354438093 0.193764424 0.247001842 -0.967553079 0.0532081388
-0.0149859608 0.0428367102 0.128807812 -0.125100806 0.992075264 0.0116873942
-0.00572723921 -0.0301121005 0.297609092 -0.152510375 -0.976507604 -0.152228713
-0.0339000954 0.0107382039 0.106900249 -0.992339969 0.0820513889 0.092352204
0.0661726871 0.0278921214 0.154323304 0.616768718 0.786593437 0.0294494051
-0.0549081347 0.00247409856 0.137043 0.990353525 0.111239098 -0.0826180503
0.0736130629 -0.0153018791 0.126632269 0.927841723 -0.37228474 0.0226671714
0.0342838033 -0.0395704981 0.0177544408 0.297645539 -0.948927999 -0.104607746
-0.0185144684 -0.0426299587 0.033307683 -0.12075083 -0.992387176 0.0242281184
-0.037944372 0.0400865625 0.0162590099 -0.246116027 0.95054096 -0.189469501
0.00670877851 0.0252212765 0.282501966 0.248294726 0.968236625 0.0294525046
-0.0304377322 -0.0279803246 0.148078598 -0.967547357 -0.242802784 -0.0699923113
0.00946631474 -0.0436419251 0.0182041565 0.0832833275 -0.996311367 -0.0206780992
0.000233477319 0.0408046827 0.219135412 -0.114640236 0.971207142 0.208840773
0.0367398687 0.0394963622 0.151695897 0.20305182 0.979087234 0.0125695718
-0.03152415 -0.0125071873 0.248881264 -0.706923127 -0.479554564 0.519891441
-0.0194032171 0.0153717203 0.00433141543 0.022158023 -0.0725426078 -0.997119129
-0.0155337384 0.02787063 0.249425017 -0.344633013 0.88211441 0.321095616
0.0747129258 -0.0104638511 0.0935385509 0.979156911 -0.202479467 -0.0159269068
-0.0710239697 -0.00457469401 0.183696786 -0.982054591 -0.125235319 0.141014382
-0.0662926842 0.0224205474 0.0440196473 -0.876558244 0.462382197 -0.133598059
-0.0578317965 -0.00667067759 0.11806006 0.868825734 -0.493855655 -0.0353329889
-0.0289481328 -0.0362809351 0.207397592 -0.220015213 -0.9623276 0.159746364
0.0216690128 0.0424123318 0.135978631 0.141300797 0.98985523 0.0148549611
0.0334723266 -0.0402655197 0.0607992092 0.198947161 -0.98000592 0.00293214782
0.0703568476 0.0235850823 0.126343201 0.833996952 0.551347315 0.021567747
0.0676575625 0.0198356903 0.190812491 0.937423766 0.326439828 0.121134974
0.0733249425 0.00520837628 0.167155828 0.994711161 0.0589032695 0.0841442347
-0.0264770322 0.0401380818 0.166512313 -0.325446248 0.944220603 -0.0503221601
0.0719146764 0.0163816219 0.160075346 0.937889874 0.340212017 0.0679582879
0.0301123463 0.0410903936 0.137366328 0.205184758 0.978611052 0.0148227625
0.020810534 -0.0398113011 0.200267211 0.127192408 -0.989034534 0.0750528201
-0.0323616295 -0.0196332908 0.15026559 -0.972954988 -0.161478296 -0.165176138
-0.0208063277 0.0230170866 0.296063934 -0.586569548 0.739042521 -0.331288904
-0.034446758 -0.0139125615 0.0984052562 -0.972661674 -0.130839571 0.191860452
-0.0326493404 -0.016526669 0.110495834 -0.987582743 -0.129792035 0.0885120183
-0.0739070414 -0.00808405143 0.118671179 -0.782966793 -0.621499538 0.0264847931
0.0410814771 0.0384686402 0.147165121 0.259799868 0.965540707 0.0153343109
0.043503973 -0.036851751 0.132674558 0.2637541 -0.964476585 0.0147882588
-0.0368666113 0.00808089894 0.245115657 -0.732632697 0.127349988 0.668604076
-0.0318940754 -0.0168920383 0.121058713 -0.986258984 -0.155923754 0.0545982271
0.0247217778 -0.0238557467 0.00284493753 -0.0163215529 0.132559776 -0.991040587
0.0212653668 -0.0230455999 0.300753673 0.569374979 -0.821774721 -0.0223259106
-0.0297842462 0.0335200304 0.117311601 -0.922518075 0.38234809 0.05263298
-0.0328493196 -0.00799022532 0.14029798 -0.995593131 -0.0891322419 -0.0291513223
-0.0207402039 -0.042179225 0.0422626408 -0.11654038 -0.992975593 0.0204411894
0.0121510685 -0.0303075809 0.245272315 0.168591276 -0.901125848 0.399436176
-0.00213852424 0.0261183181 0.276411171 -0.0551188141 0.996339619 0.0653400049
0.0294759306 -0.0391943149 0.183332272 0.190862 -0.981275141 0.0258993879
-0.0373212599 0.0406602531 0.0451715764 -0.204482183 0.978582919 0.0237205029
0.00886901504 0.0205316912 0.00378350401 -0.0373215079 -0.0728762895 -0.99664247
0.0611559314 -0.0151553804 0.0186078589 0.840762138 -0.312350929 -0.442217141
-0.00461969601 -0.0432968836 0.0550518119 -0.0408224948 -0.999134779 0.00794934295
-0.0745663579 0.00902624958 0.0949334217 -0.950546503 0.310541928 0.00499004172
0.0584964577 -0.0317746151 0.140139507 0.392040402 -0.91982609 0.0149745056
0.00818567414 0.0440399363 0.0997659464 0.0292464737 0.999500215 0.0119936019
-0.0199212674 -0.0421916118 0.0153658957 -0.130390391 -0.982585013 -0.132382303
-0.0216265164 0.0366830259 0.220251281 -0.234945312 0.933565438 0.270658761
0.0361412926 -0.0177420253 0.240789071 0.606643796 -0.399399877 0.687359512
-0.0691751086 -0.017665995 0.0731954305 -0.746873319 -0.654161155 0.119388036
0.0330760038 0.0408309063 0.111585744 0.20558919 0.978552043 0.0129946154
-0.0374744693 0.0356820385 0.180664853 -0.588548779 0.80311352 -0.0928387046
0.0243765022 -0.0103933395 0.316908167 0.344957769 -0.265858173 0.900179684
0.0138050396 -0.042871836 0.0743146656 0.0756090209 -0.997084379 0.010297983
-0.0569346507 -0.00349331632 0.110747898 0.965748906 -0.256289244 -0.0405563638
-0.07082185 -0.014465071 0.0814762104 -0.707791567 -0.697014689 0.114897884
0.0752666124 -0.00543181166 0.13062362 0.997662187 -0.0646905452 0.0220285896
-0.0591320416 -0.0023038896 0.00975260129 -0.896403074 -0.0680075437 -0.4379915
-0.0164672768 -0.024892913 0.00300455516 0.0510748699 0.239184484 -0.969629943
0.0673320597 -0.00140909424 0.0291117834 0.961812496 -0.0739061013 -0.263542503
0.0397001665 0.0307509145 0.230864442 0.291591167 0.718631268 0.631303132
-0.0176944851 0.0429686302 0.0921047455 -0.143737182 0.989554763 0.0110024652
0.0736577678 0.00526590881 0.16312773 0.995439291 0.0596026517 0.0744867027
0.00851128794 0.0444319159 0.0497962685 0.0202220194 0.999765277 0.00777022587
0.0145329566 0.00299222136 0.00357488286 -0.0201458987 0.021380458 -0.999568343
0.0280777751 0.00264799252 0.29068721 0.886679232 0.0466289558 -0.460027963
0.020003399 0.0197549491 0.314972011 0.380706787 0.56176126 0.734497488
0.0367743886 0.0404281916 0.0238339683 0.272268593 0.958407402 -0.0855858177
0.0185081351 0.0436261629 0.0650726326 0.07420782 0.997211874 0.00785272475
0.0414058371 0.03955243 0.0359668742 0.26194638 0.965076268 -0.00344331539
-0.0065098209 -0.030297563 0.304669523 -0.167651564 -0.977315366 0.129412845
-0.0327870701 -0.0310427113 0.221779572 -0.294485331 -0.891421318 0.344450861
0.0628312219 -0.0203921372 0.207103085 0.876505792 -0.432055086 0.212287486
-0.0307299616 -0.0259269757 0.113848514 -0.980990171 -0.187028632 0.0517556965
-0.0507408246 -0.0117667604 0.161084304 0.320876956 -0.610601664 -0.724018991
-0.0572728336 -0.010958952 0.152271301 0.616659164 -0.746569097 -0.249732196
-0.0310892434 0.0250452975 0.1362422 -0.990248442 0.135113686 -0.0339462571
0.0175603466 -0.0227242918 0.313469629 0.370774746 -0.546980858 0.750558436
-0.0178791489 0.00296689507 0.317168173 0.0687366575 0.00203271722 0.997632742
-0.0213769518 -0.0364350085 0.213737671 -0.192139104 -0.955547571 0.223631769
0.0707808031 0.013166036 0.180712506 0.976101518 0.184720337 0.114473633
0.0461953202 0.0364898925 0.185025943 0.298971891 0.954055727 0.0198326465
0.0144657889 0.0297656948 0.24749783 0.338042676 0.840282679 0.423854202
-0.0321690448 0.0213028205 0.113470722 -0.988421619 0.121067435 0.0914624855
0.0191708596 0.0187331044 0.28311567 0.689757526 0.718199134 -0.0917855352
-0.064665368 0.0189002582 0.177876675 -0.564211071 0.821156859 -0.0858331397
0.075715129 0.00202579808 0.117507047 0.998493791 0.0539396964 0.0100270947
-0.0514601238 0.0303889335 0.0722711753 -0.102790929 0.602421761 0.791531444
-0.0121721747 0.0257698427 0.291822139 -0.305030733 0.842904329 -0.443247497
0.0343539171 -0.040174546 0.0384768972 0.196334824 -0.980532527 0.00292353681
-0.0751758902 0.00559815235 0.134286528 -0.986524224 0.162100047 0.0222127289
-0.028514999 -0.0410094871 0.0463464539 -0.172425553 -0.984072328 0.0432562456
-0.0367430458 0.0103899413 0.0919259079 -0.95365721 0.0882853344 0.287651747
-0.0754054536 0.00316543854 0.141784162 -0.982495308 0.183256656 0.0334664807
-0.0109364545 -0.0201063908 0.00410160987 0.0242952444 0.15541704 -0.987550199
0.0098134573 0.0436529932 0.126053353 0.0303404666 0.999439716 0.014135207
0.0348904675 -0.0385473742 0.161774567 0.199966252 -0.979688168 0.01498916
-0.0425815324 0.0130439448 0.0818018415 -0.641516209 0.163131669 0.749563158
0.0285216843 0.041066625 0.159791156 0.198451579 0.979972363 0.0164677631
-0.0221401469 0.0304426512 0.236519449 -0.328581572 0.868956506 0.370065808
-0.0749431768 0.00636363207 0.133886413 -0.938988805 0.343317091 0.0208225287
-0.0421317499 -0.0371922535 0.0149847192 -0.365767986 -0.896578193 -0.249722585
-0.0645586858 -0.00804920495 0.215097407 -0.924341023 -0.266819596 0.272765666
-0.0235099252 0.0117964839 0.275314138 -0.927434266 0.36458087 0.0833449438
0.0626613046 -0.0284443661 0.0491755278 0.677949786 -0.728295028 -0.0998522788
-0.00729795302 0.0433694901 0.0105698076 -0.0222921502 0.991903484 -0.125022411
0.0723842009 0.0134100365 0.0631833754 0.978824854 0.176531151 -0.10362725
0.00841067375 -0.0437955635 0.0215653129 0.0273691211 -0.999456823 -0.0183572639
-0.0657444843 0.0177071792 0.196533075 -0.847956717 0.527416408 0.0529266894
-0.0304983174 -0.00850273327 0.304215479 -0.968809068 -0.184402332 0.165543377
-0.0279851232 0.0384647696 0.156051856 -0.664390206 0.742213011 -0.0877810866
-0.0494642165 -0.0182730862 0.227203378 -0.490605772 -0.576100171 0.653769493
-0.0199458097 0.040974896 0.196062053 -0.128131822 0.989858329 0.0613403097
0.0694023564 -0.0242568038 0.110607779 0.81103611 -0.584960759 0.00643343339
-0.0303456703 -0.00357420569 0.00377928985 0.0306317415 -0.0361390673 -0.998877168
0.0219432209 0.0215404464 0.311410492 0.58279407 0.742372215 0.330506593
0.0428785316 0.0381936171 0.132338673 0.263590723 0.964531839 0.0140826944
0.0438272115 -0.0372538647 0.0249262464 0.374537617 -0.919174373 -0.121819906
-0.0232543788 -0.0396301051 0.111832692 -0.437395006 -0.898461342 0.0381158069
0.0394634711 -0.0382006114 0.116573398 0.264255136 -0.964344084 0.0144831212
-0.0637998946 0.0222265548 0.0798318191 -0.373789638 0.841906071 0.389198452
-0.0678841556 0.0222887862 0.064692285 -0.739678025 0.669393897 0.0691971257
0.00607490232 0.0258351622 0.273435262 0.174435452 0.980871141 0.0863960758
0.0313397266 -0.0407100995 0.0569052371 0.198947161 -0.98000592 0.00293214782
-0.0735986218 0.0109065583 0.0739112259 -0.959596574 0.279555351 -0.0319879614
0.00198182182 0.0419248794 0.209463355 -0.0185327958 0.998422384 0.0530027635
0.0526751813 -0.0239839619 0.0101540108 0.774332702 -0.405598402 -0.485694081
0.0438727923 -0.0277556202 0.227677135 0.468131542 -0.708861291 0.527606428
-0.055023265 0.0182079446 0.00744052842 -0.80685699 0.320690483 -0.496124238
-0.0733177986 -0.00885316464 0.0701205912 -0.973093092 -0.206895381 -0.101411082
-0.0132903115 0.0421993733 0.187303728 -0.0709824562 0.997204363 0.0233464185
0.0158105992 -0.00474851652 0.317371693 -0.0494147763 -0.0193504281 0.998590887
-0.0547065335 -0.00240848643 0.141089779 0.970458508 -0.196378946 -0.14016284
0.0511824864 0.0364883425 0.076742251 0.324119806 0.945972681 0.00906230044
-0.00624155543 -0.0209469299 0.00407839468 0.0187603254 0.172936067 -0.984754324
-0.0397442766 0.0345566258 0.210262142 -0.272329837 0.929280579 0.249547556
0.0350780353 0.0394107109 0.180142447 0.19233571 0.981200397 0.0158982426
-0.0684363801 0.015014417 0.0402050703 -0.961454928 0.224252105 -0.159108743
0.0333287231 -0.0391779539 0.142649241 0.205218956 -0.978585482 0.0159846582
0.0742540503 -0.0132778531 0.112359709 0.97989589 -0.199498028 0.0021884793
-0.0383359517 0.0205121433 0.00279221332 0.0359632596 -0.174723372 -0.983960569
0.0490562444 -0.0361257027 0.0601897118 0.330135763 -0.943929791 -0.00262809824
0.00495481841 -0.0265300227 0.00274197591 -0.0218771212 0.267897487 -0.963199019
-0.0235795802 -0.0411017612 0.0703570075 -0.167680562 -0.985430717 0.0284538288
-0.0720709345 -0.00845744959 0.15792973 -0.888888597 -0.454982668 0.0535521619
-0.0603075359 0.0266363853 0.0259350709 -0.848001778 0.486793995 -0.209581763
-0.0544380293 -0.0030338422 0.0874450406 0.911135077 -0.268344939 0.312768072
0.0270961907 0.00624799808 0.262627476 0.928314269 0.19747667 0.315016627
-0.00504395701 0.0439492603 0.114468913 -0.018357316 0.999738753 0.0136189563
-0.0642742689 0.0061804038 0.0207785493 -0.93070507 0.0448662117 -0.36300838
0.019538031 0.0211504049 0.260562494 0.581302941 0.770999908 0.260088563
0.00719755399 -0.0432109453 0.0766675538 0.0177608132 -0.999800146 0.00918158796
-0.00399925466 0.0425394151 0.192833944 -0.0414453708 0.99817121 0.0440053046
-0.0617366524 0.012676029 0.10639675 0.550166905 0.819674194 0.159532383
-0.0372364721 0.00740435522 0.0911695493 -0.953317046 0.0746336654 0.292602926
0.0278445439 -0.0406373813 0.0143466055 0.216440022 -0.965195656 -0.146802768
-0.0722250724 0.00797160655 0.0565813861 -0.977420986 0.162148416 -0.135484681
0.028493814 0.0207270452 0.248635405 0.641139984 0.496742934 0.58496654
-0.0156879755 -0.04094899 0.177720456 -0.119322494 -0.99271208 0.0168767106
0.0257020672 0.00295089478 0.317897774 0.0800418183 0.0517035574 0.995449603
0.0210278735 0.0378305437 0.00149565365 0.140513286 0.423408389 -0.894975603
-0.0184824989 0.0437636609 0.0287385006 -0.118008927 0.993009627 0.00239230157
-0.0150556257 -0.0211031257 0.270907308 -0.584236622 -0.807436883 0.0819350779
-0.0058431302 -0.0424254036 0.139125248 -0.0766563118 -0.996966302 0.0134924781
0.058579523 -0.0074742138 0.0104790624 0.84336853 -0.188064054 -0.503350198
0.0725738854 -0.0184393499 0.105759921 0.928319514 -0.371774048 0.00263797538
0.0176964458 -0.014530712 0.316670081 -0.00780866155 -0.175971389 0.984364331
-0.0213546374 -0.0280845974 0.236027474 -0.311130613 -0.859862626 0.404763997
0.0684341949 -0.0256104826 0.109576006 0.81103611 -0.584960759 0.00643343339
-0.0530719209 -0.007448933 0.155491903 0.754142463 -0.50095576 -0.424632221
0.0645963776 -0.0046561674 0.0220728574 0.924735248 -0.0733683407 -0.373472661
0.0684632834 -0.000141244082 0.0328846882 0.961812496 -0.0739061013 -0.263542503
0.0735941007 -0.0150391361 0.131595912 0.979182482 -0.201684833 0.0229114462
0.0248035261 -0.0199884793 0.299443061 0.738301814 -0.656442106 -0.154900372
-0.0018197303 -0.0289209693 0.25140352 -0.120532505 -0.969403684 0.213841945
-0.0530437986 0.0288440102 0.20764711 -0.504249811 0.86348182 0.011458531
-0.0384918518 -0.0066795431 0.243087029 -0.73081392 -0.172528937 0.660412669
0.0468114225 0.0365450054 0.172655216 0.302185565 0.953056455 0.0191654414
0.0612311997 0.0148635449 0.0178507104 0.84547776 0.295121521 -0.445051342
0.032146962 -0.0183248787 0.244432066 0.6046924 -0.514504194 0.607974052
-0.0330408712 -0.00320263861 0.133519087 -0.998650491 -0.0430357791 -0.0290698092
-0.028350289 -0.0293339665 0.228346228 -0.29903388 -0.84945327 0.434750497
0.0304203581 0.0155751516 0.250370366 0.692131937 0.380349249 0.613423049
0.0698514842 0.0242039125 0.130171905 0.836423516 0.547764361 0.0187057517
-0.0110601485 -0.0276801416 0.310442223 -0.283107847 -0.88775301 0.362966239
0.0353824379 0.00233704097 0.248195999 0.786828935 0.0333648361 0.616268635
-0.0210804727 -0.0402390685 0.177243797 -0.167648092 -0.985784352 0.0111044105
0.0204132793 -0.0214704609 0.255332126 0.552247345 -0.751172006 0.36161235
-0.00960794688 -0.018344801 0.00425620717 0.00824684463 0.0571711659 -0.998330295
-0.021249391 0.040378163 0.200830301 -0.169689178 0.97610569 0.135732353
-0.00869709006 0.0441779144 0.0670001847 -0.0328524895 0.999435186 0.00707886508
-0.022881866 -0.0413049568 0.0674315561 -0.167680562 -0.985430717 0.0284538288
-0.0688738228 -0.0112709352 0.183379211 -0.890882194 -0.44691509 0.0812142864
-0.00879722636 0.0309453374 0.246784679 -0.18304728 0.936084211 0.30039975
-0.0641217594 -0.0125373265 0.119737414 0.131269708 -0.991168022 0.018818317
-0.0759760495 -0.0005168074 0.110355658 -0.994492948 -0.104438461 0.00873983558
0.0101296506 0.0303562933 0.301147225 0.244630784 0.9688434 0.0387061387
0.0531585689 -0.0343556976 0.0418047229 0.468880773 -0.882349551 -0.0401248448
0.0700093829 0.0242521954 0.088042378 0.840408921 0.541581631 -0.0200563967
-0.0387689709 -0.0314381959 0.0743906431 -0.772582114 -0.440640688 0.457113445
-0.0255128115 -0.0374042339 0.204955535 -0.198467523 -0.966594815 0.162188217
-0.0439240423 0.0376324347 0.0150693408 -0.361958623 0.892840028 -0.267997116
0.0717884231 0.0190642276 0.146036597 0.939459622 0.339222729 0.0484108105
-0.0233182749 -0.0192870309 0.310821996 -0.706116736 -0.637984097 0.307206094
0.0092094139 -0.0425132555 0.128856469 0.0293336455 -0.999462843 0.0146161132
0.0385118535 0.0344175423 0.226630526 0.315385908 0.774465203 0.548393428
0.0564285235 -0.031840308 0.0340275217 0.551271915 -0.823872209 -0.131658226
-0.0654893443 -0.0135713837 0.202458576 -0.891386807 -0.429286897 0.145404071
-0.0169067681 -0.0251615059 0.248841564 -0.371174932 -0.895029247 0.247288674
-0.0474590986 -0.0202341332 0.168117743 -0.299964577 -0.649698615 -0.698507607
0.0347404348 -0.0399215151 0.0239296241 0.272671103 -0.959447205 -0.0714950711
-0.0295016656 0.00775156585 0.310670411 -0.951348901 0.156501159 0.265410632
0.00756425812 0.0409774777 0.00298651272 0.0249998607 0.887848258 -0.459456712
-0.0280077964 -0.0399918726 0.00925990225 -0.162371963 -0.956572831 -0.242082283
0.0253898195 -0.0383977435 0.00406898741 0.227183998 -0.850840449 -0.473769873
0.0665933255 -0.0222338215 0.0469860729 0.854408681 -0.491234392 -0.169335455
-0.0713079818 0.0133975904 0.0968654887 -0.722239196 0.688151419 0.0694132075
-0.073121266 -0.00810977529 0.140740749 -0.776802421 -0.62903887 0.0298001114
0.0310076021 -0.0146431502 0.24851663 0.695550859 -0.449249834 0.560699284
0.043225831 -0.0378804055 0.064253406 0.262791008 -0.964828312 0.00687796995
-0.0467559228 0.00725335794 0.0805845189 -0.30772531 0.121893682 0.943634987
0.0619448831 0.0308712694 0.0545648833 0.661717176 0.746573627 -0.0689791441
-0.0416712165 -1.72550709e-06 0.240777972 -0.689679861 -0.0868228376 0.718890548
-0.0491259131 0.0192931069 0.0775986285 -0.135651082 0.295973569 0.945514917
-0.0193715974 -0.016832758 0.276592852 -0.729223728 -0.683472455 -0.0331412405
-0.0691275909 -0.00594768548 0.195260417 -0.980843902 -0.125319198 0.149131715
0.0695767931 0.000610707317 0.200026525 0.984294772 0.0421181954 0.171434373
-0.0528738762 -0.00712126737 0.230050603 -0.602965355 -0.178631827 0.77751106
0.0166119555 0.0439726819 0.0369479483 0.0707344189 0.997471452 0.00688502612
-0.0696643715 0.0060297522 0.0397181716 -0.983150661 0.0477162227 -0.176459506
0.0205956508 0.0242895867 0.306947562 0.604268074 0.774827063 0.185749948
0.057750838 0.0332191276 0.142545385 0.405195534 0.914096892 0.0155996569
-0.0436638167 0.0339247111 0.19421746 -0.523624003 0.845629156 -0.103582047
-0.0563156406 -0.030772335 0.027140335 -0.682276547 -0.727022111 -0.077055566
0.0720803809 0.00111376099 0.181156286 0.991143584 0.0548583828 0.120933019
0.017398931 0.0431934842 0.115154724 0.0799331516 0.9967134 0.0131525416
-0.032769312 0.0287019225 0.0982943687 -0.962298334 0.198077306 0.186406389
0.0512189537 -0.0351185181 0.0915099799 0.319288254 -0.947526097 0.0157932956
-0.0754471071 -0.00196315236 0.135219739 -0.992259562 -0.122721575 0.0189877655
0.0303325701 -0.0156257909 0.00333704105 -0.0253704265 0.0220480599 -0.999434948
0.0170061362 0.0421873587 0.183045128 0.0733185485 0.997130096 0.0188652575
-0.0166593074 -0.0411957507 0.148862635 -0.221925348 -0.975057125 0.00359123759
-0.0413230644 0.00424760471 0.240896228 -0.691819966 0.0408341438 0.720914483
-0.0352889224 -0.0223497874 0.234279247 -0.453263193 -0.707926869 0.541656673
0.0268653153 -0.0416881196 0.0289967335 0.196341604 -0.980535209 0.000756398425
0.0188621909 -0.0395463032 0.206728699 0.121475942 -0.989421785 0.0792974234
0.0378897246 0.00982651752 0.00330124206 -0.000697869807 0.020884404 -0.999781668
-0.0679557842 -0.0123574928 0.142937797 -0.381729245 -0.924072087 -0.0193296541
-0.0232697851 0.0217179473 0.306439747 -0.704041779 0.701977491 0.107483529
0.023577668 -0.0111241852 0.280309452 0.92102176 -0.365835726 -0.1337277
-0.053576362 0.00225637506 0.146917569 0.982387066 0.11375244 -0.148243576
-0.0564264316 -0.00612087833 0.00603165953 -0.747777581 -0.18783173 -0.636826515
0.0524260063 -0.0317349082 0.0205977962 0.582343161 -0.774717093 -0.246352956
0.0554109274 0.0188061455 0.0097822346 0.81941098 0.2848382 -0.497426033
0.0536613648 0.0350377577 0.0378427424 0.5329023 0.842588544 -0.0778438374
-0.0650209338 0.0189538445 0.183754269 -0.723100305 0.690377593 -0.0224668644
-0.0312909888 -0.0205892856 0.141166046 -0.987836957 -0.152727231 -0.029195901
0.0311565772 0.000454926329 0.254282677 0.870925784 0.0410383716 0.489698201
-0.00894803998 0.0162135626 0.316880849 -0.0398100093 0.0722978413 0.99658823
0.0657369675 0.0271708508 0.171169342 0.836319625 0.54423058 0.0662009045
0.00135226198 -0.0308978766 0.303736283 0.0640556812 -0.997699916 -0.0221753959
-0.0193360354 -0.015875748 0.00417581261 0.0333498605 0.0867880732 -0.995668411
0.0507241587 0.00374223333 0.23330624 0.637327254 0.0130125638 0.770483375
-0.0195391801 -0.0406604334 0.128736226 -0.230310544 -0.973064482 0.010126397
-0.0320043779 -0.0235267854 0.104881509 -0.974016368 -0.191181719 0.121415138
0.0672901756 -0.0252536655 0.156144089 0.815254152 -0.576975763 0.0495960042
-0.0587644503 -0.0204354989 0.0164389227 -0.801681995 -0.41437155 -0.430815756
-0.0442208685 0.0225555852 0.229918941 -0.468072623 0.546046674 0.694795668
0.0470850923 -0.0346024584 0.190068027 0.304553092 -0.95000571 0.0688219368
0.0554704527 -0.0145995259 0.226589694 0.620169461 -0.340762287 0.706590891
-0.0119459508 -0.0421002286 0.122913361 -0.134163558 -0.990873873 0.0129986024
-0.022891135 0.0406668152 0.139886076 -0.410419494 0.911850214 -0.00921946578
-0.0324908354 -0.0105706885 0.136983125 -0.994421482 -0.101332344 -0.0292854849
0.0116836091 -0.0416386807 0.171009209 0.0765385181 -0.996916831 0.0172816515
0.0750429368 0.00839050437 0.131472431 0.982442081 0.185200229 0.0225479323
-0.0487652096 0.037349903 0.0263618869 -0.436175883 0.8988778 -0.0420639962
-0.00392172712 0.0320259359 0.00155865121 0.00339924474 -0.282072306 -0.959387124
-0.0137976902 -0.0141727168 0.3166373 -0.0824302509 -0.120389782 0.989298463
0.00981126248 0.0432395413 0.153677263 0.0767776743 0.996920764 0.0159382485
-0.0194969326 0.0434050286 0.0196766912 -0.114748582 0.99232924 -0.045993045
0.0185359399 0.0417597219 0.198339556 0.120085672 0.992596924 0.0181894582
-0.0014132671 -0.0432695747 0.0766279535 -0.040504951 -0.999150455 0.0076005212
0.00572329726 -0.0298645353 0.30920925 0.162237659 -0.91765058 0.362762302
-0.0232488381 0.0163923252 0.261648344 -0.802092552 0.529319286 0.27652964
0.0739127013 0.00250902956 0.0652388161 0.992923498 0.0550429411 -0.10522861
-0.0392576122 -0.0394824123 0.0260682358 -0.25783062 -0.966156542 0.00804727431
0.0390398555 0.0380455176 0.203853384 0.245417178 0.969186187 0.0211781841
-0.0398970072 0.0355258614 0.188715179 -0.534147978 0.814086676 -0.227922872
-0.00149121975 0.0263646307 0.273798304 -0.0550131351 0.994339466 0.09089946
0.00629107375 0.0425695283 0.193756666 0.0208692625 0.999506533 0.0234769657
0.0675644919 0.0264088265 0.151820471 0.837727368 0.543838561 0.0495225005
-0.0728660797 0.0104912496 0.128442944 -0.824689865 0.565370202 0.0155952452
-0.00821373014 -0.0424047627 0.126496525 -0.0790429115 -0.996783912 0.0131978141
0.0686139871 -0.00866792135 0.0363373815 0.944038928 -0.200319797 -0.262035221
0.00610733551 0.0441248148 0.0974399885 0.0292471405 0.999538362 0.00823072251
-0.0681077577 0.0186174729 0.0444792372 -0.91635108 0.372023255 -0.147983938
0.00840563715 0.00614880897 0.317277632 0.00450731721 -0.0124227935 0.999912679
0.0291690522 -0.012496481 0.30565659 0.912055671 -0.373982608 0.168200493
-0.0215229999 -0.0402004172 0.172103799 -0.179053545 -0.983839393 0.000112138405
0.00730475063 -0.00990501455 0.00391867522 -0.0317621529 -0.0382519215 -0.998763204
0.0303172291 0.0189184003 0.248228046 0.627161682 0.509081125 0.589495301
-0.0103954959 0.0441762594 0.0548653145 -0.0824333355 0.996540964 0.0105359359
0.0443269492 -0.0376071241 0.0561430366 0.259905249 -0.965629041 0.00312009756
0.072040253 0.0184094527 0.145737703 0.939459622 0.339222729 0.0484108105
0.0637153504 -0.028754182 0.152349401 0.592563212 -0.805047274 0.0277109388
-0.0381861337 0.0374248611 0.0738074323 -0.525883079 0.729588389 0.437204599
-0.0287577265 -0.038655441 0.178676567 -0.244389802 -0.969601154 0.0121353688
0.0589259288 -0.0317658921 0.0521837513 0.468888015 -0.882306933 -0.0409684479
0.0753945104 -0.00517878383 0.125503557 0.997773945 -0.0633183271 0.0209278893
0.00810352236 0.0429623318 0.173831436 0.0240248479 0.999527633 0.0191616416
0.0124272903 -0.0335816583 0.237125794 0.124191262 -0.930386245 0.344902903
-0.0245940575 -0.0392090451 0.162070304 -0.377103359 -0.925251782 -0.0412577242
0.0254030784 0.0416846867 0.149319837 0.139777616 0.99006176 0.0154894339
0.0393206805 0.0400757459 0.0641884132 0.262160033 0.964995384 0.00748458179
0.0639696248 0.0307294711 0.105258248 0.616111875 0.787628531 0.00688445289
-0.0315146132 -0.0374259407 0.174935563 -0.47613579 -0.865383148 -0.156226471
0.0559038475 -0.0332989722 0.109910905 0.316365808 -0.948562741 0.011893251
-0.00508152599 0.0416124584 0.207506367 -0.0792974159 0.993608952 0.0803312212
0.0507081485 -0.0317542732 0.0170483649 0.572748184 -0.747145414 -0.337243676
-0.00593549081 0.0414104153 0.209162453 -0.0792974159 0.993608952 0.0803312212
0.0701593122 0.0153853688 0.182543324 0.977222621 0.180769533 0.111167848
-0.0292055704 -0.00275788852 0.256848983 -0.872722566 -0.0798967183 0.481634408
0.039768077 -0.0375817437 0.150683612 0.259284228 -0.96565485 0.0168033745
-0.0230118388 -0.0330173493 0.223714335 -0.232206717 -0.896120369 0.37821734
0.0109871504 -0.0231076456 0.278856501 0.403848201 -0.914823294 -0.00224528718
-0.00511042264 0.0428118977 0.18267164 -0.0247323401 0.999383926 0.0249015298
0.029214492 -0.00469084717 0.313925576 0.917126119 -0.0850576609 0.38941583
0.00670537009 -0.0433106303 0.0649209827 0.0155623974 -0.999848604 0.00779092731
0.0441341138 -0.0374489079 0.030622087 0.351308256 -0.935408175 -0.0399272814
-0.0498423062 -0.0101905363 0.231703686 -0.633690596 -0.180576488 0.752215624
-0.0525580431 -0.0314950851 0.0508189476 -0.423487157 -0.884742498 0.194651768
-0.029947368 -0.0365172425 0.204597823 -0.220015213 -0.9623276 0.159746364
0.0316387075 -0.0186988019 0.0032403605 0.00668995548 0.0668500885 -0.997740626
-0.0362729459 0.00327452263 0.00357256705 0.051038295 0.0402657948 -0.997884631
-0.0339585742 0.0390345877 0.00722077594 -0.32312116 0.895604551 -0.305753469
-0.0691626288 -0.0101719792 0.0412558998 -0.973521471 -0.161112845 -0.162168577
-0.0563501361 -0.00772749896 0.144377589 0.80986017 -0.573935688 -0.12134406
-0.0410154902 -0.035362834 0.0636607524 -0.557605505 -0.804729462 0.203682438
0.00401831201 0.0437832747 0.12932513 0.0306192283 0.99943459 0.0138931591
-0.0217081841 -0.0336094078 0.000936991856 0.00585592538 0.00889874343 -0.999943316
0.0489623227 0.0371151953 0.039779027 0.363361061 0.931273282 -0.0264371783
0.065953395 0.0283458984 0.146282076 0.618243337 0.785560131 0.0258951988
-0.0325875913 -0.040594303 0.0194248048 -0.197679386 -0.97856462 -0.0577425957
0.0306623762 -0.0379469027 0.00599376283 0.326898843 -0.898543 -0.292844296
-0.0141348607 -0.0408620511 0.18784377 -0.122929037 -0.990274072 0.0651581734
0.000806947265 -0.0322277167 0.240000841 -0.0685653761 -0.961720288 0.265316606
0.0611615879 -0.0275221529 0.0357323654 0.714174092 -0.678975523 -0.170140326
0.0634842284 0.0208230307 0.212867758 0.904416203 0.325207025 0.276173621
0.00698296248 -0.0413796878 0.190468416 0.0227257945 -0.998694062 0.0457576625
-0.0519219767 0.0214164728 0.225601407 -0.475201607 0.511801004 0.715711653
0.0138307049 -0.0267110215 0.252314294 0.369386941 -0.842197955 0.392754138
-0.0191862124 -0.0395989985 0.196702617 -0.137438849 -0.987784445 0.0734330863
-0.00503888295 0.0337872772 0.240206554 -0.0857690945 0.949242353 0.302626073
0.0112880892 -0.0426349852 0.11096454 0.0795369968 -0.996734321 0.0139504541
-0.0433857298 -0.0377286118 0.0209885037 -0.373621732 -0.921831727 -0.10311725
-0.0321202199 0.020773014 0.144802021 -0.989087999 0.111581214 -0.0962002203
0.0206866475 -0.0406151236 0.180137964 0.132830456 -0.990864992 0.0232935958
-0.0480768531 -0.028292119 0.178612292 -0.475489825 -0.81184727 -0.338841051
0.0188949083 0.0437048365 0.050018146 0.13221927 0.991201997 0.00605545333
0.00529977152 -0.0414601275 0.189548714 0.0227257945 -0.998694062 0.0457576625
0.0241979096 0.0424705806 0.104978199 0.140893832 0.989951313 0.0120569887
-0.03555604 -0.00958567075 0.0954279076 -0.975248516 -0.108699791 0.192547828
-0.0380141596 -0.00791809136 0.243292083 -0.73081392 -0.172528937 0.660412669
0.036968502 0.0386925495 0.197942111 0.245475367 0.969293356 0.0145645011
0.00146209009 0.043646572 0.143955292 0.0291627198 0.999441504 0.0163166728
0.0317645234 0.0382339845 0.221797909 0.170825332 0.952186644 0.253296703
-0.0237211362 -0.0210317948 0.304837425 -0.729609132 -0.660386086 0.177653596
-0.0727390697 -0.0025300405 0.058078086 -0.985849142 -0.0873224959 -0.14309527
0.0518362758 0.0228320634 0.228900235 0.609406233 0.328126401 0.721773565
0.0736986432 0.0118519828 0.148352598 0.980483949 0.189676344 0.0517091379
0.0703965967 0.0238144544 0.0929748384 0.838491023 0.544788241 -0.0117753204
-0.0241148966 -0.0159910772 0.257318678 -0.778986335 -0.568795562 0.263916492
0.0251384782 -0.0405896207 0.147826651 0.141561687 -0.989803135 0.015810445
-0.0693561951 -0.00501233934 0.0384629873 -0.982314706 -0.0704058483 -0.173495665
-0.0667589523 -0.0131608374 0.153875118 -0.470267057 -0.882396162 -0.0150341131
-0.0262534111 -0.0410962968 0.0549547238 -0.154830873 -0.987475097 0.0303367376
0.0141458976 -0.0160411732 0.316570551 0.00460274424 -0.137228891 0.990528584
-0.0707937828 -0.0100486828 0.159226958 -0.78171593 -0.623312533 0.0200443622
0.0704608992 -0.0225110124 0.125076641 0.811622977 -0.58383745 0.0200536344
0.0596203248 -0.0307950391 0.0456738848 0.677949786 -0.728295028 -0.0998522788
0.030612669 -0.0403520817 0.103097844 0.206424445 -0.97835654 0.0144000929
-0.0564140183 0.0053293148 0.125785245 0.940161169 0.330977708 -0.0809361711
-0.0217429851 0.039563305 0.206073149 -0.169689178 0.97610569 0.135732353
0.031019761 0.0409730879 0.132354238 0.206060708 0.978438616 0.0140360314
0.0373954711 0.0404677186 0.0731001138 0.198058322 0.980120599 0.0116822263
-0.0689099127 -0.0115737587 0.181017852 -0.884643495 -0.460827857 0.0710191354
0.0159518612 0.0426570236 0.160785227 0.0767839998 0.996942639 0.01447926
0.0583723291 -0.0322746928 0.0568054703 0.468888015 -0.882306933 -0.0409684479
0.0674094137 -0.0165853678 0.193797662 0.913480937 -0.376569927 0.154102683
-0.0616435284 0.0135289453 0.101053644 0.733095884 0.674708903 0.0856642053
0.00414471848 0.0309475102 0.25006767 0.0344077386 0.952753305 0.301790059
0.00916813689 -0.0424687959 0.131979569 0.0293336455 -0.999462843 0.0146161132
-0.0572181851 0.0332923973 0.0524622997 -0.50115329 0.863066852 0.0629359931
-0.0760152869 0.00127702317 0.10401178 -0.999661207 0.0248632077 -0.00769444881
0.0577314643 0.0338974699 0.0958688467 0.408985376 0.912478983 0.0106334835
0.0136517396 0.0421984505 0.195037842 0.0604927838 0.997879207 0.0240317043
0.0145184036 0.043945537 0.0622183489 0.07420782 0.997211874 0.00785272475
-0.0257950686 -0.00200701479 0.269415563 -0.980787516 -0.0908039212 0.172656804
-0.0322916735 0.0137770897 0.131343679 -0.995703101 0.0914441496 0.0146044595
-0.0198116053 0.0431873694 0.06198525 -0.142405063 0.989586592 0.0209567938
0.00268164139 -0.0252214121 0.285011511 0.0536454432 -0.983045816 -0.175336897
2.83578277e-05 0.0441784067 0.015691936 0.0237799976 0.991866887 -0.125038341
0.0484303012 0.0357271592 0.188006094 0.298956096 0.954013526 0.0219869148
-0.0250103949 -0.0382215118 0.123994231 -0.721235216 -0.69249469 0.0164578073
-0.019698589 -0.0164631485 0.274567515 -0.774495423 -0.627382815 0.0809167847
0.0453820794 -0.0140364483 0.234705886 0.590590417 -0.293579072 0.751674354
-0.0293083023 -0.037992913 0.17107374 -0.471775532 -0.873374283 -0.121017084
0.0146923111 0.0426762121 0.165667068 0.0754224956 0.997012615 0.0166506395
0.0440481458 0.0387766121 0.0661479126 0.262017876 0.965032876 0.00762864249
0.0714292897 -0.0133307384 0.0579269079 0.970519662 -0.192944765 -0.144442901
0.017549612 -0.0319019581 0.239347396 0.308805019 -0.837227046 0.451320618
0.052894237 0.0352257625 0.127565584 0.316817909 0.948381841 0.0140808234
0.051519722 0.0362836599 0.0851073716 0.321723998 0.946745574 0.0129049616
-0.0239963052 0.0224399083 0.249806081 -0.592896998 0.67856276 0.43361932
-0.0305236462 -0.0271524441 0.113459506 -0.978218317 -0.188715398 0.0864610821
0.027508787 0.00827176768 0.260142958 0.928314269 0.19747667 0.315016627
0.0729833299 -0.0106278148 0.16133668 0.976029098 -0.205072448 0.0728870407
-0.0665758904 -0.0167341605 0.0851521313 0.101457179 -0.96418041 0.245076805
0.0754474142 -0.00654669905 0.113686137 0.998031616 -0.0626813918 0.00199855072
0.0199855325 0.0418495994 0.183468511 0.127922431 0.991573215 0.0204563029
-0.00339326408 0.0445096162 0.0487589432 -0.0299400017 0.999517262 0.00829151832
0.0329256127 0.0014214248 0.00314795192 0.000575570622 0.0175947826 -0.999845028
-0.0250858035 -0.0321224675 0.224529504 -0.244615957 -0.885017097 0.396115988
0.00686943372 -0.043857388 0.0226334968 0.0273691211 -0.999456823 -0.0183572639
0.0436537009 -0.0367694248 0.135461957 0.263756871 -0.964485466 0.01414504
-0.0273743557 -0.0404304192 0.0686427442 -0.214428678 -0.976102531 0.0352735072
0.0181376084 -0.017212433 0.00361160514 -0.0253704265 0.0220480599 -0.999434948
0.0126373926 -0.0282628887 0.305331464 0.420190662 -0.905210018 0.0635189191
-0.0279385842 0.038838924 0.203263471 -0.196737126 0.968330681 0.153721705
0.0226073137 0.0426266702 0.110422756 0.141500965 0.989860117 0.0124276374
0.00519854116 -0.042061468 0.164174216 0.0286916941 -0.999443114 0.0170409363
0.0707666165 -0.00845440173 0.186122486 0.969933748 -0.207264602 0.127553597
-0.0422142418 -0.0330883091 0.184747362 -0.430985838 -0.894588232 -0.118165657
0.0560094216 0.0337485769 0.156039424 0.398519516 0.917006612 0.0167643707
0.0413880447 -0.0340900772 0.213374308 0.361708552 -0.91719538 0.16709137
0.0754654743 -0.00355037515 0.127046993 0.997773945 -0.0633183271 0.0209278893
0.0650366397 0.0208778507 0.0344414098 0.914741755 0.312190622 -0.256484866
-0.0366440947 -0.0357926025 0.194528959 -0.380905509 -0.923367083 0.0480012856
0.0268015398 0.0269212504 0.0023804677 -0.0010841405 -0.161618203 -0.986852705
0.00361075137 -0.0433566171 0.0652007897 0.0155623974 -0.999848604 0.00779092731
0.0283415165 -0.0407877515 0.104630337 0.140673786 -0.989949644 0.0145096239
-0.0584387231 -0.0284598485 0.0514407233 -0.48747763 -0.85662806 0.168979108
0.0616596177 0.0318862144 0.0640264373 0.451979756 0.891674697 -0.0251080561
-0.053529911 0.00323104382 0.08591721 0.927596688 0.133044004 0.349089682
-0.0180981245 0.0265357924 0.249870378 -0.459901422 0.812345803 0.358587533
0.0352984232 -0.0329167373 0.226022323 0.280436158 -0.879064441 0.38548854
-0.0128138808 0.0308205913 0.243870823 -0.270934492 0.910403132 0.312667102
-0.0277019727 -0.0258749926 0.235266655 -0.379130036 -0.804892004 0.45651859
0.0517882096 -0.0166031348 0.228779942 0.570230842 -0.300398469 0.764589846
-0.00465094431 0.0445077819 0.0228014404 -0.0222740471 0.998865604 -0.0420882963
-0.0358341339 -0.0346599461 0.20584305 -0.293529093 -0.942371666 0.160550207
-0.00697331807 0.0288940023 0.29372295 -0.161671355 0.777585566 -0.607637227
-0.0219457098 0.0413658872 0.120174659 -0.438244432 0.898493826 0.0255069491
0.0197474703 0.0429183301 0.119457478 0.141927809 0.989790738 0.0130699556
-0.0756965211 0.00225792692 0.131912627 -0.999494433 0.024687456 0.0200375151
-0.0564275894 0.0339613155 0.0442833324 -0.500720978 0.865497351 -0.0138894459
0.0129704727 0.0228857626 0.00339211418 -0.0310922954 -0.137934163 -0.98995322
-0.0248407992 -0.0108309488 0.265027313 -0.890307844 -0.416698605 0.183614492
0.0190733048 0.0435916222 0.0232076648 0.123741075 0.990925193 -0.0524918996
0.0121594249 0.0440268155 0.0755195557 0.0767454803 0.997028708 0.00662655057
0.0729988339 0.00275461967 0.172206388 0.993795812 0.0576533787 0.0951096043
0.0533896204 -0.0338416564 0.131100544 0.313614935 -0.949444354 0.0141751301
0.0373090643 -0.029475313 0.230233915 0.356615186 -0.719090462 0.596434951
0.0584234725 0.0293099226 0.0280205992 0.758502901 0.616499007 -0.211192638
-0.0554318578 -0.0237905202 0.208944672 -0.576507926 -0.783194959 0.232903704
-0.0190057374 0.0428807329 0.0849985215 -0.149022639 0.988711476 0.0155563997
0.0391408696 0.0399500748 0.0817807649 0.262352377 0.964874625 0.0137095023
-0.00318292788 -0.0431258583 0.0880837736 -0.0335675292 -0.999383509 0.01029051
0.00214974946 0.0332870169 0.243133965 0.0188350286 0.94854337 0.316086471
-0.0580210301 0.0217724283 0.0796808662 0.298122495 0.635418177 0.712296844
-0.0507354653 0.0240051398 0.0758639853 0.0967991501 0.387626976 0.916719794
-0.0154598151 0.0222422062 0.286595013 -0.58831799 0.786845863 -0.186428219
0.05519862 0.00697591494 0.00545680991 0.695330501 0.0528413206 -0.716744959
-0.00912801174 -0.0413097104 0.00530136471 -0.0783972889 -0.963526368 -0.255872458
-0.0594912707 0.0105665243 0.12032679 0.745564997 0.666229665 -0.0164602436
0.0251737106 0.0154947684 0.314336461 0.685731471 0.491971165 0.536410987
6.29224037e-05 0.0446286004 0.0464212041 0.0202220324 0.999766767 0.00758647034
-0.0318804479 0.0269706384 0.149870199 -0.975331962 0.144689322 -0.166710898
0.0473930628 0.0363832721 0.1713731 0.302395344 0.953094363 0.0129706291
0.0718610101 -0.0037926469 0.0512129127 0.987314939 -0.0698479638 -0.142585188
0.0592180516 0.0316091408 0.187849051 0.627071023 0.775681436 0.07141532
-0.0532637161 -0.0218085573 0.0719916763 -0.141336009 -0.631045222 0.762762189
-0.0746791992 -0.00640219264 0.118220282 -0.912288368 -0.409106791 0.019010786
-0.0045212738 0.019688427 0.316798011 -0.0342354625 0.0708661228 0.996898115
-0.0169509608 0.0169495688 0.316462539 -0.0507671051 0.129019275 0.990341723
-0.0615577784 0.00649499447 0.0149430277 -0.890873432 0.0483131297 -0.451675087
0.0578687755 0.00429155635 0.00852545343 0.888586164 0.11490684 -0.444084495
-0.0631123477 0.0200121293 0.178051433 -0.577019751 0.811429799 -0.0928968564
-0.0258413946 -0.00184197806 0.269239199 -0.980787516 -0.0908039212 0.172656804
-0.0720086302 0.00134653444 0.180408225 -0.98774004 0.0594871901 0.144328997
-0.0272935706 0.0106357073 0.314896283 -0.81856209 0.391722798 0.420130253
0.0110537878 0.0419643125 0.20897469 0.0431174561 0.998517573 0.0332193114
0.0277932757 0.00375172228 0.261524261 0.950115502 0.0549510308 0.307019413
0.0271669699 -0.0410658812 0.0969243758 0.139789045 -0.990078449 0.0142712398
0.059927905 0.0329344217 0.0726099645 0.431698769 0.901972175 -0.00907315034
0.0241058165 -0.0404405004 0.165213971 0.136094168 -0.990527987 0.018243799
0.0732245527 0.0130124668 0.152748552 0.979854226 0.189576268 0.0628213584
-0.0599074449 -0.000927686061 0.225169693 -0.644687414 -0.0970941558 0.758255184
0.0369070848 -0.0395696471 0.0606649929 0.196036741 -0.980582893 0.00519167446
-0.0404046891 0.0107018904 0.240740286 -0.673386693 0.175599158 0.718133211
-0.0645430399 -0.0171154588 0.191134576 -0.796975076 -0.600887418 0.0613600761
0.0377868196 -0.0393827421 0.0553534559 0.262804478 -0.964848816 0.000806189084
0.00108377435 0.0374251972 0.00105685274 -0.00347010023 0.159305871 -0.987223208
-0.00456546823 0.0255215164 0.282627786 -0.155115306 0.986928403 0.0437205918
-0.0345454894 0.00836533111 0.151200254 -0.960593224 0.0915940478 -0.262433559
-0.0310011345 -0.0264023785 0.00155925607 0.0574651062 0.252911955 -0.965781152
-0.0183639158 0.0433242626 0.0164560268 -0.113886371 0.984397888 -0.134129792
0.050507591 0.0367730371 0.0647194445 0.335415691 0.942067742 -0.00213478762
-0.0173845605 0.043355313 0.0725306172 -0.0901318714 0.995888591 0.00906254631
-0.0136082831 -0.00176882335 0.316924919 0.00878416561 -0.00134793494 0.999960482
-0.0697721111 -0.0112377058 0.149636542 -0.632254422 -0.774718046 0.00814047921
0.00989352436 -0.0432168614 0.0683395407 0.0756099299 -0.997112513 0.00705966214
-0.0376285182 0.0303567784 0.082033874 -0.833755612 0.286010832 0.472280979
0.0187102692 0.0250160226 0.309168435 0.505594969 0.792681873 0.340630472
0.00572126351 -0.0437793001 0.0170909093 0.026097998 -0.99074775 -0.133182839
0.0305640723 0.00382330758 0.310333164 0.96251142 0.061911758 0.264080733
0.0373859224 -0.00406871708 0.00321108449 0.00234438851 -0.0166081712 -0.999859273
-0.0377169115 0.0356635438 0.182041832 -0.588548779 0.80311352 -0.0928387046
-0.00775253897 -0.0304622564 0.240532096 -0.229208454 -0.933441103 0.275954783
0.0749396359 0.0105884358 0.103500342 0.983069062 0.183146626 -0.00569635862
-0.0219840284 -0.0134003258 0.277210413 -0.831099987 -0.554885924 -0.0370733701
-0.0309475708 -0.00254227848 0.306574418 -0.983431041 -0.0785053372 0.163402691
0.0518718994 0.0360454951 0.0420880717 0.363361061 0.931273282 -0.0264371783
-0.0426326566 0.00358301054 0.239678127 -0.690172374 0.0377633125 0.722658992
-0.0307924369 0.0417308137 0.0516203699 -0.169982925 0.985221446 0.0210831724
0.010054555 0.0257682588 0.264749001 0.424769431 0.892735183 0.150316164
-0.0562991052 -0.00257019844 0.121027084 0.980920494 -0.190163478 -0.0404089801
0.0675312875 -0.0229135642 0.174230997 0.81615442 -0.568015695 0.106067114
-0.032265127 0.0244972331 0.107589168 -0.985387564 0.144872323 0.0895734802
0.00613755995 -0.0288459895 0.31159527 0.155760914 -0.916677773 0.368022442
0.0249673815 0.00897463119 0.317446286 0.258305818 0.278424859 0.925071716
-0.0175126799 -0.0265821439 0.299171996 -0.488300353 -0.852962255 -0.184440598
0.0194136583 0.0224355791 0.00325408625 -0.0307884496 -0.137835339 -0.989976585
-0.0742019244 -0.00608285884 0.140119318 -0.902676642 -0.428352952 0.0410929099
-0.0332050443 -0.0280798764 0.161372184 -0.847953856 -0.378688723 -0.370902985
0.0738827095 -0.0150180298 0.100919517 0.979892254 -0.199400306 -0.00711395312
-0.0566848808 -0.00315079463 0.101217077 0.96810782 -0.248106778 0.0347887315
-0.0448085031 -0.0139716736 0.00321659696 -0.0218654294 0.0478482656 -0.998615265
0.0735628136 -0.00845476144 0.0670422612 0.975536823 -0.193734035 -0.103899226
0.020051334 -0.0425366176 0.0453799526 0.133941412 -0.990952194 0.00857142638
0.0275426936 -0.0415177911 0.0245982794 0.20437932 -0.977826595 -0.0456524603
0.0742157027 -0.00748310754 0.152330448 0.995544255 -0.067921713 0.065408878
0.00145159008 0.028519946 0.259439369 0.0545457378 0.979851544 0.192134812
-0.00501413113 0.04452674 0.0425864124 -0.0299398229 0.999495208 0.0106355753
-0.00711110047 -0.0315572063 0.00130927175 0.00376406265 0.238752156 -0.97107327
0.0756293836 0.00366115624 0.117248449 0.998493791 0.0539396964 0.0100270947
-0.074214077 0.000791394597 0.161822207 -0.995198786 0.0410492346 0.0888499394
-0.0328982642 -0.00668327828 0.124219411 -0.9957425 -0.0909853578 0.014783795
-0.0566030515 0.00337088765 0.104251516 0.986036539 0.162866041 0.0347368233
0.0624616449 0.0258884717 0.205915976 0.849048197 0.508031487 0.144987226
-0.0311775775 0.0304374304 0.108575141 -0.976934195 0.193218544 0.0909182876
-0.0493003766 -0.0345381066 0.0420832895 -0.405483872 -0.906055331 0.121023148
-0.0293751709 -0.0014954679 0.256751084 -0.872722566 -0.0798967183 0.481634408
0.0595416176 0.0328290279 0.117040165 0.404786378 0.914324284 0.0126139363
0.0642912363 0.0235634338 0.0362771706 0.854538739 0.463649958 -0.234077245
-0.0332343356 0.00290339367 0.138611751 -0.999005973 0.0331884287 -0.0297565144
0.047665321 -0.0351749898 0.165740632 0.299284846 -0.95400852 0.0172183067
-0.00759433897 -0.043686713 0.018529868 -0.0374163054 -0.999228418 -0.0119438311
-0.0754201475 -3.65747023e-05 0.0804133076 -0.993254423 -0.086728856 -0.0769653544
-0.0120618203 0.0439261428 0.0640570641 -0.0882793665 0.996048033 0.00975014549
-0.00875116659 -0.0430578282 0.0624285363 -0.0421591699 -0.999087274 0.00687734224
-0.0574797172 0.0318998942 0.03108905 -0.669730902 0.726637363 -0.153161898
0.0415376486 -0.0369460335 0.16091727 0.253097802 -0.967267454 0.0183090251
-0.0615413997 -0.0178264583 0.209831162 -0.769735873 -0.590710104 0.242008716
0.0710368475 0.022626444 0.124554742 0.833996952 0.551347315 0.021567747
-0.0389054606 -0.0361464886 0.0665425364 -0.588037491 -0.782317579 0.205404505
-0.0559738274 -0.00396167351 0.092365483 0.945381284 -0.280963898 0.165268153
-0.0396773019 -0.0387335008 0.0435567575 -0.374211878 -0.9246068 0.0711883083
0.0433594245 0.0369183365 0.205381062 0.245417178 0.969186187 0.0211781841
0.0433764294 0.0388370375 0.0298400175 0.272807449 0.961490929 -0.033335574
-0.00740564763 0.0388154515 0.223801323 -0.172247514 0.959892094 0.221218854
-0.0696640261 0.0185817457 0.0764100142 -0.827067971 0.553684115 0.0969149247
-0.0261721398 -0.00494881318 0.00391393353 0.0126566812 -0.0637336671 -0.997886598
0.0387891915 -0.0373360511 0.178023171 0.247308016 -0.968760908 0.0184672102
0.0698584485 -0.0181344396 0.0572266763 0.931591392 -0.335814536 -0.139161393
-0.0697800277 0.0184842569 0.0579846632 -0.909283459 0.405594856 -0.093254447
0.068023298 -0.0248501251 0.148084785 0.816673994 -0.575717628 0.0399094187
-0.0758734453 0.000898934965 0.0913763494 -0.998800755 0.0330059156 -0.0361636356
0.0449032042 0.0363231486 0.208421543 0.316271007 0.948258579 0.0278991964
0.0253241057 -0.0264915868 0.00244512008 -0.00283327256 0.164154366 -0.986430645
0.00795892678 0.0444357388 0.0507418796 0.0202220194 0.999765277 0.00777022587
-0.0357354767 -0.0209221556 0.088837436 -0.923317194 -0.200276777 0.327680558
-0.0652898046 0.0157094562 0.0983159618 0.016548479 0.988723278 0.148836315
-0.0333453606 -0.0405682291 0.0371304932 -0.172425553 -0.984072328 0.0432562456
-0.059944658 0.00860860721 0.0122203544 -0.882703066 0.129941657 -0.451608568
-0.00326911276 -0.041679737 0.183051417 -0.0267239213 -0.999221325 0.0290285479
-0.0273823914 0.0407096066 0.00805540696 -0.147449255 0.955356538 -0.256032586
-0.0534294912 0.00309638715 0.14845023 0.939688027 0.115914039 -0.321792454
-0.0550748924 0.00163088129 0.0909294079 0.984734654 0.0241030212 0.172385484
0.0234628263 0.0428242889 0.0843338316 0.138098821 0.990372002 0.00959554594
0.00436173093 0.0418345735 0.211130173 -0.0188079383 0.996476054 0.0817417428
-0.0561881627 0.00755633562 0.138660363 0.88063705 0.467565715 -0.0765547156
0.0102595238 -0.0265048002 0.256999344 0.24607411 -0.925749302 0.287116408
-0.0261934379 0.0415555003 0.0818159206 -0.245343149 0.968444109 0.0438484326
0.062588497 -0.00384868409 0.017342571 0.885352254 -0.0716220811 -0.459370911
0.0241125799 0.0360436969 0.230567393 0.181660503 0.842084587 0.507831633
0.0494808711 0.0058416613 0.00358997104 0.137723699 0.0220428072 -0.990225315
0.0154183526 0.0434612462 0.106546425 0.0799925923 0.996717036 0.0125021357
0.0159664529 -0.0163492048 0.316445788 0.0797103122 -0.138529882 0.987145245
0.0185462452 0.0431757225 0.109296321 0.0799925923 0.996717036 0.0125021357
-0.00779292874 -0.0136847663 0.00437140313 -0.00631943066 -0.0245289207 -0.999679148
-0.0711179154 0.00805209081 0.180567387 -0.967701316 0.220497936 0.12220782
-0.00562937735 0.00352802266 0.317065472 -0.024150325 -0.0174106564 0.999556661
-0.0297370452 -0.0343481964 0.100203042 -0.912579358 -0.387440264 0.130724475
-0.0463908318 0.0265678685 0.00307138642 -0.383192778 0.216060206 -0.898042977
-0.00154114283 -0.0433739923 0.0610162331 -0.0421615839 -0.99907136 0.00888225809
0.0446294214 0.0356287048 0.216339494 0.333188325 0.937113941 0.103938036
0.0588317955 0.0216376632 0.222675283 0.741991997 0.432900399 0.511903286
-0.0547031593 0.0196861194 0.0789992484 0.390687913 0.436881304 0.810245514
0.0748280143 0.00483347785 0.0765867226 0.996231437 0.0567392744 -0.0656009242
0.0230402773 0.0175518755 0.260553252 0.758896947 0.578450441 0.299116403
0.0167057622 0.0214984516 0.287363183 0.58732152 0.781603873 -0.210116491
0.00851830501 0.0426102795 0.190041916 0.0208692625 0.999506533 0.0234769657
-0.0607690898 -0.0105128367 0.114519251 0.705078959 -0.709015906 -0.0126543976
-0.00405661509 -0.0315438172 0.239532662 -0.160973981 -0.952281058 0.259322494
-0.0326753241 -0.0107286678 0.120648503 -0.992993534 -0.10368792 0.056680575
0.0415024328 0.0391173299 0.0941853561 0.263385952 0.964567363 0.0154172489
-0.0463107416 -0.00568846313 0.0031531342 0.0105847185 -0.0232027657 -0.999674737
-0.00740847221 0.043000941 0.168403908 -0.0713577121 0.997311413 0.0166721344
-0.0520195325 0.0261843909 0.181328932 -0.399621397 0.879421771 -0.258689404
-0.0570441446 -0.0121337446 0.155949716 0.452259332 -0.745192528 -0.490050614
0.0689095946 0.00189649046 0.203541372 0.984294772 0.0421181954 0.171434373
-0.0196648414 -0.0206888954 0.00364067869 0.0554567501 0.149358541 -0.987226665
0.0403705456 0.000610976362 0.242680742 0.734730244 0.0245149862 0.677916229
-0.0013593583 0.0446525743 0.0244957963 -0.0222740471 0.998865604 -0.0420882963
-0.0231376412 -0.0356750311 0.215454644 -0.197557166 -0.954492033 0.223418936
0.020838582 -0.0425231247 0.0221285149 0.142587364 -0.989281118 -0.0314918421
-0.0228264005 0.0410965976 0.184677704 -0.154306412 0.987974048 0.00983851869
0.0247092668 -0.012018243 0.263030848 0.877287865 -0.375646651 0.298756719
0.0210492809 0.0222540785 0.255279519 0.534050286 0.749615371 0.3909823
-0.0105524665 -0.0296410077 0.240924473 -0.254855663 -0.925655007 0.279662997
-0.0758899911 0.00193961911 0.121487998 -0.999648511 0.0249964781 0.00883185398
0.0585223299 -0.0320160453 0.123779662 0.391957611 -0.919874609 0.0141342431
0.0405883737 -0.0356904042 0.201943981 0.252199978 -0.962760031 0.0974076539
-0.044762641 0.0307822764 0.183212022 -0.537479937 0.811968565 -0.227645516
0.05658648 0.0341914218 0.113067724 0.404788584 0.914331973 0.0119640902
-0.0581699796 0.0159809138 0.157058167 0.518309534 0.684980989 -0.512011945
0.0258678486 -0.000250068581 0.27782413 0.993779421 -0.108386576 -0.0255904887
-0.0613830675 0.00789792289 0.223185726 -0.823535562 0.142952651 0.54895705
0.0490787785 -0.0349168823 0.154151095 0.304637462 -0.952334642 0.0159594715
-0.00123976362 -0.0284806948 0.292981305 -0.0561093688 -0.804662228 -0.591075659
0.0120120344 -0.0428511118 0.0899055091 0.0784822777 -0.996854067 0.0110696377
-0.0115053156 -0.0428541912 0.0590216388 -0.099353537 -0.994937181 0.0151227601
0.0278218039 -0.0353418015 0.225421955 0.188691586 -0.930517256 0.313899934
0.0732650573 0.0169481441 0.125709351 0.938775361 0.343707621 0.0237867776
0.0367079747 0.0345237243 0.00333816876 0.440469086 0.666768551 -0.601171076
-0.0122942968 0.0425712939 0.173132751 -0.0713544413 0.997302353 0.0172204394
-0.0274286777 0.0421793661 0.0577795557 -0.169982925 0.985221446 0.0210831724
-0.0398030264 -0.0367122481 0.00976943582 -0.392090887 -0.842633009 -0.369099289
-0.028839999 0.0407935307 0.0092079959 -0.147449255 0.955356538 -0.256032586
-0.0521415069 0.0295653894 0.199116224 -0.528489351 0.843461394 -0.0962901264
0.0574518381 -0.0183708165 0.222446811 0.770854414 -0.408056617 0.489155471
-0.0370718823 -0.00255934081 0.245406258 -0.73919487 -0.0846953765 0.668144882
0.0757034482 0.00284464269 0.0997556278 0.998527706 0.0540991426 -0.00396754267
0.00484365476 -0.0434125581 0.0553936914 0.0151802972 -0.99985379 0.00786657166
0.0577445856 -0.0324123823 0.0525861456 0.468888015 -0.882306933 -0.0409684479
0.0107016136 -0.0248392343 0.289855369 0.349605352 -0.823610127 -0.446590006
0.019562398 -0.0426706833 0.0209856627 0.142587364 -0.989281118 -0.0314918421
0.0168136695 0.0398425909 0.22399082 0.0967988595 0.969601035 0.224730521
0.0515709918 0.0351520472 0.0272977454 0.532736957 0.840190113 -0.101349801
-0.0189336587 -0.0179939531 0.282756031 -0.724115551 -0.675919652 -0.137073755
0.0311583898 0.00133101792 0.308799624 0.961201489 0.0653910115 0.267984569
0.0274291671 -0.0414823807 0.0531994642 0.133944288 -0.990969419 0.00620651944
0.0202850869 0.0421696787 0.164292022 0.135543987 0.99062103 0.0172575042
0.0243468201 0.0361867678 0.00132024814 0.0358048268 0.0769235864 -0.996393859
0.072717458 -0.0180339651 0.111782426 0.927869201 -0.372888297 0.00362245645
0.0390599436 0.0255347763 0.00254041504 -0.00294877286 -0.119675837 -0.99280864
0.0283976635 -0.0152343716 0.299851002 0.836905122 -0.523029983 -0.161337137
-0.0311311605 0.0271626072 0.143274347 -0.986992657 0.1340193 -0.0887928084
-0.0744373064 -0.00777791644 0.0843356383 -0.932213724 -0.361834943 -0.00729059381
0.008471546 -0.036689543 0.00116543285 0.00398111297 -0.228483215 -0.97353971
-0.00927898601 0.0295632403 0.250673408 -0.276000321 0.912335634 0.302436084
-0.0390776629 0.0325479181 0.00172126328 -0.381461233 0.393458992 -0.836467206
-0.0548753141 0.0339376757 0.0611933575 -0.475070328 0.851614296 0.221497938
-0.0327589861 -0.00886206342 0.140206644 -0.994461119 -0.10099186 -0.0291192774
-0.00459354122 -0.0284530925 0.00227685521 0.00303785224 0.327149808 -0.944967628
-0.049685981 0.0206368715 0.00337426386 -0.329633534 0.113075309 -0.93731308
-0.0471883536 0.0352420745 0.0686061963 -0.369240165 0.772473276 0.516668975
-0.0584149062 0.0111652646 0.140469814 0.713933587 0.687406659 -0.133307844
-0.0261513302 -0.0164028586 0.295376775 -0.748821914 -0.509392142 -0.424010992
0.0734162184 0.00223924356 0.0609622278 0.988182843 0.0549251772 -0.143101186
0.0322828467 0.0345587033 0.00209668942 0.13965182 0.251729548 -0.957668841
0.0167507851 0.0425761311 0.162081172 0.0759584829 0.996981502 0.0160709955
0.0426901666 0.0373980919 0.187905747 0.244976029 0.969413698 0.0149631472
0.0583204956 0.032053925 0.186149224 0.393182188 0.919059336 0.0271626264
0.0736622226 0.00163203695 0.165687171 0.994606912 0.0593765751 0.0850383714
-0.033171736 -0.00142405131 0.135381646 -0.998650491 -0.0430357791 -0.0290698092
-0.0150424833 0.0221297371 0.272558756 -0.578632295 0.811275482 0.083766818
-0.0702956886 0.00475736116 0.190733675 -0.987111628 0.0646446422 0.14639543
0.0554428597 0.034924637 0.087012877 0.321725965 0.946749151 0.0125863096
-0.0257154424 0.00562411085 0.284940179 -0.985432863 0.12286333 -0.117587291
0.0314851683 -0.0203707791 0.243371837 0.616731405 -0.504747391 0.604046702
0.0350460975 -0.0392315767 0.115529522 0.206502914 -0.978336871 0.0146144014
0.0756109388 0.00501905726 0.105300522 0.998560369 0.0534301922 -0.00472464832
-0.00603730351 0.0434222023 0.148485693 -0.0691199899 0.997488201 0.0154774003
-0.0725368905 -0.00736882725 0.159444511 -0.888888597 -0.454982668 0.0535521619
-0.0354008052 -0.028276446 0.0842738589 -0.916812479 -0.283448935 0.281267881
-0.037044572 -0.0147161229 0.0885539713 -0.921346128 -0.163454965 0.352708936
-0.0578146466 0.0272001611 0.0206647002 -0.814800262 0.466732442 -0.34389168
-0.0088827287 0.026222558 0.264051595 -0.282323986 0.938821316 0.197250247
-0.0324496251 0.0145404198 0.141162009 -0.995502949 0.0892275944 -0.0318161957
-0.0756147601 -0.000539571218 0.135659307 -0.992259562 -0.122721575 0.0189877655
0.0272386266 -0.00825501369 0.290933123 0.87302357 -0.190513656 -0.448925763
0.0332451437 0.0391123587 0.213309948 0.179125667 0.98123455 0.0713636056
0.0621119596 0.00263415786 0.0161178172 0.887431026 0.0566700995 -0.457443595
-0.025274776 0.00316964608 0.275640822 -0.998433232 0.0513905324 -0.0221362319
-0.0171062646 0.0437706471 0.0428849249 -0.0824319646 0.996492445 0.0144154839
0.013650497 0.043943287 0.0715246578 0.0755593181 0.997119546 0.00657758629
0.0381324016 0.0373057321 0.21927294 0.24730213 0.923767686 0.292395025
0.0694043954 0.00947042079 0.0404163228 0.965691507 0.184451804 -0.18280448
-0.0495667246 0.0164449472 0.00316917101 -0.00181971316 -0.0857801661 -0.996312499
0.0309418624 0.00850149303 0.253120813 0.85421592 0.167706281 0.492127806
0.0717872303 0.0214827407 0.113459559 0.938904643 0.344147652 0.00453193858
-0.0332617933 -0.0216993286 0.155716593 -0.934936225 -0.228628442 -0.27133581
-0.0665055229 -0.0133253634 0.105168649 0.125337273 -0.98297745 0.134335369
-0.0561506023 -0.00371569547 0.127951946 0.957929969 -0.276039839 -0.07856372
0.0472840714 0.0302227757 0.227052351 0.372536004 0.687869966 0.622938097
0.0571576868 0.0173252892 0.226302582 0.636699796 0.212502003 0.741253257
-0.0710346722 -0.00949410638 0.166248228 -0.889512837 -0.453293979 0.0573711544
0.00784467599 -0.0434387193 0.0149896851 0.0270818714 -0.990559936 -0.134378374
-0.0284973548 0.0150444767 0.304757201 -0.865665019 0.469775349 0.173018247
0.0650668758 0.0297993015 0.111766372 0.61431855 0.788999557 0.00962106511
0.0508286131 0.0365212759 0.0447670372 0.346641421 0.937905431 -0.0131543819
-0.0409317106 -0.0140107804 0.00332122588 0.0427277721 0.0671086162 -0.996830344
-0.00512286044 0.0420965295 0.201311119 -0.0414036065 0.997742534 0.0528723188
-0.0691020533 -0.00998235043 0.0407038573 -0.973521471 -0.161112845 -0.162168577
0.0670355223 0.0123422045 0.0325629288 0.947738469 0.182548866 -0.261663318
-0.0687662821 0.01385155 0.148746696 -0.476838022 0.878748357 -0.0206599459
0.0588444462 0.0323329181 0.166522337 0.394586861 0.918663979 0.0189176183
0.0254688679 -0.0152034785 0.256370428 0.768176675 -0.46703133 0.43793422
-0.0078802727 -0.0424055736 0.128432286 -0.0790429115 -0.996783912 0.0131978141
-0.0272695291 0.0175453454 0.301851696 -0.817532718 0.575218618 0.0276353955
0.0308149862 0.0329490851 0.00162227583 0.0243080053 -0.0758451819 -0.996823251
-0.0232504989 -0.039484181 0.154025427 -0.398448706 -0.916767657 -0.0278527699
-0.0297443908 -0.000587819927 0.2939841 -0.806564033 -0.0648574233 -0.587578118
-0.024417946 -0.0419317766 0.0333678121 -0.116545856 -0.992963195 0.0209998675
0.00786612068 -0.0426536438 0.121854256 0.0293339659 -0.999474049 0.0138279982
0.038670649 -0.0345581641 0.215350427 0.265304565 -0.952439249 0.149909839
0.0422233682 -0.0362853176 0.184238536 0.247195646 -0.968574047 0.0275438819
0.068752861 0.0264304887 0.102976893 0.834520519 0.550976336 0.000722805446
-0.0250698775 0.0401126788 0.154071129 -0.361602932 0.931360126 -0.0425628684
0.0363159481 -0.0397156248 0.0554141962 0.196036741 -0.980582893 0.00519167446
0.0323433654 -0.0313777789 0.00205906764 0.0457945056 0.0335210636 -0.998388231
-0.053855383 0.0354016094 0.0358397518 -0.523738563 0.851843059 -0.0078335572
0.0310925368 -0.0393003257 0.162535337 0.198015571 -0.980019987 0.0187281799
-0.0547047376 0.00732995082 0.00408883716 -0.757580757 0.116193846 -0.64231652
0.0484815957 -0.0358229971 0.106038795 0.316365808 -0.948562741 0.011893251
0.0236301315 0.0136858211 0.286194373 0.85331887 0.457769632 -0.249587536
0.0575918622 0.0338606262 0.104145124 0.406354249 0.913640678 0.0116974134
0.0503735595 -0.0349980198 0.120135131 0.31403771 -0.949313462 0.0135705424
-0.047581928 0.0370712048 0.0208483258 -0.488318473 0.857940972 -0.159631997
-0.0353502209 -0.0318569707 0.217470323 -0.314187258 -0.883012295 0.348677009
0.0604197631 0.022698321 0.21947661 0.741991997 0.432900399 0.511903286
0.0682875849 -0.0233113533 0.162018729 0.815060139 -0.576851487 0.0540302284
-0.069005563 0.00583120995 0.198936463 -0.984619617 0.0623950027 0.163190454
-0.00871381449 -0.0423068747 0.131303127 -0.0766609386 -0.996987522 0.0117884846
0.075378806 0.00349262849 0.085639754 0.997476459 0.0565085001 -0.0429840796
-0.0392297044 -0.0267723079 0.0775241356 -0.789527833 -0.364622861 0.49365589
0.00264940531 -0.0250981202 0.281421275 0.0517724454 -0.998375058 -0.0238079373
0.00412296931 -0.0256343856 0.26894556 0.16400452 -0.976701438 0.138407886
0.0029819022 0.0445398179 0.0503031262 0.0202220194 0.999765277 0.00777022587
0.00952385731 -0.0429394174 0.0978615228 0.024998771 -0.999609947 0.0124480613
0.0594396149 0.0322070179 0.158911807 0.398558468 0.917032778 0.0142116472
-0.0531792035 -0.00258106195 0.150065227 0.929113269 -0.218392462 -0.298418075
0.051886018 -0.0119480568 0.230393803 0.59982872 -0.186901405 0.777993202
-0.0168013359 -0.0418851508 0.088172205 -0.165136412 -0.98606956 0.0199209619
0.0452118854 0.00888576717 0.00328752736 0.000570458011 0.0181969926 -0.999834239
-0.0196976103 0.039204417 0.210805182 -0.169966757 0.97102958 0.167966858
0.0344325849 0.023671111 0.240842335 0.433206499 0.617418945 0.656601906
-0.0321380148 0.039578094 0.00735229778 -0.197686374 0.939298987 -0.280423552
-0.0471343346 0.00668051065 0.235332344 -0.631332099 0.117594495 0.766545057
-0.00801776615 0.0443794625 0.0479716129 -0.0299398229 0.999495208 0.0106355753
-0.0742395761 -0.00463989946 0.150123523 -0.956969559 -0.282823116 0.0649630353
-0.0428134883 0.0327209664 0.213324841 -0.290723115 0.926399946 0.239297599
-0.033242802 0.00740375118 0.118481291 -0.995385885 0.0760187209 0.0585496724
-0.032425393 0.0159396641 0.119643259 -0.993629217 0.0972158238 0.0570092909
-0.0335910439 -0.0371563438 0.189492094 -0.308721006 -0.949267805 0.0598501302
0.0172992301 0.0434453365 0.0952188622 0.0791582167 0.996793449 0.0116940122
0.0150335533 -0.0291444125 0.246245714 0.344061583 -0.827714801 0.443294466
-0.0726969035 0.0119263952 0.0657496489 -0.957417965 0.278107256 -0.0775057748
-0.0213438337 -0.0418679522 0.0525177362 -0.132464558 -0.991069138 0.0153346621
0.0313354102 0.041795725 0.0602894962 0.195519149 0.980684817 0.00544006191
0.0274606756 0.0109859707 0.292496883 0.762248099 0.289372921 -0.579000115
0.00173632331 0.0124513746 0.317345115 -0.00726466533 -0.0156844128 0.999850571
-0.0162294863 0.0424441618 0.14989416 -0.118961014 0.992836297 0.0111424979
-0.0232983719 0.0175640495 0.314160809 -0.562315822 0.542410791 0.624172509
-0.0681981475 0.0102697651 0.199178934 -0.968245387 0.204793811 0.143388882
-0.0672335965 -0.00243625155 0.0289467813 -0.965661228 -0.0666157454 -0.251119047
0.0701826504 0.0238986387 0.125063538 0.833996952 0.551347315 0.021567747
-0.00124097396 0.0259092367 0.285932088 -0.0557111539 0.990421951 -0.126335144
0.0332371841 0.0408081735 0.11074758 0.20558919 0.978552043 0.0129946154
-0.0257952048 0.0389645334 0.131774908 -0.708476007 0.705643535 0.0113496464
-0.0598950561 -0.0186030207 0.168788094 -0.35252431 -0.893282712 -0.278877437
-0.016954283 -0.0412103208 0.134991559 -0.230203211 -0.973107815 0.00822855346
-0.021769993 -0.00468367226 0.00395483227 0.0122909257 -0.0348451845 -0.999317229
0.0614448677 0.0252182471 0.0292046455 0.858519256 0.451465219 -0.24315384
0.0584820519 0.0269311415 0.0233008169 0.833515704 0.434066236 -0.34181577
-0.0482713924 0.0249291244 0.173867924 -0.345555753 0.839173257 -0.419975638
0.0335264146 -0.0398771337 0.0938717608 0.204906195 -0.978652894 0.0158741791
-0.0421946651 0.0261166451 0.227616555 -0.408751696 0.703656614 0.581196606
0.0160712759 -0.0273135909 0.00237825587 -0.0139036579 0.22339344 -0.974629223
-0.0497446744 -0.0345843903 0.040248169 -0.405483872 -0.906055331 0.121023148
0.00893445561 0.0421916232 0.204892836 0.0431174561 0.998517573 0.0332193114
-0.0291706911 0.0388673103 0.201458242 -0.207864061 0.966208339 0.152427137
-0.0518054734 0.0356684477 0.0253305895 -0.572871149 0.814945161 -0.0876527205
0.0357004696 -0.0397214691 0.072896054 0.200618327 -0.979594529 0.0121176085
0.00337263499 0.00486805169 0.317244219 -0.0105457082 -0.0147461398 0.99983573
-0.0100980478 -0.0421917146 0.132040862 -0.0766609386 -0.996987522 0.0117884846
0.0211579082 -0.0399162648 0.197984709 0.127567321 -0.990841269 0.044273112
0.0404992193 0.037473226 0.210871935 0.249501184 0.964170158 0.0901393741
0.0383074847 0.0403997402 0.0543735091 0.262025416 0.965052426 0.00406173244
0.043264399 0.0324537473 0.226828904 0.288984507 0.772771299 0.565077424
0.0207029882 -0.0157104638 0.277772542 0.799994528 -0.598366678 -0.0443409495
0.0562031661 0.0329645142 0.186203181 0.395627856 0.918058753 0.0254305881
0.0187681878 0.00471035157 0.317679532 -0.0877726153 0.0168608762 0.995997846
-0.0340933679 0.00222918341 0.00361423995 0.037419565 0.0397941284 -0.998507023
0.00604790931 -0.0398332085 0.210923683 -0.00426412839 -0.991232216 0.132062703
0.0710094185 0.0130049593 0.0531742597 0.973513544 0.179712549 -0.141331941
0.0725323187 0.0194748193 0.0995131669 0.9396981 0.341964304 -0.00527714519
-0.0434058546 0.0335822179 0.209272383 -0.315365523 0.915041268 0.251483858
0.0506835034 -0.0346544886 0.136672997 0.313616663 -0.949453115 0.0135430349
-0.0443302452 -0.036481236 0.0455921732 -0.44664821 -0.889669776 0.0948326364
-0.056189452 0.0220292619 0.0783640603 0.171355024 0.564263523 0.807616413
0.0350115214 0.0158070351 0.245294658 0.648004472 0.341125846 0.680972338
-0.0732241454 0.011028194 0.101165961 -0.858371437 0.512109816 0.0306934938
-0.0156198664 -0.0223094918 0.289347118 -0.545941532 -0.802428782 -0.240947783
-0.0359673285 -0.038749051 0.058997628 -0.324637502 -0.942014813 0.0849626586
0.0656545013 0.0197288869 0.204837842 0.931125462 0.327501088 0.160463229
-0.0702229083 0.0129344408 0.156047956 -0.732177854 0.680932581 -0.0156937242
0.0376324592 -0.0393917122 0.0651496175 0.198940173 -0.979977548 0.00817841012
-0.0271663065 -0.0325422054 0.222226033 -0.233302698 -0.918398678 0.319552183
-0.0541152766 0.0275431164 0.192488876 -0.490913123 0.862573802 -0.122355141
-0.0375461065 -0.0345435899 0.00322929077 -0.410429507 -0.753626704 -0.513414502
-0.0144523975 -0.0143836033 0.00441546904 0.0210921336 -0.0248848386 -0.99946779
0.035658445 -0.0363897389 0.208728171 0.26674217 -0.959876478 0.0865209401
0.0523214755 -0.0198690184 0.226786741 0.588921905 -0.453502685 0.668959022
0.0514898476 0.0363932688 0.0751522002 0.32834816 0.944548666 0.00389870862
0.0197405124 0.0177650214 0.279516967 0.699515164 0.714516401 -0.0120376935
-0.0195553373 -0.0170011562 0.281144596 -0.724115551 -0.675919652 -0.137073755
0.0119526657 -0.0285331539 0.302110552 0.419719011 -0.905883372 -0.05666757
-0.0271472344 -0.0065404004 0.290707982 -0.882497489 -0.130656332 -0.451804429
-0.0547134282 -0.0117786788 0.158388309 0.681451857 -0.593174636 -0.428680807
0.0717438207 -0.0196106442 0.0848027101 0.930837154 -0.363983363 -0.0325312987
-0.0475850396 -0.0363866105 0.0302235172 -0.383007258 -0.923289955 0.029002538
0.0552093836 0.0350036644 0.0870364104 0.321725965 0.946749151 0.0125863096
0.0724869894 0.00356967389 0.176517619 0.992474198 0.0549817197 0.109416731
0.000932439101 -0.0422659914 0.158904538 -0.0191967972 -0.999663949 0.0174217466
-0.0600912948 0.0158050396 0.0882490984 0.619428635 0.663152277 0.420163393
-0.0213621356 0.0428623202 0.0156114788 -0.113886371 0.984397888 -0.134129792
0.0509065497 0.0140921506 0.232127925 0.591073811 0.184085935 0.785330534
0.028083189 0.0413730177 0.144330348 0.141302288 0.989870429 0.0137913739
-0.0584756873 -0.0290115886 0.0485370797 -0.48747763 -0.85662806 0.168979108
0.0664977605 -0.00719505282 0.211627658 0.950177372 -0.112160742 0.290831178
-0.0129865467 -0.0338391589 0.227662496 -0.187421396 -0.916843891 0.352520168
0.0278788757 0.0424843605 0.0264957123 0.190984532 0.981508911 -0.0128569854
-0.0569795432 0.00577846537 0.099533613 0.958447158 0.282886922 0.0367970802
0.0200045024 -0.00544868274 0.00349209043 -0.0220107753 -0.015425601 -0.999638736
0.0270635891 0.042460621 0.0709077604 0.134774983 0.990853369 0.00672492478
-0.0285842835 0.0398249694 0.173604536 -0.287334949 0.956725121 -0.0459959209
-0.0518741836 0.0314871365 0.0709326935 -0.299998879 0.796824694 0.524472177
0.0595468896 -0.00772825142 0.225129674 0.642783642 -0.210575953 0.736537158
-0.0159127831 -0.0415937654 0.120577522 -0.134163558 -0.990873873 0.0129986024
-0.00553149152 -0.0272479803 0.256345833 -0.200020015 -0.963586271 0.177463844
0.0715338466 -0.0202106466 0.131692697 0.928993404 -0.369526148 0.0205371547
-0.00860657516 -0.0297483053 0.298593342 -0.251342684 -0.954528391 -0.160319597
0.00741133949 0.0435941991 0.135336767 0.0306181442 0.999422789 0.0147160823
0.0096164197 -0.0429809006 0.0943445135 0.024998771 -0.999609947 0.0124480613
0.0722187308 -0.01841381 0.13304266 0.928993404 -0.369526148 0.0205371547
-0.0269712255 0.0385111792 0.206566071 -0.196737126 0.968330681 0.153721705
-0.000236357539 0.00481800116 0.317205425 -0.0228628442 -0.0157101881 0.999615133
0.0564947619 0.0344242549 0.0977345249 0.320310265 0.947227955 0.0126718506
0.00819937175 0.0252725099 0.288015817 0.221568629 0.966334343 -0.130788058
0.0567559429 0.00794671802 0.228410321 0.650153756 0.112661384 0.751403749
-0.0242216118 -0.0102648842 0.269218643 -0.940411985 -0.285746098 0.18432197
0.0665549177 0.0190573686 0.0381712817 0.930907011 0.317728847 -0.18016775
-0.0747771449 -0.0070668082 0.0932955041 -0.932133734 -0.36195752 0.0106479432
0.0720032059 0.0156235478 0.16264861 0.937889874 0.340212017 0.0679582879
0.0286177427 0.0317061255 0.235239225 0.278542757 0.770606399 0.573218703
0.0247898648 -0.0129786044 0.289731559 0.781282425 -0.443384826 -0.439326495
0.0269823336 0.0425162355 0.0659932927 0.13221848 0.991178155 0.00917402562
-0.0158576318 0.03575606 0.227829945 -0.245424539 0.910903871 0.331693918
0.029741208 0.00539990564 0.00327306747 -0.0219808258 0.0170109104 -0.999613702
0.0706133801 0.005910838 0.044484838 0.981097281 0.0555933602 -0.18535772
0.0346753375 0.0143132242 0.00334358514 0.000413059635 -0.0211144183 -0.999777019
0.036697766 -0.0366149771 0.203025129 0.26674217 -0.959876478 0.0865209401
0.012915995 0.0423114945 0.191948848 0.0699007437 0.99741292 0.0167733729
-0.0747230397 -0.00691699699 0.106431695 -0.922874153 -0.385036707 0.0070714117
-0.041273843 -0.0309260467 0.212942664 -0.356399477 -0.901814997 0.24435468
-0.000120166922 -0.0414938065 0.190289958 -0.0266357232 -0.998315871 0.0515353605
0.0406450197 -0.0371977007 0.159944008 0.255759209 -0.966648936 0.013307441
0.0030174655 0.0430603371 0.175181738 0.0251066294 0.999474525 0.0205030423
0.0174645169 0.0437143064 0.0637415141 0.07420782 0.997211874 0.00785272475
-0.00189105406 -0.0275089268 0.258062964 -0.0899118707 -0.977494955 0.190838471
-0.0208079787 -0.0415268664 0.0719677097 -0.167680562 -0.985430717 0.0284538288
-0.0416738031 0.0142487462 0.162273186 -0.166713163 0.272372454 -0.947639048
-0.0710366335 -0.00606368393 0.181066369 -0.950026035 -0.287957937 0.120544076
0.0114149212 -0.04226171 0.135847012 0.0801335424 -0.996663809 0.01548611
-0.0151210103 -0.0409725901 0.179545178 -0.119250119 -0.99250865 0.0265699793
-0.0383615493 0.034895469 0.210508226 -0.272096694 0.929375708 0.249447927
-0.0204163158 -0.0403643221 0.14244669 -0.221950293 -0.975049436 0.00407991698
-0.0235790592 0.0183862779 0.313193753 -0.609484434 0.495418161 0.618942201
-0.0315295786 0.0266764833 0.146956482 -0.98522526 0.142098933 -0.0955982953
0.0482916329 0.0374886066 0.075722668 0.324119806 0.945972681 0.00906230044
0.0534117583 -0.0340951135 0.112542979 0.314949006 -0.949013591 0.0134271914
-0.0491730594 -0.00469198024 0.158327316 0.571759164 -0.261440486 -0.777650535
-0.0296168977 -0.0284321173 0.13297047 -0.971494257 -0.235620528 -0.0261101723
-0.0717208291 0.0115623831 0.128962801 -0.653908432 0.756570041 0.00235197274
-0.0221391755 -0.0399337168 0.152923725 -0.398448706 -0.916767657 -0.0278527699
0.0506697431 0.0367115241 0.0678907404 0.328346044 0.944546521 0.00456183823
0.0186337131 0.0436023537 0.0669093969 0.07420782 0.997211874 0.00785272475
-0.0305201426 -0.00879302996 0.252621881 -0.843455493 -0.265690923 0.466895521
-0.051547921 -0.0321597485 0.0500730693 -0.43680191 -0.878554881 0.193249539
-0.0186817021 0.000765792107 0.317273357 0.135696724 0.000290564232 0.990750313
0.0376030892 0.0106557466 0.244476807 0.71066314 0.140625939 0.68933475
0.0586089322 0.00376680448 0.226941665 0.658127546 0.0130370818 0.75279355
-0.0340536525 0.0136047135 0.10344053 -0.986770809 0.0985051394 0.128763005
0.030747806 0.0413203827 0.111560608 0.20558919 0.978552043 0.0129946154
-0.0160241877 -0.0430441378 0.0228350623 -0.0860297158 -0.996116281 -0.0187423117
0.0656599107 0.027653429 0.0572748375 0.854250491 0.505749941 -0.120304137
0.0708454009 -0.00676317555 0.187222177 0.988315523 -0.0810278058 0.129100278
-0.0501406524 0.0229402057 0.00411829362 -0.683029592 0.411782861 -0.603245795
-0.018597715 -0.00133043334 0.31724821 0.135755926 -0.00891502388 0.990702152
0.00979091522 -0.0367265961 0.00117952434 0.00398111297 -0.228483215 -0.97353971
0.000326584216 -0.0419646377 0.174546435 -0.0229472574 -0.999537051 0.0199735854
0.0311422436 0.0407948748 0.142620026 0.205184758 0.978611052 0.0148227625
-0.00679937252 0.0274771142 0.26087792 -0.180132657 0.964996338 0.190615773
0.0543101442 0.0346999588 0.131122526 0.316873759 0.9483639 0.0140283294
0.0472119279 0.0377998784 0.0406251668 0.346641421 0.937905431 -0.0131543819
0.00289421571 -0.0433175121 0.0733876206 0.0177608132 -0.999800146 0.00918158796
0.0137196925 0.0343431807 0.23776988 0.172205657 0.896978319 0.407154709
-0.0345554161 -0.0157082539 0.00341764323 0.0439608544 0.157882005 -0.986478925
-0.00101604844 0.0443183196 0.084506939 -0.0305273496 0.999511898 0.00662958575
-0.0339126166 -0.00863182919 0.106989813 -0.990363955 -0.105457 0.0897662118
0.00395566068 0.042331054 0.202017079 0.00812516734 0.999429166 0.0327925496
0.0226899112 -0.0126046956 0.273707078 0.858022273 -0.50919348 0.0672287419
0.0286646119 0.0418583737 0.103209481 0.140222564 0.990034759 0.0129955625
0.0316921407 0.00182507137 0.00316933311 -0.0219808258 0.0170109104 -0.999613702
0.0695038843 0.0233474567 0.152632367 0.837727368 0.543838561 0.0495225005
-0.0307342872 -0.0378229652 0.175121386 -0.368646592 -0.927353382 -0.0641503036
-0.00895346786 0.0402524954 0.215471458 -0.131364882 0.982417405 0.132662073
0.0695294378 0.0248188385 0.126798795 0.833996952 0.551347315 0.021567747
0.0589282755 0.0330798242 0.05688235 0.488710225 0.871191263 -0.0467775762
-0.00429926884 0.0441283656 0.0997452243 -0.0218458083 0.999691844 0.0117891273
-0.0488040154 0.0139044589 0.00326500708 0.0133149764 -0.0265329201 -0.999559224
-0.0531330587 -0.0194561942 0.00627844509 -0.738239884 -0.301424474 -0.603444397
0.0316011932 0.0114067731 0.251014775 0.732191205 0.272228748 0.624329746
0.00376678469 -0.0403652163 0.206015111 -0.00343555165 -0.995246351 0.0973288938
0.0671950243 -0.00189355523 0.211334413 0.951581776 -0.108123593 0.287752599
0.0102505438 -0.0346634605 0.233872746 -0.00236480986 -0.951241374 0.30843845
-0.0216258013 -0.0403586216 0.00665282048 -0.128228739 -0.962166429 -0.240402088
0.071716163 -0.0199463071 0.128201947 0.928993404 -0.369526148 0.0205371547
-0.0299921356 0.038401921 0.0928917657 -0.768333137 0.611790419 0.188086957
-0.0108850024 -0.0239423571 0.287789686 -0.28984949 -0.930570245 -0.223665208
0.0242118059 -0.00948456529 0.280191494 0.92102176 -0.365835726 -0.1337277
0.0635565449 -0.0127865355 0.0229194561 0.908504009 -0.199002862 -0.367448151
-0.0681181098 0.00943554139 0.200910851 -0.968245387 0.204793811 0.143388882
-0.0390268963 0.0405244138 0.0321030566 -0.238592863 0.971118987 0.00118792965
0.0751036917 -0.00426304274 0.138447135 0.99715364 -0.0661904588 0.03610247
-0.0666523715 0.0146803681 0.144256243 -0.0921136513 0.993664324 -0.0643920675
0.00361966411 0.0265687005 0.270133506 0.173834771 0.974501669 0.141873464
0.00601933463 0.0441546182 0.0945731032 0.0274576116 0.999563456 0.0109074851
-0.0700509158 0.0135979478 0.0476170101 -0.957004488 0.239805058 -0.163205281
-0.0248702376 -0.0420266008 0.0263739564 -0.116545856 -0.992963195 0.0209998675
0.0119620201 0.0280754121 0.253678885 0.261391938 0.921179533 0.288275033
-0.0653151935 0.0185426169 0.180588556 -0.723100305 0.690377593 -0.0224668644
0.0174691342 -0.0428979372 0.0396847744 0.0762298182 -0.997026265 0.0112987505
-0.0619638958 -0.0266418279 0.0413172344 -0.624861002 -0.780584991 -0.0153527465
-0.0332909951 0.00189666642 0.139435628 -0.999063075 0.0319711156 -0.0291676484
0.0448675881 0.0326323879 0.00797717584 0.588125885 0.671092033 -0.451379478
-0.0068758201 -0.0258981457 0.314240002 -0.097939387 -0.518796861 0.849268973
0.0639688868 0.00587970147 0.0204623606 0.925932169 0.0558812246 -0.373532772
-0.0332522523 -0.0165814504 0.151834178 -0.963077724 -0.188692927 -0.192032516
-0.0448197671 0.0389770506 0.0341212967 -0.270780027 0.962627947 -0.00506751379
-0.021630837 -0.0161476582 0.00407524718 0.0333498605 0.0867880732 -0.995668411
-0.0288744708 -0.00444750456 0.293180108 -0.816237926 -0.0569916107 -0.574897945
0.0143661767 -0.0213053694 0.280468873 0.528277278 -0.842079043 -0.1087474
-0.0363811252 0.0387799436 0.0743750087 -0.450210422 0.867265165 0.212512851
-0.0254652709 -0.000285327538 0.278973263 -0.996032357 -0.0870576277 -0.0184542779
-0.0398139247 -0.0209868039 0.00240557722 0.0108467741 0.188974842 -0.981921971
-0.0697965415 -0.0112136813 0.150025483 -0.632254422 -0.774718046 0.00814047921
-0.0239580929 -0.0179233439 0.00378028313 0.073156096 0.0864673704 -0.993565083
-0.0567161435 0.0183972437 0.0103126017 -0.807615459 0.307270288 -0.503331304
0.0665874099 0.0236363788 0.0481001934 0.858425975 0.486482412 -0.162602946
0.031996348 -0.00194507789 0.300927603 0.995518506 -0.0890205652 0.0319104232
0.0399451012 -0.0317858455 0.00381933222 0.437251747 -0.685547948 -0.582095265
-0.0266085057 -0.0385387273 0.164780572 -0.353111833 -0.933444679 -0.06319087
-0.0454983774 0.0288306383 0.179099605 -0.514575601 0.807416379 -0.288601369
0.0407417956 -0.0375203051 0.138327162 0.262386978 -0.964836597 0.0156081822
0.0295695007 -0.0363462772 0.219371366 0.192506343 -0.960358977 0.201622739
-0.000619598294 0.0436236587 0.143542606 -0.0159342121 0.999747634 0.0158342626
0.0296964777 -0.00922318013 0.309033896 0.938709021 -0.224719986 0.261392951
0.0188513696 -0.0416630183 0.0102641755 0.142846957 -0.954943776 -0.260148197
-0.0255691234 0.0400397848 0.107849434 -0.440077573 0.897020221 0.0410645157
-0.0541404518 0.00665251431 0.085848033 0.913624406 0.202380016 0.352608442
0.0252707393 0.0366135351 0.229072614 0.188442618 0.881959736 0.432014287
-0.00507028216 0.0442752692 0.0700871461 -0.0328524895 0.999435186 0.00707886508
-0.0603255137 -0.000772083981 0.0119489572 -0.890176177 -0.0682211146 -0.450480044
0.0092928756 0.0246677596 0.27587168 0.307867378 0.950665176 0.0381232128
0.0276497898 -0.0411850425 0.083274827 0.137737498 -0.990384758 0.0129022151
-0.0410186547 0.039264609 0.0579456303 -0.268339664 0.961820781 0.0538000204
-0.0310496265 -0.0378774352 0.190376444 -0.22288841 -0.972306788 0.07028687
-0.0335593142 0.0165824308 0.104948028 -0.986773431 0.0998554677 0.127699539
-0.00911971369 -0.0277154763 0.0024717968 0.0251210593 0.310426205 -0.950265527
-0.0685382572 -0.0123842418 0.117552871 -0.32918942 -0.943628013 0.0346473418
0.00997870335 0.0437263852 0.119815966 0.0798127875 0.996721566 0.0132707274
0.0195084428 -0.023686372 0.252110874 0.552247345 -0.751172006 0.36161235
-0.0622738998 -0.0147885533 0.157662477 0.15346171 -0.962276578 -0.224662855
0.0755949176 0.00526535176 0.106843164 0.998568952 0.0534242019 0.00240393565
0.024375946 -0.0417417963 0.0166686347 0.145736516 -0.979784846 -0.13704972
0.0713816244 -0.0196271746 0.142901995 0.929069996 -0.366758555 0.048136998
-0.0160450679 0.0437379405 0.0521212692 -0.0824333355 0.996540964 0.0105359359
0.0106367828 -0.0199752692 0.00365402706 -0.0385186002 0.0799135342 -0.996057272
0.0296569475 0.00240596724 0.313565429 0.918097258 0.0609307587 0.391643971
-0.000466747141 0.0246193987 0.00352327866 -0.0145876743 -0.138037071 -0.990319729
0.0399652728 0.0397393242 0.0808708621 0.261709362 0.965034425 0.0147221014
-0.014380542 0.0435111732 0.0882977401 -0.0831701756 0.996519446 0.00563426269
0.0596344924 -0.0316543741 0.115393142 0.392347544 -0.919737279 0.0121171148
-0.0201675029 -0.0416257905 0.0723234797 -0.167553648 -0.985666037 0.0197011344
0.0157384342 -0.041466875 0.16300569 0.0780460835 -0.996815324 0.016373273
-0.0667655803 -0.00564955495 0.0279994839 -0.965661228 -0.0666157454 -0.251119047
0.0558398538 -0.0335752497 0.0596634944 0.436788768 -0.899373412 -0.0185212325
-0.0189317894 -0.0197702877 0.262181212 -0.656629264 -0.718740404 0.228582934
-0.0197431156 0.0432299371 0.0604405964 -0.142405063 0.989586592 0.0209567938
0.0566773343 0.0326089235 0.190508993 0.395515829 0.917739511 0.036351677
0.0356444318 -0.0193313452 0.24025476 0.558553517 -0.489688694 0.669494629
-0.0455795436 0.0196811835 0.166211063 -0.08347781 0.533017695 -0.841976047
0.0460681219 -0.0370893453 0.0666245416 0.262791008 -0.964828312 0.00687796995
-0.00478102693 0.0435423522 0.144434133 -0.0170831867 0.999714077 0.0167353954
-0.0217908905 -0.0206679858 0.294058409 -0.621806502 -0.552392483 -0.555174828
-0.0315881954 0.0278849759 0.233026168 -0.398630679 0.799828231 0.448740691
-0.0335041771 -0.0171245216 0.241952544 -0.636443734 -0.549168169 0.541621268
0.0714696928 0.0192896423 0.150623852 0.939370632 0.339441627 0.0486033782
-0.0272752544 0.00395294601 0.262390429 -0.950612128 0.0438787304 0.307263881
-0.0549210309 0.00101334999 0.0901221162 0.98494935 0.0208227783 0.171584368
0.0748596125 -0.000758462076 0.0738071698 0.99548918 -0.0676419809 -0.0665275976
-0.0237013796 -0.0391987087 0.118758427 -0.440261453 -0.897479594 0.0264643971
-0.0743026106 -0.00647693801 0.130766981 -0.902433157 -0.430048466 0.0259372983
0.0331639037 -0.0403341727 0.0587798369 0.198947161 -0.98000592 0.00293214782
0.0371411902 -0.0373003566 0.191151462 0.252794772 -0.966296375 0.0486438759
-0.0237224116 0.014174266 0.00429443234 0.0339312218 -0.105533578 -0.993836641
-0.00685299442 0.00637429428 0.0040683667 -0.00675698509 0.0647493377 -0.997878671
-0.0437159544 -0.036638148 0.0470133363 -0.44664821 -0.889669776 0.0948326364
-0.0653411858 0.00241190562 0.216681896 -0.958132029 0.0390304439 0.283653855
-0.0227802591 0.031546711 0.233341796 -0.29777661 0.890178382 0.344835609
-0.0004053705 -0.0371033704 0.224285119 -0.119411469 -0.945425689 0.303168595
0.0477571934 -0.0140578705 0.23284663 0.586753428 -0.296629339 0.75347954
-0.0107590536 -0.0235919224 0.286047801 -0.319741875 -0.92467773 -0.206727669
0.0240116359 0.0409464646 0.209083783 0.108029842 0.993916273 0.0214491412
-0.0253995208 -0.0377850551 0.140076243 -0.698312879 -0.715575874 -0.0176187232
0.00888276173 0.0438563576 0.113018232 0.0302900467 0.999460876 0.0126686124
-0.0166816766 0.0432861225 0.0821479194 -0.151282668 0.98831284 0.0187430289
-0.0758904744 0.00316078822 0.116247989 -0.986599743 0.16286014 0.00988261309
0.0619930842 0.0295542333 0.184801505 0.627843559 0.776881874 0.0476135872
0.00383477218 -0.019848866 0.00391898045 -0.0363992229 0.0732897595 -0.996646225
-0.00569456168 0.044383695 0.0552619324 -0.0330433138 0.999399126 0.0104676848
0.0476754911 0.0358006316 0.195533626 0.303116024 0.952764213 0.0190003887
0.0708255423 0.0179363012 0.0607799879 0.939882934 0.311053455 -0.14094612
-0.0754260892 -0.00455446406 0.0977515977 -0.978388369 -0.206766725 -0.00190504012
0.0161359444 0.0257619041 0.254702023 0.493939549 0.798829734 0.34335807
0.0721994589 0.0040971329 0.0532660295 0.988204062 0.0556792915 -0.142662093
0.0208553828 0.0383912036 0.226956205 0.0905781463 0.910100341 0.404367357
-0.0153498982 0.0336512895 0.233935179 -0.254616618 0.910876215 0.32476905
-0.0749491909 0.00198991842 0.152221754 -0.997434139 0.0342207998 0.0628818348
-0.00361745041 0.0436953149 0.13527425 -0.0165670849 0.99975431 0.0147241391
0.0639560224 0.0302806786 0.0692684051 0.639633954 0.767673314 -0.0393220447
0.00648632564 0.0271049192 0.263334309 0.168025061 0.96571064 0.197915375
0.0485354581 -0.0361788994 0.043354001 0.337650955 -0.94118768 -0.0125523098
0.0465173291 -0.0347353633 0.19074591 0.304553092 -0.95000571 0.0688219368
0.0522080835 -0.0350236822 0.060305755 0.330135763 -0.943929791 -0.00262809824
-0.030509878 -0.038559707 0.0797890661 -0.485171974 -0.866073608 0.120517954
-0.0265358637 -0.00658314098 0.00400987702 0.026071066 -0.0446840674 -0.998660922
-0.0544453397 -0.0138064683 0.226701098 -0.626621783 -0.334331214 0.703965724
0.0743644621 -0.00942920456 0.142760146 0.977887988 -0.202861205 0.0508190803
0.0602980597 0.0326136398 0.107767379 0.406358838 0.913652956 0.0105354385
0.0193132862 0.0194503043 0.266828713 0.693905532 0.700444937 0.166948557
0.0117703213 -0.0231095424 0.283994512 0.367820591 -0.928126156 -0.0573568642
-0.0307652678 0.0293890878 0.143511707 -0.978754163 0.187823415 -0.082235612
0.0740878103 -0.00669345296 0.155096991 0.995544255 -0.067921713 0.065408878
-0.0446474338 0.0385924336 0.0516345412 -0.275107205 0.959918499 0.05359504
0.0141289372 -0.0227645704 0.288083109 0.492960989 -0.844380498 -0.209788069
0.0693314772 0.00350513771 0.036958002 0.981148601 0.0565794893 -0.184787124
0.0173729397 -0.00561447888 0.317439505 -0.0898914114 -0.0316707045 0.995447874
0.0602445525 0.0321171864 0.142342717 0.405195534 0.914096892 0.0155996569
0.0744906443 0.0115008565 0.0868570879 0.982214153 0.185816616 -0.0269718319
-0.0479479958 -0.0297107239 0.181877221 -0.496121585 -0.860378921 -0.116667494
-0.0257377359 -0.0297935235 0.229183152 -0.267082393 -0.872242451 0.409707308
-0.0276790261 0.0167873636 0.303617904 -0.832589269 0.552118301 0.0442772359
0.0325760686 -0.0333838381 0.226948771 0.305563927 -0.88133359 0.360391021
0.030640086 -0.00949654964 0.302422857 0.970532358 -0.237742797 0.0393086821
0.0619196353 -0.0304068831 0.134301856 0.392596841 -0.919595838 0.0145329805
-0.00266913144 -0.0435610552 0.0408504429 -0.0384953469 -0.999127686 0.016189076
-0.0344688769 0.0414161346 0.0366868145 -0.19270514 0.981045187 0.0203738492
-0.0560108067 -0.00112373287 0.228451026 -0.613577664 -0.0966360271 0.783698797
0.0353103639 -0.0373434455 0.199271042 0.252199978 -0.962760031 0.0974076539
0.0296769605 0.0418599151 0.0210784221 0.19070968 0.979708493 -0.061653465
-0.0318974355 0.0326564576 0.0988206269 -0.972954988 0.188503921 0.133509621
0.042441609 -0.0380598051 0.0693429319 0.26378566 -0.964563251 0.00589217385
-0.0509399105 -0.034796048 0.0328802751 -0.408998281 -0.912389696 0.0162923969
-0.0630434361 0.00247678742 0.221191146 -0.830747783 0.0332664885 0.555654109
-0.0328659591 -0.0210236097 0.153771283 -0.93413496 -0.23309727 -0.270291775
0.00151486145 0.0126013273 0.00426109903 -0.0262213293 0.0103296377 -0.999602795
-0.0646082814 0.0239386115 0.0374589139 -0.89174664 0.434222013 -0.127432749
-0.033863086 0.0223718661 0.0978459168 -0.973501563 0.129901767 0.188202664
0.0181623867 -0.035482033 0.230042402 0.0911745131 -0.940221965 0.328130782
0.0241074316 -0.0131515506 0.263162347 0.821470678 -0.492202073 0.287963688
-0.056784218 0.00807885942 0.0925675721 0.904612482 0.380277812 0.192522764
-0.0318441987 -0.0153410401 0.131927552 -0.992273927 -0.123303838 0.0137327407
-0.0579386665 -0.0294621796 0.0478020624 -0.48747763 -0.85662806 0.168979108
-0.0373866393 0.0356241237 0.0783474101 -0.810840189 0.386036426 0.439902335
-0.0713370001 0.0143242893 0.0589623064 -0.957648218 0.262049675 -0.119331166
0.0711593928 -0.014778322 0.0580470967 0.970519662 -0.192944765 -0.144442901
0.0027900348 -0.0425358126 0.140470283 0.0307192728 -0.999418557 0.0147991916
0.0303795544 0.0108264745 0.298086993 0.920260906 0.35589394 -0.162663922
0.000343285601 -0.0308508126 0.299909093 0.0761496052 -0.986468256 -0.145195305
-0.0381258012 -0.0347752668 0.18002856 -0.464102238 -0.872174025 -0.15466553
0.0725366652 0.019402582 0.114795107 0.938834488 0.344133377 0.0127292313
0.0165189786 0.0417480694 0.208086813 0.0605079718 0.997967422 0.0199935585
0.0343692122 -0.0111685039 0.246426844 0.735307455 -0.343801439 0.584057927
0.0449572833 0.0386015385 0.0396286266 0.26194638 0.965076268 -0.00344331539
-0.0325614312 0.0173942112 0.145248612 -0.987820566 0.117870994 -0.101572812
0.0511228945 -0.0169200105 0.229152844 0.580003321 -0.293784887 0.759793699
-0.0227817027 0.0408961037 0.122141647 -0.443894833 0.89562726 0.0284468904
0.0238871686 -0.0406462452 0.155016166 0.138354361 -0.990212977 0.0183377042
0.0337901063 0.0227366764 0.00289752036 -0.00526943337 -0.0876664817 -0.99613601
-0.0296703666 -0.0351781038 0.21138937 -0.232471526 -0.942786634 0.238978013
-0.0323416279 0.0275182792 0.153043599 -0.975331962 0.144689322 -0.166710898
-0.00708223512 -0.0417337364 0.176051573 -0.0741521642 -0.997057617 0.0194317121
0.0242813711 -0.0415705254 0.0897755264 0.138770178 -0.990228117 0.0138263861
-0.0331437137 0.0172678646 0.149250095 -0.963078022 0.144691646 -0.227035031
-0.0452427294 -0.0293606663 0.0688679535 -0.538272858 -0.601246238 0.590563655
-0.0573729297 0.0102449195 0.141733317 0.850897074 0.509396136 -0.128412232
-0.00506554051 -0.0289477296 0.311300941 -0.189118892 -0.909731686 0.369624645
0.0120678915 0.0295828909 0.304921251 0.411480606 0.895425558 0.169990584
0.0463906088 0.0382051958 0.0478807955 0.346641421 0.937905431 -0.0131543819
-0.0366596788 0.0195917801 0.159451997 -0.840451181 0.241180435 -0.485256404
-0.0251930708 -0.00679308274 0.283755198 -0.97160989 -0.18349494 -0.149344534
0.02631035 0.0419241046 0.123483569 0.141927809 0.989790738 0.0130699556
-0.00790969508 0.0128655841 0.317165223 -0.0398100093 0.0722978413 0.99658823
0.0242703557 0.0174665155 0.257597494 0.758896947 0.578450441 0.299116403
-0.0389807169 -0.0174571041 0.236081722 -0.586166978 -0.551634848 0.593386352
0.0118304687 -0.0383439717 0.220217516 0.0405120701 -0.980897546 0.190259412
0.00621210309 -0.0250291473 0.271237409 0.164450109 -0.983245373 0.07864362
-0.024758993 0.0089597098 0.271469308 -0.965657473 0.247572064 0.0788263753
-0.0502298865 0.00652382225 0.0810946683 0.340124398 0.121903434 0.932445765
0.0547724436 0.0343128336 0.147978103 0.315970749 0.948700011 0.0114376675
-0.0176760391 -0.0208940375 0.261929163 -0.607872367 -0.764564097 0.214320078
0.0610437082 0.0238453877 0.0256288541 0.833515704 0.434066236 -0.34181577
0.00679315664 -0.0260401978 0.314352912 0.09448383 -0.498729885 0.861592352
0.026765382 -0.0392362872 0.195854091 0.190966561 -0.980581999 0.0446176939
0.0536431849 -0.0344983427 0.0577012497 0.337618381 -0.941246092 -0.00833701715
0.00779492961 -0.0420876713 0.158292184 0.0295074638 -0.999422729 0.0168350395
-0.0172536388 -0.0416633879 0.0997708261 -0.139432207 -0.990186036 0.00950521883
-0.0191047144 0.0237621577 0.311962367 -0.597607434 0.742533922 0.302504241
0.0383912324 -0.0388827045 0.0914367393 0.266267598 -0.963773787 0.0155421505
-0.00643148027 -0.0431691303 0.0608459602 -0.0421615839 -0.99907136 0.00888225809
0.0312552557 0.00211831534 0.308069525 0.985049784 0.0662004054 0.159042239
-0.0149225116 -0.0424200918 0.0671530578 -0.102547005 -0.994664729 0.0112307612
-0.0568220849 -0.0311871437 0.0339573982 -0.614373446 -0.783203423 -0.0955907404
-0.0126110857 -0.00476537482 0.316912095 0.00878416561 -0.00134793494 0.999960482
-0.00674827773 0.0314745407 0.00171075349 0.00339924474 -0.282072306 -0.959387124
0.0696395685 0.0180533972 0.0530868596 0.939196765 0.313862979 -0.139282539
0.0633400434 -0.0294408613 0.138404605 0.594536006 -0.803843558 0.0190351363
0.00735046873 -0.0432381645 0.0734077693 0.0177608132 -0.999800146 0.00918158796
-0.0183035113 -0.0424489418 0.0430527867 -0.11654038 -0.992975593 0.0204411894
0.0395014162 0.038345696 0.180411008 0.247192383 0.968823254 0.0166613758
-0.0521741129 -0.02841305 0.0629819831 -0.422269672 -0.858923674 0.28972128
0.0312754447 0.0050453454 0.306726135 0.985049784 0.0662004054 0.159042239
-0.0353094342 -0.0391623597 0.0568342689 -0.243422985 -0.968350172 0.0551652834
-0.0106620535 0.0406651968 0.00288178592 -0.0676006898 0.86967653 -0.488971055
-0.0337041458 -0.0362603298 0.200295948 -0.289345056 -0.943857372 0.159413457
-0.00640266416 0.0253679602 0.279642346 -0.155011907 0.986534894 0.0521546118
-0.0612751936 -0.0197596487 0.176436928 -0.558219492 -0.818683863 -0.134713411
-0.0381345263 -0.0313510599 0.0755651639 -0.777096987 -0.447271913 0.442795694
0.041714968 -0.0177395124 0.00333896272 0.00462655583 0.0168289244 -0.999847651
0.0200385288 0.041700362 0.191658767 0.120085672 0.992596924 0.0181894582
0.0739493269 0.00687680124 0.0678905928 0.992940247 0.0557436049 -0.104700595
0.0588398137 0.00372508957 0.226741189 0.656242788 0.0151004614 0.754398704
0.0376555465 0.0390609615 0.167328918 0.251856953 0.967592835 0.0182245374
-0.0562106531 0.0267698256 0.208077134 -0.577156782 0.816447616 0.0174184591
-0.0410646303 0.00686126018 0.0843637168 -0.799302459 0.0757437274 0.596136391
0.00899429545 -0.0428398503 0.106422795 0.0279859789 -0.999509394 0.0140581857
-0.0284398806 0.0396315582 0.169042835 -0.3265827 0.94272548 -0.0679147243
0.0260501161 0.0297736979 0.00192641701 0.00888917688 -0.168375552 -0.985682905
-0.0137173405 0.0433909844 0.0139254958 -0.0679905638 0.989088714 -0.130693138
-0.0741560747 0.0098542631 0.0808832805 -0.955768108 0.292228013 -0.0333190225
0.0531245706 -0.0332420487 0.176900073 0.298553407 -0.954104841 0.0234480314
0.0599588429 0.0326033207 0.119996766 0.404528767 0.914435327 0.0128219901
-0.0204228865 -0.0208001995 0.312968891 -0.478409261 -0.546358824 0.687471211
0.022292806 0.0237383127 0.303635827 0.607621729 0.792515278 0.0521090627
-0.0105701584 -0.0425822436 0.096187992 -0.0874875486 -0.996140957 0.00700546615
-0.0734751716 0.0116175485 0.0846711051 -0.884777546 0.464494735 0.0375960469
0.0467583687 0.0223688676 0.232834535 0.567345083 0.287078202 0.771819651
-0.0446570049 0.0386139899 0.0226864555 -0.333625406 0.935329258 -0.117699489
-0.0565500855 0.00260128452 0.110632775 0.992932856 0.110845961 -0.0423974693
-0.00266303496 -0.0308188164 0.300189816 -0.0362341143 -0.999116063 -0.0213125497
0.0386495343 0.0392842446 0.018296399 0.296404749 0.947756946 -0.117903195
-0.0703816322 0.00839863678 0.185741655 -0.968119383 0.217412189 0.124405704
-0.00010179226 0.044252864 0.0963019038 -0.024935443 0.999639809 0.00992396567
-0.0476342617 0.0377608921 0.0500671455 -0.312338233 0.947996616 0.0612145364
0.0535824889 -0.0340113765 0.114482353 0.314953715 -0.949022353 0.0126819033
-0.0406721134 -0.0162493289 0.0810224262 -0.737430036 -0.289880514 0.610054195
0.0550124303 -0.0335913042 0.110307667 0.316365808 -0.948562741 0.011893251
0.0338608228 -0.0397021406 0.100760745 0.205960944 -0.978444278 0.0150648551
-0.00463981 -0.0248256498 0.282307133 -0.183623627 -0.982701659 -0.0240813345
0.0566981154 0.029625279 0.0237613373 0.745476902 0.597000539 -0.296402693
-0.00924424566 -0.000690658615 0.31693311 -0.0120732598 0.000716920127 0.999926925
-0.02329527 -0.0185109724 0.254632289 -0.665008068 -0.66409874 0.341668129
0.0589460244 -0.00248376108 0.226393817 0.653492153 -0.0920320153 0.75131762
-0.00247079929 0.0425609674 0.193574453 -0.0246879086 0.999163985 0.0325856358
0.049809373 0.0241147487 0.00542376313 0.671464205 0.311065316 -0.672587752
-0.0579408897 0.0103334236 0.137319052 0.743888915 0.664228737 -0.073685281
-0.0732463324 0.0107163306 0.106151144 -0.830244243 0.556916356 0.023210153
-0.00249410241 0.0265406375 0.271275253 -0.0613997355 0.993581831 0.0950014368
0.00553130211 0.044234605 0.0869071336 0.0252711494 0.99963522 0.00953101926
0.0398280681 0.0399508669 0.0625480487 0.262017876 0.965032876 0.00762864249
0.0487823747 -0.0347131315 0.172081489 0.297477812 -0.954479277 0.0218223389
-0.0562832058 0.00272183237 0.117240644 0.992490351 0.114879824 -0.0420180075
-0.0636579647 -0.022680204 0.0333979317 -0.866274774 -0.450236022 -0.216461495
-0.0682243779 0.0211051252 0.0554533832 -0.857730806 0.509403706 -0.0693223625
-0.00326420808 0.0442208236 0.0901387145 -0.0249352772 0.999681294 0.00393561507
-0.0203148615 0.0416470824 0.157972529 -0.196856573 0.980427861 0.00295183016
-0.0248407607 -0.0106315318 0.00415185697 0.0237878505 0.0440871678 -0.998744428
0.0072223099 -0.0425661707 0.00937920084 0.0254318733 -0.96530962 -0.259866416
0.00328048779 -0.0429032605 0.11360952 0.0287200194 -0.999498546 0.0133358585
0.017639738 -0.0414722178 0.153772319 0.0795730874 -0.996689916 0.0166486371
-0.034995973 -0.0399599077 0.0171192163 -0.195122465 -0.967790723 -0.159085408
-0.0410404256 0.000166397322 0.0849405789 -0.79616648 0.0157068595 0.604873776
-0.0654810153 0.0174470572 0.167535408 -0.60493201 0.795770288 -0.0284021795
0.00254565223 0.0435831952 0.145900545 0.0291627198 0.999441504 0.0163166728
-0.0454214162 0.0172150956 0.23287875 -0.549227715 0.456561089 0.699929237
0.0587183579 -0.0280606185 0.199339924 0.639235079 -0.744350433 0.193186447
-0.0170393099 -0.0407342633 0.17983814 -0.119250119 -0.99250865 0.0265699793
0.0688781146 0.0166238798 0.0458835312 0.930907011 0.317728847 -0.18016775
0.011777277 -0.0192643865 0.316301313 0.0689135492 -0.111755706 0.991343379
7.36214936e-05 0.0431052369 0.174697726 -0.0224422794 0.999555171 0.0196426008
-0.0600292603 -0.0213798636 0.198514281 -0.674623072 -0.737639785 0.0277717579
-0.0239803185 -0.0152348972 0.314704098 -0.61170733 -0.547958255 0.570575058
-0.0199599098 0.0297349465 0.00181374953 0.0487362705 -0.251299918 -0.96668148
-0.039962544 0.031754318 0.219356328 -0.280997247 0.892914176 0.351773888
-0.0318506325 0.030376099 0.228452424 -0.336093605 0.83940357 0.427133203
-0.0576847149 0.00140196171 0.00657720825 -0.897275805 0.0481057577 -0.438841522
-0.0320155703 -0.0390595448 0.0710791838 -0.444919169 -0.889827847 0.101258047
0.0348292469 0.0398924275 0.0149684061 0.293944299 0.937070429 -0.188403338
0.0758204831 -0.000814480265 0.108117221 0.998004436 -0.0630993545 0.00237752846
0.0228686665 -0.0399569944 0.191998426 0.130770877 -0.99052918 0.0418432467
0.0552206317 -0.0246783235 0.0152331089 0.797566235 -0.424448162 -0.428639561
-0.0573336278 -0.0217722617 0.210445394 -0.636485636 -0.736425996 0.229265749
0.0750283546 0.00431282101 0.141325406 0.997590125 0.059149988 0.0362661295
-0.0224772217 0.0177128163 0.314817809 -0.609484434 0.495418161 0.618942201
0.0294944515 0.00723030346 0.312231127 0.944653869 0.200718984 0.2595011
-0.0342601346 -0.0154618309 0.0982948398 -0.972661674 -0.130839571 0.191860452
0.0470296113 -0.035929253 0.129852512 0.264256239 -0.964346945 0.0142658874
-0.0350797348 -0.0109668753 0.0037733407 0.0398359299 0.0669835806 -0.996958494
-0.0450859499 -0.0290111135 0.0693667263 -0.538272858 -0.601246238 0.590563655
0.0335307602 0.0359475543 0.00325793879 0.347782433 0.767424345 -0.538616061
0.0703757106 -0.0224055277 0.131595503 0.811622977 -0.58383745 0.0200536344
0.0157777583 0.0431761325 0.126128285 0.0798113942 0.996711195 0.0140281906
0.0268582782 -0.030745953 0.235367422 0.329396635 -0.761941612 0.557622492
0.0735594071 -0.0107964477 0.0714323621 0.975227773 -0.19629164 -0.101982988
-0.0306067105 0.0102060331 0.300278711 -0.963831544 0.261661887 0.050614085
0.0327942594 -0.0351347185 0.221315322 0.290293276 -0.929709554 0.226649284
0.051216835 0.0331048003 0.216017264 0.447176665 0.882692754 0.144521773
-0.0601620819 -0.0218755102 0.0209393632 -0.836903214 -0.424556762 -0.345462769
0.0267424655 -0.00256979236 0.287189291 0.967563093 -0.0628047064 -0.244698122
0.0636891432 0.0302936965 0.140889846 0.618290782 0.785671055 0.0209140554
-0.00270347154 -0.0434251388 0.0487720021 -0.0408224948 -0.999134779 0.00794934295
-0.0316373151 0.0207439455 0.136199914 -0.992973924 0.113310777 -0.0341070779
-0.0435359781 0.0342244892 0.00705492924 -0.493589878 0.74852109 -0.442815125
0.0650491753 -0.00272705563 0.022816754 0.924477577 -0.0724234879 -0.374293953
0.0439619385 -0.0371474751 0.104009706 0.265837491 -0.963901818 0.0149595952
-0.0748174908 0.00786032759 0.11199049 -0.944221079 0.32895264 0.0153848669
-0.0178085898 0.0381165807 0.218212294 -0.212177277 0.946603119 0.242740974
0.0237630465 0.0428299923 0.0801409834 0.136568144 0.990599692 0.00782739278
-0.0252325073 -0.0388081085 0.158824787 -0.388645411 -0.920788527 -0.033215411
-0.0343843807 0.0362491327 0.0840405126 -0.760597885 0.580695748 0.290315986
-0.0326736387 0.0300323109 0.228480446 -0.336093605 0.83940357 0.427133203
-0.0368996058 -0.0341822951 0.206385717 -0.339538753 -0.927940428 0.15375255
-0.0746305018 -0.00244723009 0.0730500687 -0.992826998 -0.090192534 -0.0784846544
0.0595820556 -0.0222743544 0.213093187 0.770654619 -0.57070297 0.283530712
-0.0102928858 -0.041265984 0.18483353 -0.0778232142 -0.99652493 0.0296937861
-0.0553551979 0.000589243434 0.130358906 0.996483266 0.0219828114 -0.0808568075
0.00428724035 -0.043936336 0.0238437732 0.0226796586 -0.999655426 -0.0132195558
0.066586575 0.0274831107 0.0635311181 0.848868728 0.523151398 -0.0757263973
0.0219695508 -0.0420021095 0.0811954514 0.137737498 -0.990384758 0.0129022151
0.0738942193 -0.0133904733 0.0860894871 0.978264987 -0.203256831 -0.0410389453
0.0410024209 -0.0381865632 0.0898699862 0.266267598 -0.963773787 0.0155421505
0.0568637062 -0.0331131494 0.0929230366 0.399798274 -0.916578829 0.00668172399
-0.0312078143 -0.0398886425 0.0118097943 -0.212684527 -0.965232372 -0.151959598
0.0521917468 -0.0066789355 0.0040453182 0.141292334 -0.027061969 -0.989597917
-0.0578419603 -0.00672879749 0.0985038548 0.877874672 -0.477520972 0.0361886919
0.003991427 -0.0372914965 0.224689151 -0.0512374677 -0.958737552 0.279637128
0.031689536 -0.00502321918 0.301785643 0.995280862 -0.0907810852 0.0342765264
0.00302081953 -0.0438644725 0.0172811402 0.0273691211 -0.999456823 -0.0183572639
-0.045986613 0.00369083011 0.236510385 -0.641464591 0.0378417298 0.766218722
0.0742239206 -0.0110046383 0.0822137616 0.978520036 -0.20161733 -0.0429992005
-0.0291704444 0.0393477282 0.168925016 -0.509132743 0.855002165 -0.0987679288
-0.0198345389 0.0417177129 0.146826413 -0.208620891 0.977992594 -0.00278876093
-0.0255641107 -0.0371000212 0.206705782 -0.198467523 -0.966594815 0.162188217
0.0542277346 -0.0341518748 0.049797554 0.468888015 -0.882306933 -0.0409684479
-0.0398158494 -0.0382806665 0.0157419875 -0.305705726 -0.927763045 -0.214008763
0.0225244572 -0.0423670807 0.0248597744 0.142587364 -0.989281118 -0.0314918421
0.0146334006 0.0422051559 0.19111513 0.0699007437 0.99741292 0.0167733729
-0.00542638999 -0.026160269 0.262856326 -0.187656716 -0.969926536 0.155008048
-0.0571162902 -0.017843987 0.011432804 -0.803028941 -0.327119917 -0.498133689
0.073717562 -0.0149592711 0.0908752935 0.978871226 -0.202427477 -0.0288842078
0.0416563005 -0.034485244 0.00951033864 0.434306085 -0.823683441 -0.364587039
0.0545141089 0.0346760023 0.128146367 0.316817909 0.948381841 0.0140808234
0.0558490368 0.0133208289 0.228443774 0.657547057 0.106099881 0.745905221
0.0167877811 0.0438296468 0.0551845092 0.0724240914 0.997341037 0.00809878018
0.0073595791 0.0329610846 0.00132966367 0.00447986322 -0.210400462 -0.977604985
-0.0206223445 0.041567061 0.154912391 -0.196701944 0.980445445 -0.00591971772
0.0522564217 -0.0350131917 0.0652034856 0.330125779 -0.943936884 -0.000391867565
-0.0100585054 0.0440379233 0.0707760994 -0.0882793665 0.996048033 0.00975014549
0.073022251 -0.0106419843 0.160775624 0.976029098 -0.205072448 0.0728870407
0.0099536063 -0.0403045395 0.20555606 0.0577372871 -0.994696438 0.085120514
-0.0445399705 0.0261915437 0.0767991234 -0.45684579 0.344550639 0.820107818
0.00109394448 -0.0293159599 0.251053478 0.000812989834 -0.969710886 0.244254276
-0.00239763906 0.0444017115 0.064757465 -0.0330432877 0.999427617 0.00725516025
0.0361322454 -0.0397789735 0.0503853958 0.196036741 -0.980582893 0.00519167446
-0.0197669907 0.0184907207 0.268602097 -0.740458131 0.651173592 0.16641736
0.0414066894 -0.0320359296 0.00509099333 0.410875827 -0.677170396 -0.610427201
0.00381300973 0.0312131334 0.298221922 0.0306591913 0.987500906 -0.154602468
-0.0713106345 0.0101213494 0.0524201832 -0.979845405 0.150596872 -0.131238312
-0.0685437707 -0.00833970931 0.0359339785 -0.955493689 -0.159689173 -0.248054639
0.00923099323 -0.0290844373 0.298136592 0.297101021 -0.945439935 -0.133695215
0.0544477618 -0.0337056469 0.115872055 0.314953715 -0.949022353 0.0126819033
-0.0394155438 -0.0290709613 0.220599614 -0.340009749 -0.869701266 0.357789218
0.0262567848 0.0409198845 0.19038789 0.127963617 0.991704226 0.0121687902
0.0308539992 0.0417416122 0.077757427 0.199656174 0.979818583 0.009641096
0.0658681936 -0.0180429248 0.0353729757 0.90833956 -0.33134377 -0.255206943
0.0157245075 -0.0283322169 0.247225957 0.344061583 -0.827714801 0.443294466
-0.0208457319 0.0402290412 0.0039021792 -0.0994926766 0.86684972 -0.488541692
0.0514961141 0.0364173506 0.0630730913 0.335415691 0.942067742 -0.00213478762
0.0424903499 0.0350466119 0.00956234746 0.442179024 0.813407779 -0.377948999
0.0165096279 0.00101804693 0.317542986 -0.0877726153 0.0168608762 0.995997846
-0.0546484749 -0.0297646147 0.054310469 -0.390221983 -0.902320266 0.183152646
0.00144907818 -0.0256800834 0.270568493 0.0542630479 -0.994898856 0.0850386396
-0.0713799892 0.00501155978 0.0489542626 -0.982590973 0.0515226051 -0.178494468
-0.0281297724 0.0366566015 0.126494137 -0.924919724 0.379854858 0.0152911376
0.0213359506 -0.0191372744 0.291600974 0.627255976 -0.655463696 -0.420615315
-0.0300671742 0.03112042 0.123935909 -0.98205322 0.188231811 0.0118398592
0.0210484027 -0.0415549747 0.0117945831 0.145736516 -0.979784846 -0.13704972
0.00354826072 0.0437192172 0.134883867 0.0306181442 0.999422789 0.0147160823
-0.0561499299 0.0233065132 0.013070315 -0.811721683 0.379313678 -0.444104761
-0.0302495383 -0.0101794631 0.302313347 -0.955483973 -0.291191399 0.0475185849
0.000763747328 -0.00584100274 0.00390178294 -0.0149706323 -0.0389712863 -0.999128222
0.0104621728 -0.0425866254 0.118984963 0.0798050836 -0.996707618 0.0143183051
0.0135897329 0.028394135 0.251251269 0.369272023 0.846311927 0.383919895
0.0347337472 0.0411879999 0.0515134868 0.191339508 0.981485248 0.00870239362
-0.0280022602 0.00799306727 0.258556221 -0.940156341 0.140257537 0.310537964
-0.0318750181 0.019261152 0.12271861 -0.991413057 0.117703453 0.0569739752
0.0192922324 -0.007894061 0.00355402938 -0.023641821 -0.0230492931 -0.999454737
0.064827914 -0.00456981006 0.0226291874 0.924735248 -0.0733683407 -0.373472661
0.0722555773 -0.0105514159 0.170168164 0.974577367 -0.203503966 0.0937286913
-0.0336366126 -0.0127875287 0.245811275 -0.653711855 -0.480870128 0.584315658
-0.0464052442 0.0263138341 0.00301641784 -0.383192778 0.216060206 -0.898042977
-0.0318643534 0.00604344418 0.25180448 -0.785552561 0.132111982 0.604527652
0.0122288474 -0.04057778 0.00426752316 0.0703187585 -0.889300406 -0.451884925
0.0422611495 0.0336269372 0.00663481569 0.468342185 0.77144742 -0.430725574
-0.0167845922 -0.0341393708 0.224680069 -0.208631694 -0.91098696 0.355774522
0.0197461735 0.0432087903 0.0963419321 0.140223548 0.990051389 0.011644735
0.0229483996 -0.0404765659 0.171988747 0.134585425 -0.99069196 0.0204020739
0.0436016588 -0.037370165 0.0251103085 0.374537617 -0.919174373 -0.121819906
-0.0756817532 -0.00350077405 0.105435945 -0.976638138 -0.214863181 -0.00343347364
-0.0736317846 0.01097069 0.0754665445 -0.959596574 0.279555351 -0.0319879614
0.0725743401 -0.0011368572 0.176748894 0.991401017 -0.071668148 0.10948801
0.0510621136 -0.03142564 0.206650381 0.460616082 -0.876182854 0.1419034
0.0239546756 -0.0225449836 0.00305344524 -0.0212756079 0.156264186 -0.987486064
-0.0244882935 -0.0386130237 0.137549779 -0.41261971 -0.910883844 -0.00596317602
0.0106119273 0.0240885676 0.275514372 0.435644388 0.89987433 0.0209822077
0.0644065076 0.0123901291 0.217975594 0.945820093 0.167836338 0.277948111
-0.0640247161 -0.0223592063 0.0678112006 -0.356659889 -0.910788 0.207987845
0.0148200032 0.0440887325 0.026213449 0.0699819699 0.997546136 -0.00206383644
0.0516140644 -0.0340365111 0.158318418 0.304701358 -0.952376962 0.011629479
0.00518041664 -0.0424875422 0.13876838 0.0307192728 -0.999418557 0.0147991916
0.00858528852 0.006525511 0.00381029581 -0.02581314 0.0314346142 -0.999172449
-0.0690190665 0.0171475538 0.0851349656 -0.643349707 0.735587895 0.212159485
-0.0145617275 -0.041105569 0.176472913 -0.119322494 -0.99271208 0.0168767106
-0.026679553 -0.0249321045 0.23795587 -0.405310869 -0.81877172 0.406615108
-0.00136173135 -0.030362116 0.308915888 -0.0772745162 -0.924803853 0.372513533
0.0300746291 -0.0361168353 0.21998194 0.192506343 -0.960358977 0.201622739
-0.0446768831 0.0290867366 0.221497784 -0.354782611 0.848852873 0.391890377
-0.0246678482 -0.0388299908 0.115184381 -0.440261453 -0.897479594 0.0264643971
-0.0248833991 0.00796959917 0.281089825 -0.967412591 0.216878191 -0.13067764
0.0426069779 0.0377548609 0.168246571 0.251856953 0.967592835 0.0182245374
-0.0512541957 0.0329798108 0.0163323415 -0.682050705 0.601481199 -0.415965468
0.0729242101 -0.0145284023 0.1499489 0.977520227 -0.204304352 0.0520964637
0.0168705312 -0.0428635906 0.0467124738 0.0737161115 -0.997193098 0.0131067522
0.0322720602 -0.0233714009 0.239880078 0.520887136 -0.57664448 0.629410625
0.0109442899 -0.0417917986 0.165834811 0.0773549601 -0.996842146 0.0179389194
0.0548193482 -0.0341180806 0.0681590063 0.330125779 -0.943936884 -0.000391867565
-0.0677839116 0.0173437161 0.0395453617 -0.961454928 0.224252105 -0.159108743
0.0400942055 -0.0074624458 0.00328167224 0.0021495719 -0.0253983922 -0.999675095
0.0126844173 -0.0086916688 0.00372692203 -0.0231008735 -0.0230755713 -0.999466777
-0.0365249025 -0.0187316333 0.160931245 -0.845983684 -0.262819469 -0.463936836
0.0647842211 0.0299335747 0.11770944 0.61462599 0.788723588 0.0122484667
-0.00993174844 0.0436840273 0.108647292 -0.0739175826 0.997186184 0.0124845458
-0.00360356834 -0.0421344299 0.161331013 -0.0199524872 -0.99962908 0.0185374934
0.0278345361 0.0118555207 0.313066089 0.867598474 0.323032469 0.37805146
-0.0430142047 -0.00522301419 0.0819071483 -0.628636003 -0.209477052 0.74895674
-0.0721004697 0.0149960103 0.0711630884 -0.900775552 0.433332235 -0.0287482832
-0.0560488917 0.00942152861 0.00606767304 -0.770768046 0.131313473 -0.623436689
0.0620237229 0.0218456185 0.0254924051 0.834819674 0.426947176 -0.347551763
0.0693658457 0.00962340489 0.197354873 0.976054549 0.176975533 0.12647973
-0.0434030015 -0.0194258619 0.230730129 -0.497775048 -0.534947693 0.682679176
0.0297065494 0.037034306 0.226530427 0.164918929 0.875105023 0.454964876
0.00983505146 -0.0429016705 0.0999096982 0.0792913958 -0.996763766 0.0132233258
-0.0203167342 0.0346519793 0.000953639167 0.0186221655 -0.0859964192 -0.996121347
-0.025521872 -0.000879484078 0.00377183563 0.00855945516 -0.0401645713 -0.999156356
-0.0248041523 -0.0385377691 0.121443094 -0.718261063 -0.694682777 0.038947586
0.0599948219 0.00494678274 0.22571201 0.656242788 0.0151004614 0.754398704
0.0305992037 -0.00910161594 0.304328315 0.958248913 -0.234737262 0.163271189
-0.0150550951 0.0440305893 0.0347013648 -0.0752645135 0.99715054 0.00509877922
-0.0496641687 -0.0142321616 0.163363467 0.297892183 -0.54481262 -0.783861876
-0.0132255421 -0.0231448852 0.287841546 -0.37305671 -0.89861387 -0.230915025
0.0424046882 0.0380373489 0.152154454 0.259819627 0.965594172 0.0110294344
0.0501345732 -0.0357195167 0.0736595961 0.325251013 -0.945604086 0.00669027586
0.018211462 -0.0412581641 0.163923795 0.0780460835 -0.996815324 0.016373273
0.0726141404 -0.0141570782 0.068861485 0.975227773 -0.19629164 -0.101982988
-0.0277542765 -0.0389024222 0.177792948 -0.246239439 -0.969156861 -0.0100610433
-0.0454739061 0.0294079641 0.220079737 -0.353778869 0.849763334 0.390823305
0.0713818912 -0.0204476246 0.0838113853 0.930837154 -0.363983363 -0.0325312987
0.0253471777 -0.0418786158 0.0375625651 0.135573447 -0.990740001 0.00735187763
-0.0321690173 -0.0391745298 0.069141059 -0.252395332 -0.965320647 0.0667281672
0.0181286583 -0.0204493129 0.262838199 0.582910478 -0.775279999 0.243220627
0.0317718728 0.040109008 0.177052483 0.192333609 0.981198728 0.0160256922
-0.0213428455 -0.037121601 0.00161567995 -0.0855831206 -0.518695235 -0.850664854
0.0542010687 0.00237977842 0.00415022079 0.695330501 0.0528413206 -0.716744959
-0.0246586685 0.00921676459 0.281562031 -0.964719653 0.226227984 -0.13467285
-0.0326984931 -0.00754621496 0.132348383 -0.995899498 -0.0891143009 0.0155790569
0.0589903581 -0.0144859658 0.0140211292 0.840739906 -0.312016129 -0.442495614
0.0153794665 0.0437904621 0.0743830855 0.0755590051 0.997108459 0.0080992505
-0.0286161302 -0.0406715408 0.0557595267 -0.172161549 -0.984592736 0.0306203738
0.069654254 -0.0187969974 0.172659674 0.923978388 -0.363634527 0.118464723
0.0375715119 0.0195662851 0.241121952 0.60706073 0.311858088 0.730904698
-0.0331576632 0.0410996221 0.0583308428 -0.190318793 0.981177866 0.0326907188
-0.0111110686 -0.0432664537 0.0338456149 -0.0836933032 -0.996136665 0.0265904479
-0.00348270588 -0.0435674107 0.0385236524 -0.0384953469 -0.999127686 0.016189076
0.0360942227 -0.0386083982 0.142012727 0.205218956 -0.978585482 0.0159846582
0.00534300303 0.0425184757 0.00677342187 0.0290371105 0.971468329 -0.235385284
-0.0548690469 -0.0257643225 0.198317858 -0.624684751 -0.780629694 0.0196548719
-0.0122117118 0.0435884454 0.0146366124 -0.0679905638 0.989088714 -0.130693138
0.0653763783 0.029313957 0.073897123 0.639791071 0.768045843 -0.0278026685
-0.0560721888 0.0205589868 0.223178491 -0.650527477 0.554690123 0.518780172
0.0275364039 -0.00176113928 0.00326789887 -0.0222407542 -0.015970422 -0.999625027
-0.0562696773 -0.024680158 0.184864305 -0.620953977 -0.781555951 -0.0598871484
-0.0157506949 -0.0217359501 0.00369175314 0.0534801818 0.154107064 -0.986605763
0.0642012242 0.0226237312 0.0341194602 0.858519256 0.451465219 -0.24315384
0.0568342978 -0.00875938549 0.227202182 0.642783642 -0.210575953 0.736537158
0.00416550256 -0.0424620932 0.142593458 0.0307192728 -0.999418557 0.0147991916
0.0123900755 -0.041910962 0.00844704529 0.0823309124 -0.961567163 -0.261935413
-0.0303895491 0.0393302822 0.00512575376 -0.219575286 0.937730372 -0.269162625
0.0510129252 -0.0340568228 0.16954694 0.29773289 -0.954542756 0.0142558841
0.0113811946 -0.0367447334 0.227161192 0.0214623921 -0.963316977 0.26750648
0.0482151795 0.0356273863 0.195611193 0.303116024 0.952764213 0.0190003887
-0.0173877907 0.0422893454 0.141008042 -0.221641839 0.975119472 0.00411453797
-0.0439700203 -0.0336202776 0.0618171994 -0.521473646 -0.817251921 0.245284513
-0.0455475417 -0.0143229061 0.0775255991 -0.51337564 -0.300093144 0.80398345
-0.0210179085 0.0159246089 0.275851813 -0.797770143 0.602545202 -0.0224035047
-0.0699721486 0.00927569142 0.187395467 -0.968119383 0.217412189 0.124405704
-0.0629263277 -0.0138058253 0.151773931 0.128283918 -0.979394853 -0.15597786
-0.0560182088 0.0211194367 0.0109948205 -0.780041397 0.375381857 -0.500623405
-0.0231549241 0.0410824306 0.159391231 -0.362439454 0.93145448 -0.0320974588
0.062953092 -0.00193296354 0.0177465739 0.885352254 -0.0716220811 -0.459370911
-0.0439899568 -0.00411563613 0.238048766 -0.690699995 -0.0888956636 0.717656612
-0.00768751891 -0.0422940365 0.138353328 -0.0766563118 -0.996966302 0.0134924781
-0.0196427601 -0.0405396985 0.142620155 -0.221925348 -0.975057125 0.00359123759
-0.0349085717 0.0330970156 0.219964982 -0.289430588 0.895295262 0.338638872
-0.0732224777 0.0118326153 0.0719055044 -0.957417965 0.278107256 -0.0775057748
-0.0530850604 -0.0180710328 0.0745685168 0.0131813381 -0.537460983 0.843185604
-0.0273625714 0.0174863894 0.300033581 -0.804254174 0.570681989 -0.165823162
-0.0580727244 0.0151200124 0.0861847313 0.762674212 0.465001076 0.449557632
0.0531733106 0.0317783163 0.218065301 0.447176665 0.882692754 0.144521773
0.059013159 -0.00880485274 0.0117019885 0.843178272 -0.187572137 -0.503852189
-7.70240426e-06 0.0391907954 0.225936807 -0.123805031 0.941357136 0.313877493
-0.0364357841 0.0145486457 0.242694795 -0.665894389 0.449025035 0.595786273
-0.056875938 -0.0224881224 0.209416608 -0.636485636 -0.736425996 0.229265749
0.0663111372 0.0289186249 0.0920721662 0.622644901 0.78247875 -0.00635855971
0.0097951781 -0.0430385079 0.0887470986 0.0784822777 -0.996854067 0.0110696377
-0.0314912777 -0.0181583164 0.12873421 -0.988171756 -0.152855799 0.0123140737
0.00928144468 -0.0418706673 0.168379291 0.0271742772 -0.999468923 0.0179867521
0.0212526291 0.0157895005 0.274457267 0.809793472 0.581475794 0.0782329738
-0.0231852252 -0.0422541551 0.024924773 -0.120365724 -0.992173731 -0.0332159288
-0.0535892481 0.00566221122 0.085142476 0.812799454 0.205128074 0.545233548
0.026428815 0.00676842395 0.264508213 0.965353608 0.199888572 0.167741001
0.0347368528 -0.0316837749 0.229131287 0.41044414 -0.717057943 0.563350141
0.0756697641 -0.00152407701 0.0925683939 0.997689426 -0.0666148141 -0.0133503629
-0.00662469772 -0.0243671893 0.279733455 -0.299459606 -0.953965783 0.0165304467
0.0675352405 -0.014662316 0.197449462 0.957691014 -0.24046506 0.158127695
0.0232713874 0.02257179 0.304926675 0.690480113 0.699552 0.184022322
0.0249804784 0.0247347036 0.247024404 0.464077353 0.69968158 0.543210685
-0.0363768689 -0.0397510617 0.0419507998 -0.243476123 -0.968255401 0.056575492
0.0518964631 0.0343987333 0.198517122 0.298956096 0.954013526 0.0219869148
-0.0336785317 -0.0405146438 0.0218096233 -0.197679386 -0.97856462 -0.0577425957
-0.010820862 0.0282236777 0.253353575 -0.278107435 0.925201595 0.258182704
0.0440609241 0.0381661051 0.111618106 0.263803333 0.964481175 0.013554249
-0.0139737689 0.0415932037 0.197913534 -0.0886036679 0.994604349 0.0539590195
-0.0707049646 0.0124298169 0.153314729 -0.716991603 0.697077394 0.00247606076
-0.031485629 -0.00195912098 0.302688756 -0.996180892 -0.0800396353 0.034886729
0.0135542186 0.0284334092 0.307378338 0.411480606 0.895425558 0.169990584
-0.0329735625 0.00713467057 0.138766217 -0.996711791 0.0749994293 -0.0306694973
0.0322323354 0.0414820882 0.0755888611 0.199656174 0.979818583 0.009641096
-0.0293925589 0.038763917 0.0037196346 -0.195666552 0.843745232 -0.49980849
0.0309911026 0.00902095876 0.00331278336 -0.0237037838 0.0186105333 -0.999545813
-0.0106772257 0.0440011391 0.0689319063 -0.0882793665 0.996048033 0.00975014549
-0.00973243186 0.0320865155 0.242683499 -0.184872791 0.933736444 0.306525886
0.0180786036 0.0236313645 0.313002484 0.37848419 0.562401831 0.735155642
-0.0118540698 -0.0389040139 0.209527907 -0.120119005 -0.977197468 0.175090104
0.0689966843 -0.0244031321 0.0824624486 0.824125469 -0.56563735 -0.0295244735
-0.0136376225 -0.0231009421 0.288336285 -0.37305671 -0.89861387 -0.230915025
-0.0305521349 0.0392916374 0.176039748 -0.428373426 0.901152253 -0.0664892793
-0.0578025581 0.0323431915 0.0346038492 -0.669730902 0.726637363 -0.153161898
0.069976438 -0.0234256186 0.113811676 0.81103611 -0.584960759 0.00643343339
0.0149817738 -0.0270990477 0.306408606 0.420190662 -0.905210018 0.0635189191
-0.0399637024 0.0209826371 0.0825308158 -0.828930318 0.156269461 0.537079632
0.00654604978 -0.0295142846 0.309727278 0.162237659 -0.91765058 0.362762302
-0.0272439528 0.0423578012 0.050653736 -0.142405063 0.989586592 0.0209567938
-0.00928141171 0.0413777271 0.206048242 -0.0885417387 0.992844641 0.0801238567
-0.0333176828 -0.017007676 0.10330506 -0.979076147 -0.161624223 0.123642959
0.0410367643 0.0396090934 0.0642684157 0.262017876 0.965032876 0.00762864249
-0.0465412945 0.0141340275 0.00328096078 0.00222072378 -0.0399402119 -0.999199629
-0.0444102276 0.00285252786 0.238018613 -0.690172374 0.0377633125 0.722658992
0.0186990001 0.042683429 0.144199784 0.0792485625 0.99675256 0.0142856948
-0.0313424263 -0.0234935921 0.112181937 -0.978218317 -0.188715398 0.0864610821
-0.055359944 0.000316885846 0.130226361 0.996483266 0.0219828114 -0.0808568075
-0.071431111 0.012152356 0.114347163 -0.659186959 0.751547933 0.0254590791
0.0199663299 -0.0149857838 0.00360487691 -0.0227166396 0.0130146919 -0.999657273
0.0581409006 0.0323956881 0.0399107162 0.5329023 0.842588544 -0.0778438374
-0.0316505212 0.0326860944 0.100578176 -0.972954988 0.188503921 0.133509621
-0.0047968335 0.043986072 0.0149916932 -0.0209793914 0.991743267 -0.126511291
-0.0147446598 0.0248202862 0.292056103 -0.381573588 0.813773334 -0.438377172
0.00131441465 -0.0308924351 0.303382122 0.0640556812 -0.997699916 -0.0221753959
0.0722558028 -0.0189577516 0.120614318 0.928039312 -0.37231338 0.0112110851
0.00810919456 -0.0430457557 0.0919950761 0.0250004455 -0.999652743 0.00833336357
-0.0340362451 -0.0364964916 0.177463226 -0.464102238 -0.872174025 -0.15466553
0.00275919713 0.0419813864 0.0046650128 0.0249998607 0.887848258 -0.459456712
-0.0293421311 -0.0337692024 0.154431742 -0.902290463 -0.419725239 -0.0985019505
-0.0288732848 0.0373886036 0.15367482 -0.664390206 0.742213011 -0.0877810866
0.029277987 0.0104545818 0.310172382 0.900501549 0.340696424 0.2702277
-0.0292252815 -0.0346356574 0.156820245 -0.886962235 -0.435641527 -0.153343737
-0.050043046 -0.0352071848 0.032370763 -0.408998281 -0.912389696 0.0162923969
-0.0662377931 -0.0131928844 0.148946966 -0.381729245 -0.924072087 -0.0193296541
-0.0606234222 0.0307514515 0.0497789854 -0.634860814 0.771122158 0.0481909066
0.0214103819 -0.0420571133 0.0831102689 0.138773099 -0.990259171 0.011353652
0.075510649 0.00248783801 0.129107694 0.998242199 0.055444371 0.0209396891
-0.0160273468 -0.0414045626 0.136231956 -0.127117172 -0.99184233 0.00948217046
0.0249699847 0.0426697282 0.0793652548 0.136568144 0.990599692 0.00782739278
0.0702625313 -0.0163753061 0.0556920494 0.931680262 -0.335487008 -0.139356688
-0.0201648998 0.023424852 0.295830734 -0.606523097 0.72921288 -0.31682536
0.00259101909 -0.0420536851 0.168460002 0.0279454179 -0.999422014 0.0193577353
0.070686894 -0.00276857971 0.190768102 0.987335205 -0.0810295045 0.136394098
-0.0464002527 0.0371860167 0.0178505983 -0.488318473 0.857940972 -0.159631997
-0.031592454 0.0414507328 0.0569049336 -0.190318793 0.981177866 0.0326907188
0.0592096432 0.0171757506 0.0155435583 0.84547776 0.295121521 -0.445051342
-0.0192354049 0.0187463391 0.2843122 -0.66644913 0.7407583 -0.0843961611
-0.00540631355 -0.028131217 0.313119189 -0.122561261 -0.501904607 0.856195331
0.0152184182 0.0422143339 0.188131458 0.0699007437 0.99741292 0.0167733729
-0.0198038395 -0.0388554046 0.20222561 -0.165048763 -0.974672794 0.150903389
0.000334748554 -0.0432560435 0.0869150702 -0.0335675292 -0.999383509 0.01029051
0.0125147773 0.0442574926 0.029553212 0.0707366541 0.9974913 -0.00275384821
-0.0229655619 0.0411443206 0.162847669 -0.188017011 0.982155204 0.00454501063
-0.0386358089 -0.0390305342 0.0443259069 -0.292109579 -0.954860866 0.0539692231
0.0695903593 -0.0239969508 0.110534285 0.81103611 -0.584960759 0.00643343339
0.00252040667 -0.0434274273 0.0581925755 0.0155624673 -0.999850035 0.007594008
0.00514563549 -0.0347829621 0.23301459 -0.0857892931 -0.944232643 0.317907006
-0.00230942501 -0.0434381752 0.0491570554 -0.0408224948 -0.999134779 0.00794934295
0.00462697532 -0.0413890531 0.0050194837 0.0215185471 -0.885977864 -0.463228017
-0.0566158149 -0.0249073612 0.067534804 -0.191366687 -0.874281347 0.446106315
-0.0209060927 0.0401814259 0.202674286 -0.169689178 0.97610569 0.135732353
-0.0286893168 -0.0378993896 0.197557597 -0.22288841 -0.972306788 0.07028687
-0.029984207 -0.0110122466 0.302545284 -0.955483973 -0.291191399 0.0475185849
-0.0172888695 0.0203889429 0.272077503 -0.637880027 0.764896452 0.089679718
-0.0199894243 0.0342095095 0.229012965 -0.279998243 0.894190311 0.349320203
-0.0604290277 -0.0115690123 0.221562658 -0.818083227 -0.257047802 0.514457166
-0.00702076769 0.0414165825 0.208014863 -0.0792974159 0.993608952 0.0803312212
0.0377007354 0.0403193706 0.0261465819 0.272807449 0.961490929 -0.033335574
-0.031703719 -0.0237830805 0.151108107 -0.962555766 -0.219309315 -0.159341916
-0.0675610962 -0.012778064 0.155092138 -0.464038819 -0.884917796 -0.0398547202
-0.0741792426 0.00999058283 0.0841558564 -0.956169307 0.292645037 -0.00996195525
-0.0152459475 -0.0414674806 0.14012613 -0.127117172 -0.99184233 0.00948217046
0.0215939203 0.0415470077 0.188313374 0.127963617 0.991704226 0.0121687902
0.00569515436 -0.0411933328 0.195081675 0.0142053775 -0.99854368 0.0520449169
-0.0678472544 -0.00802500311 0.0330484393 -0.955493689 -0.159689173 -0.248054639
-0.014431757 -0.0302587883 0.235878724 -0.255389273 -0.899600387 0.354253441
0.0529198121 -0.00906830199 0.00428419469 0.140062556 -0.0590198487 -0.988382041
0.0597028429 -0.0295719844 0.185549665 0.62316519 -0.777420163 0.0853401124
0.0311598547 0.00629883738 0.296745796 0.963296473 0.206425548 -0.171605393
-0.0231117656 -0.0399112073 0.172655482 -0.179053545 -0.983839393 0.000112138405
0.00930545519 -0.0290413783 0.250178914 0.245966509 -0.907433033 0.340684325
-0.0651399776 -0.000895473027 0.217133363 -0.951066017 -0.125894934 0.282176971
-0.0452804947 0.0327678558 0.0729815973 -0.456754237 0.501607478 0.734687388
-0.0334799082 -0.0226137803 0.157389258 -0.940187752 -0.262582064 -0.217019841
0.0460954577 0.0371095437 0.147188535 0.262548923 0.964841962 0.0121655511
-0.0264947615 0.00170337708 0.266046492 -0.9832623 0.0465344004 0.176152453
0.0397915325 -0.0364286496 0.194694274 0.252794772 -0.966296375 0.0486438759
0.00741237953 0.0255201976 0.288512641 0.221568629 0.966334343 -0.130788058
0.0393789127 0.0384276036 0.177404252 0.247205481 0.968838692 0.0155237876
0.034693513 -0.0147883991 0.244223167 0.646075666 -0.428172618 0.631865919
-0.0684303946 -0.0121591599 0.145352237 -0.430729717 -0.902480662 0.000804755953
-0.0424785032 -0.0191445433 0.165813458 -0.387439787 -0.488442242 -0.781866074
0.0545339721 0.0334824556 0.0297154455 0.571896851 0.808139443 -0.140870377
0.0690443366 0.0226784916 0.0604293976 0.862227857 0.489437252 -0.13043882
0.0311029702 -0.0407641522 0.0549031126 0.198947161 -0.98000592 0.00293214782
0.0489325896 -0.0350183273 0.150310875 0.308769733 -0.951010942 0.0154763293
0.0546189995 -0.0310675658 0.197827208 0.435981005 -0.896217167 0.0819464847
-0.0208089577 -0.040423492 0.122982622 -0.235390589 -0.971765339 0.0162278991
0.0410630031 -0.0361301783 0.194134665 0.247001842 -0.967553079 0.0532081388
-0.0170291843 0.0425280778 0.12747764 -0.236236081 0.971597135 0.0138398316
-0.0263384074 -0.00427442567 0.287393864 -0.966229737 -0.0673575327 -0.248722836
0.0213321724 0.041983002 0.166776287 0.135527179 0.990602314 0.0184246711
-0.0336960809 -0.0185704221 0.154695875 -0.925059378 -0.187237918 -0.330465108
0.0143914013 0.0381628763 0.00121806947 0.0200289898 0.220022053 -0.975289226
0.000878893187 -0.0221687605 0.316307603 0.00417905161 -0.0892182887 0.99600333
0.004409999 0.0445773662 0.0415709901 0.0212418102 0.999750674 0.00687322346
0.00479898061 -0.0104506421 0.00401925949 -0.0317621529 -0.0382519215 -0.998763204
-0.0728230888 0.00743679285 0.167442323 -0.975987256 0.192057282 0.102775261
-0.0568738603 0.012073951 0.226738197 -0.639925182 0.128258973 0.757657886
0.0544009201 -0.00658075265 0.229749007 0.611006975 -0.0849650428 0.787052333
0.0159376062 0.0271955811 0.251659675 0.339907229 0.85050869 0.401370078
-0.0582619557 -0.0273257423 0.0584392284 -0.407339573 -0.901368797 0.146998554
0.0755164387 -0.00219038562 0.0884766128 0.997338951 -0.0682428628 -0.0256522764
-0.0167890493 0.0435632597 0.0595877539 -0.0882805511 0.995988429 0.0146189248
-0.0158374382 0.0423857962 0.158529465 -0.117111817 0.993027687 0.0134435203
-0.0599516842 0.0237377902 0.207442897 -0.688502967 0.7238397 0.0449401475
-0.0432099134 -0.0161825439 0.00303186284 0.0366385542 0.139432833 -0.989553452
-0.0164732458 -0.0381859643 0.209826441 -0.164896831 -0.965616167 0.20098336
0.0386955327 -0.00339075012 0.00320289382 0.00234438851 -0.0166081712 -0.999859273
0.0184148534 -0.041858206 0.125296512 0.079804115 -0.996698856 0.0149274841
-0.0314980488 -0.0365427451 0.0853830303 -0.77892065 -0.58504796 0.225835264
0.0112721511 0.00509199065 0.00369578261 -0.02581314 0.0314346142 -0.999172449
0.0286817989 -0.0130924573 0.252910228 0.814280212 -0.354439229 0.459696084
-0.0168130706 -0.0398213495 0.198153283 -0.137438849 -0.987784445 0.0734330863
-0.000921960477 -0.037777169 0.00140141346 -0.00196013157 -0.221740857 -0.975103676
-0.0615631961 -0.0203887647 0.0225817527 -0.867755473 -0.351561964 -0.351290137
0.075275669 0.00558698315 0.131696496 0.998092353 0.0574657172 0.0225682538
-0.0200685627 -0.0392027876 0.199498201 -0.137223095 -0.981540084 0.133224979
-0.000370131905 -0.0390823323 0.21509565 -0.0648726597 -0.986518502 0.150242984
0.0324179884 0.0412237314 0.0200688826 0.199940115 0.977064729 -0.0732700154
-0.0342439055 0.00710032217 0.106360132 -0.99290818 0.0749300495 0.0922985971
-0.0577715991 -0.00818625451 0.133939014 0.817293465 -0.572815597 -0.0625601038
-0.0233768771 -0.0399007352 0.104123955 -0.437421262 -0.897939026 0.0486641526
0.00360816926 -0.0418997773 0.174775079 0.0271551181 -0.999414027 0.0208379198
0.0295509879 0.0387023209 0.221530177 0.170825332 0.952186644 0.253296703
-0.0314511617 0.0352876049 0.161204359 -0.882804692 0.435507149 -0.17603834
0.0467881442 0.0379838407 0.0723384157 0.262160033 0.964995384 0.00748458179
-0.0322971192 0.0285869428 0.101787888 -0.972248316 0.197678626 0.125125572
0.026029919 -0.0184854914 0.251388173 0.661124051 -0.530089676 0.530961275
-0.0248291771 0.0168778212 0.00402036954 0.053703662 -0.0718230903 -0.995970607
-0.0676649659 0.00264954869 0.0303836458 -0.965990245 0.0476159044 -0.254156768
-0.0328070047 -0.013291799 0.146836167 -0.986909091 -0.131245881 -0.0937288254
0.0198786177 0.0202475059 0.262267296 0.674272537 0.686193585 0.272937566
-0.0257639574 -0.000579840755 0.270568122 -0.992227912 -0.0905256867 0.0853754058
-0.0255972113 -0.0222732014 0.00293626588 0.0883989334 0.219992697 -0.971487999
0.0377997536 0.0386950626 0.184732675 0.244946972 0.969353974 0.0188115146
0.051600637 0.0363819291 0.0638642759 0.335415691 0.942067742 -0.00213478762
0.00654173967 0.0336568695 0.241636594 0.115444921 0.931316257 0.34543103
0.0260946473 -0.0416215825 0.0599285495 0.135407075 -0.990776896 0.0051095318
-0.0165096744 -0.0369083248 0.00136272503 -0.0198691655 -0.194035888 -0.980793178
-0.0364342481 0.0205738168 0.159549647 -0.840451181 0.241180435 -0.485256404
0.0714315296 -0.0189693393 0.0734744567 0.935983241 -0.347051769 -0.0590800717
-0.0593533157 0.0101062179 0.106188843 0.78755486 0.610795498 0.0817691311
-0.00578912749 -0.028551495 0.311905414 -0.189341635 -0.90961498 0.369797587
-0.014153045 0.0439072662 0.0198744712 -0.070217669 0.996631861 -0.0423605591
-0.0227392962 0.021249408 0.253611309 -0.65002811 0.667014182 0.364081711
-0.0306440387 0.0296343155 0.142628953 -0.978754163 0.187823415 -0.082235612
-0.0314044942 0.0237574123 0.140295779 -0.990222573 0.135275453 -0.0340566523
0.00926237174 -0.0432888632 0.0626068498 0.0155623974 -0.999848604 0.00779092731
0.0232968668 -0.0415738307 0.0999071218 0.140673786 -0.989949644 0.0145096239
-0.0116341068 0.0242486145 0.287722699 -0.282165319 0.946320117 -0.157674059
-0.0631983577 -0.0230643814 0.0323227036 -0.872013032 -0.44033885 -0.213763922
0.0397886557 0.0372997733 0.214694082 0.249501184 0.964170158 0.0901393741
0.0295598382 -0.040877648 0.0816453443 0.2032381 -0.979047179 0.0126909427
-0.0145563445 0.0440457177 0.0373592782 -0.0752635747 0.997116566 0.00969699956
-0.0266036247 0.0410119126 0.0903452798 -0.48512578 0.865763247 0.122910686
-0.00102265902 0.0445474405 0.0527599391 -0.0299400017 0.999517262 0.00829151832
-0.00972736679 0.0176039046 0.316742351 -0.0725530162 0.0832251757 0.993886113
-0.0254841092 -0.0109213486 0.262493606 -0.8582955 -0.420101404 0.294692457
0.0220014565 -0.0315529185 0.237355082 0.266587853 -0.867545784 0.419875234
-0.0129887586 0.0156331221 0.316739874 -0.0312083699 0.0832552537 0.99603951
0.0159302206 -0.0417462138 0.14551693 0.0801329091 -0.996651113 0.0162904728
-0.00619281298 -0.0414993444 0.186569303 -0.0267239213 -0.999221325 0.0290285479
0.0167218792 -0.0110026237 0.00368651964 -0.023641821 -0.0230492931 -0.999454737
0.002746905 -0.0135105183 0.00414908322 -0.033214245 -0.0041457843 -0.999439657
-0.0408500489 -0.0380712734 0.045993191 -0.374211878 -0.9246068 0.0711883083
-0.0616110056 -0.0175898668 0.168016881 -0.439168811 -0.868346632 -0.230444804
0.0704908455 0.0227334715 0.0756397185 0.850222528 0.524344742 -0.0467347279
-0.0395947703 0.0352200885 0.207075605 -0.281476051 0.951670706 0.122859128
-0.0318974239 0.0219544475 0.11657097 -0.991146386 0.120763518 0.0551812239
0.0475729672 0.0373214006 0.103324383 0.263899148 0.964449704 0.0139266336
-0.0126276937 -0.0425324546 0.0798367207 -0.101036519 -0.994852424 0.00776455458
-0.0185859273 0.0214543509 0.262074856 -0.629848719 0.738517463 0.240588352
0.0677877385 -0.0107873183 0.201431763 0.954133093 -0.240162238 0.178751633
-0.0749701745 0.0049741158 0.144658697 -0.982495308 0.183256656 0.0334664807
-0.0149588617 -0.0408184128 0.186032108 -0.119250119 -0.99250865 0.0265699793
-0.0308680113 0.0206797144 0.00317118629 0.0731889978 -0.151093036 -0.985806465
0.014364496 0.0429917769 0.146730748 0.0792485625 0.99675256 0.0142856948
-0.0164134139 -0.0424308163 0.0546306245 -0.099353537 -0.994937181 0.0151227601
0.00542547834 0.0381485467 0.229755462 -0.0351459943 0.947559178 0.317642123
-0.0276697941 -0.0388568932 0.184490087 -0.244389802 -0.969601154 0.0121353688
0.0559184098 0.0208070031 0.0117837386 0.779593766 0.390391678 -0.489722162
0.0723043886 -0.0106535262 0.0602306014 0.970519662 -0.192944765 -0.144442901
-0.00745763101 -0.0436228211 0.0301578341 -0.0384788029 -0.998808026 0.0300323907
0.0613699099 0.0156308663 0.018622086 0.84541142 0.294303894 -0.445718288
-0.029458652 0.0359601752 0.215698781 -0.221650243 0.947475195 0.230568543
0.068343754 -0.0169857647 0.187260046 0.915138841 -0.377100587 0.142534509
-0.0415925764 -0.000661077308 0.160339668 -0.483609617 -0.115152821 -0.86767596
0.0303898038 0.00532954564 0.31050915 0.941087961 0.207325235 0.267150939
-0.0362673759 -0.0124689966 0.243130186 -0.653711855 -0.480870128 0.584315658
-0.013625065 -0.0427364963 0.0509843046 -0.0904792249 -0.995857716 0.00899259932
-0.0152372305 0.0432458478 0.096589659 -0.137225658 0.990489602 0.00997571088
0.0617965187 -0.028164158 0.0422721379 0.716703594 -0.684541166 -0.133188888
-0.000735405499 -0.035158059 0.00100365876 0.00416334253 -0.017251255 -0.999842465
-0.0351895489 -0.0110453957 0.0964601186 -0.975248516 -0.108699791 0.192547828
0.0214729457 0.0422127239 0.151034181 0.139777616 0.99006176 0.0154894339
0.0623154215 -0.022455292 0.0291380574 0.849331737 -0.469699949 -0.240867957
-0.0161954619 -0.0408756012 0.178345856 -0.119250119 -0.99250865 0.0265699793
-0.0379201984 0.00743098104 0.0895624159 -0.903155267 0.0792746618 0.421931416
-0.0506819029 0.028486457 0.0737696349 -0.0321015716 0.4830302 0.87501502
0.00379588916 -0.0418073475 0.179001763 0.0258396473 -0.999370158 0.0243208613
0.0390508176 -0.0387093897 0.0908840874 0.266267598 -0.963773787 0.0155421505
-0.0557956469 0.00982762529 0.0872772398 0.847015798 0.36261487 0.388683408
-0.0293336247 -0.00906946209 0.254608035 -0.843455493 -0.265690923 0.466895521
-0.0647099432 0.0192231586 0.182020652 -0.723100305 0.690377593 -0.0224668644
-0.0335920823 0.0127727717 0.108318955 -0.990972698 0.0972576141 0.0922720209
-0.0621511639 0.0236072846 0.0265204951 -0.880513012 0.417206466 -0.225023866
-0.0190787262 -0.0408201183 0.124572061 -0.235180661 -0.971869469 0.0126400013
-0.01949432 0.0290513038 0.242305863 -0.373678833 0.846614897 0.378955573
-0.0242276846 -0.00992699756 0.28255345 -0.911992788 -0.380069405 -0.15432559
-0.00789745493 0.0187911684 0.00427244076 0.00316980435 -0.0645601004 -0.997908771
0.0444335633 0.0222356196 0.234613944 0.576104879 0.287713856 0.765064716
0.0657713746 -0.011341458 0.210307297 0.921829164 -0.262004048 0.285630822
0.0593418231 0.0329617287 0.113821288 0.404788584 0.914331973 0.0119640902
-0.0725558423 -0.00139288379 0.175607398 -0.983219504 -0.126618087 0.131329164
0.0586087356 -0.0297420807 0.0338756529 0.714174092 -0.678975523 -0.170140326
-0.0247495345 0.0292572808 0.23673341 -0.397885203 0.811223865 0.428489447
0.0686089503 -0.00187808706 0.0339028937 0.961676955 -0.0728168488 -0.264339268
0.0254226825 -0.0117465411 0.289809423 0.83341372 -0.319869399 -0.450671971
0.00327019181 -0.043566972 0.0438951855 0.0151800392 -0.999754965 0.0161132198
-0.0465445141 -0.0314718125 0.190364513 -0.448272914 -0.893502653 0.0265402962
0.0320091498 -0.00670050969 0.251290376 0.770817399 -0.213642389 0.600164592
-0.0570848249 -0.0190557704 0.0756576172 0.11521183 -0.71963954 0.684722662
0.0599392395 -0.019764824 0.216887405 0.843192399 -0.447119385 0.298514724
0.046141309 0.0220054872 0.233423273 0.567345083 0.287078202 0.771819651
0.0496355861 0.033208774 0.219579094 0.417348504 0.819907308 0.391883135
-0.00390737755 0.0215103418 0.00400234574 -0.0138786947 -0.135706127 -0.990651965
-0.0105526446 -0.041500801 0.174797213 -0.0731431544 -0.99711144 0.0204656012
-0.00689760922 0.042962101 0.172813854 -0.070523642 0.997346282 0.0180751663
-0.0512076943 0.0261724277 0.180120395 -0.376874506 0.887435138 -0.265375942
-0.0307987459 -0.0282946508 0.228580972 -0.320624352 -0.830711126 0.455103248
0.0571864614 -0.026239271 0.0209225567 0.825199485 -0.452727795 -0.337762266
0.0154364358 0.0280346131 0.297656087 0.382549912 0.907325029 -0.174404636
0.0614423665 0.0304541826 0.177874351 0.617999673 0.784704328 0.0481211767
0.0519367369 -0.028380476 0.217613724 0.455480844 -0.861957014 0.222636968
-0.0285562794 -0.0159360447 0.24952167 -0.683866322 -0.551418841 0.477769911
0.0665883006 -0.0267355183 0.149334896 0.594491422 -0.80373174 0.0243970696
0.00521972691 0.026357162 0.0030631588 -0.0253746845 -0.223885939 -0.974284947
0.0104246425 0.0441910802 0.0710174734 0.0755593181 0.997119546 0.00657758629
0.0419582524 0.0234777881 0.00280031455 0.155850276 -0.00741908979 -0.987752795
-0.0563897246 0.0265191425 0.209647189 -0.564237654 0.804268301 0.186516583
0.00735792711 0.0230856421 0.00354481846 -0.0324767642 -0.143032894 -0.989184976
0.0656638938 -0.0143014423 0.207247966 0.944391847 -0.264710218 0.195070177
-0.0667354802 -0.0137338187 0.192470797 -0.889699757 -0.446236491 0.0964740589
-0.0323548742 -0.0110103079 0.132109068 -0.994744778 -0.10131453 0.0147719579
-0.0619519605 0.0195519554 0.0214132396 -0.87435472 0.331279159 -0.354623437
-0.0157071164 0.0255485963 0.293774233 -0.450131893 0.715998352 -0.53359884
-0.00388278276 -0.0261928176 0.264573422 -0.188036591 -0.973730445 0.128417924
-0.0667007017 -0.0176287798 0.0813728427 -0.512671173 -0.837203503 0.190416887
-0.0564197565 -0.00120984383 0.112690452 0.994627535 -0.0949615985 -0.0412101001
0.0221138277 -0.0140730515 0.269938081 0.858022273 -0.50919348 0.0672287419
-0.0188037054 -0.0404112251 0.183637535 -0.123097539 -0.99197197 0.0289583709
-0.0282109331 0.00793933062 0.292771577 -0.817195356 0.116262957 -0.564512908
0.0737225402 0.00875589532 0.157821672 0.979647577 0.190361962 0.0636631474
0.0171754029 -0.0419866806 0.123330574 0.0798050836 -0.996707618 0.0143183051
0.03384848 0.00291475323 0.00317476206 0.000575570622 0.0175947826 -0.999845028
-0.0182417159 0.0196748906 0.284674799 -0.618125737 0.782263637 -0.0773572996
0.0240370746 0.0417755594 0.15628734 0.138011992 0.990302742 0.0159110799
-0.0157926743 -0.042820212 0.03607842 -0.0836630911 -0.996350706 0.0169053413
0.0590210523 -0.0320507745 0.0606590098 0.436788768 -0.899373412 -0.0185212325
0.0158794077 0.0431810284 0.125202123 0.0798113942 0.996711195 0.0140281906
-0.0553884836 0.000166319296 0.1298337 0.996483266 0.0219828114 -0.0808568075
0.0168256764 0.0435639363 0.0878406656 0.078037113 0.996888578 0.0111033777
-0.0658325812 0.0142673699 0.20862338 -0.939677954 0.315536171 0.132068768
-0.00271559639 -0.0425357716 0.137887772 -0.0182893053 -0.999738038 0.013761756
0.0361928545 0.0100918023 0.246045709 0.71066314 0.140625939 0.68933475
-0.0635721083 -0.0246902238 0.0425682107 -0.763941407 -0.640524685 -0.0782412961
-0.0599424938 0.0311688711 0.0520701517 -0.634860814 0.771122158 0.0481909066
-0.0535359322 -0.0162040439 0.163968897 0.329768568 -0.708789825 -0.623594105
0.0307722458 0.010340031 0.300487059 0.97574079 0.21547392 0.0387430526
-0.0543708176 0.00453315026 0.144095346 0.960334837 0.239272296 -0.143198609
-0.0112581153 0.000475865125 0.00379767335 -0.000601949578 0.0429428853 -0.99907732
-0.00212035865 0.0411421592 0.214787112 -0.0793201923 0.991596162 0.102202892
0.0182050353 -0.00444627467 0.00351624403 -0.0220107753 -0.015425601 -0.999638736
-0.0385369497 0.0141952136 0.0865827833 -0.908761859 0.121572159 0.399214536
0.0566037508 -0.0331846411 0.0964358661 0.396464348 -0.917983055 0.0110956235
0.0315845035 -0.0407339565 0.0368392222 0.196334824 -0.980532527 0.00292353681
-0.0200154132 0.0435765017 0.0308086633 -0.118008927 0.993009627 0.00239230157
0.0178596105 -0.0237226993 0.312233868 0.516994655 -0.798364699 0.308756173
-0.0479062816 -0.0193362217 0.227435669 -0.490605772 -0.576100171 0.653769493
0.0395925625 -0.0388650671 0.0364806929 0.260832399 -0.965377212 -0.00365121034
0.00799164605 0.0445379949 0.036228157 0.0212418102 0.999750674 0.00687322346
-0.0670905527 -0.0010063198 0.028013709 -0.96474731 -0.0702893063 -0.253618091
0.0511146533 0.0359928461 0.115484175 0.317219615 0.94826293 0.0130053982
0.0307887041 0.0415399503 0.0945480962 0.204216838 0.978839636 0.0129841594
-0.0639717915 -0.0141334617 0.155436638 -0.181010112 -0.975868821 -0.122129001
-0.0758764171 0.00336364793 0.0956418306 -0.999405146 0.0331402309 -0.0095376214
-0.0644923345 0.0203517991 0.0297695017 -0.910633504 0.340229213 -0.234500796
0.0066759048 0.0357623015 0.000989422818 0.00281879096 -0.0356390364 -0.9993608
-0.0711622504 0.0123743543 0.114755187 -0.659186959 0.751547933 0.0254590791
0.00121148556 -0.0404045586 0.205522613 -0.00343555165 -0.995246351 0.0973288938
-0.0554925965 -0.0168870447 0.223574065 -0.523446321 -0.544503748 0.655377388
-0.0557141346 -0.0175014991 0.164973591 0.183186948 -0.7481727 -0.637714803
-0.0101485173 0.0418096956 0.199737419 -0.0885417387 0.992844641 0.0801238567
-0.0300992126 0.0309291093 0.124319977 -0.98205322 0.188231811 0.0118398592
0.0691739082 0.00586197851 0.201049569 0.984294772 0.0421181954 0.171434373
0.00353004472 -0.0433960921 0.0602490173 0.0155624673 -0.999850035 0.007594008
0.029612612 0.0402121351 0.00959913016 0.210836917 0.941985488 -0.261172712
0.00847097928 -0.0425542662 0.127534085 0.0293336455 -0.999462843 0.0146161132
-0.0702500166 -0.0077030493 0.04494185 -0.969220877 -0.178539485 -0.169512913
-0.00785839126 -0.0396985227 0.207349732 -0.0912931189 -0.989207566 0.114603139
-0.0228070359 -0.0152921678 0.288576964 -0.815088212 -0.516400218 -0.262605846
0.0159945861 0.0427363059 0.155296174 0.0780819654 0.996846139 0.0141793825
-0.0322967776 0.0145957963 0.125506278 -0.995395064 0.0949905217 0.0128592225
0.0663101032 -0.027150777 0.142347833 0.594536006 -0.803843558 0.0190351363
-0.0726078288 0.0135557175 0.0807763811 -0.885185003 0.464448869 0.0271082204
-0.0734968353 -0.00537348271 0.15755017 -0.953015149 -0.2944327 0.0712141544
-0.0106164432 0.0432899588 0.135368139 -0.0691276938 0.997523129 0.0130022895
0.0755659949 -0.00296044272 0.0922848681 0.997390985 -0.0665991753 -0.0278530195
-0.0637290865 0.0241867245 0.0338172128 -0.838220179 0.50135088 -0.214556023
0.0692101228 0.00836792731 0.199967117 0.970694721 0.176261619 0.163351536
-0.0611191475 0.00060843844 0.0134598323 -0.892703235 0.0444985293 -0.448442727
-0.0237633115 -0.0203202902 0.307299621 -0.730471373 -0.65926379 0.178277642
0.0250722369 -0.0399963251 0.181451918 0.132830456 -0.990864992 0.0232935958
-0.0744830955 0.00888110773 0.0817288526 -0.955768108 0.292228013 -0.0333190225
-0.000836984904 -0.0433935513 0.0621724557 -0.0421591699 -0.999087274 0.00687734224
0.0243952179 -0.0250847758 0.244861944 0.500528932 -0.676704407 0.539946318
0.0262440778 0.0427621427 0.0483690764 0.12860091 0.991687655 0.00419268245
-0.00933370147 0.0431354601 0.152249607 -0.0688629299 0.997491658 0.0163803473
-0.0612137935 -0.0110109771 0.117753773 0.554680169 -0.83198148 -0.0116944136
-0.0349848701 -0.00334676379 0.151916216 -0.964633703 -0.0529233366 -0.258226514
-0.0321367233 0.0156810865 0.134759392 -0.995257616 0.0914782956 -0.0330774784
-0.0154279137 -0.0409855528 0.177408434 -0.119322494 -0.99271208 0.0168767106
-0.0365963507 0.0294159296 0.084485869 -0.907377243 0.225506857 0.354701251
0.0112386846 0.0177934939 0.316833632 0.0186090153 0.105985455 0.994193494
0.0359097157 -0.039710201 0.0688921524 0.198940173 -0.979977548 0.00817841012
0.029068982 0.0420846454 0.0798609011 0.199656174 0.979818583 0.009641096
0.0110939003 -0.0230661579 0.274661375 0.415647984 -0.906856656 0.0696258396
0.0463850385 -0.0362338998 0.121170625 0.26497829 -0.964156687 0.0137211718
0.0157488504 0.0440245879 0.0267052604 0.0699819699 0.997546136 -0.00206383644
0.0659619151 0.0290711293 0.114264136 0.614300549 0.788972914 0.0125084743
0.0483111865 0.0374459464 0.0443572053 0.346641421 0.937905431 -0.0131543819
0.0517543947 -0.035000477 0.0436893056 0.351136416 -0.936038792 -0.0231246352
0.06099789 0.0293546098 0.0387167476 0.735437632 0.662979603 -0.13996239
0.00141527184 -0.0252667208 0.275638978 0.0531901158 -0.998107135 0.0308701005
0.0632578373 0.0103545313 0.0203065851 0.911870718 0.180042312 -0.368885368
-0.0622575375 0.0201033268 0.174830554 -0.411800623 0.894568086 -0.173689976
-0.0107866349 0.0427818807 0.167149527 -0.0709102526 0.997332692 0.0173019599
-0.023422182 0.0398575435 0.201917615 -0.162815735 0.977186263 0.136374846
-0.033187276 0.0026262176 0.126936691 -0.999322116 0.0330795683 0.0161559992
0.0755276872 -0.00429405227 0.0956794885 0.997781992 -0.06461519 -0.0159988366
0.0234310806 -0.0108063058 0.275132305 0.920772791 -0.384765387 0.064288415
-0.0331346534 -0.00360858936 0.125762061 -0.998902142 -0.0441635922 0.0156228589
0.00701262771 -0.028801411 0.294830828 0.168434903 -0.922025561 -0.348566383
0.028728251 -0.0337737344 0.229257715 0.305563927 -0.88133359 0.360391021
-0.0677036202 0.00201360723 0.0304114202 -0.965990245 0.0476159044 -0.254156768
0.00488199995 0.0422229407 0.20486282 -0.0185327958 0.998422384 0.0530027635
0.0646269545 -0.0276458351 0.164046347 0.587303042 -0.808622181 0.034717299
-0.0326532581 -0.0263412132 0.158317961 -0.940187752 -0.262582064 -0.217019841
-0.044024631 -0.0308305009 0.208851597 -0.412731826 -0.876290023 0.24853228
-0.015561752 0.0437973911 0.0196244994 -0.070217669 0.996631861 -0.0423605591
0.0738300465 0.00112829157 0.164076021 0.994606912 0.0593765751 0.0850383714
0.059570262 -0.0314473907 0.131829806 0.392598629 -0.919608891 0.013630541
-0.0325547506 -0.0401071587 0.0515798803 -0.214942485 -0.975108802 0.0544294044
-0.032995925 0.0281438568 0.156389168 -0.927252412 0.285619795 -0.24212487
-0.0364616112 0.0384530573 0.075329149 -0.732405901 0.584487021 0.349222869
-0.00996385352 0.0270848214 0.258389193 -0.279062033 0.94022578 0.195192143
0.0270321145 0.0405864506 0.204304205 0.180187806 0.983511567 0.0154014053
0.0229819847 -0.0132139501 0.283191015 0.861950874 -0.487315118 -0.139873683
-0.0058299078 0.0445202022 0.0409043538 -0.0299398229 0.999495208 0.0106355753
-0.0317233775 -0.0378209614 0.00467062 -0.206607744 -0.862398803 -0.462148786
-0.053230398 -0.0196217604 0.222982203 -0.496543169 -0.612161458 0.615388691
0.0143184224 -0.0189602995 0.316165332 0.00460274424 -0.137228891 0.990528584
0.0433804282 -0.0363630436 0.166980545 0.251086026 -0.967789769 0.0184012745
-0.0278300029 0.0401773312 0.178483656 -0.249669418 0.968326867 -0.00287675229
0.0638986727 0.0280788059 0.0479157425 0.735437632 0.662979603 -0.13996239
-0.0370408999 0.0108589962 0.0907944589 -0.95365721 0.0882853344 0.287651747
0.0478355079 0.035356246 0.208044147 0.316271007 0.948258579 0.0278991964
-0.0533392684 0.00137995076 0.00346043715 -0.218608305 0.0268038958 -0.975444496
0.0229119888 -0.0160829193 0.289826776 0.720541 -0.542035162 -0.432456434
0.0296806533 0.0417575502 0.0955714699 0.204216838 0.978839636 0.0129841594
-0.0285201926 0.0356714893 0.134440791 -0.922018647 0.386184752 -0.0272577424
-0.00412383166 0.0257798013 0.00330632701 -0.00485424604 -0.213127941 -0.977012277
-0.0490748857 0.0176800242 0.00306193539 -0.00181971316 -0.0857801661 -0.996312499
0.028272454 0.0417455636 0.11593554 0.141500011 0.98984617 0.0135016162
-0.0224285357 -0.0224653394 0.30458508 -0.683808386 -0.706261277 0.183305576
0.0494122555 0.0349767407 0.204205239 0.302949399 0.952294111 0.0368452109
-0.0334173188 0.00734273623 0.115593607 -0.995385885 0.0760187209 0.0585496724
0.00748356811 0.043023526 0.171507381 0.0251066294 0.999474525 0.0205030423
0.0145111802 -0.0433358967 0.0267570028 0.0834155828 -0.996386647 0.0159836859
0.00263174083 0.0323368791 0.245924688 0.0188018605 0.947075844 0.320458651
-0.0430625733 0.0138050508 0.236820891 -0.612243772 0.453800261 0.64747417
0.0422631108 0.0374512033 0.191456487 0.244976029 0.969413698 0.0149631472
-0.00118539443 -0.0258093818 0.269468897 -0.0636002719 -0.989654183 0.128606275
-0.0605887856 0.0116057372 0.11267695 0.745564997 0.666229665 -0.0164602436
-0.0218340199 0.0412240057 0.129157986 -0.442362607 0.896692455 0.0160621144
-0.0308273192 -0.023806853 0.119606842 -0.981245399 -0.185407743 0.0527389497
0.0295169522 -0.0411549989 0.0317950565 0.196341604 -0.980535209 0.000756398425
0.0176343364 0.00289308764 0.317610367 -0.0877726153 0.0168608762 0.995997846
-0.0625289533 -0.000356510764 0.221972133 -0.826659083 -0.110559098 0.551734924
-0.0312071593 -0.0241222805 0.235237136 -0.415228426 -0.75771004 0.503448904
0.025681555 0.00357964626 0.274315323 0.99645704 0.0531323142 0.0651946813
0.0017665215 0.0315406539 0.301510431 0.0284024645 0.999596059 -0.00102653576
-0.0326044113 -0.0395850438 0.0118360617 -0.212684527 -0.965232372 -0.151959598
0.0344788387 -0.0400946974 0.0531853232 0.196036741 -0.980582893 0.00519167446
-0.05377165 -0.0215946228 0.171188338 -0.247746155 -0.787551403 -0.564255774
0.0366775913 -0.00672799352 0.2455081 0.715442538 -0.210578218 0.66618222
0.0724924678 -0.0178460902 0.130875248 0.928993404 -0.369526148 0.0205371547
-0.0752638008 -0.00129956818 0.143853642 -0.990487993 -0.133120343 0.0348217525
0.0658480614 -0.0100360127 0.0273751833 0.944019556 -0.203011215 -0.260025948
-0.0592991337 -0.00902128211 0.102072534 0.807396472 -0.588502169 0.0421433784
0.0430600652 0.0281923064 0.231573726 0.362608612 0.628416538 0.688191533
-0.0304240049 -0.025281231 0.139468897 -0.982922554 -0.181722119 -0.0289861895
-0.073175699 0.00681127595 0.165262687 -0.975987256 0.192057282 0.102775261
0.00447149518 -0.0428224113 0.116883084 0.0287194345 -0.999484241 0.0143644344
0.0469167073 -0.0353901298 0.166832738 0.299284846 -0.95400852 0.0172183067
-0.0747100977 0.00550822705 0.0751489718 -0.984653771 0.16213426 -0.0645704269
-0.0129771175 0.0409324434 0.205827181 -0.13133812 0.985285521 0.109374784
-0.00221324928 -0.0428273748 0.00991827864 -0.0327896513 -0.966600418 -0.25418207
-0.0373553365 0.0295162524 0.167452363 -0.763548672 0.51262331 -0.392696828
-0.0101574065 0.0437273769 0.0146049089 -0.069908157 0.989226639 -0.128621206
-0.0332163383 0.0172477158 0.149545324 -0.963078022 0.144691646 -0.227035031
0.00602980915 -0.0416041398 0.184904275 0.0228347927 -0.999377728 0.0268826596
0.0330624077 0.0414947476 0.053665056 0.191339508 0.981485248 0.00870239362
-0.0466211342 0.0172230784 0.00309679568 -0.00181971316 -0.0857801661 -0.996312499
-0.0505100256 0.0368468036 0.0491003682 -0.378549576 0.923162937 0.066860728
0.00558251633 0.0260462422 0.288959696 0.132592872 0.855525076 -0.500495672
0.0235572045 0.0419516877 0.148910758 0.139777616 0.99006176 0.0154894339
-0.074784103 -0.00696159465 0.0887980162 -0.977656543 -0.208222687 -0.0288250148
0.057432978 0.0304311656 0.0277362678 0.758502901 0.616499007 -0.211192638
0.0545758642 -0.0329927583 0.16429797 0.378590971 -0.925367296 0.0190870259
0.0529220334 0.0353159906 0.120718159 0.316820771 0.948390782 0.0133970175
0.0447252961 -0.0375217142 0.0493928189 0.259905249 -0.965629041 0.00312009756
0.017623394 0.0435670105 0.0810413385 0.0767449364 0.997003794 0.00967723504
-0.0249188004 -0.0383657623 0.199594255 -0.174646646 -0.973139167 0.149995685
-0.0730044678 0.0107281399 0.115439573 -0.830259979 0.556991875 0.0206991415
0.00516565466 -0.0163363454 0.316798347 0.0262144655 -0.0910970792 0.995496929
-0.0614626852 -0.00555724062 0.222507911 -0.83169347 -0.122083254 0.541647196
0.0586562882 0.0335716418 0.0813914554 0.422273397 0.906466186 -0.00204398041
-0.0752185343 0.00197340078 0.148030651 -0.997406006 0.0312075205 0.0648636594
0.0185234285 -0.0203522017 0.289656534 0.550923347 -0.719838977 -0.422274053
-0.0127199603 0.0436264634 0.0924193718 -0.0831701756 0.996519446 0.00563426269
0.0238071162 0.0225299739 0.299630521 0.686528563 0.703189194 -0.184941873
-0.00721569278 -0.0303000668 0.300700805 -0.145831257 -0.989308059 -0.00167676783
0.0327699008 0.0333267969 0.231027074 0.244502544 0.781408429 0.574124813
0.07177752 -0.0198571247 0.127031144 0.928993404 -0.369526148 0.0205371547
-0.07402904 0.0100706031 0.0791366732 -0.955768108 0.292228013 -0.0333190225
-0.00609159432 -0.0425007152 0.131961881 -0.0766609386 -0.996987522 0.0117884846
0.00361686605 0.0446349372 0.0294641012 0.0212434735 0.999774277 -0.000253250939
-0.00906289556 0.0300591309 0.305971127 -0.302736342 0.949103475 0.0869100466
0.0234843391 0.0429416488 0.0717651165 0.134774983 0.990853369 0.00672492478
0.0112157186 0.0410176431 0.219632407 0.024457125 0.976302922 0.215021759
-0.0330885202 0.0134637372 0.11299876 -0.990972698 0.0972576141 0.0922720209
0.0265036172 -0.0145249235 0.312145145 0.838908315 -0.468336612 0.277297229
0.000316075861 0.0270398062 0.268415838 0.0551870726 0.988214016 0.142784864
-0.048664257 0.0355975907 0.016977756 -0.58906275 0.713154256 -0.380021214
0.0514033734 0.034187349 0.207034283 0.425998449 0.903238177 0.0518295243
-0.00396440462 0.0286215038 0.25795221 -0.181823939 0.950944066 0.250290483
0.0326693202 -0.0401058739 0.0189976619 0.217270374 -0.974154174 -0.0617828779
0.000949543015 -0.0420228081 0.172339112 0.0271551181 -0.999414027 0.0208379198
-0.00928093593 0.0397217036 0.218408876 -0.172247514 0.959892094 0.221218854
-0.0256618618 0.00232754245 0.271116379 -0.995269239 0.0504502803 0.0830299333
-0.0373229374 0.0194934584 0.238055636 -0.587875426 0.527344346 0.613441408
0.0443161291 -0.0368373748 0.11871988 0.26497829 -0.964156687 0.0137211718
0.0740401535 0.0151927496 0.0977434195 0.982767761 0.184085891 -0.0167321879
0.0121751144 -0.0235645702 0.266251832 0.400595337 -0.903984666 0.149449453
0.0704485231 0.0115976457 0.047981797 0.966113508 0.178827673 -0.186132699
-0.0155603019 0.0434482578 0.0818169468 -0.0865278542 0.996231973 0.00590617443
0.0702322951 0.0169659449 0.0546331829 0.939196765 0.313862979 -0.139282539
-0.000545357575 -0.0321888356 0.239357355 -0.161959812 -0.951830566 0.260360599
-0.0161440029 0.0425657038 0.13993029 -0.121807173 0.992496431 0.0106694121
-0.0400710396 -0.00242841807 0.00333230878 0.0515172854 -0.0277219489 -0.99828732
-0.0622110757 -0.0125530877 0.1001279 0.69312346 -0.717511415 0.0689715222
-0.0402574752 0.0300924434 0.223063438 -0.317680418 0.869583249 0.378026634
0.0645869282 0.0301737112 0.0821825563 0.629367828 0.776939929 -0.0161417499
0.063376653 -0.0243895933 0.0370096317 0.854408681 -0.491234392 -0.169335455
-0.0278122019 0.0366355793 0.00141701525 -0.104693525 0.48288843 -0.869400978
0.0662732186 0.00699561019 0.0263414002 0.925932169 0.0558812246 -0.373532772
-0.0435216597 -0.0372281434 0.0171493695 -0.365767986 -0.896578193 -0.249722585
-0.0705111529 -0.0117155717 0.112183169 -0.602544785 -0.797405005 0.0329380929
-0.0555695639 -0.0251026989 0.183767631 -0.586780965 -0.806716204 -0.0699784309
-0.0382148011 0.0239767003 0.00214735237 0.0187123213 -0.21342285 -0.976780593
0.0592058632 -0.0133271675 0.0139036701 0.870749235 -0.193364114 -0.452112794
0.0105015484 0.0425660921 0.187074443 0.06989903 0.997312009 0.0219746344
0.0647857876 -0.0247279836 0.0452866513 0.845986664 -0.509286165 -0.157905802
-0.0144318314 0.0435549681 0.0807464191 -0.0890062675 0.995987773 0.00928675011
0.0195838888 -0.0424511161 0.0688821458 0.136739403 -0.99058193 0.00704699708
-0.0691415351 0.0133223797 0.182265522 -0.921222985 0.380895942 0.0791600049
0.0305128044 -0.010230832 0.301124434 0.970532358 -0.237742797 0.0393086821
0.0311179874 -0.0403220642 0.0979670863 0.20596306 -0.978458047 0.0141088339
0.0439364675 -0.0321638197 0.218345402 0.35426715 -0.890470743 0.285581231
-0.0102802012 0.0442318922 0.0505052599 -0.0824333355 0.996540964 0.0105359359
0.035895953 -0.038254836 0.167178459 0.196458414 -0.980327308 0.0190370716
0.0687671334 0.00364825548 0.203928943 0.984294772 0.0421181954 0.171434373
0.0291051248 0.041998989 0.0864243234 0.201421887 0.97943455 0.0117117055
-0.0462687548 0.0222680975 0.168640803 -0.303225875 0.702840149 -0.643482506
0.0558723514 -0.0335350359 0.0924355955 0.319288254 -0.947526097 0.0157932956
0.002255155 0.043878167 0.126384799 0.0306192283 0.99943459 0.0138931591
-0.0124953619 0.043996347 0.0554529401 -0.0824333355 0.996540964 0.0105359359
0.0256375945 0.0408880543 0.199108981 0.120135613 0.992680073 0.0124041708
-0.0378881061 0.00485477776 0.157191523 -0.76101315 0.0742950737 -0.644468069
0.0512147043 0.0356656469 0.135828485 0.316874176 0.948369801 0.0136164147
0.0293366298 0.0188489699 0.249331257 0.627161682 0.509081125 0.589495301
-0.0502169111 0.0305913369 0.204556144 -0.460771233 0.887123942 0.0264772587
0.054409742 -0.0276346115 0.0171551786 0.726201713 -0.558772266 -0.400505632
0.0486576732 -0.035846315 0.100359213 0.316354543 -0.948538661 0.0139385303
0.0523784929 0.0357506211 0.102302407 0.31808275 0.947963953 0.013697979
-0.033648453 -0.0110598295 0.107035422 -0.990326822 -0.106069364 0.0894536451
-0.0468950325 -0.034893512 0.0479225452 -0.447227657 -0.881557882 0.15113911
0.00836599552 0.0443812097 0.0219773926 0.0240107495 0.998696506 -0.0450425856
-0.0224334879 0.0169520204 0.289977822 -0.718291163 0.549714804 -0.426463962
0.0677265861 -0.00182211337 0.0306674551 0.961812496 -0.0739061013 -0.263542503
-0.0129267377 -0.039952385 0.20109475 -0.120085821 -0.983643532 0.134256363
0.0341361732 -0.0188044096 0.242047784 0.6046924 -0.514504194 0.607974052
0.0181797967 0.0438580931 0.0364997466 0.12860091 0.991687655 0.00419268245
0.0225717817 0.0421588176 0.14439807 0.141302288 0.989870429 0.0137913739
-0.0137332922 0.0284129686 0.305679092 -0.370515198 0.926291287 0.0685773864
0.0249158621 0.00434373104 0.317896079 0.103903323 0.0473412648 0.993460119
-0.0545828179 0.0110539357 0.154884568 0.6962533 0.531850219 -0.48204422
-0.0678900205 0.0108007327 0.033923301 -0.958369672 0.136603877 -0.250732839
0.0345007326 0.0392249318 0.202165033 0.184532553 0.982751787 0.0121142622
0.049713597 -0.0350288331 0.132913261 0.313614935 -0.949444354 0.0141751301
-0.00507485596 0.0254691306 0.282003089 -0.155115306 0.986928403 0.0437205918
-0.0655181022 0.0181655304 0.176452944 -0.564211071 0.821156859 -0.0858331397
-0.0413416556 -0.0247787884 0.168785198 -0.547639549 -0.529327691 -0.647999227
-0.0325128683 -0.0147823479 0.114837068 -0.990205944 -0.12845616 0.0546905324
0.0655465071 -0.0268809756 0.165155457 0.815726817 -0.575484335 0.0583752878
-0.0399996232 0.0397838193 0.0186847238 -0.299842596 0.950656354 -0.0796672553
-0.0221297998 -0.0136234024 0.271605918 -0.818505049 -0.568764508 0.0809708983
-0.0516362762 0.0217184769 0.169285844 -0.218696445 0.862921894 -0.455563068
0.0402292359 -0.0382184135 0.101336762 0.265837491 -0.963901818 0.0149595952
0.00526313527 -0.00962302367 0.317149023 0.00145128323 -0.00339937094 0.999993205
0.0743864324 -0.00167288528 0.155753758 0.995639861 -0.0672356561 0.0646579564
-0.056003123 0.003295514 0.125060331 0.976544678 0.198750541 -0.0828174576
0.00498790976 -0.0420170535 0.00712076127 0.0254318733 -0.96530962 -0.259866416
-0.033205016 0.00402679214 0.138880394 -0.999005973 0.0331884287 -0.0297565144
0.0685877973 0.0179081612 0.188808037 0.937423766 0.326439828 0.121134974
0.0155687012 -0.0426770942 0.0806023382 0.0768165588 -0.996979952 0.0114093274
0.0758041263 -0.000939754901 0.111658495 0.998004436 -0.0630993545 0.00237752846
0.013078459 -0.0420867387 0.138499856 0.0801335424 -0.996663809 0.01548611
-0.0205260714 0.041932431 0.112638422 -0.235770807 0.971575797 0.0212736689
-0.0210507051 0.0407320791 0.00483213845 -0.100944355 0.864612401 -0.492194831
-0.0350460765 0.00217796812 0.151644563 -0.965719223 0.0222110935 -0.258637041
-0.0474910145 0.0331704563 0.0105458258 -0.590733945 0.650158226 -0.477836549
0.00908992177 -0.0431576088 0.0788149084 0.0177608132 -0.999800146 0.00918158796
0.01205879 -0.0239796681 0.289252862 0.334171474 -0.840199649 -0.427075982
-0.0350354254 -0.0130780187 0.0959900488 -0.972661674 -0.130839571 0.191860452
0.0457473836 -0.0362806924 0.12984739 0.264256239 -0.964346945 0.0142658874
0.0166295454 0.0439375646 0.0418548783 0.0707344189 0.997471452 0.00688502612
0.0616298467 0.00988344325 0.0166639183 0.873664021 0.175214604 -0.453884393
-0.00509445657 0.0117954768 0.00440421306 -0.00686705858 0.0139535731 -0.999879062
-0.0540611201 0.0284110092 0.19964535 -0.534543574 0.844547391 0.0316660069
0.0501417718 -0.0301108721 0.012877259 0.59268558 -0.716537952 -0.367827803
0.0198322656 -0.0422389984 0.0865354432 0.138773099 -0.990259171 0.011353652
0.00174637202 -0.0308597897 0.303161096 0.0640556812 -0.997699916 -0.0221753959
-0.0739739781 -0.00478498717 0.153532886 -0.953976154 -0.292028069 0.0681844354
0.0299842578 0.0412881927 0.125590079 0.206060708 0.978438616 0.0140360314
0.00784952009 -0.0318901899 0.00133678162 0.0150382575 0.14961499 -0.988629937
-0.0263607719 0.00323862018 0.28688414 -0.970118284 0.0392424986 -0.239437982
-0.00208843643 0.0442879535 0.0841471272 -0.0305273496 0.999511898 0.00662958575
-0.0603630648 0.0205207843 0.172489004 -0.411800623 0.894568086 -0.173689976
0.0249702882 0.040789868 0.210355777 0.107245199 0.992040634 0.0659834817
-0.0564168406 -0.0270376667 0.0620250311 -0.326283962 -0.902180433 0.282151103
0.0627613091 -0.0301318302 0.0701173591 0.618776381 -0.784841359 -0.0337631404
-0.0513827005 -0.00716777886 0.0797906308 0.297235996 -0.375417262 0.877902448
0.00258683914 -0.0436369089 0.0401997148 0.0151800392 -0.999754965 0.0161132198
0.0749479319 0.0102318414 0.0964653306 0.982539237 0.185456142 -0.0149267744
-0.0642730096 0.0268907408 0.0566362203 -0.687817454 0.725870073 0.00445818389
-0.00440340903 0.0429566778 0.177142309 -0.0224422794 0.999555171 0.0196426008
-0.00397261014 0.0260553087 0.274793414 -0.167442665 0.982375681 0.0830734596
0.0409330134 0.0396399289 0.0639311441 0.262017876 0.965032876 0.00762864249
-0.062980706 -0.0125315706 0.104022877 0.515901625 -0.847427845 0.125345647
0.0647111752 0.0289983229 0.0608307359 0.661717176 0.746573627 -0.0689791441
-0.075880363 0.00337593556 0.113711898 -0.986599743 0.16286014 0.00988261309
-0.0205123575 -0.0421837994 0.0433394712 -0.11654038 -0.992975593 0.0204411894
-0.0316665932 0.0367995295 0.0913084153 -0.763690591 0.607596099 0.218182802
-0.0424812578 0.0180126725 0.164042583 -0.391014963 0.518404186 -0.760502815
-0.0604164068 0.0114818883 0.115472076 0.745564997 0.666229665 -0.0164602436
-0.0170766047 -0.039733419 0.198670501 -0.137223095 -0.981540084 0.133224979
-0.0542851601 5.16170963e-05 0.0884447874 0.938518226 0.022367917 0.344504237
-0.0716179965 0.00866851154 0.175459333 -0.967823565 0.22058028 0.121086158
0.0638775192 0.0279967119 0.185701608 0.617759466 0.784465194 0.0546592064
0.0199991035 0.0405775767 0.00453700913 0.1147466 0.876141071 -0.468198836
0.0430662079 0.0236867539 0.234777304 0.497078866 0.447732776 0.743268371
-0.0631813915 -0.0178348771 0.173481351 -0.614540696 -0.776210487 -0.140843675
0.0363318814 -0.0397640891 0.0433077815 0.196334824 -0.980532527 0.00292353681
-0.0638565063 -0.0180435613 0.183917929 -0.722599387 -0.691249609 -0.0049125501
-0.0540353283 0.000111529556 0.143467306 0.989238858 0.0115212519 -0.145855576
-0.0203265128 0.0417303399 0.127535681 -0.231751442 0.972707927 0.0114291338
0.0265382812 0.0423117524 0.0913149431 0.139344469 0.990182638 0.0110273184
-0.0561980969 0.00343353078 0.121529601 0.983093679 0.178130895 -0.0423811562
0.0216574879 0.0430921233 0.019895962 0.124488287 0.990784228 -0.0533791371
0.00281860338 -0.0394371611 0.00214189753 0.00100904296 -0.545373797 -0.838192344
-0.0464285701 0.033070319 0.00909611176 -0.590733945 0.650158226 -0.477836549
-0.0346420416 0.00538881772 0.150716184 -0.962153435 0.0712566897 -0.263027161
0.0676482997 0.00343248868 0.210224542 0.956822813 0.0329882801 0.288793951
-0.0662785591 -0.0139989124 0.195458399 -0.889699757 -0.446236491 0.0964740589
0.0161995043 0.0433406731 0.111161069 0.0799925923 0.996717036 0.0125021357
0.0323139945 0.0174022969 0.24709451 0.694672167 0.377711564 0.612180293
0.0444471616 -0.000787594465 0.238622294 0.68394959 -0.0892744586 0.72404635
-0.0127426718 -0.0286290149 0.304460167 -0.336521834 -0.925534725 0.173604637
0.0691890426 0.0228661931 0.062209126 0.854250491 0.505749941 -0.120304137
-0.0286619913 0.00616391123 0.0039938677 0.0220138319 0.0629374087 -0.997774661
0.00978901061 -0.0425625857 0.124319907 0.0293336455 -0.999462843 0.0146161132
-0.0250945419 -0.0193187743 0.297541145 -0.76847893 -0.614973187 -0.176771447
-0.0461850662 0.0327684266 0.204248954 -0.400899678 0.914518952 0.0541717596
-0.0148912486 0.0422277209 0.178510815 -0.11330051 0.993357599 0.0200892519
-0.0722945152 0.0144713535 0.0697048676 -0.961539328 0.264043629 -0.0756505802
-0.0294890649 -0.0294263663 0.137112522 -0.970695436 -0.238687739 -0.02790129
-0.0565773453 0.0338434165 0.049984324 -0.498902917 0.864419103 0.0622521527
0.0213598167 0.020237915 0.313719962 0.4580639 0.568885803 0.683042049
-0.0589207514 0.00304448261 0.226033097 -0.646713495 0.0326721817 0.762032926
0.0103692646 0.0277260998 0.312829042 0.276957452 0.884175003 0.376203388
0.0205305609 0.0425607747 0.013444389 0.125886858 0.981854141 -0.141827077
-0.0723962344 0.00380466408 0.176616939 -0.988743782 0.0598028153 0.137147158
-0.0187413516 -0.0281129005 0.00199789156 0.0482939333 0.305759758 -0.95088309
-0.0651357172 0.0187564914 0.181384171 -0.723100305 0.690377593 -0.0224668644
0.00958332726 0.0316970004 0.00161823076 -0.00586157758 -0.265496224 -0.964094102
0.046251298 0.0380888387 0.0761666234 0.262153685 0.964970469 0.0103698429
0.0076415508 0.0441882659 0.0856694849 0.0252708215 0.999669313 0.00475624856
0.0739633199 0.0131556015 0.08164939 0.982028663 0.183834329 -0.0427155048
-0.026823309 -0.0394986442 0.0881656544 -0.491350651 -0.864673316 0.104473323
0.0140724678 0.0430958858 0.141158086 0.0792474449 0.996743619 0.0149058877
0.050896931 -0.0349727074 0.10950411 0.314949006 -0.949013591 0.0134271914
-0.0669656779 0.0046728389 0.210729672 -0.960240781 0.051280167 0.274423033
0.0284779251 0.00275830519 0.259560429 0.952259779 0.0473357327 0.301596731
-0.0707661112 0.00648059023 0.186101692 -0.968119383 0.217412189 0.124405704
0.0732235921 -0.00559526418 0.167465141 0.994070709 -0.0679125935 0.0849196687
-0.0341626099 -0.00665566965 0.106362064 -0.991544187 -0.093627505 0.0898552388
0.0171529717 -0.00474495258 0.317447305 -0.0898914114 -0.0316707045 0.995447874
0.0353546397 -0.0382544166 0.173653455 0.19249025 -0.981137335 0.0177988522
0.0641552122 -0.00131700638 0.0203358947 0.924477577 -0.0724234879 -0.374293953
-0.0394531503 -0.0184204086 0.234873744 -0.53073585 -0.559771955 0.636376321
-0.0549849539 0.0147892451 0.0821819645 0.717113614 0.378308028 0.585346997
0.0752108242 -0.00566131466 0.13247626 0.997662187 -0.0646905452 0.0220285896
0.0639718514 0.00508580013 0.220399799 0.834555686 0.0230796225 0.550440013
0.0197369801 -0.041589036 0.133681209 0.142125294 -0.989729404 0.0153598497
-0.0270095769 0.0163937832 0.253249699 -0.755605817 0.508171856 0.413305193
0.0712214429 -0.0168485366 0.163471885 0.927654803 -0.367437273 0.0666809827
-0.0232319463 0.0431085886 0.0386435755 -0.124235928 0.992171407 0.0126971556
0.0748087164 0.00366768496 0.0753050966 0.996222258 0.0558393747 -0.0665060356
-0.0355763133 -0.0332417387 0.17108374 -0.683768511 -0.5817191 -0.440526426
-0.0563266259 0.0111749092 0.0871585881 0.842649281 0.377655059 0.383821517
0.0272575837 0.0137186147 0.256406756 0.81094116 0.310341269 0.496047199
0.00844761753 0.0430410112 0.169103226 0.0251263455 0.999539077 0.0170411672
0.0681527553 0.0180420985 0.0446208644 0.93230772 0.311378598 -0.183971971
-0.0635181845 -0.0179680643 0.176703451 -0.628655195 -0.774134517 -0.0742173046
-0.0023488647 0.0418380422 0.207413623 -0.0792974159 0.993608952 0.0803312212
-0.0174470236 0.0426222852 0.115585961 -0.235542655 0.971716464 0.0169355348
0.0572747938 -0.0045265695 0.0076237758 0.886126697 -0.1308541 -0.444585919
0.0535137692 0.0317752714 0.21709212 0.421871305 0.892976046 0.156903297
0.0297440252 0.0413051409 0.0155927104 0.198499575 0.968280673 -0.151757792
0.0655405897 0.0293623089 0.116589717 0.614300549 0.788972914 0.0125084743
0.0143788648 -0.0416073325 0.161067828 0.0780350789 -0.996793091 0.0177240856
-0.0404854508 0.0116115596 0.0843453266 -0.808515906 0.093386434 0.581017256
0.0535102932 0.0233544958 0.227249338 0.609406233 0.328126401 0.721773565
0.00471975628 0.001213788 0.317199561 -0.00618450204 -0.0124687813 0.999903202
-0.0264810628 -0.0164350113 0.308286257 -0.824317873 -0.53787601 0.176605105
0.0712484096 -0.0122957482 0.175918105 0.972022057 -0.202365205 0.119253352
-0.00597724798 -0.0419741938 0.167278721 -0.020635128 -0.999592662 0.0197187867
-0.0662124906 -0.00355288197 0.0256414374 -0.929385543 -0.066522412 -0.363066345
-0.0303798427 -0.0285434164 0.14899611 -0.962417424 -0.247227922 -0.112387918
-0.0317509021 -0.0056293578 0.251631966 -0.783645868 -0.171144709 0.597167253
-0.0202607262 -0.0414250086 0.0810572886 -0.169681758 -0.985289752 0.0203067865
0.0184022054 -0.0428437218 0.0211684021 0.142587364 -0.989281118 -0.0314918421
0.0749049371 0.00331656096 0.0764516013 0.996222258 0.0558393747 -0.0665060356
0.0158294754 -0.0176254854 0.316277745 0.0797103122 -0.138529882 0.987145245
0.0744382863 4.38211892e-05 0.0689086252 0.992923498 0.0550429411 -0.10522861
-0.0297723845 0.0323074842 0.129515035 -0.98205322 0.188231811 0.0118398592
0.0648009691 -0.0229381183 0.0399855859 0.854408681 -0.491234392 -0.169335455
0.0544688765 -0.0336444275 0.119928928 0.314953715 -0.949022353 0.0126819033
0.0244080953 0.0173924833 0.257460057 0.709338784 0.534912765 0.459028155
0.0413781163 -0.0146855937 0.00338880605 0.00462655583 0.0168289244 -0.999847651
-0.0306395205 0.0420206304 0.0221753432 -0.152201489 0.98732239 -0.0450478569
-0.0659452293 -0.0102595103 0.0270957244 -0.957410336 -0.153441831 -0.244583696
0.00867691337 -0.0402360727 0.20722212 0.0577372871 -0.994696438 0.085120514
-0.0697246655 0.0134375749 0.153468795 -0.716991603 0.697077394 0.00247606076
0.00624183197 0.0433328761 0.154885263 0.0291642174 0.999459684 0.0151587082
0.0731100955 0.00121499007 0.17197711 0.993795812 0.0576533787 0.0951096043
0.0256274876 0.0410554657 0.186680554 0.127922431 0.991573215 0.0204563029
-0.0503905876 -0.0350441399 0.0327768848 -0.408998281 -0.912389696 0.0162923969
-0.00706081358 -0.0213577815 0.316215819 -0.0367089882 -0.0909371004 0.995179772
-0.0322819635 -0.0120867537 0.129380962 -0.994516492 -0.103671469 0.0137504525
-0.0591647177 -0.016696006 0.218809515 -0.681273758 -0.561980605 0.469088286
-0.0669569085 -0.0139559245 0.189401417 -0.889699757 -0.446236491 0.0964740589
-0.00852355483 0.0429083598 0.169169443 -0.0713577121 0.997311413 0.0166721344
-0.0605809127 0.0304645601 0.0559123885 -0.613889515 0.788321972 0.0410871953
-0.0515068429 -0.0309624722 0.0556090266 -0.43680191 -0.878554881 0.193249539
-0.0381554543 0.00325387248 0.0897059279 -0.902896166 0.0231607277 0.429234207
-0.0378142522 0.0164993178 0.087526243 -0.908761859 0.121572159 0.399214536
-0.0435678541 -0.0162337491 0.0780764829 -0.51337564 -0.300093144 0.80398345
0.0253794687 -0.0417747978 0.0507452073 0.133944288 -0.990969419 0.00620651944
0.0627935112 0.0201019168 0.215978866 0.904416203 0.325207025 0.276173621
-0.0696095446 0.0164467368 0.0492174982 -0.963273942 0.242455661 -0.115405187
0.0718062918 -0.0203472283 0.104464252 0.928320825 -0.371751875 -0.00457697036
-0.00655399242 0.0338469443 0.239261597 -0.186419979 0.932819784 0.308374673
0.00769816101 0.0442005869 0.0837779256 0.0229856502 0.999703586 0.00802847277
0.00402655194 -0.0422201306 0.157094696 0.0295048673 -0.999402702 0.017992964
-0.0534754726 0.0354058491 0.0520646651 -0.393292218 0.916665673 0.0710291341
-0.0375278861 -0.0264894504 0.0807075264 -0.871165931 -0.316069692 0.375725776
-0.0151712626 0.0420435274 0.186039559 -0.11330051 0.993357599 0.0200892519
-0.0164646629 -0.0418283169 0.0951211725 -0.156789333 -0.987441182 0.0194162857
0.0337140065 0.0409029571 0.096559606 0.204216838 0.978839636 0.0129841594
0.00160741193 -0.0278424796 0.257209944 0.0305011328 -0.975607634 0.217392489
0.0564364648 -0.0331700428 0.103502571 0.393940538 -0.91906321 0.0115610566
-0.0688967078 0.0183355361 0.0486558294 -0.91635108 0.372023255 -0.147983938
0.0488297033 0.0188902289 0.00387969624 0.147163853 0.0142059335 -0.989010155
0.023374328 0.0419815004 0.0119582784 0.125886858 0.981854141 -0.141827077
-0.0491824434 -0.0267324048 0.0685331895 -0.16198945 -0.664258838 0.729739428
0.0734943851 -0.0131954099 0.144468533 0.977887988 -0.202861205 0.0508190803
0.0742802957 0.0118207855 0.135156206 0.981716931 0.186955586 0.0357698351
-0.0582949055 0.00925887421 0.0975356487 0.914387643 0.402860701 0.0399825275
-0.034905253 -0.0217099737 0.0909115083 -0.951533735 -0.181324869 0.248404577
0.0694924586 0.0253082223 0.10052983 0.836435378 0.548059523 -0.00258416357
-0.0347943741 -0.0379278589 0.0688143206 -0.444919169 -0.889827847 0.101258047
0.0562482623 -0.0315409262 0.183951859 0.407753199 -0.911946118 0.0457352325
-0.0744500887 -0.00645707287 0.126481826 -0.912349164 -0.408304483 0.0301086456
-0.0588295172 -0.0194309339 0.213479343 -0.696170926 -0.678857207 0.23345013
-0.046363936 -0.0271905246 0.217485796 -0.420781463 -0.824051678 0.379317403
-0.0232299732 0.0409126855 0.114073566 -0.438244432 0.898493826 0.0255069491
0.00473305119 0.0438136504 0.0137061085 0.0266236626 0.991362631 -0.128418103
0.00740733149 -0.00106334167 0.00368679191 -0.0230582003 -0.020219611 -0.99952966
-0.0287074191 0.0079118552 0.293484652 -0.817195356 0.116262957 -0.564512908
0.0153724047 0.0404868807 0.00319547507 0.119360678 0.879869044 -0.459982038
-0.0229639109 -0.0394779064 0.149379466 -0.399198145 -0.916612089 -0.0215207823
0.0271957217 -0.0408878764 0.015036964 0.216440022 -0.965195656 -0.146802768
-0.027599612 -0.0348465989 0.134960666 -0.911480248 -0.410764724 -0.0218225997
0.0284869587 -0.03466388 0.227031739 0.188691586 -0.930517256 0.313899934
-0.00314493379 0.032655836 0.244288907 -0.0857370719 0.948614717 0.304596752
0.0227771506 -0.0377745441 0.218376374 0.112102114 -0.985873997 0.124440253
-0.0203570158 0.0422270296 0.101778959 -0.244389176 0.96916163 0.0316183679
-0.0370829448 0.0357296313 0.0788145991 -0.810840189 0.386036426 0.439902335
0.00490206412 0.0443106277 0.0764324319 0.0229855236 0.999725521 0.00453549763
-0.01534066 0.0430559205 0.109160741 -0.129006058 0.991550863 0.0135727301
-0.0291982852 -0.033021403 0.110863456 -0.908544838 -0.409666002 0.0819755346
0.0132415174 0.0419909567 0.205334121 0.0431174561 0.998517573 0.0332193114
0.0143071658 0.027981663 0.251470461 0.369272023 0.846311927 0.383919895
0.00779209982 0.0216916509 0.00373213032 -0.0324767642 -0.143032894 -0.989184976
0.0652914087 -0.0271627914 0.164056731 0.587303042 -0.808622181 0.034717299
-0.0252081562 -0.040905166 0.0675683605 -0.167680562 -0.985430717 0.0284538288
0.00980766653 -0.0419293666 0.163091366 0.0773549601 -0.996842146 0.0179389194
0.0511305324 -0.0324833303 0.0198890719 0.582343161 -0.774717093 -0.246352956
0.0416973297 0.037547204 0.19449978 0.244976029 0.969413698 0.0149631472
0.0601896307 -0.0234797044 0.208993815 0.785248041 -0.580563724 0.215246543
-0.0434084817 0.0393514389 0.0368791937 -0.270787537 0.96244961 0.019100694
-0.044457393 0.00668944645 0.00322111943 0.0173415188 0.0334043279 -0.99929148
-0.0661175502 -0.0126582567 0.126941794 0.0742740259 -0.99673152 -0.0317748263
0.00737099271 -0.0432703154 0.0687652037 0.0155623974 -0.999848604 0.00779092731
-0.0449338836 0.0137544666 0.235375321 -0.563022614 0.397880346 0.724359632
-0.0330166884 -0.022928619 0.0982729984 -0.96437186 -0.194071025 0.17978695
-0.0389522762 -0.0342032565 0.179755741 -0.488825113 -0.831255436 -0.264696687
0.0565732322 -0.0331863887 0.0973817406 0.396464348 -0.917983055 0.0110956235
-0.0358332796 -0.00585800232 0.0959643994 -0.97616446 -0.0953209251 0.194979176
-0.0020242287 0.0436931649 0.137212874 -0.0165670849 0.99975431 0.0147241391
-0.020879858 0.0414294311 0.183590434 -0.161918893 0.986707091 0.0138336103
0.00652058257 -0.0432067758 0.0789542798 0.0206225887 -0.999771059 0.00572432205
-0.0225304873 -0.0417185939 0.0144249572 -0.130390391 -0.982585013 -0.132382303
-0.0369138654 -0.0391965383 0.0491545183 -0.243422985 -0.968350172 0.0551652834
-0.0171163121 -0.0383653125 0.00209999644 -0.0603141226 -0.507892013 -0.859306574
-0.0728667685 0.0104603806 0.064762226 -0.981152236 0.162973017 -0.103826568
0.0584756156 -0.0323014413 0.103069681 0.393940538 -0.91906321 0.0115610566
-0.0749394951 0.00433014188 0.076802126 -0.995341241 0.0530561507 -0.0805030912
0.0345335358 -0.0357651593 0.00498148172 0.323159724 -0.767056644 -0.554249048
0.00344111159 0.0218873579 0.316714195 -0.00810579024 0.0791064352 0.996833265
-0.0309037187 -0.0316580098 0.0993702169 -0.963042438 -0.237093329 0.127812073
0.00236291182 -0.0432370525 0.0866553031 0.0230431296 -0.999670208 0.0113306493
0.0661968821 0.0285985428 0.130001344 0.614584029 0.788653851 0.0176514909
-0.0336896076 -0.00480750228 0.146735733 -0.990595162 -0.0925366059 -0.100788206
0.0675746024 -0.025542375 0.147280408 0.816673994 -0.575717628 0.0399094187
0.02979719 0.0421208001 0.0569721825 0.195519149 0.980684817 0.00544006191
0.0204043239 -0.042254964 0.0780061471 0.137740061 -0.990417838 0.0100110248
-0.0311785427 0.0302893874 0.22915167 -0.336093605 0.83940357 0.427133203
0.0121863986 -0.0428526834 0.0885276538 0.0784822777 -0.996854067 0.0110696377
0.00857029156 0.0436657138 0.127822319 0.0303404666 0.999439716 0.014135207
-0.0573839696 0.0222591769 0.175165372 -0.332646757 0.893537998 -0.301555723
0.0425960961 -0.0372133006 0.0208350783 0.374537617 -0.919174373 -0.121819906
0.0532915464 -0.00556224402 0.00415472347 0.119692035 -0.0477698557 -0.991661131
-0.00830812037 -0.0413611605 0.186841202 -0.0778232142 -0.99652493 0.0296937861
-0.0365114979 0.0404542502 0.0572359394 -0.244928867 0.968359232 0.0478563346
-0.0350576861 0.0379926589 0.00532395642 -0.276366472 0.906238198 -0.31992799
-0.0381234833 -0.0393350152 0.0194106512 -0.257632822 -0.963113725 -0.0776981562
-0.0394321373 -0.0347468458 0.186756655 -0.47735405 -0.874522507 -0.0856945589
-0.0729253106 0.0105644029 0.123020656 -0.830259979 0.556991875 0.0206991415
-0.034148017 0.00292066569 0.110270965 -0.99528867 0.0308008436 0.091933243
-0.0120808152 -0.0424441923 0.09695224 -0.0874875486 -0.996140957 0.00700546615
-0.0127203312 0.04347976 0.0140786771 -0.0679905638 0.989088714 -0.130693138
-0.0321077808 -0.0392733536 0.067943038 -0.252395332 -0.965320647 0.0667281672
-0.01750016 0.0419869653 0.174371864 -0.115403511 0.993248701 0.0117929559
-0.0374329629 0.0161413369 0.00347643758 0.0469832197 -0.133251324 -0.989967942
0.0641040967 -0.0017902496 0.220019204 0.829907954 -0.107575037 0.547430873
0.00263021115 0.0313954392 0.299161137 0.0282184258 0.988001049 -0.151847199
-0.036798279 -0.0364587872 0.00578498666 -0.373077273 -0.87163192 -0.31791693
0.0521706777 -0.0348955599 0.0457635235 0.351136416 -0.936038792 -0.0231246352
-0.0656590847 0.0170454234 0.163191506 -0.411313951 0.906860709 -0.091785945
-0.00173116533 0.00432910047 0.00392569186 -0.0171843693 0.0425099991 -0.998948276
-0.0757415089 -0.00180146557 0.121692656 -0.994492948 -0.104438461 0.00873983558
-0.0353902758 0.0268732196 0.0889782078 -0.908809662 0.172361284 0.379942805
-0.00970871912 0.0434349332 0.12902967 -0.0708507299 0.99740988 0.0123988772
0.0383162045 -0.0364182358 0.200633154 0.252199978 -0.962760031 0.0974076539
0.0267003277 -0.00175145639 0.00328634616 -0.0222407542 -0.015970422 -0.999625027
0.00433104384 0.0442376011 0.0902032769 0.0274577476 0.999604046 0.00615078211
-0.0122866231 -0.00716501745 0.316906002 0.00878416561 -0.00134793494 0.999960482
0.029304399 0.0147560588 0.0033936737 -0.0313993692 -0.0279118437 -0.999117136
0.0213659495 -0.0295482314 0.241173925 0.417746633 -0.737733722 0.530317605
0.0276728839 -0.0309977659 0.23454214 0.329396635 -0.761941612 0.557622492
-0.0744752578 0.00932201794 0.0938803439 -0.950546503 0.310541928 0.00499004172
-0.0567274963 -0.0294607085 0.0513035578 -0.48747763 -0.85662806 0.168979108
-0.0246903011 0.0430122401 0.0292002462 -0.12423908 0.992226303 0.00717839599
0.0706573994 -0.022308306 0.122519279 0.811746418 -0.583908021 0.0109219449
0.037559142 -0.0339236151 0.22038222 0.277694732 -0.930569112 0.238593623
-0.0282171294 0.0302999728 0.00112465505 0.0804186538 -0.222094908 -0.971702993
0.0744280887 0.0108740654 0.136048095 0.981716931 0.186955586 0.0357698351
0.0694708375 0.015185145 0.0464088574 0.930907011 0.317728847 -0.18016775
0.0492548064 -0.0229826622 0.227505984 0.608013272 -0.443796635 0.658304155
-0.0614703238 -0.0159381223 0.214795923 -0.758727133 -0.608526349 0.232440934
0.0658689187 0.00651617011 0.215864648 0.958761275 0.025725279 0.283046097
-0.0493858799 -0.00362270303 0.157695681 0.728184402 -0.297256887 -0.61756444
-0.0746557854 0.00848889826 0.0856913698 -0.950499833 0.310471088 -0.0125611676
0.0352164701 0.0172644383 0.00327450987 -0.00350384787 -0.0335606635 -0.999430597
0.0574336235 0.0335961086 0.0508823547 0.488710225 0.871191263 -0.0467775762
0.0574155203 -0.0321121979 0.14774771 0.388471037 -0.921318591 0.0161997359
-0.0520732779 -0.0278525993 0.196319873 -0.574981689 -0.817860663 0.0223615877
0.00709523183 0.0114529587 0.317342999 0.00157529721 -0.0147116678 0.999890506
0.0712197446 -0.0212244076 0.088202308 0.929756641 -0.367415756 -0.0236287285
0.0197551338 0.0216831959 0.258497876 0.581302941 0.770999908 0.260088563
-0.0219881186 0.0217032574 0.295521562 -0.613515675 0.706234753 -0.353314191
0.0633858673 0.0192186237 0.0265220365 0.881421804 0.304929674 -0.360712558
-0.00700507432 0.0251829055 0.280479437 -0.269521475 0.96243751 0.0327455252
0.0501715225 0.035696254 0.157940453 0.309220463 0.950879753 0.0144973239
0.0556677005 -0.0119831279 0.00728492126 0.84336853 -0.188064054 -0.503350198
-0.0463671534 0.0123713365 0.0033381645 0.0133149764 -0.0265329201 -0.999559224
0.0594999345 0.0302699758 0.200230203 0.640905499 0.759628713 0.110472843
-0.0143573527 0.0438101753 0.0574498883 -0.0882805511 0.995988429 0.0146189248
0.0276162633 -0.0412588045 0.0775550273 0.136735782 -0.990543485 0.0112631805
0.0590699198 -0.0149433418 0.0144948037 0.840739906 -0.312016129 -0.442495614
0.0359590907 -0.0397552377 0.0622952975 0.198940173 -0.979977548 0.00817841012
0.0511058803 -0.035182681 0.0899464469 0.319288254 -0.947526097 0.0157932956
0.0186509248 0.0438016373 0.0357305159 0.125279039 0.992098987 0.00669343164
-0.0194663072 0.0179547522 0.279835289 -0.744325399 0.667608082 -0.0167069454
0.0034296359 -0.0439688626 0.0252862815 0.0228861459 -0.999443114 0.0242815297
0.0537220708 0.0355751478 0.0553771515 0.34662047 0.937957525 -0.00948459562
0.0757853769 0.000719378149 0.117539426 0.998493791 0.0539396964 0.0100270947
0.0262432452 0.0102400305 0.0034480746 -0.0237037838 0.0186105333 -0.999545813
0.0269029986 0.0413582555 0.157401268 0.138011992 0.990302742 0.0159110799
-0.0209709864 -0.0376650106 0.208637735 -0.165048763 -0.974672794 0.150903389
0.0745509308 0.011815613 0.124777062 0.982442081 0.185200229 0.0225479323
-0.00428588827 -0.0248853556 0.282044892 -0.183623627 -0.982701659 -0.0240813345
-0.047645745 0.0373040051 0.0222947295 -0.488318473 0.857940972 -0.159631997
0.00945859537 -0.0418374987 0.169546042 0.077343367 -0.996826053 0.0188615136
-0.0206419099 -0.0246179254 0.245329431 -0.426072359 -0.837619245 0.341842562
0.0649932245 -0.00822010243 0.0240020568 0.908391595 -0.1981747 -0.368173033
-0.0357945866 0.0394000632 0.00994720524 -0.276366472 0.906238198 -0.31992799
-0.0227755409 -0.039972308 0.173439338 -0.179053545 -0.983839393 0.000112138405
-0.0404052699 -0.0174378834 0.234894507 -0.53862828 -0.517006576 0.665269673
0.0294099594 0.00536092206 0.256850093 0.85421592 0.167706281 0.492127806
0.0738753212 0.0135625367 0.137106613 0.981357574 0.18857418 0.0371084176
0.0671369718 -0.0233843213 0.174744127 0.81615442 -0.568015695 0.106067114
0.0166461514 0.0204302364 0.278025062 0.602217436 0.798331201 0.00119950797
-0.0256397792 0.0407228471 0.177931511 -0.172109097 0.985072076 -0.00336953602
-0.0389831302 -0.0160505656 0.162306637 -0.593339205 -0.29566443 -0.748686314
-0.0226647775 0.0165737067 0.315592215 -0.562315822 0.542410791 0.624172509
0.00783669344 -0.0276787182 0.293191822 0.247833103 -0.782822669 -0.570760369
0.0360847232 0.0174478135 0.00326530824 -0.00350384787 -0.0335606635 -0.999430597
-0.0330880544 0.0044702109 0.128170441 -0.997054875 0.074976705 0.0161251947
0.0748896128 -0.00943557988 0.09188417 0.978871226 -0.202427477 -0.0288842078
-0.0367188314 -0.0129843656 0.0900296842 -0.91644305 -0.144164264 0.373294353
0.072185003 0.0103138549 0.172784377 0.977043808 0.187454239 0.10122367
0.0317648463 -0.00702210544 0.00325990988 -0.0220799521 -0.0193320829 -0.999569297
0.000716994594 0.044695456 0.0257893358 0.0223174132 0.999750197 -0.00119538174
-0.0231216373 -0.0399095096 0.171795918 -0.179053545 -0.983839393 0.000112138405
0.0677422089 -0.0264895725 0.0904517992 0.817795277 -0.575278044 -0.0163097903
0.0370331346 0.0407582436 0.0438574543 0.26039803 0.965498865 -0.00217669061
-0.0641583565 0.0199201791 0.185686308 -0.723100305 0.690377593 -0.0224668644
-0.0338663283 0.000417108707 0.114234908 -0.997759044 0.0322398655 0.0586297438
0.028492293 -0.0407638459 0.104799545 0.140673786 -0.989949644 0.0145096239
-0.0179936163 -0.0415294173 0.101721279 -0.246860385 -0.968652666 0.0277846102
0.066218564 -0.0278967907 0.093689608 0.598808229 -0.800888419 -0.00255089183
0.0472526097 -0.0291901535 0.22215858 0.479260057 -0.811287701 0.334846288
-0.0302346935 -0.0261490326 0.122398932 -0.981245399 -0.185407743 0.0527389497
0.0430538101 -0.0372798911 0.112114696 0.264974713 -0.964145839 0.0145308496
0.027799097 -0.0157477636 0.2984094 0.836823821 -0.523249388 -0.161046624
0.064449168 -0.0128243585 0.0251469234 0.908504009 -0.199002862 -0.367448151
-0.0219440671 -0.0159805558 0.263748238 -0.754034221 -0.635513842 0.165995389
0.000403312176 -0.0416529508 0.187354306 -0.0267239213 -0.999221325 0.0290285479
-0.0160681125 0.0421072081 0.177666096 -0.113328032 0.993459702 0.0139450124
0.0744969422 -0.0119393553 0.116424588 0.979838014 -0.199511319 0.0106151914
0.0134423768 -0.0408439269 0.194391243 0.0683466569 -0.996581316 0.0464158393
0.040925515 0.00837961119 0.241495143 0.664871991 0.121441849 0.737019002
0.0397499551 0.0242853549 0.0026889744 -0.00294877286 -0.119675837 -0.99280864
0.0748842232 -0.00920910751 0.127622525 0.97944814 -0.200495362 0.0219792053
-0.0295231677 0.0361439625 0.106763159 -0.920591176 0.380419672 0.0882771239
-0.0105211789 -0.0413346154 0.181905029 -0.0741112083 -0.99687928 0.0271857064
0.0289680645 -0.00558095052 0.31408109 0.89925158 -0.221552387 0.377175182
-0.0693036297 -0.0115964593 0.160433286 -0.654852033 -0.755717218 -0.00775531074
0.0182158548 -0.0420351303 0.114311826 0.0795363337 -0.996725321 0.0145794908
-0.0342130693 -0.00644739917 0.106022265 -0.991544187 -0.093627505 0.0898552388
-0.00719810166 0.0103519532 0.317145134 -0.0246672612 -0.0172659364 0.999546647
0.00526811207 -0.0325787329 0.240109509 -0.0875870511 -0.955066979 0.283152819
0.0361691232 0.0396310561 0.150586163 0.20304279 0.979045212 0.0156197716
-0.0503068004 0.0211277395 0.22688027 -0.475201607 0.511801004 0.715711653
0.073215268 -0.00745874133 0.062249957 0.987275541 -0.0672083125 -0.144118086
-0.0343986493 -0.0116683762 0.100286583 -0.986386418 -0.106234394 0.125523522
-0.0574937323 -0.0285013892 0.0243183006 -0.750165164 -0.580071986 -0.317441046
0.0335759682 0.0412349239 0.0734877073 0.198058322 0.980120599 0.0116822263
-0.0650178879 -0.012800561 0.134234722 -0.0172704402 -0.99977982 -0.0119231176
-0.0189369772 -0.0407954294 0.129460521 -0.230310544 -0.973064482 0.010126397
-0.0235925691 0.039807133 0.202075407 -0.162815735 0.977186263 0.136374846
0.0220229679 -0.0380128974 0.00238894399 0.152285814 -0.451985359 -0.878930151
-0.0724276823 -0.00615123622 0.0580378436 -0.987100899 -0.0792014524 -0.139136717
0.0108452851 -0.0427148095 0.107785949 0.0795369968 -0.996734321 0.0139504541
-0.0240616621 0.0416056451 0.0924466953 -0.252972901 0.966600537 0.0410852656
-0.00253086359 0.0427253747 0.188487803 -0.0246879086 0.999163985 0.0325856358
0.00876981871 0.0411568021 0.219281714 0.0263247341 0.976680636 0.213077515
0.00798259653 -0.0429665196 0.0989822734 0.0267017055 -0.999553084 0.0134376977
-0.0272243598 0.0392705624 0.157107057 -0.664390206 0.742213011 -0.0877810866
-0.0325243664 -0.00931958377 0.132291416 -0.994744778 -0.10131453 0.0147719579
-0.00152261747 -0.0416181448 0.186779372 -0.0267239213 -0.999221325 0.0290285479
0.0643919718 -0.0163183889 0.0278338057 0.907939851 -0.333898157 -0.253292441
0.0413767207 0.0258309209 0.234635726 0.513886273 0.437954724 0.737642646
-0.00593110016 0.036228715 0.000957289037 -0.00842953939 0.119135454 -0.992842197
-0.0530583432 -0.00952308878 0.157531193 0.589640319 -0.505744994 -0.629719138
-0.0343151287 0.0142040057 0.100967453 -0.986773431 0.0998554677 0.127699539
0.0263500105 -0.00490061721 0.286383802 0.949948311 -0.200002894 -0.239993557
0.00255785312 -0.0421429687 0.163793095 0.0279516298 -0.999436319 0.0185942277
0.0681344437 -0.00572932331 0.204986195 0.977538168 -0.108312376 0.180797264
0.0616332826 -0.0171046857 0.216086745 0.843192399 -0.447119385 0.298514724
-0.0144401552 -0.00673596823 0.00409903701 -3.31888077e-05 -0.0673450306 -0.997729659
-0.0118701488 -0.005230046 0.00399254664 -0.00691079115 -0.0574602596 -0.998323798
0.0288587178 0.0127472324 0.308679051 0.900501549 0.340696424 0.2702277
-0.0319809275 -0.0327545639 0.0914768519 -0.901247919 -0.375320971 0.216532499
-0.0141339259 0.0381832345 0.221092197 -0.188962385 0.951832712 0.241469741
-0.0330243393 -0.0354573524 0.171047829 -0.575607598 -0.759384394 -0.30333361
-0.0194911929 0.0192606194 0.287484508 -0.662778437 0.721054971 -0.202001408
0.0732532887 0.0115332023 0.0682061032 0.978593707 0.178792968 -0.101919115
0.067751053 -0.0233844848 0.058694948 0.839048088 -0.531774759 -0.114951558
-0.0621797637 0.0190393145 0.214783359 -0.83836931 0.493946165 0.230551556
-0.0178201917 -0.0367397726 0.215491326 -0.192139104 -0.955547571 0.223631769
-0.0759989986 -0.000334518148 0.102419316 -0.996063232 -0.0883078724 -0.00773436902
-0.0130807922 0.0440934553 0.0435891514 -0.0824319646 0.996492445 0.0144154839
-0.0226122836 0.0128206863 0.316801375 -0.12618345 0.220092997 0.967283249
-0.0368729813 -0.0391499442 0.050152826 -0.243422985 -0.968350172 0.0551652834
-0.00956252432 0.0263032119 0.26269473 -0.282323986 0.938821316 0.197250247
0.0505898663 -0.0298071303 0.0132599742 0.726201713 -0.558772266 -0.400505632
0.0697353464 -0.0226308781 0.145051104 0.816775918 -0.575581312 0.0397890545
0.0261838951 0.042156392 0.107392647 0.140892386 0.98993808 0.0131146228
0.0133539737 0.0174296705 0.00383163671 -0.0393831655 -0.0128689129 -0.999141276
0.0730659253 0.0131413221 0.154812775 0.979647577 0.190361962 0.0636631474
-0.016867637 0.0420574672 0.17462367 -0.115403511 0.993248701 0.0117929559
-0.0235633948 0.0348391836 0.000941325315 -0.0118047781 0.157676145 -0.98742038
-0.0300850144 0.0421996149 0.0320827057 -0.159186155 0.987211049 0.00860605855
-0.000736689649 0.028460205 0.259905554 -0.0673435628 0.979398668 0.190376118
0.0580598529 -0.032071796 0.0488556601 0.468880773 -0.882349551 -0.0401248448
-0.0331703209 0.000755445741 0.131832524 -0.999319494 0.0331798382 0.0161135383
0.026705324 0.00110779637 0.266542726 0.985266984 0.0544751845 0.162114874
0.0519512723 0.0161812336 0.004345601 0.697634101 0.225306094 -0.680105805
0.0114348467 0.00777928878 0.0037727593 -0.0257861372 0.0282194503 -0.999269128
-0.0691296692 -0.00282294771 0.197916674 -0.980767727 -0.127452597 0.14781937
-0.0191775705 0.041871107 0.14372525 -0.221640572 0.975119948 0.00407875283
-0.0586465331 0.0321595015 0.0436590837 -0.636349678 0.770084262 -0.0450491309
-0.0317811558 0.0312156968 0.101702261 -0.972954988 0.188503921 0.133509621
-0.0262326605 0.0400502811 0.162577371 -0.34412086 0.937796295 -0.0460324809
-0.0266358855 -0.00719405403 0.262133384 -0.934312582 -0.184153602 0.305200666
0.0252622164 -0.0398853598 0.185088776 0.132830456 -0.990864992 0.0232935958
-0.0338096611 -0.0238750776 0.233454657 -0.418605626 -0.754725099 0.505132973
-0.0253559608 0.0199630365 0.300532616 -0.737615824 0.675207615 0.00419163099
0.0716374962 -0.0143507691 0.060688386 0.970519662 -0.192944765 -0.144442901
-0.0116245692 -0.0263048001 0.252323207 -0.332197279 -0.915722311 0.226047695
0.0318210739 -0.000663419805 0.305070305 0.982964218 -0.0901063606 0.160193846
-0.0581740985 0.0195671534 0.221603294 -0.650527477 0.554690123 0.518780172
0.0373085828 -0.0377948566 0.174226559 0.248960704 -0.968284488 0.0210651122
-0.0294965682 -0.0388360178 0.0818827523 -0.485171974 -0.866073608 0.120517954
-0.0199269034 0.0173583283 0.27652281 -0.744325399 0.667608082 -0.0167069454
0.0465894697 0.0368712885 0.0225535539 0.386157036 0.91217351 -0.137193844
0.0183574696 0.0437947813 0.0272824664 0.125280008 0.992105544 -0.0055946596
0.00859214522 -0.0421638308 0.152460701 0.0303584393 -0.999395311 0.0169529784
-0.032320824 -0.0160499811 0.115336739 -0.990205944 -0.12845616 0.0546905324
-0.0241154649 -0.0395453772 0.104042087 -0.437421262 -0.897939026 0.0486641526
-0.0239537091 0.0392285496 0.205790051 -0.162815735 0.977186263 0.136374846
-0.00980306419 0.0429060829 0.163989112 -0.0702262223 0.997401893 0.0160505511
-0.0516684201 0.00725124782 0.155459594 0.802296102 0.329693675 -0.497617304
-0.0210087799 -0.0152030168 0.316240609 -0.0192059558 -0.208162099 0.97790575
-0.0243105981 0.0420554493 0.0813089697 -0.245343149 0.968444109 0.0438484326
-0.0180163618 -0.0253891417 0.307293232 -0.559638441 -0.805517614 0.194798023
-0.0583950617 0.00638078834 0.226336178 -0.646713495 0.0326721817 0.762032926
0.0424430983 0.0383521153 0.129633218 0.263590723 0.964531839 0.0140826944
0.0497687636 -0.0358226104 0.050311369 0.337618381 -0.941246092 -0.00833701715
-0.00938734239 0.0428412341 0.16948779 -0.0713577121 0.997311413 0.0166721344
-0.023206825 -0.0419891135 0.0170990175 -0.130390391 -0.982585013 -0.132382303
-0.0590097162 -0.0150030267 0.0132967504 -0.865085363 -0.232856974 -0.444302768
-0.0421554029 0.0161328707 0.0815522665 -0.66390866 0.202636808 0.719835818
-0.00241160362 -0.0426702024 0.128437045 -0.0195373166 -0.999726951 0.0128205102
-0.00152463277 -0.0272325795 0.259797264 -0.0903260112 -0.980939031 0.172046125
0.0202188563 0.0411101915 0.213262456 0.107245199 0.992040634 0.0659834817
0.0545483725 0.0350341528 0.101231091 0.319142669 0.947627485 0.0122478111
0.0736156404 0.00366532726 0.0630406431 0.992923498 0.0550429411 -0.10522861
-0.0500216263 0.0215188467 0.168820709 -0.0207288042 0.806610823 -0.590719402
-0.0256439715 0.00127420726 0.271974816 -0.995288193 0.0515002385 0.0821535513
-0.0748876466 -0.00656560548 0.0894494085 -0.977656543 -0.208222687 -0.0288250148
-0.0211499892 0.023801697 0.301709469 -0.622930348 0.781411409 -0.0367977321
-0.00482303169 -0.0424574915 0.140773645 -0.0182893053 -0.999738038 0.013761756
-0.0705430911 -0.0131302959 0.0927780887 -0.652057111 -0.755143464 0.0676744431
0.0140960059 -0.0431547206 0.0397832951 0.0762298182 -0.997026265 0.0112987505
-0.00539636913 -0.0421752794 0.157163586 -0.0191963017 -0.999653578 0.0180082638
0.0521470759 -0.0212755509 0.00706251152 0.665451229 -0.331005037 -0.669036806
-0.0348938888 -0.0404837648 0.0258528928 -0.185157299 -0.982630789 0.0123939114
-0.0100651628 0.0430867617 0.00991098606 -0.0679373071 0.967608154 -0.243143752
0.00228752959 0.0420428659 0.207347729 -0.0185327958 0.998422384 0.0530027635
0.00212063348 -0.0388994223 0.21695302 -0.02610825 -0.98826611 0.150493965
-0.0206744791 -0.0150119349 0.316297846 -0.142328426 -0.214324102 0.966337383
-0.0538859034 0.024093939 0.221388422 -0.580266416 0.647708178 0.493725479
-0.0685138473 -0.0128724608 0.10566693 -0.311329395 -0.945719898 0.0932086632
0.0533341648 -0.0345101637 0.0478304634 0.351136416 -0.936038792 -0.0231246352
-0.0408009685 0.0268171132 0.227698681 -0.381333262 0.756431103 0.531410217
-0.0377693645 0.0367960027 0.190960458 -0.463209659 0.886248708 -7.29732565e-05
-0.0631802591 0.00373229787 0.220904508 -0.833701551 0.0390109681 0.550835669
-0.0261796384 -0.040376333 0.0755475679 -0.251848757 -0.966750324 0.0443388112
0.0109798551 0.0411831833 0.00386669141 0.0676346943 0.887409329 -0.455993712
-0.061121528 0.0170644456 0.0877801815 0.619428635 0.663152277 0.420163393
0.0501241655 0.0360593879 0.133783405 0.316874176 0.948369801 0.0136164147
-0.028819295 0.0248234919 0.00249266715 0.0777894109 -0.209036961 -0.974808931
0.0286730833 -0.0412603654 0.0539230641 0.198947161 -0.98000592 0.00293214782
-0.0464419896 -0.0314300357 0.193647751 -0.445129871 -0.895122409 0.0248053558
0.0733019481 0.0172020737 0.0952317023 0.940332532 0.339872003 -0.0161834434
0.0125973717 0.0143767894 0.317134043 0.0149295377 0.134411901 0.990813017
0.0756403908 -0.00356896223 0.110709761 0.998031616 -0.0626813918 0.00199855072
0.0251742489 -0.0408012191 0.134133928 0.142125294 -0.989729404 0.0153598497
-0.00887728209 0.0439632084 0.0902186432 -0.0865355283 0.996195436 0.0103070019
-0.0429465063 0.0174899603 0.0804406047 -0.66390866 0.202636808 0.719835818
0.0669033329 -0.0138460909 0.0341329308 0.944038928 -0.200319797 -0.262035221
-0.0441856935 -0.0303644361 0.0686335804 -0.55286026 -0.707124531 0.440818012
0.0221252517 -0.0420034241 0.0792136966 0.137740061 -0.990417838 0.0100110248
-0.00156095318 0.0180650443 0.316972398 -0.0231747422 0.0745576173 0.996947408
0.0458099652 -0.0365566563 0.109653357 0.265845656 -0.96392101 0.0135086225
-0.00494337602 -0.0430650331 0.0882483944 -0.0335675292 -0.999383509 0.01029051
0.0163546381 0.00663821621 0.31747441 -0.0482474528 0.00388251245 0.998827875
-0.0759952784 -0.000452886211 0.109117239 -0.996026754 -0.088297911 0.0115801776
-0.0749385356 -0.00658783834 0.0913360093 -0.977656543 -0.208222687 -0.0288250148
-0.0534020617 -0.00852629662 0.0809862353 0.671112776 -0.376806438 0.638454735
-0.0100530197 -0.0406825903 0.196123404 -0.0916086286 -0.993513465 0.0673705116
0.0672557828 -0.0240025815 0.169427214 0.814895332 -0.575354517 0.0700905696
-0.00511535309 -0.00838288171 0.00412725416 -0.00691079115 -0.0574602596 -0.998323798
0.0220586702 -0.0410910746 0.144009014 0.141561687 -0.989803135 0.015810445
0.0130069027 -0.0410821053 0.189648793 0.0732939392 -0.996397614 0.0426595956
0.06002792 -0.00828894191 0.224549572 0.642783642 -0.210575953 0.736537158
-0.0329642675 -0.0324475575 0.217937462 -0.28420487 -0.897561848 0.337061435
0.0301210743 0.0421313427 0.0398384649 0.191344485 0.981520593 0.00216177432
-0.0331732987 -0.000671946254 0.131405014 -0.998944283 -0.0430244133 0.0161047205
-0.0118886576 0.0291863286 0.302440566 -0.37938723 0.923714936 -0.0530665442
-0.00199786266 0.0441688455 0.0159603333 -0.0209793914 0.991743267 -0.126511291
0.0599774491 -0.0318252363 0.0762546022 0.418719083 -0.908101201 -0.00515688024
0.0198634063 -0.0424588632 0.0624775364 0.135404557 -0.990755558 0.00831849221
0.0102470869 -0.0341330935 0.00108389816 0.0258949921 0.0753806531 -0.996818483
-0.0373488337 -0.0213499169 0.00236292524 0.0108467741 0.188974842 -0.981921971
0.04346185 -0.0290631424 0.00388886857 0.525941491 -0.564836442 -0.635881603
-0.0013397126 -0.0427739653 0.122518255 -0.0211914163 -0.999688804 0.0131673682
-0.0713496989 0.00289529947 0.0481766441 -0.982590973 0.0515226051 -0.178494468
-0.0322056055 -0.0376140993 0.189378184 -0.308721006 -0.949267805 0.0598501302
0.00542504969 0.0445807686 0.0379387342 0.0212418102 0.999750674 0.00687322346
-0.0422401849 0.0182672364 0.164092161 -0.391014963 0.518404186 -0.760502815
0.054074816 0.0344010826 0.160267859 0.309282005 0.950918317 0.0099471705
-0.0359466374 -0.0251445095 0.0852676397 -0.923347652 -0.236290529 0.302648187
-0.0324866465 -0.0103255108 0.127855637 -0.994516492 -0.103671469 0.0137504525
0.0575614822 0.0270668647 0.219925237 0.741981804 0.432909161 0.511910737
0.0348418156 -0.0373927392 0.200118374 0.26674217 -0.959876478 0.0865209401
0.0423998692 -0.0371892691 0.130354096 0.2637541 -0.964476585 0.0147882588
-0.06732981 0.0107040098 0.204422265 -0.968245387 0.204793811 0.143388882
-0.00989145193 0.0431675956 0.147716914 -0.0688656867 0.997508407 0.0153118968
-0.0243616596 0.0378752345 0.212671794 -0.196902767 0.959122658 0.203256294
0.0721174416 -0.00514588622 0.178261869 0.991401017 -0.071668148 0.10948801
-0.0288127588 0.021275934 0.245243735 -0.604523599 0.594071865 0.530688167
0.0248970028 0.0267487681 0.00244907494 -0.0215787143 -0.176940292 -0.983985007
-0.0343265592 0.00519599395 0.107016936 -0.99290818 0.0749300495 0.0922985971
0.0739539756 0.0135430085 0.135110826 0.981716931 0.186955586 0.0357698351
-0.00160060447 0.00869600281 0.00413199256 -0.0299940258 0.0636688322 -0.997520208
-0.0198287642 -0.039460921 0.197357352 -0.137438849 -0.987784445 0.0734330863
-0.0638445745 0.0190005826 0.207942811 -0.857654214 0.5049119 0.0974325165
0.0749369285 -0.00441003932 0.142763267 0.996485293 -0.0661798939 0.0513545349
-0.073790804 1.6602079e-05 0.0640718024 -0.98893404 -0.0896730274 -0.118187241
0.0147978369 -0.0272062358 0.301899373 0.417826742 -0.906890512 -0.0545020588
-0.0416537448 0.0384724644 0.0644713797 -0.361409754 0.916908383 0.169298247
-0.0356740189 0.0239718953 0.089615697 -0.908809662 0.172361284 0.379942805
0.00941646858 0.0436590591 0.126476569 0.0303404666 0.999439716 0.014135207
-0.0258941166 -0.0418081656 0.0222084149 -0.16138573 -0.986137748 -0.0385608114
0.0248002392 -0.0340041257 0.00163496312 0.0561291836 -0.0322754681 -0.997901797
-0.0192724672 -0.0406239108 0.166616253 -0.192617863 -0.981197357 -0.0122565022
0.0747743506 0.0101400154 0.128805173 0.982442081 0.185200229 0.0225479323
0.0589560107 -0.0167630329 0.22141763 0.770854414 -0.408056617 0.489155471
-0.0252367333 0.0181925249 0.310053674 -0.771139264 0.561977148 0.29920876
0.0550422617 -0.0328384634 0.162408459 0.380596817 -0.924560487 0.0182723291
-0.00629133737 0.0431035457 0.167047528 -0.0713577121 0.997311413 0.0166721344
-0.0238102525 -0.0391663179 0.118045655 -0.440261453 -0.897479594 0.0264643971
0.0680384533 0.0265026538 0.140225954 0.838357568 0.544381499 0.0283772517
0.0419030233 -0.0341954911 0.211680876 0.361708552 -0.91719538 0.16709137
-0.0593242814 0.0103657965 0.119766118 0.745564997 0.666229665 -0.0164602436
-0.0011834542 0.0411172547 0.215755874 -0.0793201923 0.991596162 0.102202892
0.00253802096 -0.0427270177 0.127769069 0.0301894899 -0.999447823 0.0138804633
-0.00158700332 -0.0386949862 0.00170504498 -0.0155469477 -0.524752915 -0.851112664
0.0690756592 0.0228565053 0.16429684 0.836008489 0.545004666 0.063715592
0.0330223442 0.0394954969 0.202735555 0.184532553 0.982751787 0.0121142622
0.0120135068 0.0291006082 0.250872477 0.237789631 0.903796077 0.355821341
-0.0665017903 0.0238077981 0.0659142211 -0.782451928 0.617435098 0.0808881596
-0.0500079899 0.02103998 0.22714142 -0.475201607 0.511801004 0.715711653
-0.0533568004 -0.0332845372 0.0265892249 -0.545684755 -0.837893248 -0.0127674108
0.0314630817 -0.0406318383 0.0669166924 0.200628042 -0.979645669 0.00653468166
0.0285744496 0.00968803919 0.00338251359 -0.0237037838 0.0186105333 -0.999545813
0.0407917199 0.0185037809 0.238898599 0.60787791 0.311188549 0.730510831
-0.0387790196 -0.0281060072 0.16951346 -0.5566203 -0.564780235 -0.609259486
0.000869262372 0.0433801745 0.160029897 -0.0189295169 0.999688447 0.0162651818
-0.0143082093 0.0316450997 0.240325546 -0.270679116 0.905531824 0.32671833
-0.0199383696 0.0417073096 0.151343019 -0.208811373 0.97795403 0.00196894514
-0.0352021645 -0.0344279779 0.17260349 -0.575607598 -0.759384394 -0.30333361
0.0122149311 0.00300252985 0.00362182224 -0.0201458987 0.021380458 -0.999568343
0.00697832031 0.0433290402 0.153721199 0.0291642174 0.999459684 0.0151587082
-0.0684041662 0.00134053392 0.204125351 -0.984032094 0.0514442101 0.170394525
0.0128668461 0.0406942214 0.220913112 0.024457125 0.976302922 0.215021759
0.0144844741 -0.0391283741 0.00223341178 0.0459886491 -0.651597142 -0.757169902
-0.0210511594 -0.0404415752 0.118386628 -0.235390589 -0.971765339 0.0162278991
-0.0669674677 -0.0207629606 0.048423041 -0.850122273 -0.51394999 -0.114662938
-0.0483004288 -0.0303384345 0.188007905 -0.51529789 -0.851172626 -0.0998658463
0.0198124486 -0.0206995228 0.291931261 0.549735904 -0.722124577 -0.419912517
0.0167292163 0.0417489646 0.207405894 0.0605079718 0.997967422 0.0199935585
-0.0666317446 0.008836736 0.028039036 -0.959567964 0.132418692 -0.248383984
0.0152615836 0.0437826845 0.0764402895 0.0755590051 0.997108459 0.0080992505
-0.0515473884 8.73709671e-05 0.232060872 -0.61024636 -0.0916200727 0.786895931
-0.00515272518 -0.043418779 0.043486447 -0.0408300459 -0.999008238 0.0177618042
-0.0524475371 -0.000309218319 0.00324205236 -0.21763365 -0.0319146551 -0.97550863
0.0611761426 0.0321796779 0.111526394 0.404788584 0.914331973 0.0119640902
-0.06949589 -0.0114706814 0.17109178 -0.797232926 -0.603605986 0.00891642738
0.0424251542 -0.0348926568 0.205073105 0.252199978 -0.962760031 0.0974076539
0.0741502163 0.0120186494 0.0810530424 0.982028663 0.183834329 -0.0427155048
-0.0686021668 -0.0115163538 0.0392270139 -0.973521471 -0.161112845 -0.162168577
-0.0447294325 0.020248057 0.231319102 -0.491683841 0.467360586 0.734725296
0.0357505079 -0.0332114208 0.225021446 0.280436158 -0.879064441 0.38548854
0.0167648449 -0.0399173367 0.205091625 0.0678237304 -0.994676292 0.0775829554
-0.0189609698 0.0362424746 0.224084654 -0.234945312 0.933565438 0.270658761
0.00742606357 0.0440129357 0.1039149 0.0302908216 0.999484003 0.0106846038
0.0311184835 0.0406653866 0.0136137882 0.214201584 0.961241841 -0.173584864
-0.03735822 -0.00614491531 0.157357478 -0.77812767 -0.130808994 -0.614334106
-0.059116461 -0.00842144169 0.106171074 0.868818462 -0.493464351 0.0405871794
-0.0565319971 0.0168265604 0.0824260452 0.628945172 0.467572331 0.621131241
-0.00834706209 0.00518492603 0.317036215 -0.01182329 -0.0172830522 0.999780715
-0.0733945631 0.009478505 0.136402203 -0.833225429 0.552619994 0.0186129175
0.0655555245 -0.0274727239 0.150158038 0.592583358 -0.805092275 0.0259120651
-0.0242662741 -0.00626483461 0.317581674 -0.0931973234 -0.0606349222 0.993799567
0.0424411315 -0.0381108172 0.060365319 0.262804478 -0.964848816 0.000806189084
-0.0517562055 -0.00112371722 0.00311446491 -0.21763365 -0.0319146551 -0.97550863
-0.0323030722 -0.0120872334 0.127850631 -0.994516492 -0.103671469 0.0137504525
-0.00722152597 0.0442072673 0.0697042487 -0.0328524895 0.999435186 0.00707886508
0.0593647386 0.0234326768 0.0210551377 0.834819674 0.426947176 -0.347551763
-0.00748602965 0.0431627503 0.00956727279 -0.0214717668 0.971723914 -0.235141367
-0.0333441129 0.0167421398 0.106747285 -0.990919709 0.0984346196 0.0915908217
-0.0628766326 0.0169782387 0.157589265 -0.283378512 0.929975808 -0.234182939
-0.0321532134 0.0385803238 0.17671438 -0.428373426 0.901152253 -0.0664892793
-0.01411071 0.0225148447 0.274875871 -0.520176828 0.849647343 0.0866915435
-0.061828312 -0.0112981619 0.109037676 0.554680169 -0.83198148 -0.0116944136
-0.00595258319 0.0434051558 0.149962688 -0.0691199899 0.997488201 0.0154774003
0.00239822522 -0.0428021391 0.122720453 0.0293339659 -0.999474049 0.0138279982
-0.0184686013 0.0303007948 0.240213287 -0.328441024 0.876158118 0.352807701
0.0260646118 0.00452550362 0.00333963533 -0.0237178709 0.0213276166 -0.999491155
0.0610387747 0.0319033153 0.134192107 0.405365676 0.914023876 0.0154628232
0.0616225034 -0.029642253 0.168281073 0.586652339 -0.808799148 0.0410258397
0.0154742694 0.0238889502 0.260965834 0.506237388 0.82728833 0.243552133
0.0159240473 0.0419311532 0.200749001 0.0605079718 0.997967422 0.0199935585
-0.00273674106 -0.0431377665 0.0118855903 -0.0333974101 -0.990529776 -0.133174703
-0.0466054893 5.36390365e-05 0.159065451 0.600392401 -0.160580069 -0.783417583
-0.0538895391 0.00477133387 0.0862642112 0.916466773 0.179385111 0.357644439
0.0744329538 0.0125956529 0.0922349067 0.982272983 0.185429722 -0.0274892449
0.0135391227 -0.00343226636 0.317287392 -0.0479087569 -0.019380698 0.998663664
-0.0321258423 0.018563635 0.119794977 -0.991413057 0.117703453 0.0569739752
0.0226627111 0.0416496202 0.174930869 0.132047758 0.991099536 0.0168858767
-0.0278962382 0.0401033508 0.0060891575 -0.147449255 0.955356538 -0.256032586
-0.0722496822 -0.0115538746 0.0940997916 -0.601739705 -0.796575129 0.0581155419
-0.0319273203 -0.0153034258 0.136595221 -0.991928577 -0.123359494 -0.0293287039
-0.0335829373 0.00249090306 0.143947873 -0.993956089 0.0320375226 -0.104998998
0.0556181282 0.0146491256 0.00775797782 0.819097817 0.28313452 -0.498912543
0.000148482674 -0.0316399855 0.24179546 -0.161959812 -0.951830566 0.260360599
-0.0212083436 -0.0416127585 0.065571455 -0.154618412 -0.987841606 0.0161880348
-0.0417089034 -0.0381200302 0.0409492809 -0.356545806 -0.931485116 0.0721835867
-0.0447298317 -0.031098246 0.20518195 -0.423689753 -0.894672036 0.141594544
-0.0529908056 0.01771699 0.163576856 0.241860554 0.832947075 -0.497697294
0.0549667941 0.0343927645 0.137166467 0.316874176 0.948369801 0.0136164147
0.0344875579 -0.0401092761 0.050102311 0.196036741 -0.980582893 0.00519167446
-0.0246032516 -0.0385682714 0.139537222 -0.709812284 -0.704289615 -0.0119430441
-0.0394161489 0.00170844848 0.0871374419 -0.902896166 0.0231607277 0.429234207
0.0138704613 -0.0326679378 0.00131665319 0.016100565 0.148560107 -0.988772333
-0.0591076065 -0.0102763414 0.139255315 0.669323385 -0.741027772 -0.0537018366
0.00016823334 -0.0339163801 0.234156382 -0.152537599 -0.94300586 0.295757234
0.0452808298 -0.00142503005 0.237756192 0.68394959 -0.0892744586 0.72404635
0.0327512815 -0.00795007688 0.249892418 0.770817399 -0.213642389 0.600164592
0.00673714861 -0.0277028542 0.292866456 0.140489921 -0.806076229 -0.574894547
-0.0585443471 0.0206099127 0.169651353 -0.266628802 0.947490871 -0.176550463
0.0350677536 -0.0399675709 0.0277145808 0.26087442 -0.965263426 -0.0145295141
-0.0320915728 -0.0136790111 0.128976497 -0.992273927 -0.123303838 0.0137327407
0.0371710166 0.0394190468 0.150851183 0.20304279 0.979045212 0.0156197716
0.067572687 0.0279175048 0.104171047 0.619389832 0.785077214 0.00316691399
0.0716349831 -0.0205171645 0.0939296156 0.928972125 -0.369864672 -0.0145215662
0.0115360176 0.0285101293 0.00244467729 -0.0214832686 -0.207576543 -0.977982879
-0.0352441858 -0.034015629 0.0787585906 -0.85660851 -0.390781432 0.336915106
-0.00450558362 0.0148707025 0.00443614079 -0.00764166564 0.0116169667 -0.999903321
0.000670473195 0.0287199598 0.25864108 0.0545457378 0.979851544 0.192134812
-0.0225410663 -0.0423372782 0.0252277994 -0.12075083 -0.992387176 0.0242281184
-0.0143774183 -0.0412303258 0.170256716 -0.119516149 -0.992730796 0.0141897742
-0.00600276956 -0.0432427516 0.0546002266 -0.0421615839 -0.99907136 0.00888225809
-0.00460270758 -0.0413492307 0.190773836 -0.0266357232 -0.998315871 0.0515353605
-0.0718260791 0.00606666776 0.178535911 -0.967823565 0.22058028 0.121086158
0.0375323037 0.040143538 0.0942850435 0.203083679 0.979048193 0.0148927327
0.00742344386 -0.03956172 0.213005819 -0.00426412839 -0.991232216 0.132062703
0.0686946371 0.00414495774 0.204224834 0.98561734 0.0337116383 0.165595561
0.0731277454 -0.000721185775 0.171993489 0.993140399 -0.0680639446 0.0950771794
-0.0532664955 0.0340055268 0.023178691 -0.561620831 0.79113251 -0.242263034
0.0497060879 0.0367760044 0.0380532274 0.363361061 0.931273282 -0.0264371783
0.0477222508 -0.0362821428 0.0923894316 0.319288254 -0.947526097 0.0157932956
-0.0670662656 0.0146445579 0.105587589 0.016548479 0.988723278 0.148836315
1.28624431e-05 0.0446376706 0.0453517675 -0.0255018454 0.999645591 0.00762912631
0.0103129509 0.0442897836 0.0576368204 0.0742081553 0.997219622 0.00678988779
0.0689306688 -0.0167308417 0.184072045 0.920814157 -0.366341203 0.133773908
0.0625552177 -0.00277657642 0.0171112753 0.885352254 -0.0716220811 -0.459370911
0.00301834184 -0.0438070473 0.0317318231 0.0175583493 -0.99942714 0.0289347209
0.032190685 0.000948708289 0.00314345697 -0.0219808258 0.0170109104 -0.999613702
0.0695915497 0.0181693509 0.179095868 0.936757743 0.333593488 0.105831601
0.0203799532 -0.0424398235 0.0527102356 0.135407075 -0.990776896 0.0051095318
0.0651875222 0.0226363021 0.201466569 0.846975207 0.510974765 0.146757662
0.046167797 0.0363574501 0.191664769 0.303116024 0.952764213 0.0190003887
0.0300933442 -0.000139644088 0.256166267 0.868495166 -0.0897527114 0.487504452
0.0475942908 0.0377985146 0.0553083497 0.335410058 0.942071915 -0.000814835192
-0.0211653908 0.0417157384 0.115861125 -0.236431003 0.971491694 0.0174380857
-0.0352993961 0.0329646959 0.167917946 -0.749284625 0.503186524 -0.430553049
0.031307767 0.0418828868 0.0476092841 0.191344485 0.981520593 0.00216177432
0.00391338213 -0.0415858683 0.18738127 0.0228347927 -0.999377728 0.0268826596
0.0705028106 -0.0225323909 0.0898042672 0.820037305 -0.571931601 -0.0208119806
-0.0370149657 -0.0125835573 0.242199523 -0.653711855 -0.480870128 0.584315658
-0.0594530322 0.0317201959 0.0475417858 -0.636349678 0.770084262 -0.0450491309
-0.0757937943 -0.00268170533 0.109452885 -0.996026754 -0.088297911 0.0115801776
0.0677823365 0.0264964194 0.14632239 0.83802706 0.544090211 0.0409476757
-0.066191542 -0.0129854356 0.14281357 -0.10312213 -0.994000614 -0.0364496894
-0.0350486571 0.0334413284 0.218934957 -0.289430588 0.895295262 0.338638872
0.0723349104 0.00852515133 0.174597808 0.977187216 0.184977308 0.104348272
0.029776328 -0.034826138 0.00234398163 0.1817213 -0.303752393 -0.935260296
-0.0350942403 0.0338769388 0.00127233345 -0.125344068 0.199594334 -0.971828699
-0.0445347334 0.0317628402 0.214315902 -0.327013105 0.920330346 0.21460323
-0.0624361352 0.0131791194 0.12800484 0.473291606 0.878078699 -0.070518285
-0.00383010675 -0.0429290968 0.106596283 -0.0240348689 -0.99961549 0.0138276303
-0.0250746417 0.0404800008 0.191747128 -0.153930813 0.986343324 0.0585841648
-0.0638301231 0.0187253084 0.209454796 -0.83836931 0.493946165 0.230551556
0.00690130852 -0.0284891878 0.312160756 0.155760914 -0.916677773 0.368022442
0.0363052106 -0.0397659196 0.044485003 0.196334824 -0.980532527 0.00292353681
-0.0744682923 0.00475879483 0.154470252 -0.980094314 0.185663208 0.0703160465
-0.00909233395 0.0442003208 0.0620435101 -0.0330433138 0.999399126 0.0104676848
0.00644678024 0.0437457885 0.126718569 0.0303404666 0.999439716 0.014135207
0.0185478032 -0.000884178916 0.00345372943 -0.0220107753 -0.015425601 -0.999638736
0.0074815685 0.0435193232 0.140275081 0.0304731298 0.999425292 0.0148472534
-0.0273521228 -0.0415076215 0.0206245025 -0.16138573 -0.986137748 -0.0385608114
-0.0674639514 -0.0128123044 0.190015173 -0.889699757 -0.446236491 0.0964740589
-0.00518784652 0.0435950415 0.140528426 -0.0159364194 0.999771118 0.0142733119
0.0221561941 -0.0424129715 0.0274210228 0.142575085 -0.989766002 0.00597055629
0.0425160884 -0.0380711886 0.0646082999 0.262791008 -0.964828312 0.00687796995
-0.0322650512 -0.0118857262 0.13211978 -0.994516492 -0.103671469 0.0137504525
0.0274173252 0.0411572006 0.166352188 0.136675581 0.990507185 0.0146695357
0.0103099733 0.0438991269 0.10426015 0.0799929276 0.996725202 0.0118288919
-0.012922899 0.0145882324 0.316829276 -0.0312083699 0.0832552537 0.99603951
-0.0308646721 0.0386710049 0.171800316 -0.509132743 0.855002165 -0.0987679288
-0.0344567254 0.0250147544 0.0932260285 -0.951089799 0.155959249 0.266655058
0.0173998653 -0.041287105 0.166030203 0.0780460835 -0.996815324 0.016373273
-0.0403648451 -0.0111847674 0.00351438017 0.0495030321 0.0575786494 -0.99711293
0.0416356148 -0.0380694174 0.0255652946 0.272663146 -0.961737454 -0.0267567094
-0.0733119046 0.00906480461 0.150684287 -0.840710163 0.540768743 0.0278462991
-0.00626941125 0.0267216401 0.265521968 -0.177202925 0.974335015 0.138817906
-0.0367943441 0.0193855535 0.0888382173 -0.906880736 0.141226768 0.397016972
-0.0123101131 0.0149633388 0.0044968623 -0.00764166564 0.0116169667 -0.999903321
0.0360417767 -0.0394916118 0.0231235369 0.272671103 -0.959447205 -0.0714950711
0.0480558692 0.037595846 0.0729607668 0.324119806 0.945972681 0.00906230044
0.036163621 0.0394056732 0.16716908 0.196690887 0.980287373 0.0186938457
-0.0737813164 -0.00749083692 0.132727965 -0.912349164 -0.408304483 0.0301086456
0.0402984015 -0.00194760551 0.00317651028 0.00049248914 -0.0204268713 -0.999791205
0.00477405603 -0.0257525375 0.28903575 0.138091072 -0.872156203 -0.469333977
0.0723358067 0.0158246624 0.067764929 0.944595575 0.312876195 -0.099234581
-0.00104793962 0.0273052683 0.266222235 -0.06491559 0.987639844 0.142665863
-0.000138483867 -0.0434760797 0.0137503183 -0.0333974101 -0.990529776 -0.133174703
-0.00589796254 -0.0127426596 0.316999968 -0.0224671904 0.00066129514 0.999747336
-0.057265164 -0.0155756171 0.161587347 0.19577302 -0.816180468 -0.543619812
-0.0677863922 0.0224329793 0.0643424416 -0.739678025 0.669393897 0.0691971257
0.0453256465 -0.0363910498 0.130199526 0.264256239 -0.964346945 0.0142658874
0.0193532493 -0.0407707099 0.181023932 0.130887374 -0.99108088 0.0250447113
-0.00101996351 0.0414312144 0.212836671 -0.0793201923 0.991596162 0.102202892
-0.0733133487 -0.00880963978 0.0699890941 -0.973093092 -0.206895381 -0.101411082
-0.0178024413 0.00425125328 0.00397689532 0.00182487222 0.0527290218 -0.998607159
-0.033763264 -0.0095006603 0.107613125 -0.990326822 -0.106069364 0.0894536451
-0.0673749123 -0.00114396976 0.0291335445 -0.96474731 -0.0702893063 -0.253618091
-0.0235015839 -0.016355516 0.258314034 -0.739656687 -0.622187495 0.256497025
-0.00562061426 0.0346830622 0.00104802641 0.00452731922 -0.0623090751 -0.998046577
0.0251994956 0.00725809107 0.271781949 0.974676728 0.211572558 0.0724042952
0.0506576316 0.0360407269 0.0312303619 0.387149662 0.919163764 -0.072477974
-0.0287918745 0.00720380593 0.293461088 -0.817195356 0.116262957 -0.564512908
-0.0436430405 -0.0104754721 0.162474101 -0.103209794 -0.336676806 -0.935946763
-0.0305014047 -0.0242664324 0.126436258 -0.982999027 -0.183333069 0.0101004736
-6.48920806e-06 -0.0300157719 0.310056852 -0.0772745162 -0.924803853 0.372513533
0.0108656697 -0.0416311156 0.174541931 0.0765110776 -0.996866226 0.0200934131
0.0755433711 0.00359900835 0.0914450887 0.99809593 0.0553958267 -0.0271270275
0.0144299302 0.000688583508 0.317405354 -0.0473951884 0.00389230042 0.998868585
0.0582987682 0.0112693579 0.226577222 0.650153756 0.112661384 0.751403749
0.0546868137 0.0352789042 0.0617558247 0.335410058 0.942071915 -0.000814835192
-0.0315956292 0.0205649846 0.130330774 -0.993443251 0.11360196 0.0128445951
0.039303911 -0.022191681 0.00306439808 0.00737334741 0.0641814843 -0.997910976
-0.0563120547 -0.0136322065 0.080424215 0.715508163 -0.497302502 0.490650982
0.0554708009 -0.0331341297 0.132435883 0.314037621 -0.94931072 0.0137719298
0.0725613084 0.0118100511 0.165343145 0.978322864 0.190094411 0.0821495354
0.0245374758 0.0385537322 0.225481602 0.164918929 0.875105023 0.454964876
0.00455174248 0.0421583866 0.00518967249 0.0290371105 0.971468329 -0.235385284
-0.0258313279 -0.0019356147 0.269247139 -0.980787516 -0.0908039212 0.172656804
-0.0192665097 0.0427306773 0.0128733882 -0.113309443 0.98438555 -0.134707242
0.0547941304 -0.0339718399 0.0542602556 0.436788768 -0.899373412 -0.0185212325
-0.06375621 -0.0159854674 0.0879759989 0.128807142 -0.940937579 0.313121647
0.0133404051 0.0441712853 0.0418642004 0.0724250004 0.997357786 0.00565893669
0.0501076286 -0.0357642291 0.0640824983 0.330125779 -0.943936884 -0.000391867565
-0.0594633736 0.0140031462 0.0129451588 -0.868983865 0.212456927 -0.44691056
0.0354508771 -0.0276911156 0.00244295158 0.0282345284 0.0885973573 -0.995667219
0.0612203074 0.0244516337 0.214371748 0.829644084 0.493634731 0.260797799
-0.0251472972 -0.0014950052 0.00379978752 0.00855945516 -0.0401645713 -0.999156356
0.00846721074 -0.0402142979 0.207517964 0.0137951002 -0.996325731 0.0845264494
0.0665145191 0.0191122655 0.0380593572 0.930907011 0.317728847 -0.18016775
0.00785781589 -0.0427023527 0.118466389 0.0287194345 -0.999484241 0.0143644344
-0.0574490773 -0.0213928619 0.173935437 -0.344451398 -0.870559037 -0.351397485
-0.0454096715 0.0387217368 0.0296195898 -0.336032331 0.941723704 -0.0154507421
0.0277820332 -0.0405629387 0.125164095 0.142056972 -0.989744663 0.0150069809
-0.0741652743 0.00268197292 0.0682915645 -0.991572022 0.0527696833 -0.118322499
-0.00281999423 0.0446439456 0.034290023 -0.0255015288 0.999671757 0.00245731045
0.033800691 0.0394562798 0.194214229 0.188852385 0.981940687 0.011280098
0.0430129395 0.00342850019 0.240018298 0.681500554 0.0240247361 0.73142314
-0.0412006938 0.0399801369 0.0288253849 -0.276750773 0.960934281 -0.0037828302
-0.000494802044 0.0433779611 0.158578331 -0.0189295169 0.999688447 0.0162651818
0.061092985 -0.031247216 0.0958284335 0.399798274 -0.916578829 0.00668172399
-0.0345993417 -0.0293591503 0.0857951742 -0.916812479 -0.283448935 0.281267881
0.0433886746 -0.0378746444 0.0515070535 0.259905249 -0.965629041 0.00312009756
-0.0688127483 0.0146112456 0.0418455145 -0.957004488 0.239805058 -0.163205281
0.0647119634 0.0298930228 0.074604378 0.639791071 0.768045843 -0.0278026685
-0.0313564591 0.00198753867 0.304688316 -0.985167861 0.0567083694 0.161952004
0.0262543726 0.00893721386 0.288530583 0.910503507 0.33128038 -0.247460321
0.0539855618 -0.0333036556 0.15640365 0.308794916 -0.951066852 0.0108426735
0.0112210643 0.00520036039 0.317294657 -0.0164056923 -0.0062133763 0.99984622
-0.0222238462 0.0428938008 0.0594560808 -0.142405063 0.989586592 0.0209567938
-0.0457832522 -0.0372178665 0.0268182054 -0.360626906 -0.932429433 0.0228789207
-0.00140305338 -0.0297451335 0.295244737 -0.0549306571 -0.926130354 -0.373182505
-0.0123692411 0.043833851 0.07038018 -0.0901354328 0.995862961 0.0115112308
0.0355436045 -0.0396284896 0.0826222079 0.201634467 -0.979343891 0.0151370829
-0.0238973326 0.0254528534 0.244908248 -0.490952462 0.765033722 0.416760355
-0.0331632073 -0.00386096659 0.138696385 -0.998650491 -0.0430357791 -0.0290698092
0.0192082706 0.0331575005 0.001313694 0.0100835105 -0.128943965 -0.991600573
0.0343745407 0.0413022997 0.0424726953 0.188570112 0.982050121 0.00434428127
0.00614097926 0.0434603803 0.146943276 0.0304729864 0.99942255 0.0150302211
0.0643531596 0.0280014869 0.180257371 0.617759466 0.784465194 0.0546592064
0.0302579818 0.041522285 0.104169835 0.204972669 0.978682637 0.0129140783
0.048811338 0.0366169019 0.125737739 0.316873759 0.9483639 0.0140283294
-0.0749739612 0.00198354347 0.0756817329 -0.995341241 0.0530561507 -0.0805030912
-0.0302942011 -0.0253987984 0.126048183 -0.982999027 -0.183333069 0.0101004736
-0.0283029638 -0.0067668452 0.292895843 -0.820032001 -0.13523522 -0.55611062
0.060284358 -0.0288244248 0.0375285611 0.716703594 -0.684541166 -0.133188888
0.0565085172 -0.0325286339 0.145814072 0.388471037 -0.921318591 0.0161997359
0.0257577347 -0.0400573002 0.173984891 0.132863492 -0.990970969 0.0179964975
0.0266938014 -0.0369657561 0.00257668309 0.13026312 -0.431636691 -0.89259249
-0.050568128 -0.0192126306 0.225479346 -0.502025187 -0.585329473 0.636679053
0.0547925619 0.0349948731 0.0979949471 0.319130272 0.947598934 0.0145656923
-0.0360021966 0.0278845838 0.163710049 -0.731410086 0.400772303 -0.551743567
-0.00186446392 0.0445545697 0.0488603221 -0.0299400017 0.999517262 0.00829151832
-0.0132685018 -0.0416057946 0.15077019 -0.12465848 -0.992147148 0.010217417
-0.0728183204 0.0134692365 0.0753847333 -0.885185003 0.464448869 0.0271082204
0.0495264452 -0.0035167475 0.00357829889 0.141292334 -0.027061969 -0.989597917
-0.0308538201 0.0337858714 0.103423321 -0.91604954 0.382510543 0.12057732
0.0342802505 0.0411754389 0.0644000548 0.195515379 0.980650723 0.00988556352
0.0301137462 -0.00564491434 0.00327252611 -0.0220107753 -0.015425601 -0.999638736
-0.0409899493 0.0131133052 0.239170803 -0.62155503 0.405017853 0.670544565
-0.00634375771 0.0426966893 0.186070445 -0.0247323401 0.999383926 0.0249015298
-0.0382416126 -0.00606874342 0.243521718 -0.730411172 -0.170782387 0.661311507
-0.0497516539 -0.0206718861 0.224744494 -0.496543169 -0.612161458 0.615388691
0.064559258 -0.0285631851 0.137401238 0.592745185 -0.805131614 0.0204016175
0.0638909284 -0.0182820644 0.0286263806 0.907939851 -0.333898157 -0.253292441
-0.0371094238 -0.0382715408 0.0599280899 -0.324637502 -0.942014813 0.0849626586
0.0652545003 -0.0235583808 0.186438655 0.817054331 -0.562170863 0.128008649
-0.0572150421 -0.0240776876 0.191737103 -0.643288016 -0.764819205 0.0351007245
0.065270483 -0.00704215876 0.215696273 0.950177372 -0.112160742 0.290831178
-0.0185671474 -0.0409740267 0.00751871066 -0.120499082 -0.960739553 -0.249918759
-0.0180201971 -0.0248492882 0.295439091 -0.487350971 -0.75275892 -0.44254142
-0.028794653 -0.0323641416 0.137859494 -0.971494257 -0.235620528 -0.0261101723
0.0536829981 0.0354021555 0.095709601 0.320310265 0.947227955 0.0126718506
0.00380051487 -0.0272321759 0.259740499 0.161263451 -0.968723774 0.188595548
-0.0264069326 0.0384288028 0.127402459 -0.718641579 0.695167542 0.0172126703
-0.0134460203 -0.0251676741 0.254343947 -0.35506615 -0.913879514 0.196855485
-0.061101759 -0.0180212146 0.168671763 -0.439168811 -0.868346632 -0.230444804
0.00176211234 -0.0432094686 0.0913979835 0.0250004455 -0.999652743 0.00833336357
-0.00277507842 -0.0438625542 0.0280436043 -0.0372476801 -0.998885393 0.0289937314
-0.0696627926 -0.00216641104 0.19494554 -0.980767727 -0.127452597 0.14781937
-0.0741605206 0.00820066522 0.138891069 -0.938988805 0.343317091 0.0208225287
-0.0173815621 -0.0299960541 0.234413439 -0.261319935 -0.897306204 0.355743527
0.00541461282 -0.0253368559 0.314902518 0.0833899826 -0.493602633 0.865680397
0.0300610685 0.0182300492 0.00327027503 -0.0298620742 -0.0713260993 -0.997005939
-0.020519448 -0.041646568 0.0695225166 -0.167680562 -0.985430717 0.0284538288
-0.00944701027 0.044459841 0.0282483298 -0.0702953264 0.997525573 0.00103683816
0.0122512213 -0.0422781517 0.130290161 0.0801156908 -0.996678293 0.0146278022
0.00051915357 0.0429206051 0.183623988 -0.022432223 0.999479949 0.0231627487
-0.0248338925 0.000319922325 0.317903218 -0.093441233 0.0482093319 0.994456947
0.0561871467 -0.00817516184 0.00685673828 0.68441397 -0.168687642 -0.709310949
0.0168875297 -0.0260347294 0.305152996 0.519167006 -0.851232529 0.0766078457
0.00671835797 -0.025122084 0.00305689641 -0.0275649242 0.158285692 -0.987008572
0.0703276326 0.0112911591 0.187721252 0.977222621 0.180769533 0.111167848
0.0704319485 -0.00330084088 0.0430592842 0.980098486 -0.0729531869 -0.184620351
0.00596634967 -0.0430847338 0.0933367219 0.024998771 -0.999609947 0.0124480613
-0.00241964718 0.0426369858 0.191282289 -0.0246879086 0.999163985 0.0325856358
0.0430982636 -0.0354645765 0.196790123 0.247001842 -0.967553079 0.0532081388
-0.0302563155 -0.0327622946 0.101602246 -0.905867457 -0.407479435 0.115606219
0.0664639774 0.00514744916 0.21397341 0.958761275 0.025725279 0.283046097
-0.028898008 0.041391388 0.0725400351 -0.222019583 0.97419852 0.0405519754
-0.0148698283 0.0411109428 0.20194638 -0.13133812 0.985285521 0.109374784
-0.0402690306 -0.0373629468 0.0125492741 -0.40567106 -0.88152498 -0.241546318
0.0489250862 0.0365334795 0.128808219 0.316873759 0.9483639 0.0140283294
-0.0613618467 0.0133198838 0.137710214 0.403694302 0.913362145 -0.0529209189
0.0744604437 -0.0123222465 0.106997404 0.979912996 -0.199414611 0.00211011851
0.0746295101 -0.00943853703 0.084100439 0.978520036 -0.20161733 -0.0429992005
0.0744739302 0.0113905342 0.0859107709 0.981764376 0.185761154 -0.0403929614
0.0303374766 -0.0407151012 0.0817316525 0.2032381 -0.979047179 0.0126909427
-0.0732707911 -0.00070993772 0.170570084 -0.985072911 -0.129385769 0.113536574
-0.0325071599 -0.0121600082 0.120940833 -0.992854774 -0.105413899 0.0559235625
0.0537542154 0.0347919039 0.137585397 0.316874176 0.948369801 0.0136164147
0.0594262479 -0.0315638364 0.128143344 0.391957611 -0.919874609 0.0141342431
-0.0391953551 0.0401055812 0.0195381718 -0.237667471 0.969035149 -0.0669701099
0.064665096 0.0283185306 0.0549429209 0.698125184 0.709195077 -0.0983030424
-0.0113210722 -0.0427672675 0.0692077885 -0.0993096381 -0.995022655 0.00821156334
-0.0563195928 0.0242693304 0.0143552682 -0.777453542 0.458004206 -0.431043178
-0.0493029446 0.0374777425 0.034669706 -0.436175883 0.8988778 -0.0420639962
0.0474473851 0.0198827051 0.233253205 0.572031438 0.290576637 0.767036676
-0.0673991701 -0.00114035273 0.209197893 -0.976753891 -0.130092949 0.170374975
0.0271493516 0.0180320482 0.304278186 0.869315088 0.46558696 0.165891901
0.0437003272 -0.0374399046 0.0899677861 0.265010357 -0.964082718 0.0177192185
-0.0124047318 0.0102949638 0.317033155 -0.0190975554 -0.00576680945 0.99980104
-0.0659194503 0.0176552123 0.194137424 -0.837336659 0.545029938 0.0425397344
0.00711297603 -0.0423995198 0.140701104 0.0307192728 -0.999418557 0.0147991916
-0.0251388204 -0.0408900504 0.0685004322 -0.167680562 -0.985430717 0.0284538288
0.0320558322 -0.0406426306 0.0358163797 0.196334824 -0.980532527 0.00292353681
-0.0224250883 0.0430380603 0.0491618178 -0.133269951 0.990970612 0.0147136291
0.0650335812 -0.0163837042 0.206136356 0.897265196 -0.398368448 0.190309554
0.0736639383 0.0113995921 0.150670105 0.980483949 0.189676344 0.0517091379
-0.0739663966 0.00715032655 0.153164417 -0.93628341 0.346386373 0.0582219027
-0.0322363271 -0.0148019928 0.142781379 -0.988475084 -0.123218447 -0.0879455581
-0.0215772932 -7.94314438e-05 0.00377346672 0.00855945516 -0.0401645713 -0.999156356
0.0416803021 -0.0368193833 0.166178225 0.251086026 -0.967789769 0.0184012745
0.0331493378 -0.0361918803 0.00476497672 0.323159724 -0.767056644 -0.554249048
0.054519246 0.0268865337 0.224313341 0.608163476 0.639391303 0.470442414
-0.0158118714 -0.0203899294 0.272267593 -0.6196872 -0.78003639 0.0867807344
0.0456791306 0.0380877393 0.0318735278 0.363432199 0.930378795 -0.0480865724
-0.0559753897 0.00249536949 0.0955222282 0.979469597 0.103405073 0.173051536
-0.0365160083 -0.0153558693 0.24034173 -0.592875004 -0.517805755 0.616746604
-0.0331504462 -0.0304412229 0.089723304 -0.93938756 -0.251815617 0.23267962
-0.0220649924 -0.0182896335 0.291759186 -0.667309582 -0.60224992 -0.438169837
-0.0291571951 -0.040737292 0.0506031546 -0.172161549 -0.984592736 0.0306203738
0.0634695055 0.030456999 0.141248368 0.618290782 0.785671055 0.0209140554
-0.00984052941 0.0335490403 0.238192632 -0.18628104 0.930699766 0.314797401
-0.0430557945 -0.032633467 0.184373308 -0.430985838 -0.894588232 -0.118165657
-0.0316360679 0.0200529597 0.131731705 -0.993443251 0.11360196 0.0128445951
0.0506899526 -0.0349280395 0.117708778 0.31403771 -0.949313462 0.0135705424
-0.0558302059 -0.0290587375 0.0213578875 -0.762082756 -0.567251682 -0.312178522
0.0129999868 -0.00139191533 0.31730112 -0.0479087569 -0.019380698 0.998663664
-0.03214616 0.018334074 0.119915675 -0.991413057 0.117703453 0.0569739752
-0.00370364852 -0.0432402603 0.0668682855 -0.0421591699 -0.999087274 0.00687734224
-0.0574089027 -0.0129633718 0.156874656 0.452259332 -0.745192528 -0.490050614
0.0618016891 -0.0160641123 0.217169645 0.843192399 -0.447119385 0.298514724
0.0610567096 -0.0287350866 0.183287362 0.62316519 -0.777420163 0.0853401124
0.0599038036 0.0327240407 0.112972322 0.404788584 0.914331973 0.0119640902
-0.0209461494 0.0293648673 0.240142854 -0.354251564 0.862771988 0.360735714
-0.0217081834 -0.0194832468 0.31306101 -0.53540802 -0.540053666 0.649369061
0.0436266469 0.0377124322 0.151814245 0.259819627 0.965594172 0.0110294344
0.0713075718 -0.00719932746 0.183410323 0.988315523 -0.0810278058 0.129100278
0.0209936261 0.0422693851 0.151808827 0.139780298 0.990090489 0.0135023575
-0.00878220889 -0.0240264893 0.272374685 -0.307136595 -0.947884381 0.0847485214
0.0655094298 -0.0191630201 0.198035058 0.90098393 -0.399495006 0.169209063
0.0244369064 0.0127620473 0.265117653 0.916083694 0.357694924 0.181232005
0.030097593 0.0418173898 0.0845424668 0.201421887 0.97943455 0.0117117055
-0.0212118272 0.0414465555 0.134750421 -0.221641839 0.975119472 0.00411453797
-0.0440609584 -0.00594793763 0.0808258081 -0.628636003 -0.209477052 0.74895674
-0.0382323515 0.0392949956 0.0656977895 -0.245673582 0.961162865 0.125739798
-0.0407421477 0.0337123048 0.183416044 -0.62030524 0.767711997 -0.160746992
-0.0715375548 0.0115319878 0.156374608 -0.845810533 0.53272748 0.0283901785
0.0443551621 -0.0375893447 0.0605225017 0.262804478 -0.964848816 0.000806189084
0.0179249032 -0.0238503445 0.254015444 0.481153876 -0.807955086 0.340146244
-0.0180974436 0.0422934047 0.00939709616 -0.11102625 0.96251893 -0.247447833
-0.0476726741 -0.0300486287 0.18319836 -0.496121585 -0.860378921 -0.116667494
-0.0192165432 0.0428937373 0.0823782459 -0.151282668 0.98831284 0.0187430289
0.024328423 0.0181835898 0.29336382 0.656643152 0.481641471 -0.580380321
0.0278660973 -0.0158714127 0.299158776 0.836905122 -0.523029983 -0.161337137
0.00726295207 -0.0218864693 0.316235249 0.0262144655 -0.0910970792 0.995496929
0.00157759673 0.0139161575 0.317331615 -0.00810579024 0.0791064352 0.996833265
-0.0321072792 0.041659101 0.019487424 -0.188828886 0.980690598 -0.0508868061
0.0331034037 -0.0397641787 0.107304865 0.20642437 -0.978353143 0.0146310441
-0.0243120623 0.0162393815 0.258857145 -0.802092552 0.529319286 0.27652964
-0.067739249 0.0107167112 0.033301234 -0.958369672 0.136603877 -0.250732839
-0.0326624244 0.0376100515 0.171883124 -0.509132743 0.855002165 -0.0987679288
0.0170348444 -0.0374280855 0.223391811 0.0999534428 -0.975214958 0.197396487
-0.0759064029 0.00261838045 0.117722284 -0.999652565 0.0248224493 0.008862352
-0.0234953572 0.0403653271 0.136602847 -0.431393445 0.902163744 0.000552387035
-0.0262434859 0.015424157 0.312210511 -0.813880146 0.498327941 0.298778236
0.029093188 0.0129031074 0.307223467 0.923208833 0.347990274 0.16305843
-0.0474288005 0.0352475758 0.0684261357 -0.369240165 0.772473276 0.516668975
-0.00344376685 -0.0435191514 0.0415946095 -0.0384953469 -0.999127686 0.016189076
0.0340503594 0.0232988488 0.241444563 0.433206499 0.617418945 0.656601906
0.0197193234 0.026331824 0.249493297 0.42256707 0.785222292 0.452617973
-0.0666434134 0.0143305373 0.107878733 0.135015652 0.990668416 0.0186239481
-0.0456763656 0.0249533065 0.226646756 -0.414183676 0.658700585 0.628144503
0.0121726182 0.0423155572 0.193898387 0.0604927838 0.997879207 0.0240317043
0.0155773641 -0.0229334141 0.26052531 0.500630319 -0.833325565 0.234388068
0.0355769887 -0.0274390983 0.00246895299 0.0282345284 0.0885973573 -0.995667219
-0.0568443962 0.00529988935 0.0996926612 0.958447158 0.282886922 0.0367970802
-0.0589703455 0.0248796946 0.202925421 -0.671861827 0.739955723 0.0326668099
0.033248223 -0.0250537971 0.237544521 0.498819709 -0.587601542 0.637105465
0.0588380031 0.010967922 0.226155846 0.650153756 0.112661384 0.751403749
-0.0209028507 -0.0402922449 0.175204812 -0.167648092 -0.985784352 0.0111044105
-0.0327153902 0.0226340217 0.150577986 -0.964784682 0.175684899 -0.195768356
-0.0681387947 0.0153293635 0.165364117 -0.601953447 0.797124922 -0.0473677367
0.0166423755 0.0426596712 0.157040987 0.0767776743 0.996920764 0.0159382485
0.0598394253 -0.0316707457 0.061504949 0.436788768 -0.899373412 -0.0185212325
0.0607522051 -0.0313925572 0.096281422 0.399798274 -0.916578829 0.00668172399
-0.00961156159 -0.0414528693 0.180048458 -0.0741112083 -0.99687928 0.0271857064
0.0492556429 0.0364325916 0.128161909 0.316873759 0.9483639 0.0140283294
-0.0538864945 0.0150534452 0.00477271228 -0.761178315 0.183842674 -0.621940076
-0.0384353745 -0.0312836437 0.215784652 -0.367995054 -0.895597517 0.249969527
-0.0294788524 -0.0083603722 0.254692954 -0.862138391 -0.175180137 0.475425541
0.0467055865 0.0373522508 0.118060479 0.26380381 0.964481235 0.0135424836
-0.0369963043 0.0409639038 0.033058948 -0.192733288 0.981223404 0.00739151286
0.072456185 -0.0113904663 0.165962863 0.975321352 -0.204744533 0.0826309696
0.065438512 -0.0186767308 0.0346665326 0.90833956 -0.33134377 -0.255206943
-0.0703204401 -0.013154507 0.0520372523 -0.94693172 -0.301852405 -0.110478178
-0.0333766749 0.0413799838 0.0188187167 -0.188828886 0.980690598 -0.0508868061
0.0207311808 -0.0420593524 0.0907849481 0.139791369 -0.990106523 0.0121429656
-0.011646004 -0.0413779436 0.176892085 -0.0741521642 -0.997057617 0.0194317121
0.0742285931 0.0125739054 0.132270012 0.982067704 0.186997563 0.0239797775
0.0734651373 -0.0153017622 0.0859855641 0.933023334 -0.357581556 -0.0400364883
-0.00940171551 -0.0433997214 0.0161459292 -0.0872072652 -0.987466335 -0.131549507
0.0744763891 0.00116041756 0.0698522462 0.992923498 0.0550429411 -0.10522861
0.0314482663 0.041320532 0.100567379 0.204972669 0.978682637 0.0129140783
-0.0607929009 -0.0177837292 0.167263347 -0.305018067 -0.921805441 -0.2392461
0.0538448628 -0.0144601416 0.00610185641 0.687567294 -0.246807665 -0.682888806
-0.0747747285 0.00840771543 0.0937345134 -0.950546503 0.310541928 0.00499004172
0.025151851 0.042869248 0.0239085347 0.124488287 0.990784228 -0.0533791371
-0.0706647872 0.00438341481 0.0448358401 -0.982590973 0.0515226051 -0.178494468
-0.0329539659 -0.00725161845 0.141622843 -0.99562788 -0.0887962654 -0.0289903395
0.0588292865 -0.031971786 0.0555118978 0.468888015 -0.882306933 -0.0409684479
0.0638313325 -0.0013824403 0.0195485975 0.924477577 -0.0724234879 -0.374293953
0.0517903674 0.0357969924 0.113295177 0.317218155 0.948260486 0.0132181998
-0.0433456705 -0.0366391539 0.0485294392 -0.447800457 -0.886799574 0.1142864
-0.0364358542 -0.0124840942 0.0911001304 -0.951983213 -0.134498358 0.275023818
0.0225859139 0.0135091569 0.316742041 0.201818302 0.217932492 0.954869092
-1.89007878e-05 0.016509459 0.00432224618 -0.0302027706 0.00125261431 -0.999543071
-0.046377726 -0.031444061 0.194294844 -0.445129871 -0.895122409 0.0248053558
-0.0246279108 -0.00813660036 0.281938962 -0.959297001 -0.240135193 -0.148608372
-0.0408776309 0.00871076647 0.00352178319 0.0676475689 0.03142469 -0.997214317
-0.0173413859 0.0438980075 0.0268810719 -0.0752645135 0.99715054 0.00509877922
-0.0174876091 -0.0406562795 0.180739148 -0.119250119 -0.99250865 0.0265699793
0.073357574 -0.00389744126 0.0615640066 0.987275541 -0.0672083125 -0.144118086
-0.00809254419 -0.0241473091 0.273522755 -0.307136595 -0.947884381 0.0847485214
-0.0727754894 2.03018618e-05 0.0567726741 -0.985849142 -0.0873224959 -0.14309527
0.021823422 0.0420057883 0.161334136 0.136658505 0.990483522 0.0163346604
0.0618678956 0.0264087338 0.0330662041 0.854538739 0.463649958 -0.234077245
-0.0193655051 -0.0427082348 0.0258600707 -0.12075083 -0.992387176 0.0242281184
0.0294147579 -0.0411316845 0.0484065212 0.196040198 -0.980590701 0.00315322145
0.0190533281 -0.0428338075 0.0292650638 0.135561883 -0.99068898 0.0125822937
-0.0334959026 -0.0403048927 0.0425212733 -0.172425553 -0.984072328 0.0432562456
-0.0612897267 0.00231941796 0.0139691805 -0.892703235 0.0444985293 -0.448442727
-0.0751764674 0.00241619272 0.148464504 -0.997406006 0.0312075205 0.0648636594
0.0183073974 0.0421860877 0.177589897 0.134217218 0.990751207 0.0199472588
-0.0653670708 -0.0151461409 0.166420471 -0.579846442 -0.811755657 -0.0695047975
0.0058771259 -0.0421054123 0.160600444 0.0295074638 -0.999422729 0.0168350395
-0.0159686179 -0.0276095762 0.30070593 -0.401251227 -0.914475143 0.0522757918
0.0121155947 0.0441201553 0.0627501149 0.07420782 0.997211874 0.00785272475
0.0730975938 -0.0169450865 0.117895836 0.927800596 -0.37289387 0.0116671417
-0.000170188145 -0.0427531284 0.125851751 -0.0211904924 -0.999677956 0.0139583871
0.0124814262 -0.00666845318 0.317210401 -0.0186193418 -0.0107985241 0.999768317
0.071906721 -0.0188611284 0.0814576591 0.933023334 -0.357581556 -0.0400364883
0.0756397038 -0.00272765877 0.0963276341 0.997689426 -0.0666148141 -0.0133503629
-0.0622260813 0.0139613287 0.141083916 0.401468426 0.905444622 -0.13781561
-0.0535211455 0.00245964954 0.0861835686 0.927990675 0.114987873 0.354416519
-0.0188590605 -0.0422523379 0.0491393278 -0.132464558 -0.991069138 0.0153346621
-0.065099215 0.0183525451 0.199829538 -0.846185744 0.525684416 0.0873245448
-0.00961602492 0.0424346961 0.18814198 -0.070900552 0.996556222 0.0429987535
0.0284712295 -0.0402632702 0.138290297 0.142125294 -0.989729404 0.0153598497
0.0647987032 -0.028539242 0.130506628 0.592785358 -0.805235863 0.0141686117
0.0298085656 0.0406103353 0.0116925106 0.214201584 0.961241841 -0.173584864
-0.0374907254 0.016142991 0.0883712262 -0.908761859 0.121572159 0.399214536
-0.0192557317 -0.0406216038 0.15811801 -0.207047686 -0.978330255 0.00106788054
-0.0653024199 -0.0164842781 0.179209846 -0.720744193 -0.692592263 -0.0290457197
0.0640047043 0.0260735896 0.195143644 0.851637781 0.514438212 0.10033153
-0.0125120358 -0.0280620911 0.307825395 -0.361033529 -0.912745297 0.191182718
0.0200127863 0.0418221107 0.184630479 0.127922431 0.991573215 0.0204563029
-0.0596310835 0.0128799043 0.0128364359 -0.882703066 0.129941657 -0.451608568
-0.0336060083 0.0337812654 0.219163038 -0.259219885 0.912157059 0.317450047
0.0498592882 0.0369678411 0.0732746565 0.32834816 0.944548666 0.00389870862
0.0443819034 -0.0123198102 0.00341430124 0.0021495719 -0.0253983922 -0.999675095
-0.0166220979 -0.0418939662 0.0892216082 -0.165136412 -0.98606956 0.0199209619
0.0704328684 0.0131968092 0.183697413 0.977222621 0.180769533 0.111167848
0.0556660822 0.0252996717 0.22416697 0.741981804 0.432909161 0.511910737
0.00126362599 -0.0439368697 0.0186970209 0.0226796586 -0.999655426 -0.0132195558
-0.0120739971 0.0442738366 0.0290961282 -0.0702953264 0.997525573 0.00103683816
0.0146126258 0.0427012627 0.16449742 0.075964421 0.996991336 0.0154186999
-0.0249499435 -0.0418705094 0.0333122844 -0.116545856 -0.992963195 0.0209998675
0.0723817118 -0.0163064637 0.0728853688 0.935983241 -0.347051769 -0.0590800717
-0.0732478467 0.0118612081 0.0870105171 -0.884777546 0.464494735 0.0375960469
0.0249913361 0.0419427597 0.135498997 0.141964599 0.989770174 0.014173504
0.0250016184 0.0332693657 0.00144202774 0.0265896097 -0.103070214 -0.994318664
0.0330866692 0.0394279309 0.20723683 0.184532553 0.982751787 0.0121142622
-0.0256364999 0.00208338093 0.282017516 -0.991871715 0.0472435914 -0.118145928
0.0616836241 0.0316332152 0.133237739 0.405370474 0.914040327 0.0143216588
0.0365680547 0.0389278227 0.189033489 0.245475367 0.969293356 0.0145645011
0.0519500178 0.0345463642 0.191383281 0.298956096 0.954013526 0.0219869148
0.00314707727 -0.0438644929 0.0174704956 0.0273691211 -0.999456823 -0.0183572639
-0.000902867008 -0.0424536778 0.145743848 -0.0182862673 -0.999702156 0.0161630642
0.0245972911 -0.0416783893 0.0773577572 0.137740061 -0.990417838 0.0100110248
0.0182305756 0.0431553094 0.112943602 0.0799925923 0.996717036 0.0125021357
-0.0450764457 -0.0320974767 0.194096973 -0.448272914 -0.893502653 0.0265402962
0.055165862 -0.0329462049 0.154046318 0.383875728 -0.923226476 0.0170975719
0.0716166254 -0.0143649559 0.0605671039 0.970519662 -0.192944765 -0.144442901
-0.00503157651 -0.0432648234 0.0567275183 -0.0421615839 -0.99907136 0.00888225809
-0.0669479853 -0.0179412336 0.0390379253 -0.902996302 -0.407663554 -0.135677233
-0.0735358099 -0.00441659167 0.0652493963 -0.989236712 -0.087657012 -0.117161602
0.00810581216 -0.0427026787 0.117947889 0.0287194345 -0.999484241 0.0143644344
-0.0485763505 -0.00839979387 0.0031981675 0.00575083215 -0.0323784053 -0.999459147
0.0382223961 0.0323678089 0.229691716 0.315385908 0.774465203 0.548393428
0.0520156625 0.0351574819 0.153250833 0.312944382 0.949720383 0.00984892808
-0.0486809102 -0.0205102106 0.225769277 -0.496543169 -0.612161458 0.615388691
-0.0252062439 -0.04180785 0.0193214158 -0.16138573 -0.986137748 -0.0385608114
-0.0470442907 -0.0124695961 0.00329875921 -8.45870454e-05 0.0218334887 -0.999761641
0.0571369044 -0.0294961448 0.0272702519 0.742766976 -0.637291312 -0.205321595
-0.00850082239 0.0445134002 0.0284426899 -0.0255015288 0.999671757 0.00245731045
-0.0262421626 -0.0414529904 0.0427408215 -0.132670075 -0.990692794 0.0304379519
0.075271959 0.00874187519 0.112965675 0.983080745 0.183148444 0.00297911232
-0.0301349962 0.0350442813 0.152842439 -0.907868147 0.401819378 -0.119651586
-0.0170639801 -0.00873841801 0.0042284182 0.00354812504 -0.0622550882 -0.998053968
-0.0119765524 0.0306915045 0.244972263 -0.270934492 0.910403132 0.312667102
0.018512333 0.0436842357 0.0576697474 0.0724240914 0.997341037 0.00809878018
0.00138846322 0.0404939694 0.220906741 -0.0473797545 0.976412892 0.210649177
-0.0290288362 0.0384484539 0.0968899836 -0.741428673 0.654682517 0.147221535
0.0714356644 0.0195869736 0.149204985 0.939370632 0.339441627 0.0486033782
-0.067327994 -0.0128362693 0.116166083 -0.314036697 -0.948876023 0.0318629555
0.00929354619 -0.041131049 0.194335628 0.0683466569 -0.996581316 0.0464158393
-0.018957665 -0.00152473226 0.00384014043 0.00124194555 -0.0395332016 -0.999217451
-0.0258048514 -0.0289410418 0.230848176 -0.285299093 -0.856934488 0.429264069
-0.0357213914 0.0339255642 0.170066649 -0.74991858 0.578499675 -0.320874184
-0.0201025423 -0.0404508798 0.163006105 -0.200820312 -0.979627132 0.00132903096
-0.0460897173 -0.00484864946 0.236021322 -0.641138196 -0.091759488 0.761919916
-0.0368014596 -0.0378872477 0.0637924494 -0.328508109 -0.934681535 0.135840654
-0.0157494546 0.0428867456 0.117532372 -0.127637744 0.991728604 0.0135287819
-0.0435754998 0.00759639061 0.238345332 -0.682309866 0.120373525 0.721084952
-0.0605840375 0.0266992474 0.0271998537 -0.848001778 0.486793995 -0.209581763
0.0500472075 0.0347698379 0.204332109 0.302949399 0.952294111 0.0368452109
-0.0734014952 0.00714231474 0.161686511 -0.935221493 0.346874505 0.0709842965
-0.0125758612 0.0233246573 0.275404669 -0.439044356 0.898264766 0.0189866796
0.032359165 0.0406495269 0.0150569515 0.214201584 0.961241841 -0.173584864
0.0437700161 0.0387102792 0.0806892892 0.261709362 0.965034425 0.0147221014
0.0483533151 -0.0360782121 0.0918663309 0.319288254 -0.947526097 0.0157932956
0.0653300739 -0.0149846898 0.207666973 0.897265196 -0.398368448 0.190309554
-0.0387904217 0.0299377801 0.224303342 -0.340278178 0.805925548 0.484452933
0.0188572289 -0.0423883275 0.0836945908 0.0768165588 -0.996979952 0.0114093274
0.0615939403 0.0313633283 0.152467251 0.402294248 0.915418148 0.0129897073
-0.0242292038 0.0408944532 0.182975487 -0.154306412 0.987974048 0.00983851869
-0.0618557157 0.0283893103 0.0650910416 -0.58836323 0.786960006 0.185802996
0.0719095117 0.00990197818 0.176140806 0.977187216 0.184977308 0.104348272
-0.036929924 0.0361459705 0.181226019 -0.588548779 0.80311352 -0.0928387046
-0.0314591626 -0.0224533726 0.147297657 -0.978731573 -0.189386174 -0.078850694
0.00257180476 -0.031511184 0.243054224 -0.0685653761 -0.961720288 0.265316606
-0.0369107211 -0.00741291261 0.157065745 -0.788936317 -0.15063414 -0.595725477
0.0166393415 -0.0227596549 0.31389881 0.370774746 -0.546980858 0.750558436
-0.0278844343 -0.0330728605 0.000886008595 0.00753124896 -0.00690269424 -0.999947846
0.0710534112 0.0038895518 0.0462076838 0.981097281 0.0555933602 -0.18535772
-0.00673475832 0.0436740139 0.127150076 -0.0727797896 0.997255981 0.0135510694
-0.036308039 -0.0357822759 0.181302085 -0.452737749 -0.890336692 -0.0482600927
-0.0274937449 0.0424565504 0.0211661477 -0.149554849 0.987637818 -0.0469579361
0.0328000182 -0.0202588224 0.242145919 0.6046924 -0.514504194 0.607974052
0.000426989234 -0.0341548499 0.000991189611 0.00416334253 -0.017251255 -0.999842465
0.0736465877 -0.00257007927 0.0630977438 0.992166579 -0.0673484579 -0.105212815
-0.0668525361 -0.00787505015 0.206023156 -0.946308911 -0.278684139 0.163813084
-0.0258823876 0.040480692 0.0980983485 -0.460990995 0.884448707 0.0723719597
-0.049431349 0.037372182 0.0423058622 -0.312646657 0.949735582 0.0159540866
-0.0313452719 -0.0253919577 0.151037666 -0.972302258 -0.191503182 -0.133996055
-0.0215530534 -0.023715599 0.00297271867 0.0611248985 0.214571863 -0.974793673
0.0320537211 0.0417390753 0.0468781826 0.191344485 0.981520593 0.00216177432
-0.0610632363 0.0130728574 0.0996798726 0.733095884 0.674708903 0.0856642053
0.0200298909 0.0179264071 0.270516167 0.701105237 0.708471954 0.0807393417
-0.0625546653 0.0178255214 0.216042456 -0.836830258 0.497281432 0.228967845
-0.0245709216 0.0410165703 0.0999031686 -0.460990995 0.884448707 0.0723719597
0.00338525817 0.0418900092 0.210229725 -0.0188079383 0.996476054 0.0817417428
-0.0448163506 0.0255564038 0.00226243577 -0.0841715857 -0.0698669255 -0.993998826
-0.0645655325 -0.0150060482 0.203886248 -0.891386807 -0.429286897 0.145404071
0.0016074661 0.0445827949 0.0483405843 0.0202220324 0.999766767 0.00758647034
0.00800605107 -0.0308521254 0.245345752 0.0408189148 -0.942159891 0.332668722
0.025712599 0.00823600541 0.266801357 0.961528301 0.210927874 0.175990656
0.0660362608 0.0291159233 0.104909135 0.616111875 0.787628531 0.00688445289
0.0270140662 -0.00205589774 0.288131297 0.967563093 -0.0628047064 -0.244698122
-0.0313214749 -0.0253254962 0.233232886 -0.386876762 -0.790654719 0.474543571
0.0302030535 0.0389501123 0.00588491737 0.224750891 0.93181026 -0.284985572
-0.0588804666 0.0209076849 0.0808119883 0.298122495 0.635418177 0.712296844
0.0490332632 0.0360486995 0.159515394 0.309282005 0.950918317 0.0099471705
-0.0288364277 -0.03408841 0.109541691 -0.908544838 -0.409666002 0.0819755346
0.0597912468 0.0312932066 0.042331564 0.697756171 0.708430111 -0.106127776
-0.0111259726 0.0243472605 0.287405419 -0.282165319 0.946320117 -0.157674059
0.0440795377 -0.00749279596 0.00329101287 0.0021495719 -0.0253983922 -0.999675095
0.0272906381 -0.0383794794 0.20645935 0.193264708 -0.977996647 0.0785575658
-0.0170972106 0.0218610534 0.289592812 -0.549666584 0.711625159 -0.437557191
-0.027844838 -0.0190685794 0.00331147299 0.0707491934 0.176962331 -0.981671453
-0.060842978 -0.0143786927 0.156884396 0.15346171 -0.962276578 -0.224662855
-0.0237422947 -0.0379277608 0.203805777 -0.174646646 -0.973139167 0.149995685
0.0552967164 -0.0176248996 0.00963010995 0.815546215 -0.302184522 -0.493527085
-0.0557413392 0.00158755115 0.125860127 0.996567011 0.0116921896 -0.0819604471
-0.0281153215 0.0120682627 0.311570619 -0.878724396 0.381115288 0.287392825
-0.0621995299 -0.0141765572 0.0191077984 -0.90375638 -0.23431015 -0.358222127
-0.0201671531 0.0435464432 0.0336445216 -0.12423908 0.992226303 0.00717839599
0.0291305704 -0.0130377797 0.252161105 0.809294641 -0.361124933 0.463282853
-0.000199003527 -0.0283446932 0.292697348 -0.0561093688 -0.804662228 -0.591075659
-0.0253167298 0.0180113098 0.295277723 -0.673113942 0.610183299 -0.417844385
-0.00497550965 -0.043554852 0.0357490694 -0.0384953469 -0.999127686 0.016189076
0.0698134817 0.0077586745 0.040850217 0.965691507 0.184451804 -0.18280448
-0.00531283276 -0.0171776068 0.316655385 -0.0276989043 -0.0876927152 0.995762348
-0.0665510013 0.01407602 0.117357961 0.0873611197 0.995768368 0.0285226516
-0.00982731375 -0.0423543396 0.120560744 -0.0790437385 -0.996788204 0.0128595214
-0.0618263727 0.0185248251 0.0864481019 0.519930899 0.746996284 0.414328724
0.0176445871 -0.0426887769 0.0613260071 0.0743587911 -0.997208536 0.00677372236
0.0207515367 0.0411738209 0.211440029 0.107245199 0.992040634 0.0659834817
-0.0553999525 0.0293208363 0.0184708525 -0.772169173 0.544623911 -0.327321589
0.0749435705 0.00944484479 0.127141941 0.982442081 0.185200229 0.0225479323
0.0132823439 -0.022244421 0.270469899 0.521705091 -0.849583328 0.0776661336
0.0721429896 0.016315135 0.0674759503 0.944595575 0.312876195 -0.099234581
-0.0203155105 0.0195041113 0.00395249436 0.0327109955 -0.1178528 -0.992492199
0.0242657648 -0.0107676835 0.316840046 0.344957769 -0.265858173 0.900179684
-0.0387160452 0.0352756578 0.208658366 -0.281476051 0.951670706 0.122859128
-0.0208436031 0.00353181886 0.317594511 0.187534004 0.0116694989 0.982188761
0.0342108277 0.0413145036 0.0487172297 0.191344485 0.981520593 0.00216177432
-0.0315695289 0.0191933577 0.244304912 -0.634570718 0.528562546 0.563863039
-0.038202874 0.0219057056 0.235109013 -0.511532903 0.597916842 0.617113948
-0.00430880744 -0.0431738787 0.0737769321 -0.040504951 -0.999150455 0.0076005212
0.00464218601 -0.0434642734 0.049208902 0.0151802972 -0.99985379 0.00786657166
-0.0293031015 1.48781408e-05 0.313478502 -0.916786849 -0.0531582497 0.39582321
0.0160873978 -0.0371790085 0.225027341 0.0978201106 -0.956521213 0.274769932
0.0585350424 -0.031630577 0.148292403 0.388471037 -0.921318591 0.0161997359
0.0298824484 0.0418713879 0.0837268186 0.201421887 0.97943455 0.0117117055
0.009909612 0.0292304641 0.295273925 0.247643992 0.866115451 -0.43418476
0.00191895171 -0.0416695009 0.185966315 0.0228347927 -0.999377728 0.0268826596
0.0244488504 0.042394263 0.108077216 0.140892386 0.98993808 0.0131146228
-0.0713792948 0.00468092114 0.0488549988 -0.982590973 0.0515226051 -0.178494468
-0.00815501477 0.0304769376 0.3045709 -0.302736342 0.949103475 0.0869100466
0.0682920536 0.0223752758 0.177139495 0.93671298 0.338081717 0.090937078
0.0333235476 0.0403727062 0.14029733 0.205184758 0.978611052 0.0148227625
0.0513479422 -0.0350519062 0.092988947 0.319304317 -0.947565794 0.0128041906
0.0623618211 -0.0241551896 0.19896356 0.802715838 -0.560750544 0.202993095
0.0508456873 0.0359094845 0.0305704649 0.387149662 0.919163764 -0.072477974
-0.0343118796 0.00623253449 0.106333376 -0.99290818 0.0749300495 0.0922985971
-0.0260367802 0.0395187282 0.112800159 -0.715888262 0.694902241 0.0679333061
0.00222637879 -0.0396594158 0.211980597 -0.02610825 -0.98826611 0.150493965
-0.0639134175 -0.0242044631 0.0596907644 -0.493860155 -0.865154207 0.087236926
-0.065310732 0.022907765 0.0388619643 -0.89174664 0.434222013 -0.127432749
0.021115729 -0.0425135046 0.0322644032 0.135561883 -0.99068898 0.0125822937
0.0675922394 -0.0174509722 0.190598691 0.913480937 -0.376569927 0.154102683
0.0737605831 -0.0115099258 0.0759054502 0.978276253 -0.196830809 -0.0650626644
-0.0616202622 -0.0177203595 0.168526236 -0.439168811 -0.868346632 -0.230444804
-0.0522975284 -0.0278634923 0.188157525 -0.586780965 -0.806716204 -0.0699784309
0.0161125323 0.0422472671 0.183351568 0.0733185485 0.997130096 0.0188652575
0.0307217568 -0.00927920337 0.301720927 0.970532358 -0.237742797 0.0393086821
-0.0611923917 -0.00385879869 0.0141294161 -0.890176177 -0.0682211146 -0.450480044
-0.0492311226 -0.0343395412 0.0183866582 -0.591212094 -0.781505644 -0.199291795
-0.0297278376 -0.0366805858 0.0921928891 -0.768986166 -0.617106438 0.166852653
0.0218167904 -0.041462527 0.122255428 0.142057419 -0.989751875 0.0145197986
0.0640853772 -0.0290162967 0.133238556 0.592785358 -0.805235863 0.0141686117
-0.0558703623 -0.0317652845 0.0381979493 -0.6073879 -0.7905339 0.0783337355
-0.0424541345 6.71576595e-05 0.0833239796 -0.60916847 0.00956322625 0.792983174
-0.0468074116 -0.0130307074 0.0773949824 -0.121276677 -0.334925115 0.934407353
-0.0312191594 0.0298911373 0.109314219 -0.976524353 0.196165234 0.0889914706
0.0541426279 -0.0224195208 0.223261368 0.70536691 -0.542529404 0.456201166
-0.0203569273 0.0168013787 0.275895758 -0.797770143 0.602545202 -0.0224035047
0.00886468119 0.0424470421 0.196683623 0.0208692625 0.999506533 0.0234769657
0.0670228199 -0.0131108422 0.202284687 0.944391847 -0.264710218 0.195070177
-0.0632033401 -0.0210247446 0.0281351714 -0.866274774 -0.450236022 -0.216461495
0.0369717208 0.00866112465 0.00327873757 0.000570458011 0.0181969926 -0.999834239
0.0534332053 -0.0344383322 0.0871381784 0.32041201 -0.947175264 0.0139711564
-0.0127226841 -0.0405390035 0.194610736 -0.0916086286 -0.993513465 0.0673705116
0.0673960287 0.0232191904 0.180776694 0.839551091 0.536099136 0.0880429447
-0.00379173016 -0.00373385615 0.317047924 -0.01714761 -3.28655515e-05 0.999853015
0.0600198859 -0.0306540358 0.169534317 0.378516942 -0.925355315 0.0210328121
-0.0399353678 0.00373264807 0.0862753875 -0.793043315 0.0209892336 0.60880357
-0.0566636342 -0.00553403581 0.0933573024 0.906959772 -0.387907296 0.16417025
-0.0215947294 0.0152375355 0.278414199 -0.843186438 0.536924243 -0.0273669623
0.0263862515 -0.0416734092 0.0460546211 0.135573447 -0.990740001 0.00735187763
0.0261011334 -0.0332168719 0.231971042 0.19443731 -0.895463824 0.400423318
-0.0592845681 -0.0204388879 0.209191283 -0.696170926 -0.678857207 0.23345013
0.0481702504 -0.00940683012 0.233949515 0.617701292 -0.189417705 0.763260126
0.0197472169 0.0436334674 0.0415528372 0.12860091 0.991687655 0.00419268245
-0.0426776278 -0.000481171161 0.239754549 -0.689679861 -0.0868228376 0.718890548
-0.0325748268 -0.012494909 0.247463934 -0.706923127 -0.479554564 0.519891441
0.0572379515 -0.0305018259 0.0311536088 0.714174092 -0.678975523 -0.170140326
-0.0344009361 0.00166690283 0.149203075 -0.964080215 0.0290185343 -0.264021188
-0.0147512542 0.0437611392 0.0584120215 -0.0882805511 0.995988429 0.0146189248
-0.045551718 0.0364991285 0.0669363895 -0.377346396 0.904105127 0.200508356
0.0581333921 0.0174936974 0.22541622 0.636699796 0.212502003 0.741253257
0.0627362472 0.0291832074 0.181571711 0.617759466 0.784465194 0.0546592064
-0.00747220393 -0.025188852 0.266040163 -0.290421993 -0.948313236 0.127894208
-0.0197110311 0.0422710061 0.106292245 -0.236539543 0.971377194 0.0218027346
-0.070783557 -0.0135844875 0.0875540757 -0.649021983 -0.754702032 0.0958918557
-0.0517855242 -0.0219750411 0.00618974402 -0.714117646 -0.366819501 -0.596220911
-0.0487839301 0.0199757126 0.0774340163 -0.135651082 0.295973569 0.945514917
0.0216607772 0.0173135056 0.287586712 0.779189467 0.582369089 -0.231754676
-0.023065979 0.0414882799 0.103724596 -0.460990995 0.884448707 0.0723719597
-0.0290061064 0.0372033272 0.1051961 -0.717359841 0.693273425 0.0690418705
-0.0381608328 0.0272163316 0.166346989 -0.764447749 0.42736581 -0.482678056
-0.00325663642 0.0392362156 0.224363109 -0.124753982 0.967367887 0.220535189
0.052554858 0.0350108126 0.150592762 0.312918127 0.949667275 0.0146385441
-0.073929971 0.00262626224 0.164156706 -0.995198786 0.0410492346 0.0888499394
0.00662320438 0.0426708812 0.18914647 0.0208692625 0.999506533 0.0234769657
0.0151471153 0.0178311247 0.316624128 0.0876284316 0.135212004 0.986934125
-0.00837669577 0.0439647515 0.0945259733 -0.0831734613 0.996465623 0.011770471
0.0500215214 0.0350750467 0.194665438 0.298956096 0.954013526 0.0219869148
-0.00738539748 -0.0199334686 0.00418358888 0.00824684463 0.0571711659 -0.998330295
0.0207021012 -0.0382266756 0.216663704 0.112102114 -0.985873997 0.124440253
-0.05048002 -0.0268782685 0.00880355266 -0.7065081 -0.51797843 -0.482228696
0.00476839521 -0.0418846975 0.173986408 0.0271551181 -0.999414027 0.0208379198
-0.0320550346 -0.0201441278 0.148959021 -0.972954988 -0.161478296 -0.165176138
-0.0320118421 0.0168685085 0.130774031 -0.995395064 0.0949905217 0.0128592225
-0.00426415282 0.0281614379 0.259819317 -0.180984184 0.964731872 0.191147029
0.062894927 -0.00478988648 0.221276566 0.835712135 -0.0991566032 0.540141761
-0.0745043162 -0.00590349267 0.133256852 -0.902433157 -0.430048466 0.0259372983
-0.0749349295 0.00703612989 0.123270777 -0.94052875 0.33943361 0.0137965353
-0.0471362291 0.0315785089 0.192291124 -0.480258882 0.86773479 -0.128015295
0.0315007979 0.0401284342 0.179123402 0.19233571 0.981200397 0.0158982426
-0.0754098435 0.00645032702 0.0973975308 -0.987861872 0.155188039 -0.00674112653
-0.00518318996 -0.0266244455 0.260292757 -0.200266764 -0.966155112 0.162596241
0.0299638677 0.0421645774 0.039001747 0.188570112 0.982050121 0.00434428127
-0.0182143304 0.0209709129 0.315062125 -0.329666317 0.546014309 0.770187318
-0.031998507 0.027475806 0.105704837 -0.985387564 0.144872323 0.0895734802
0.00500695687 0.0442440292 0.0873090265 0.0252711494 0.99963522 0.00953101926
0.063981622 0.0307586393 0.100847637 0.616111875 0.787628531 0.00688445289
0.0364822906 0.0239466323 0.239230921 0.433206499 0.617418945 0.656601906
-0.0746072679 -0.00648521349 0.11988552 -0.912288368 -0.409106791 0.019010786
0.0715950112 -0.00531778225 0.0501181451 0.987314939 -0.0698479638 -0.142585188
-0.0539403082 0.0158121553 0.227754206 -0.549926639 0.394541591 0.736150503
0.0350413122 0.0411553515 0.0474692211 0.191344485 0.981520593 0.00216177432
-0.013923741 -0.00400118289 0.0039449111 0.00356814265 -0.0360282212 -0.999344349
0.0259336882 0.0418978306 0.129153221 0.141926497 0.989777386 0.0140523193
0.0481654867 0.0374055482 0.0864244576 0.321723998 0.946745574 0.0129049616
0.0618175409 0.0305297105 0.171184195 0.613287508 0.788834631 0.040229667
-0.0115127444 0.0153201354 0.316812282 -0.0312083699 0.0832552537 0.99603951
0.00376007041 -0.0289678938 0.312232759 0.0440444015 -0.927337468 0.371625364
0.0587247993 0.032488692 0.160782999 0.398558468 0.917032778 0.0142116472
0.0707127007 -0.0173686742 0.167250935 0.927753985 -0.365908742 0.0733709484
-0.0295193009 0.0346636815 0.113628922 -0.922296286 0.382921636 0.0523501784
-0.0756828213 0.000547968418 0.135102671 -0.99938947 0.0292264707 0.0191453714
-0.0696749323 -0.011309847 0.166181515 -0.790360332 -0.61263001 0.00390183507
-0.0599216121 0.0141164167 0.14881598 0.401468426 0.905444622 -0.13781561
-0.0754570128 -0.00138951418 0.0826432153 -0.995498776 -0.0871253312 -0.0373014249
-0.0272600126 0.0401776087 0.172666858 -0.287334949 0.956725121 -0.0459959209
-0.0232117063 -0.0342108019 0.220251939 -0.21923691 -0.927184403 0.303750366
0.0475698508 -0.0365100315 0.0812894102 0.320409834 -0.947170794 0.0143178999
0.0479464424 0.0369040751 0.125742193 0.263695449 0.964504719 0.0139729958
0.0056954471 -0.0378921963 0.00143629164 0.00267547928 -0.220440775 -0.975396752
-0.0549056626 -0.0318623346 0.0253188083 -0.664634526 -0.693469763 -0.278137863
-0.0238241292 0.036535725 0.218848821 -0.235514879 0.933404744 0.270718098
-0.0303132755 -0.0103519242 0.300068642 -0.95767206 -0.282847077 0.0534970127
-0.0079414384 -0.0426653762 0.108508915 -0.0829956606 -0.99644959 0.0141434046
-0.0586463155 -0.00815602765 0.0991834678 0.877874672 -0.477520972 0.0361886919
-0.000677204958 0.0292361989 0.313450698 -0.05621434 0.920814455 0.385928333
0.0239799262 0.0397810583 0.22124513 0.0932802111 0.96912092 0.228261396
-0.0615232761 0.0289981858 0.0635648856 -0.58836323 0.786960006 0.185802996
0.0678297061 -0.0259716964 0.131984337 0.814655244 -0.579703748 0.0167494211
-0.0115382977 -0.0426705347 0.0120887194 -0.0872072652 -0.987466335 -0.131549507
0.0294387968 0.0411292683 0.144166315 0.20304279 0.979045212 0.0156197716
-0.0139143217 0.0414313775 0.200207158 -0.13133812 0.985285521 0.109374784
-0.0366700244 0.0299092136 0.225840226 -0.340278178 0.805925548 0.484452933
0.0542528197 0.0343413334 0.160445112 0.309282005 0.950918317 0.0099471705
-0.0464614939 -0.0368416896 0.0305737168 -0.383007258 -0.923289955 0.029002538
0.0267458529 -0.0396026557 0.187886649 0.190747574 -0.980616868 0.0447882079
0.00818030304 -0.0438018869 0.0276813902 0.0228861459 -0.999443114 0.0242815297
0.0320589777 0.0410963678 0.107718751 0.20497033 0.978672087 0.0137112895
0.0259441456 -0.00938956224 0.262707694 0.878112018 -0.374334186 0.297982246
-0.0258945933 0.0225403832 0.247053248 -0.592896998 0.67856276 0.43361932
0.00879585903 0.0427318855 0.184323874 0.0240238793 0.999486268 0.0212157611
0.060664962 0.000194831345 0.225224182 0.656242788 0.0151004614 0.754398704
-0.00875379101 -0.0432877789 0.0425765596 -0.0408300459 -0.999008238 0.0177618042
0.0543404474 0.0343837345 0.153993957 0.312944382 0.949720383 0.00984892808
-0.0577753682 0.0211409573 0.171339987 -0.266628802 0.947490871 -0.176550463
0.0222257851 -0.0213452105 0.309602679 0.680916548 -0.670242906 0.295172781
0.0270120681 -0.0416454962 0.0380017537 0.196040198 -0.980590701 0.00315322145
0.0560204909 -0.0332204158 0.113073654 0.316365808 -0.948562741 0.011893251
0.0557241523 0.0343511257 0.122754704 0.317219615 0.94826293 0.0130053982
-0.031881066 -0.0337410326 0.214726363 -0.249935791 -0.936148643 0.247301072
-0.0211029779 -0.0170347775 0.287540342 -0.762808979 -0.594029665 -0.255443007
-0.0388758212 -0.00270188116 0.0879879486 -0.907832384 -0.0676495209 0.413840592
-0.0354080744 -0.0338272389 0.00172365565 -0.234281272 -0.548261464 -0.80282104
-0.0681604545 0.0219211108 0.0606585955 -0.857730806 0.509403706 -0.0693223625
0.0662328292 -0.0253053965 0.170626065 0.814895332 -0.575354517 0.0700905696
0.0579276733 -0.0317425889 0.157030421 0.383875728 -0.923226476 0.0170975719
0.0243177686 0.0408829634 0.210016677 0.107245199 0.992040634 0.0659834817
-0.00217074675 -0.0135141411 0.00428803428 -0.0256114304 -0.0209092796 -0.999453187
0.0265429147 -0.0414826797 0.0700179664 0.135404557 -0.990755558 0.00831849221
-0.0172503159 0.0412194775 0.197745761 -0.128131822 0.989858329 0.0613403097
-0.0608365976 -0.0128626689 0.219978925 -0.776343644 -0.387249619 0.497321159
-0.0302720099 -0.0259751361 0.138656964 -0.98314923 -0.180610508 -0.0282382965
0.0280932778 0.0404696826 0.198799936 0.184506238 0.982722104 0.0146586439
-0.00644460552 0.0443819986 0.0530563224 -0.0330433138 0.999399126 0.0104676848
0.00310738599 -0.0399732156 0.209777903 -0.00426412839 -0.991232216 0.132062703
0.0587631184 -0.0275727958 0.0271833881 0.742766976 -0.637291312 -0.205321595
-0.00543346356 0.0169479003 0.316961494 -0.0342354625 0.0708661228 0.996898115
0.0269471416 0.00593878072 0.00334885013 -0.0237178709 0.0213276166 -0.999491155
-0.0231559005 -0.0374957782 0.207291155 -0.174646646 -0.973139167 0.149995685
-0.00266308019 -0.00612294131 0.003964127 -0.0149706323 -0.0389712863 -0.999128222
0.0268274611 0.0328550728 0.234564586 0.278542757 0.770606399 0.573218703
-0.0430808834 0.0170650222 0.163847493 -0.333692849 0.313833594 -0.888908207
-0.00359754193 0.0300944021 0.252499347 -0.070636563 0.955762386 0.285532206
-0.032753448 0.0124273164 0.142602027 -0.990053594 0.0935376659 -0.105093732
-0.0466293676 -0.0163364469 0.230779474 -0.507518888 -0.498403013 0.702864766
-0.0125403548 -0.0413572652 0.174686463 -0.0731431544 -0.99711144 0.0204656012
-0.0240805716 0.011099487 0.271994928 -0.917030931 0.391704887 0.0749761984
-0.0308111191 0.026502255 0.13035812 -0.990300119 0.138597801 0.00981590897
0.0235250348 0.0354724943 0.00128619109 0.038304124 -0.0115926322 -0.999198914
0.0472945302 0.0378977431 0.0652156305 0.328346044 0.944546521 0.00456183823
0.0592547837 -0.0285204257 0.194388275 0.645243168 -0.75350219 0.126077801
0.020130962 -0.00494932024 0.00348160021 -0.0220107753 -0.015425601 -0.999638736
0.00337492361 0.0144671886 0.317302505 -0.00810579024 0.0791064352 0.996833265
0.0607041599 0.0317803634 0.150764909 0.40227893 0.915371001 0.0163577162
0.0283368868 0.0413727435 0.141795016 0.141964599 0.989770174 0.014173504
-0.0131157412 0.0255854444 0.259928257 -0.418649137 0.883288026 0.211033478
0.0345037626 0.0393518583 0.1915334 0.188852385 0.981940687 0.011280098
-0.0324314446 0.0144731324 0.140404451 -0.995502949 0.0892275944 -0.0318161957
0.0583845439 0.0248883944 0.220574512 0.741991997 0.432900399 0.511903286
0.00741235821 0.042366368 0.200084266 0.00812516734 0.999429166 0.0327925496
-0.0698062351 0.0132090993 0.115527018 -0.368517786 0.929172397 0.0288685933
-0.0136096984 -0.0314663596 0.00123377836 0.0147256497 0.246393189 -0.969058037
-0.000327327276 0.0442190286 0.0994173731 -0.0218458083 0.999691844 0.0117891273
-0.0217794897 0.00596182752 0.00407279059 0.0118569881 0.0784266368 -0.996849358
-0.0555396845 0.00346969933 0.00425689785 -0.436808944 0.0476427339 -0.898291767
-0.0738566295 -0.001062618 0.164468663 -0.987133026 -0.133408546 0.0881503671
-0.0522072837 0.00831744019 0.230997132 -0.601760685 0.11740867 0.789999485
-0.0717203266 -0.00970100825 0.143921313 -0.781606495 -0.622930944 0.0323796757
-0.0275031612 -0.0121229224 0.255760495 -0.799285293 -0.408780247 0.44050172
0.0118348883 0.043683729 0.111714519 0.0799339488 0.99672091 0.0125662787
0.0649489978 0.00857205322 0.218435085 0.945820093 0.167836338 0.277948111
-0.069705356 -0.00682028447 0.189620303 -0.948857427 -0.287391573 0.130674466
0.0538305863 -0.0332999443 0.16056401 0.304701358 -0.952376962 0.011629479
-0.0292966979 0.0083178277 0.255736486 -0.865213215 0.136311635 0.482519627
-0.0727937207 -0.00162274381 0.0579009321 -0.985849142 -0.0873224959 -0.14309527
-0.00752092762 -0.00863798527 0.00415858945 -0.00691079115 -0.0574602596 -0.998323798
-0.0550813075 0.00459509081 0.139279633 0.973035991 0.21603328 -0.0808116719
-0.0249980966 0.026835271 0.241156473 -0.461640358 0.771165848 0.438396335
0.033324744 0.0396982185 0.18360932 0.19233571 0.981200397 0.0158982426
-0.0598567285 0.0313582004 0.047056196 -0.636349678 0.770084262 -0.0450491309
-0.0380032731 0.0402832058 0.0177438857 -0.251608312 0.965720236 -0.0638566241
-0.0152900141 -0.02055853 0.279090936 -0.621789694 -0.783005834 -0.0167199448
0.0365603223 -0.0337205664 0.22233667 0.277694732 -0.930569112 0.238593623
0.0191541297 0.0436502862 0.0532871423 0.13221927 0.991201997 0.00605545333
0.0661597799 -0.0169078807 0.0349371309 0.90833956 -0.33134377 -0.255206943
-0.0150380592 -0.0428512192 0.0379854643 -0.0836630911 -0.996350706 0.0169053413
-0.0116094475 0.0234429394 0.315445882 -0.236005291 0.488377899 0.840112209
0.0562684476 -0.0332486204 0.0539104251 0.436788768 -0.899373412 -0.0185212325
-0.0191331736 -0.00572980216 0.317252329 0.171336234 -0.013082982 0.98512578
0.0714827327 -0.0124460884 0.173753042 0.972022057 -0.202365205 0.119253352
0.0617194127 -0.0290326421 0.176532284 0.59890312 -0.797219276 0.0758705661
-0.0376518798 0.000830753294 0.245061603 -0.741098762 0.0429896824 0.670018256
-0.0113259063 0.0246064442 0.268733926 -0.365647703 0.918683827 0.149405137
0.0207372077 0.0422441189 0.155747275 0.138011992 0.990302742 0.0159110799
0.0417868097 -0.0308981196 0.00413339472 0.525941491 -0.564836442 -0.635881603
0.0114471367 -0.000332573719 0.31725992 -0.0164046735 -0.0108225597 0.999806821
0.000784660206 -0.0427116726 0.130270286 -0.0211904924 -0.999677956 0.0139583871
-0.0644025968 -0.0174362515 0.17958123 -0.720744193 -0.692592263 -0.0290457197
-0.0126539621 -0.0380058476 0.213654754 -0.150804371 -0.967847466 0.201319322
0.0611827061 0.0315497013 0.152069082 0.402294248 0.915418148 0.0129897073
0.0494770151 -0.0359350531 0.0749510589 0.322110116 -0.946644366 0.0104655987
0.0266906523 0.00303965899 0.265982722 0.985266984 0.0544751845 0.162114874
-0.0398727718 -0.0393107899 0.0249106258 -0.257632822 -0.963113725 -0.0776981562
0.004873999 -0.0439152295 0.0232543913 0.0226796586 -0.999655426 -0.0132195558
0.0360215182 0.0400918205 0.120248944 0.205586955 0.978541315 0.0138155464
0.0731473243 -0.0147810857 0.144771536 0.977520227 -0.204304352 0.0520964637
0.0509615473 -0.0121578624 0.231056167 0.59982872 -0.186901405 0.777993202
0.0566141205 0.0344429087 0.091826487 0.412428617 0.910952389 0.00826875865
-0.0106923327 -0.0427344887 0.0791344815 -0.101036519 -0.994852424 0.00776455458
-0.0653302932 0.020286861 0.0329293206 -0.910633504 0.340229213 -0.234500796
-0.0744939611 -0.0076802955 0.0972315347 -0.932133734 -0.36195752 0.0106479432
-0.0664972338 0.0112546626 0.20900049 -0.970324874 0.184677958 0.156088978
0.0173802266 0.0436104186 0.0778829979 0.0755590051 0.997108459 0.0080992505
-0.0308930115 0.0259611519 0.12972043 -0.990477979 0.137260243 0.0106298616
0.0704914779 0.0237723027 0.107665063 0.834504545 0.550975621 0.00529764453
0.0236328799 -0.0308294446 0.237647701 0.386196434 -0.763276219 0.517939985
0.0594106878 -0.0320172191 0.0914026886 0.399785131 -0.916555345 0.009907078
-0.0241174248 -0.0390979342 0.15370481 -0.388700992 -0.920795679 -0.0323573649
0.0621460781 -0.0203444038 0.0256035222 0.875768423 -0.323204815 -0.358564168
0.0557653486 0.0235571947 0.0139971217 0.804220378 0.405082583 -0.434899658
-0.0390468188 -0.0312934558 0.173259656 -0.543416023 -0.682618082 -0.488601685
-0.0566605731 -0.0173521877 0.0769722563 0.342634052 -0.586901665 0.733586013
-0.0516346179 0.0115336768 0.00352030289 -0.263858527 0.0685510933 -0.962122321
0.0673895372 0.0245966682 0.171391961 0.83724916 0.542375743 0.0695881397
-0.0251018064 -0.00427799316 0.279149749 -0.983068764 -0.181817025 -0.0227698218
0.0464792443 -0.0355843343 0.163676311 0.299284846 -0.95400852 0.0172183067
0.0107586335 -0.0246759732 0.00301560324 -0.0275649242 0.158285692 -0.987008572
-0.00212260612 0.0442208725 0.0944467331 -0.024935443 0.999639809 0.00992396567
-0.0250634006 -0.0145073946 0.00404708655 0.0454822406 0.130109742 -0.990455866
0.0146909964 0.0292880156 0.00220686671 -0.0182510428 -0.273599118 -0.961670697
0.0024098401 -0.00974885172 0.317135891 -0.00635721954 -0.00195927336 0.999977887
0.0100812594 -0.0434357792 0.0413639311 0.0737161115 -0.997193098 0.0131067522
0.0657011681 -0.00395813611 0.024671241 0.924735248 -0.0733683407 -0.373472661
0.0707886616 -0.00392565662 0.0451732165 0.979980946 -0.0697519258 -0.186472833
-0.0219372088 0.0342816116 0.227306343 -0.261338025 0.905068874 0.335489094
-0.0281488197 -0.00302730215 0.259439692 -0.948312581 -0.0789873749 0.307350278
-0.0754401699 0.00152733448 0.142622729 -0.998933733 0.0284395777 0.0363662541
-0.0283990104 -0.0370831312 0.00232322261 -0.122829653 -0.527150333 -0.840848088
-0.0208914912 0.0415097246 0.177142631 -0.162071437 0.986757994 0.00645053759
-0.0289120768 -0.00914312802 0.255327647 -0.843455493 -0.265690923 0.466895521
-0.0331161443 -0.00184647015 0.131812404 -0.998944283 -0.0430244133 0.0161047205
0.0269274436 -0.00796275851 0.260964651 0.92327702 -0.233547747 0.304983526
-0.00825325295 0.0363172579 0.231050006 -0.188906372 0.927438557 0.322756946
-0.00596809549 0.0314747026 0.246862632 -0.184966102 0.935034811 0.302485257
0.0201950093 0.0182138047 0.285762079 0.677210987 0.701805711 -0.221029818
0.0173669553 -0.0356697599 0.229725513 0.0911745131 -0.940221965 0.328130782
-0.064693054 -0.0238642965 0.046751592 -0.763941407 -0.640524685 -0.0782412961
0.0513927913 -0.0350048655 0.0953226452 0.317909092 -0.948002219 0.0150198815
-0.0629160597 0.0205286459 0.206575017 -0.779284835 0.622448862 0.0726126581
-0.025502009 -0.00266670697 0.271399687 -0.992227912 -0.0905256867 0.0853754058
0.0712391384 0.0226423024 0.100490007 0.836435378 0.548059523 -0.00258416357
0.0506038602 0.0341603802 0.211466784 0.447176665 0.882692754 0.144521773
0.071050368 0.0226214165 0.124160438 0.833996952 0.551347315 0.021567747
0.055452591 0.0346403915 0.10802668 0.318088472 0.947981656 0.0122614717
0.0349504357 0.0294777226 0.234679861 0.323092908 0.704273462 0.632147014
0.0693735116 0.0252379303 0.120866508 0.834123671 0.551447451 0.0119774798
0.0645657344 0.00405337234 0.0216705522 0.925580204 0.054674089 -0.37458235
-0.0233615715 -0.0403545949 0.0940012796 -0.246494994 -0.96891582 0.0210306384
0.0540527188 -0.0341558843 0.0478594389 0.468880773 -0.882349551 -0.0401248448
0.0141637114 0.0424492126 0.180251666 0.0733185485 0.997130096 0.0188652575
-0.0601900033 0.0206497388 0.0821593648 0.224100277 0.793304265 0.56608063
-0.0286814614 0.0399718761 0.183224157 -0.249669418 0.968326867 -0.00287675229
-0.0413693344 0.0331323624 0.213486706 -0.290723115 0.926399946 0.239297599
0.0191123495 0.0236557381 0.255358341 0.560145497 0.736619174 0.378984421
0.0587831913 0.0334916645 0.087426436 0.416605026 0.90908432 0.00245222962
0.0594354988 -0.0278418948 0.0304510297 0.742766976 -0.637291312 -0.205321595
-0.0251327106 -0.0104783111 0.00415166694 0.0237878505 0.0440871678 -0.998744428
-0.0588850733 -0.00805339895 0.111486977 0.868825734 -0.493855655 -0.0353329889
-0.0142879926 0.0437284146 0.0641002854 -0.0882793665 0.996048033 0.00975014549
-0.00728152738 -0.0430343836 0.0795066555 -0.0370140523 -0.999308705 0.00346482848
-0.0713337834 0.00505253096 0.0487117314 -0.982590973 0.0515226051 -0.178494468
0.0236174652 0.0226897881 0.301211323 0.700212717 0.712305427 0.0481978245
-0.0158062462 0.0437095634 0.0555550581 -0.0882805511 0.995988429 0.0146189248
0.0476348977 0.0372600391 0.106441949 0.263945282 0.964444757 0.0133859785
-0.00698834565 -0.0428880224 0.0975640919 -0.0927463323 -0.995596528 0.0136220735
0.0140239769 0.0166969496 0.316797804 0.0149295377 0.134411901 0.990813017
0.0554718241 -0.0333982389 0.113475885 0.314949006 -0.949013591 0.0134271914
-0.0525019923 -0.0241947479 0.214898217 -0.554689825 -0.804054379 0.214045793
0.0516846047 -0.0329562274 0.192438428 0.304553092 -0.95000571 0.0688219368
-0.00328416673 0.0367619957 0.00100436604 -0.00877546892 0.131940529 -0.991218805
-0.0573222265 -0.0208802451 0.0141829388 -0.801681995 -0.41437155 -0.430815756
-0.0386016306 0.0116217949 0.00371285452 0.0586318821 -0.0466955639 -0.997186959
-0.0723267237 0.0103460568 0.155116903 -0.845810533 0.53272748 0.0283901785
0.0279711225 0.038937726 0.221710725 0.170825332 0.952186644 0.253296703
-0.0124721085 0.0289019885 0.301662336 -0.37938723 0.923714936 -0.0530665442
0.0752870881 -0.00508277926 0.130721285 0.997662187 -0.0646905452 0.0220285896
-0.0390732561 -0.00632770219 0.0866408597 -0.911449909 -0.121699363 0.392999291
0.04398882 -0.0365977736 0.140769128 0.262386978 -0.964836597 0.0156081822
0.0635278218 0.0269788583 0.194549883 0.851637781 0.514438212 0.10033153
0.00297873114 0.00623987242 0.317260303 -0.0105457082 -0.0147461398 0.99983573
0.0566251395 0.0343501961 0.0994891867 0.406354249 0.913640678 0.0116974134
-0.0499946782 -0.00635846952 0.00312967904 0.0105847185 -0.0232027657 -0.999674737
0.0514545445 -0.0352171393 0.0502217743 0.337618381 -0.941246092 -0.00833701715
0.0240034641 -0.0275583343 0.0022713932 -0.00283327256 0.164154366 -0.986430645
0.0752667357 0.00713203755 0.128157352 0.998092353 0.0574657172 0.0225682538
-0.0647037128 -0.0127356694 0.113350092 0.131269708 -0.991168022 0.018818317
0.0397875948 -0.0385853444 0.0252774828 0.272663146 -0.961737454 -0.0267567094
-0.0617647911 -0.0199571794 0.0226478105 -0.867755473 -0.351561964 -0.351290137
0.0699362637 -0.0125424927 0.185479057 0.965681374 -0.219963551 0.138114288
-0.0303751062 -0.0355576433 0.209206507 -0.232471526 -0.942786634 0.238978013
0.00570074089 -0.0429501781 0.105089375 0.0279876124 -0.999538183 0.0118376408
0.0758317834 -0.000133900827 0.0977395303 0.997689426 -0.0666148141 -0.0133503629
0.00147048708 -0.0432327575 0.0894791577 0.0250004455 -0.999652743 0.00833336357
-0.0213370794 -0.0402061012 0.176296366 -0.167648092 -0.985784352 0.0111044105
-0.0443279562 0.00132891588 0.0818692951 -0.60916847 0.00956322625 0.792983174
0.00905537144 -0.0429171311 0.100524257 0.0267017055 -0.999553084 0.0134376977
0.0162811299 0.026751675 0.00268992239 -0.0277427845 -0.210483015 -0.977203727
-0.045230501 -0.0280442012 0.00352140814 -0.611516953 -0.53054297 -0.587001801
-0.0269666076 -0.0390217284 0.18548112 -0.244389802 -0.969601154 0.0121353688
-0.0548567506 0.0278415595 0.203407382 -0.504249811 0.86348182 0.011458531
-0.0272521668 -0.035784467 0.13810201 -0.911480248 -0.410764724 -0.0218225997
0.00599210838 0.0440943987 0.10057628 0.0292464737 0.999500215 0.0119936019
0.0559242317 -0.00783324284 0.00652173649 0.68441397 -0.168687642 -0.709310949
0.0028863366 0.0164650216 0.317139988 -0.00810579024 0.0791064352 0.996833265
-0.0290693881 0.0111274598 0.309481008 -0.927433729 0.251635849 0.276669472
0.0489273198 -0.0342306054 0.186274016 0.304856062 -0.951883256 0.0313219689
0.0568697963 0.0335451098 0.043769983 0.488704145 0.871322811 -0.0443251617
0.0578133357 -0.0297493585 0.0305659553 0.714174092 -0.678975523 -0.170140326
-0.0307962643 0.0289766713 0.117555653 -0.979672372 0.193224519 0.0539116189
-0.0355706761 0.00106392652 0.0989800324 -0.979711652 0.0289596263 0.198308676
0.0144770846 -0.027882676 0.249203997 0.346904904 -0.845799029 0.405315906
-0.0210813607 0.0383394265 0.213788202 -0.211966053 0.956030786 0.20267123
0.0687809583 0.0247184881 0.149508865 0.83802706 0.544090211 0.0409476757
-0.0262252464 3.92009645e-05 0.00372888029 0.00855945516 -0.0401645713 -0.999156356
-0.0511758007 0.0170045215 0.00364116778 -0.288868517 0.02342779 -0.957082093
-0.0588034625 0.0248384196 0.207292655 -0.671861827 0.739955723 0.0326668099
0.074071291 0.00930802531 0.0721567239 0.978593707 0.178792968 -0.101919115
-0.0263808186 -0.0412375132 0.0497078164 -0.154830873 -0.987475097 0.0303367376
-0.0573860154 0.0333797231 0.0459962744 -0.675827086 0.736333132 -0.0327306539
0.0367105391 0.0396989626 0.137667876 0.206061035 0.978440404 0.0138997892
-0.0322979603 0.0170932104 0.119837665 -0.991413057 0.117703453 0.0569739752
0.073904974 0.0157106033 0.112928066 0.939234316 0.343256146 0.00373602612
0.00238585542 0.0436859458 0.139517709 0.0304731298 0.999425292 0.0148472534
-0.0412040946 -0.0323476345 0.178229093 -0.554072976 -0.764480472 -0.329504043
-0.00156434199 0.0446235065 0.0419357909 -0.0255018454 0.999645591 0.00762912631
-0.0258035411 -0.0375259075 0.143204542 -0.695015967 -0.717549086 -0.0455636159
-0.0158738353 -0.0255345374 0.294359038 -0.414995044 -0.70785749 -0.571591496
-0.0386072418 -0.0018812536 0.15816118 -0.780641139 -0.0872127116 -0.618864655
-0.0614979153 0.0099535143 0.222478146 -0.823535562 0.142952651 0.54895705
0.0667204451 -0.0120767818 0.205151797 0.944391847 -0.264710218 0.195070177
-0.00842787634 -0.0410155714 0.192954143 -0.0776030347 -0.995258152 0.0586431473
-0.0332404616 0.0292444366 0.00106756769 0.0639602765 -0.193345904 -0.979043543
-0.0468518532 0.0069771032 0.0805873921 -0.307594568 0.1111582 0.945002317
0.0251106624 0.00850851276 0.269763455 0.961528301 0.210927874 0.175990656
0.0662397807 0.0120018633 0.211991825 0.944495738 0.171042576 0.280485749
0.0731398258 0.00929046517 0.1642838 0.978322864 0.190094411 0.0821495354
-0.0723876781 -0.00950197969 0.0622820405 -0.97143048 -0.197737962 -0.131234735
-0.0183278357 0.0437824969 0.0285492816 -0.118008927 0.993009627 0.00239230157
0.0189229125 0.0416401286 0.202570313 0.108029842 0.993916273 0.0214491412
-0.0469785174 -0.0307651502 0.064272646 -0.559022129 -0.783764541 0.270568579
-0.0351823469 -0.024932523 0.0877451199 -0.919696152 -0.221078992 0.3244735
-0.032313192 0.0171230785 0.119510911 -0.991413057 0.117703453 0.0569739752
-0.0306774955 -0.0269735027 0.148451873 -0.978731573 -0.189386174 -0.078850694
0.0116300741 0.038545424 0.228387644 0.0400314443 0.937581658 0.34545362
0.0425847365 0.0382320119 0.135275565 0.263593346 0.964538634 0.0135598043
-0.0456340225 0.0370387364 0.0643483622 -0.377346396 0.904105127 0.200508356
0.0397251476 0.0385529245 0.0160106562 0.330457777 0.911830604 -0.243644312
0.0124054774 -0.0419183033 0.152084551 0.0795730874 -0.996689916 0.0166486371
0.0109378883 0.0258316976 0.314243582 0.20266661 0.529756546 0.823580146
0.0534047727 -0.0335881289 0.14891138 0.312263131 -0.949921727 0.011853653
0.061454246 -0.0287432449 0.180823505 0.597424626 -0.795370221 0.10232345
-0.00696604079 -0.0421067862 0.155137276 -0.0731970072 -0.99718982 0.0159599222
0.0245614072 0.00439263458 0.00337247106 -0.0237178709 0.0213276166 -0.999491155
0.071988972 -0.0190038049 0.085027588 0.930837154 -0.363983363 -0.0325312987
-0.0261897696 -0.0407343621 0.0674330698 -0.214428678 -0.976102531 0.0352735072
0.015015874 -0.0426797984 0.0139082597 0.0854642838 -0.987252712 -0.134268448
0.0690376465 -0.0234863401 0.146998349 0.816775918 -0.575581312 0.0397890545
-0.0279139147 -0.0384346028 0.169419197 -0.356077224 -0.929380834 -0.0972638801
-0.0693950858 0.0148084841 0.0965829314 -0.4781847 0.869328558 0.124928318
0.00131280218 -0.0428289983 0.122663701 -0.0223944709 -0.999650896 0.0140166972
0.020554031 -0.0217189648 0.312096676 0.599403203 -0.742386401 0.2992962
-0.0448067662 -0.0375375769 0.0291802206 -0.360626906 -0.932429433 0.0228789207
-0.00187170697 0.0314182224 0.30034471 -0.0889594927 0.995841861 -0.019626135
0.0160301387 -0.0413508963 0.168360274 0.0765385181 -0.996916831 0.0172816515
0.0333768354 0.00923644649 0.249605345 0.764195263 0.158373922 0.625238419
0.0498915634 -0.0076611111 0.232989691 0.617701292 -0.189417705 0.763260126
0.0130014368 -0.0421088788 0.137473509 0.0801335424 -0.996663809 0.01548611
-0.0580075636 0.0218801247 0.0152466503 -0.808641851 0.396070957 -0.435001373
-0.0453461496 0.0234382298 0.16948557 -0.304017782 0.704432964 -0.641363621
-0.0701660249 -0.0108243765 0.159587439 -0.78171593 -0.623312533 0.0200443622
0.0314290781 0.0393359116 0.214794552 0.179125667 0.98123455 0.0713636056
-0.0239172898 0.0429982274 0.0403823691 -0.133267224 0.990910649 0.0183271747
0.0689980968 -0.00560556917 0.0363580754 0.980098486 -0.0729531869 -0.184620351
-0.0573991912 0.0254832629 0.192202434 -0.52794683 0.843790948 -0.0963787213
0.0127167189 -0.0421100304 0.138872679 0.0801335424 -0.996663809 0.01548611
-0.00972459038 0.042463498 0.186863263 -0.0709824562 0.997204363 0.0233464185
-0.0629174391 0.0217157406 0.0260164613 -0.851400137 0.393712968 -0.346566051
-0.026522235 -0.0366741525 0.139455861 -0.698312879 -0.715575874 -0.0176187232
0.052786283 0.0355981765 0.103382963 0.31808275 0.947963953 0.013697979
0.0458796189 -0.034271121 0.0147297511 0.441208005 -0.844296336 -0.304136992
0.00238079547 0.026087497 0.287740141 0.0502127521 0.990710735 -0.126376688
-0.0378960741 -0.00962353457 0.0883778112 -0.912013173 -0.115591198 0.393536031
-0.0307076909 -0.0379262728 0.176461952 -0.368646592 -0.927353382 -0.0641503036
-0.0291024555 -0.0406608858 0.0533677769 -0.172161549 -0.984592736 0.0306203738
-0.0088993194 0.0366575436 0.229694058 -0.188906372 0.927438557 0.322756946
-0.0569882037 -0.00907624562 0.146680593 0.798424661 -0.591210306 -0.113966592
0.034553208 -0.0392334818 0.122355579 0.206433758 -0.978350282 0.0146840354
-0.0570786964 -0.0267251649 0.0622588766 -0.326283962 -0.902180433 0.282151103
-0.0728803022 -0.00950467519 0.116025766 -0.79480046 -0.606167912 0.0291986763
0.0298045353 -0.00960567514 0.308305361 0.958830774 -0.233429149 0.161723167
-0.0327397263 -0.0369163304 0.197745342 -0.295380443 -0.953741968 0.0559150763
-0.0462586262 -0.0257793276 0.0711717296 -0.477352053 -0.513428152 0.713110507
0.0538633219 -0.0338761032 0.117630817 0.314953715 -0.949022353 0.0126819033
-0.0463309843 0.0375617597 0.0597343497 -0.30456838 0.950494409 0.0616318583
0.0541014902 -0.0340852585 0.0468762902 0.468880773 -0.882349551 -0.0401248448
0.0584320994 0.0333428923 0.0566146869 0.451972842 0.8917979 -0.0204241369
0.0151440556 0.0309606265 0.00172402441 -0.00357986311 -0.182147086 -0.983264804
-0.0197100197 -0.0238699305 0.248517683 -0.461927772 -0.836125612 0.295832038
0.0452412172 -0.0372096617 0.0347581742 0.351308256 -0.935408175 -0.0399272814
-0.0256045853 -0.0376627897 0.122103135 -0.722688258 -0.689929903 0.0414532833
-0.000138424001 -0.0421279156 0.165544911 -0.019952802 -0.99964416 0.0177043248
0.0433622648 0.0373209223 0.182718964 0.247192383 0.968823254 0.0166613758
-0.0729410691 0.0105696337 0.122247811 -0.830259979 0.556991875 0.0206991415
0.0360878624 0.0388323004 0.202504837 0.251091719 0.967817128 0.0168222375
-0.0601837954 -0.00975493584 0.111484966 0.763359666 -0.645352602 -0.028318923
-0.0687303415 -0.0129531654 0.0414239542 -0.973521471 -0.161112845 -0.162168577
0.0729448334 0.0142637625 0.153319919 0.979647577 0.190361962 0.0636631474
-0.0607543995 -0.0204087406 0.200504913 -0.724598527 -0.679070413 0.117560036
-0.0100481625 -0.0233732813 0.2742236 -0.376404017 -0.922231317 0.0883706138
0.0288097173 -0.0397240691 0.164602856 0.196467951 -0.98033303 0.0186411943
0.0246333722 0.0103033371 0.268977274 0.916083694 0.357694924 0.181232005
-0.0286200624 -0.0409525119 0.0472238337 -0.172425553 -0.984072328 0.0432562456
0.0685714732 0.0252160657 0.147184626 0.83802706 0.544090211 0.0409476757
0.0650772645 0.0203912813 0.206835465 0.931125462 0.327501088 0.160463229
0.027271031 0.0177511228 0.252715643 0.69556725 0.548229456 0.464360446
-0.0311390104 0.0069470688 0.301104852 -0.986130059 0.160316601 0.0429652072
-0.0407877051 0.0264459293 0.168752347 -0.613453627 0.572900772 -0.543561757
-0.0665061905 -0.00498865496 0.210643121 -0.951397121 -0.129665643 0.279339284
-0.0322930938 0.013602755 0.13233841 -0.995703101 0.0914441496 0.0146044595
-0.0536646189 0.0284388964 0.197608262 -0.528489351 0.843461394 -0.0962901264
-0.0416035305 -0.0336637883 0.186876674 -0.430985838 -0.894588232 -0.118165657
-0.0413568741 0.0172698662 0.00313446768 0.0502359755 -0.127951145 -0.990507364
0.0469804942 0.0223696288 0.00357594544 0.149354175 -0.00897020195 -0.988743067
0.00847345477 -0.00158379597 0.00367312264 -0.0202902518 -0.0154293003 -0.999675035
0.0335649129 0.0205152946 0.243964995 0.577546358 0.482080162 0.658816278
-0.0705463561 0.0172418579 0.0600531148 -0.909283459 0.405594856 -0.093254447
0.0542699938 -0.0332475677 0.153222907 0.308794916 -0.951066852 0.0108426735
0.0418325673 -0.0381949246 0.0734777835 0.263768435 -0.96451658 0.0115719223
0.0706859936 -0.0144560869 0.17683637 0.972022057 -0.202365205 0.119253352
0.0510132286 0.0302970237 0.0130492473 0.736293554 0.538518548 -0.40971902
0.0620371286 0.0267370364 0.205428589 0.849048197 0.508031487 0.144987226
-0.0481302777 0.0144964215 0.162575615 0.163254261 0.55478704 -0.81581825
0.00517113527 -0.0183936817 0.00397718325 -0.0363992229 0.0732897595 -0.996646225
-0.0541239086 -0.00880631537 0.0817854924 0.76733911 -0.434082866 0.471977443
-0.03935917 0.0213563406 0.0833551221 -0.828930318 0.156269461 0.537079632
-0.0281221829 -0.005564259 0.258574386 -0.934303522 -0.17603226 0.309983253
-0.0324642102 -0.0247379199 0.0993155237 -0.974116266 -0.189795688 0.12278007
0.00315566282 0.0443206826 0.0818288366 0.0229856502 0.999703586 0.00802847277
0.0179446195 -0.0223737754 0.00321002615 -0.0212756079 0.156264186 -0.987486064
0.0320742136 -0.0400133172 0.105162574 0.206424445 -0.97835654 0.0144000929
0.0530658934 0.0331395426 0.210531942 0.421871305 0.892976046 0.156903297
-0.0374651242 -0.0316041505 0.0764843005 -0.777096987 -0.447271913 0.442795694
-0.0206223993 -0.0424287034 0.0205238212 -0.131602198 -0.991044939 -0.0226015002
-0.0103987945 -0.00885165814 0.0042089848 -0.012961844 -0.0656351298 -0.997759461
0.0575889661 -0.0326591287 0.104847154 0.393940538 -0.91906321 0.0115610566
-0.0083312827 -0.0251434136 0.264426292 -0.290421993 -0.948313236 0.127894208
-0.000910049463 0.0446387254 0.0421287429 -0.0255018454 0.999645591 0.00762912631
-0.0173034852 -0.0427409217 0.0340425936 -0.0836933032 -0.996136665 0.0265904479
0.0603849692 -0.031128956 0.129859541 0.391957611 -0.919874609 0.0141342431
-0.0236260933 0.0425032309 0.0148983396 -0.113886371 0.984397888 -0.134129792
0.0660063979 -0.027637228 0.0716015022 0.618776381 -0.784841359 -0.0337631404
0.0305254095 0.0409886627 0.13836479 0.205184758 0.978611052 0.0148227625
-0.0536980044 0.00164001192 0.145787563 0.988961995 -0.000200528099 -0.148169503
-0.0621263238 0.0143496565 0.0987212066 0.733095884 0.674708903 0.0856642053
-0.0759813934 0.00310704723 0.107894849 -0.999652565 0.0248224493 0.008862352
0.0697994886 0.0233484448 0.146867895 0.838030457 0.544085026 0.0409437865
-0.0275662211 -0.0145259473 0.29582814 -0.782291591 -0.459353745 -0.420730263
-0.0684110628 0.0159932049 0.0414316228 -0.961454928 0.224252105 -0.159108743
0.0154802892 -0.0414806715 0.163396194 0.0780460835 -0.996815324 0.016373273
-0.0259570802 -0.0406891451 0.0700988314 -0.214428678 -0.976102531 0.0352735072
0.025953223 0.0115317745 0.29016471 0.833198667 0.303548574 -0.462210268
-0.0211207651 -0.0244315236 0.245189328 -0.426072359 -0.837619245 0.341842562
0.0207411193 0.0258420657 0.00274150979 -0.0304126423 -0.135995686 -0.990242422
-0.00820190954 0.0425984024 0.185727568 -0.0705043525 0.99724561 0.0230268165
0.0103479025 -0.0432326744 0.0613545614 0.0743587911 -0.997208536 0.00677372236
0.00141025201 0.042969517 0.18119214 0.0208707266 0.999495804 0.0239263084
-0.0299221503 0.0316200518 0.128021654 -0.98205322 0.188231811 0.0118398592
0.0101157966 0.0241791627 0.279931009 0.422029376 0.906010628 0.0321858525
-0.0145723977 0.0253930241 0.257877047 -0.413540781 0.864661098 0.285210878
0.0332107616 -0.0401734694 0.0777396671 0.201645061 -0.979398906 0.0108160395
0.0401821716 -0.0275184288 0.230459872 0.463323712 -0.602458358 0.649903893
-0.00132612763 0.00887421342 0.00413511409 -0.0299940258 0.0636688322 -0.997520208
0.0754209103 0.000237829958 0.0823072562 0.997475326 0.0567629896 -0.0426738672
-0.00598749967 0.0428195342 0.181494021 -0.0247323401 0.999383926 0.0249015298
0.0539929652 0.0351387545 0.107362142 0.318088472 0.947981656 0.0122614717
-0.0338469323 -0.0394954504 0.0128844178 -0.195122465 -0.967790723 -0.159085408
-0.0697153703 0.0123597037 0.180219639 -0.921222985 0.380895942 0.0791600049
0.0368632651 0.0400816476 0.0202360167 0.272268593 0.958407402 -0.0855858177
0.0715303032 -0.0186347023 0.147587164 0.928917825 -0.367104739 0.0484341197
-0.0747444446 -0.00250329001 0.0745558614 -0.992826998 -0.090192534 -0.0784846544
-0.0449966936 0.033015713 0.193534432 -0.523624003 0.845629156 -0.103582047
-0.00824749126 -0.041634675 0.176687822 -0.0741521642 -0.997057617 0.0194317121
-0.0372210468 -0.0221479185 0.084214607 -0.867835701 -0.275568813 0.413428545
-0.0233837624 0.0364914264 0.001184262 -0.017931113 0.124556303 -0.992050469
0.0384727544 0.0102396813 0.00330946568 -0.000697869807 0.020884404 -0.999781668
0.0208970553 -0.0220013806 0.29524544 0.564780354 -0.760366619 -0.32072705
0.0204540047 -0.0422302625 0.079766442 0.137740061 -0.990417838 0.0100110248
0.0294408676 -0.0035272262 0.00325374192 -0.0222407542 -0.015970422 -0.999625027
-0.0264831277 0.0427679937 0.0314319098 -0.152371749 0.98831284 0.00454542832
0.0727763314 -0.00572156372 0.172084687 0.993140399 -0.0680639446 0.0950771794
0.0266514739 -0.0413900306 0.0777269377 0.136735782 -0.990543485 0.0112631805
0.00266448827 0.0309128941 0.250345721 0.0344077386 0.952753305 0.301790059
-0.0561485337 0.000920007116 0.117038565 0.998869896 0.0220520142 -0.0421033539
-0.0142135458 -0.00965344621 0.316881525 -0.0080722142 -0.00573295029 0.999950945
-0.0117599381 -0.0418084156 0.149610673 -0.127125517 -0.991817832 0.0116881421
0.0633776783 -0.0158541119 0.212813729 0.859424949 -0.425998241 0.282690912
0.0754594037 0.00096392159 0.134660477 0.997738838 0.0574660078 0.0348574109
-0.0672138403 -0.0111692846 0.198132978 -0.949934483 -0.282284945 0.133939147
0.0311350146 0.00600366755 0.296456984 0.887257576 0.198445529 -0.41640532
-0.0714036957 0.0160528708 0.0652612954 -0.900775552 0.433332235 -0.0287482832
0.0742091752 0.00875656794 0.150024467 0.980767071 0.188496664 0.0506462716
-0.0440205494 0.00332179998 0.238366257 -0.690172374 0.0377633125 0.722658992
-0.0723828553 -0.00722366814 0.163203168 -0.889520347 -0.453594953 0.0548186079
-0.0174331284 0.0433181803 0.0156244622 -0.113309443 0.98438555 -0.134707242
0.069140763 0.0217712322 0.170420411 0.93693167 0.339891255 0.081444189
0.0170791528 0.0426033803 0.158500823 0.0767839998 0.996942639 0.01447926
-0.0703995267 -0.00416845278 0.188389966 -0.980843902 -0.125319198 0.149131715
-0.00968428272 -0.0416458815 0.17076033 -0.0731607825 -0.997166276 0.0175221376
-0.0712904589 -0.0149449572 0.0721841812 -0.868636191 -0.495312303 -0.0116971387
-0.00115114877 0.0433496606 0.159553935 -0.0189295169 0.999688447 0.0162651818
0.0393990569 -0.0385301346 0.0960326329 0.266453177 -0.9637236 0.0154757649
-0.0302704232 -0.0320148356 0.22127579 -0.257904708 -0.907233119 0.332284719
-0.0648599516 0.0176269186 0.206123479 -0.857654214 0.5049119 0.0974325165
-0.0342087939 -0.0329983244 0.214899649 -0.295099378 -0.922321022 0.249480307
-0.0372685459 -0.00655394046 0.0906790479 -0.905642927 -0.100365043 0.41199258
-0.0750824026 -0.00517083489 0.120712486 -0.97654438 -0.214673385 0.0166220665
0.0476386523 -0.0326545575 0.208179889 0.340656519 -0.934060514 0.107164212
-0.0219477299 0.0232471829 0.304218307 -0.661457956 0.745019734 0.0861336589
-0.0370154062 0.040055094 0.0622652197 -0.245673582 0.961162865 0.125739798
0.0383654066 -0.0382518056 0.133012448 0.2637541 -0.964476585 0.0147882588
-0.030512659 0.0307337977 0.116433738 -0.979836881 0.192232326 0.0544651039
-0.00780663478 -0.0430291057 0.075419213 -0.0370140523 -0.999308705 0.00346482848
0.0392279257 0.0386803854 0.165692685 0.251909137 0.967607737 0.0166466162
0.0364488936 -0.0378084081 0.182503143 0.24719663 -0.968573809 0.0275435653
0.0205487938 0.0244796368 0.00293452666 -0.0304126423 -0.135995686 -0.990242422
-0.0260464797 -0.0340029846 0.218840246 -0.21923691 -0.927184403 0.303750366
-0.0724230231 -0.00344239006 0.0564574483 -0.985849142 -0.0873224959 -0.14309527
0.045862009 -0.0369133286 0.0332778893 0.351308256 -0.935408175 -0.0399272814
-0.00414080512 -0.0324002161 0.0011377381 0.0115650482 0.201773673 -0.979363918
0.0148073037 -0.0212703093 0.282340297 0.528277278 -0.842079043 -0.1087474
-0.0484825851 0.0368886719 0.0586694133 -0.341431558 0.93733269 0.0695121884
0.0568665846 0.0303993856 0.212734057 0.649685442 0.72714287 0.221747816
-0.0621675497 -0.0203199851 0.0240057902 -0.867755473 -0.351561964 -0.351290137
-0.00137807815 0.0431907427 0.168422273 -0.0220309217 0.999604642 0.017466234
0.0216664166 0.0178719656 0.263512063 0.7678864 0.568843186 0.29456389
-0.0364354282 -0.0151293606 0.158979363 -0.824207127 -0.234897733 -0.515272439
-0.0710693111 0.0166289399 0.0759552481 -0.790282786 0.606245995 0.088989228
0.0718695439 0.0142783965 0.167905463 0.978486776 0.189628109 0.0812704414
-0.0620709967 -0.0198029833 0.185164353 -0.677742183 -0.7349931 -0.0212281961
0.0159359376 0.022679545 0.289653588 0.454863548 0.759958386 -0.464286834
-0.0326261968 0.0416086697 0.0428247935 -0.169980794 0.985199869 0.0220873617
0.0182657502 0.0279042154 0.00238672532 -0.0215787143 -0.176940292 -0.983985007
0.0689063284 -0.0247612504 0.121524798 0.811746418 -0.583908021 0.0109219449
-0.0253025093 -0.0205691142 0.247607792 -0.58486706 -0.707787097 0.396191835
-0.0739312222 0.00963063474 0.10779957 -0.830259979 0.556991875 0.0206991415
0.0110931336 -0.0232434088 0.282016911 0.403619885 -0.910919189 -0.0855401009
-0.060742531 0.0218777 0.0208625994 -0.845112026 0.403972924 -0.350130647
-0.0422640336 -0.0383823175 0.0343304025 -0.356198013 -0.934114933 0.0235015582
-0.013129496 0.0428206946 0.149440373 -0.118961014 0.992836297 0.0111424979
-0.0674652605 -0.0185285604 0.0442453576 -0.902996302 -0.407663554 -0.135677233
0.0215750398 0.034722451 0.233953107 0.217573196 0.851715207 0.476700276
-0.0157810019 -0.0413643249 0.143564345 -0.12465848 -0.992147148 0.010217417
0.0404984198 -0.0384205526 0.0265979049 0.272663146 -0.961737454 -0.0267567094
-0.0170713187 -0.0200147079 0.285318593 -0.593671262 -0.764767706 -0.250369459
0.0559652449 0.00179112445 0.00513564744 0.352984071 0.244435996 -0.9031353
0.0239621582 0.0112796915 0.00353457517 -0.0274830665 0.0281400122 -0.999226034
0.0634286342 -0.0131849717 0.216013495 0.916378796 -0.272369742 0.293367863
-0.0706731002 -0.00305371922 0.0450379178 -0.980861902 -0.0789232105 -0.17799136
-0.0441061456 -0.0350770894 0.0553504202 -0.548427105 -0.823104441 0.14739947
-0.0276793106 -0.00921415228 0.314396878 -0.893549681 -0.280451715 0.350593537
0.0705208457 0.0219322274 0.150506851 0.939370632 0.339441627 0.0486033782
-0.0696510752 0.013660535 0.163005664 -0.748700559 0.662848294 -0.0089284759
0.073668863 -0.00408297737 0.0642762331 0.992166579 -0.0673484579 -0.105212815
0.0731486043 -0.0150952834 0.143327263 0.929069996 -0.366758555 0.048136998
-0.0497265837 0.0226765532 0.003645247 -0.354892045 0.164103329 -0.920392156
0.0529158521 0.0349397026 0.147271331 0.315970749 0.948700011 0.0114376675
-0.053556382 0.0135044114 0.00416755456 -0.2840195 0.054473497 -0.957269847
-0.0215783419 -0.0148794523 0.269165735 -0.80437386 -0.568247259 0.173429489
0.0586202039 0.0335181892 0.0940655439 0.41243881 0.910965681 0.00598212285
0.0634011866 0.0311959609 0.10276008 0.616111875 0.787628531 0.00688445289
0.0538089295 -0.0289973876 0.211395078 0.455480844 -0.861957014 0.222636968
-0.0357904622 -0.0123491353 0.093400127 -0.951983213 -0.134498358 0.275023818
-0.0203052186 -0.0206203161 0.313193739 -0.478409261 -0.546358824 0.687471211
-0.00568469641 0.0309598793 0.302743282 -0.193820953 0.980104268 -0.0427663885
-0.030164536 -0.0183359814 0.244516167 -0.614560425 -0.585298061 0.528905988
0.0101108215 0.00987841897 0.317316274 0.00450731721 -0.0124227935 0.999912679
0.00898379438 -0.0416690499 0.179172684 0.0258396473 -0.999370158 0.0243208613
0.019334575 0.0426369087 0.143217504 0.139777616 0.99006176 0.0154894339
0.0721923252 0.0161429225 0.15731257 0.938849449 0.339226305 0.0590517409
0.0328360256 0.0110391086 0.249701635 0.740593374 0.262037963 0.618754864
-0.0328375124 0.00691139614 0.132311383 -0.997054875 0.074976705 0.0161251947
0.0280465662 -0.00242943691 0.260626741 0.949849308 -0.0873748586 0.300253272
0.0090060327 -0.0421130831 0.154710919 0.0303584393 -0.999395311 0.0169529784
0.0580087922 -0.032113505 0.049173274 0.468888015 -0.882306933 -0.0409684479
0.0507028361 0.0352686903 0.0247977983 0.5683043 0.793554664 -0.217488497
-0.0313930823 -0.0237954831 0.149102948 -0.972302258 -0.191503182 -0.133996055
0.0572014564 -0.00368080019 0.00722866868 0.886126697 -0.1308541 -0.444585919
-0.0315072632 -0.00127690041 0.303636173 -0.996180892 -0.0800396353 0.034886729
-0.00159750306 -0.0254967309 0.286238219 -0.0618180297 -0.982194483 -0.177404717
0.062954942 0.0290470066 0.18105477 0.617759466 0.784465194 0.0546592064
0.0267709882 -0.026857766 0.240639565 0.475132257 -0.655829132 0.586632311
-0.00480186997 0.0439069091 0.117995981 -0.0177743714 0.999754846 0.013204529
0.0677840166 0.0267216926 0.143294661 0.838030457 0.544085026 0.0409437865
-0.0231541846 0.0181942008 0.257985553 -0.757101536 0.596730292 0.265913993
0.014677183 0.0440958602 0.0389796347 0.0707344189 0.997471452 0.00688502612
-0.0306254245 0.0278140618 0.130570025 -0.990300119 0.138597801 0.00981590897
0.0353568283 -0.0118662904 0.245001078 0.687286735 -0.324834436 0.649707198
0.0191782392 -0.042017931 0.110109629 0.14179498 -0.989795029 0.0141444793
0.0720182833 0.0150410677 0.0625072268 0.973890185 0.175804794 -0.143633902
-0.057119376 -0.00759017358 0.137001898 0.817293465 -0.572815597 -0.0625601038
0.0300784271 0.0404944799 0.174224909 0.194799736 0.98064512 0.0197048839
0.01843084 0.0256893242 0.307591018 0.523520112 0.832466364 0.18145591
0.0751347551 0.00297101133 0.140587107 0.997590125 0.059149988 0.0362661295
0.0545634845 -0.0341232114 0.0561713077 0.436788768 -0.899373412 -0.0185212325
-0.00199105717 -0.0430296605 0.0108945135 -0.0333974101 -0.990529776 -0.133174703
-0.0181934845 -0.0427983902 0.0280085167 -0.12075083 -0.992387176 0.0242281184
-0.0203532513 0.040488657 0.201120151 -0.12832804 0.985663474 0.109541938
-0.0526839418 -0.0222708641 0.219466159 -0.515270472 -0.759050965 0.397916973
-0.0315402653 0.0207191786 0.133249041 -0.993443251 0.11360196 0.0128445951
-0.01051092 -0.042174566 0.130806209 -0.0766609386 -0.996987522 0.0117884846
-0.000350438857 0.0447042863 0.0313470125 -0.0223084055 0.999751031 -0.000244656461
0.0617836689 -0.0303076893 0.0595222459 0.64180088 -0.764259517 -0.0632369965
0.025675556 -0.0414924595 0.0167707089 0.216440022 -0.965195656 -0.146802768
0.00168423955 0.0429226286 0.182911845 0.0208707266 0.999495804 0.0239263084
0.0253005348 -0.00762683977 0.284015481 0.969131291 -0.201471329 -0.14210543
-0.0237283349 0.0426554268 0.0604889192 -0.142405063 0.989586592 0.0209567938
0.0532196945 0.0322467177 0.215199692 0.421871305 0.892976046 0.156903297
-0.00877196451 -0.024684356 0.314620452 -0.199061051 -0.509266317 0.837270856
0.0160848812 -0.0351913114 0.231460442 0.0988212302 -0.942165673 0.320246935
0.0632487213 0.0255970313 0.20234743 0.846975207 0.510974765 0.146757662
-0.0479051028 0.028800509 0.219166508 -0.402380645 0.818267763 0.410521209
0.00160158243 -0.0317002327 0.242118223 -0.0685653761 -0.961720288 0.265316606
-0.0620351386 -0.0157961492 0.213323954 -0.758727133 -0.608526349 0.232440934
0.0655842244 -0.0281518436 0.119795244 0.5896613 -0.807564318 0.0118114939
0.0423317461 0.0183034898 0.00321467393 -0.00350384787 -0.0335606635 -0.999430597
-0.0373227795 -0.0230620633 0.0833917416 -0.867835701 -0.275568813 0.413428545
-0.0180307566 -0.0244535293 0.249437107 -0.425924301 -0.862076461 0.27461344
-0.0759858778 0.00199570613 0.102513569 -0.999661207 0.0248632077 -0.00769444881
-0.0741093506 -0.00833303363 0.0791911983 -0.976190209 -0.207985982 -0.0616002902
0.000574331101 -0.0420075898 0.172681563 -0.0229472574 -0.999537051 0.0199735854
-0.0445701699 0.0185244893 0.16537873 -0.08347781 0.533017695 -0.841976047
-0.0746712155 -0.00612399686 0.0806452215 -0.976280749 -0.207591563 -0.0614954531
-0.0300856746 -0.00264786602 0.29481059 -0.901502371 -0.066124402 -0.427692652
-0.0632037691 -0.0120692039 0.124012589 0.435391724 -0.90012151 0.0146771381
-0.0714981685 0.0116361158 0.140927629 -0.682050228 0.731284022 -0.00558180828
-0.0266044189 -0.0147450452 0.310910754 -0.834385872 -0.468924969 0.2896716
0.00411033055 -0.0435145665 0.0463552143 0.0151800392 -0.999754965 0.0161132198
0.0118749335 0.0431859627 0.146804812 0.0780793801 0.996825576 0.0155651383
-0.00125167301 -0.039417379 0.212515047 -0.0648726597 -0.986518502 0.150242984
0.073533798 0.00270029605 0.166443362 0.994606912 0.0593765751 0.0850383714
-0.0683504358 -0.0168644698 0.0803138802 -0.511653066 -0.836903989 0.194429651
0.0513047329 0.0346512866 0.195604593 0.298956096 0.954013526 0.0219869148
-0.0711453293 -0.00844633888 0.172936994 -0.884761274 -0.462097526 0.060525462
-0.0386394656 0.0323834263 0.218816329 -0.280997247 0.892914176 0.351773888
0.00452227698 0.0440375468 0.109154551 0.0304259937 0.999458373 0.0125335166
-0.0641429256 0.00734686219 0.219188967 -0.823535562 0.142952651 0.54895705
0.0625322894 0.025400573 0.20721187 0.849048197 0.508031487 0.144987226
-0.0323558332 0.0131520025 0.130883264 -0.995703101 0.0914441496 0.0146044595
-0.00382262791 0.0435679687 0.143835527 -0.0159342121 0.999747634 0.0158342626
-0.0617993037 0.00309541684 0.0150605847 -0.892703235 0.0444985293 -0.448442727
-0.0335527818 -0.0397186637 0.0138815359 -0.195122465 -0.967790723 -0.159085408
-0.0712736682 0.00774252926 0.17989258 -0.967701316 0.220497936 0.12220782
0.018722015 -0.0274713876 0.0023042732 -0.0139036579 0.22339344 -0.974629223
-0.00847667609 -0.0435492367 0.0312994342 -0.0384788029 -0.998808026 0.0300323907
-0.0749202819 -0.0066127579 0.0972557101 -0.922874153 -0.385036707 0.0070714117
0.00866775056 -0.0412371867 0.192741882 0.0227257945 -0.998694062 0.0457576625
0.0458218482 -0.0370364733 0.0360194182 0.351136416 -0.936038792 -0.0231246352
-0.00190376959 0.0298057618 0.311913078 -0.05621434 0.920814455 0.385928333
-0.0176204481 0.027769457 0.247365764 -0.390524894 0.845695436 0.363716215
0.0053517717 -0.0415311979 0.187971698 0.0227257945 -0.998694062 0.0457576625
-0.0285181811 -0.0336831583 0.116574587 -0.911752701 -0.407696605 0.0499040484
0.0246680753 -0.0418830928 0.0202304581 0.148564711 -0.988150358 -0.038567882
-0.0625379785 -0.0248689873 0.0606542827 -0.455868632 -0.860980928 0.225600496
-0.0681873097 0.0137365864 0.13196898 -0.366528958 0.930191815 -0.0199913774
0.0747243317 0.00398480415 0.0743073361 0.996222258 0.0558393747 -0.0665060356
0.0612670168 -0.0242884583 0.202881998 0.785248041 -0.580563724 0.215246543
-0.0730923283 0.0127214661 0.0745845083 -0.959596574 0.279555351 -0.0319879614
-0.0534195333 -0.0332584545 0.0272542862 -0.48841235 -0.872198641 -0.0268869605
-0.026914349 -0.0159849992 0.296220573 -0.748359382 -0.50965786 -0.424508065
0.0329401546 -0.039314007 0.139308827 0.205218956 -0.978585482 0.0159846582
-0.0655189954 -0.0222076029 0.0647198067 -0.653228402 -0.745459855 0.132598341
0.0100232409 -0.0413899483 0.187515499 0.0734568238 -0.996982574 0.0250971802
0.0377985235 -0.037792073 0.167980954 0.251081496 -0.967788696 0.0185231138
0.0677331226 0.0243111893 0.16946072 0.836319625 0.54423058 0.0662009045
-0.00485695778 -0.0437864215 0.0184998728 -0.0362720974 -0.999255478 -0.0131472908
0.0611485718 -0.031253719 0.0919085044 0.399785131 -0.916555345 0.009907078
-0.0192732629 0.0418268287 0.169211579 -0.171766236 0.985116124 0.0065351692
-0.00163604938 0.0411594716 0.214995018 -0.0793201923 0.991596162 0.102202892
-0.0318330742 -0.016379871 0.137935372 -0.991928577 -0.123359494 -0.0293287039
-0.0136017685 0.0431781806 0.116607699 -0.129010692 0.99153924 0.0143597908
-0.0567066651 0.00678015714 0.128430879 0.928610921 0.363190889 -0.0759887695
-0.0644817815 -0.0128532067 0.137872551 -0.0172704402 -0.99977982 -0.0119231176
-0.0222256551 -0.021815206 0.249729178 -0.544882298 -0.75594908 0.362828314
-0.0327162429 0.0101583312 0.123668186 -0.994969547 0.0812979788 0.0585344471
0.0257575665 -0.0184834471 0.251783873 0.704957187 -0.572592378 0.41853714
-0.0343737798 -0.0158146261 0.00340871314 0.0439608544 0.157882005 -0.986478925
-0.0354186874 0.0376725858 0.199294108 -0.274525791 0.949476898 0.152082771
-0.00936158541 -0.0416883838 0.169689052 -0.0731607825 -0.997166276 0.0175221376
-0.0208234523 -0.0418597953 0.0575399541 -0.132464558 -0.991069138 0.0153346621
0.023466856 0.0348072491 0.232938147 0.217573196 0.851715207 0.476700276
-0.0214953828 -0.00349725901 0.00391155991 0.00855945516 -0.0401645713 -0.999156356
-0.00217715505 -0.0431196198 0.0929190129 -0.0302831568 -0.999472439 0.0117377918
-0.0663316144 -0.0189557686 0.0376556679 -0.91681391 -0.377359331 -0.130583569
0.0545349976 0.0294554895 0.018272034 0.736293554 0.538518548 -0.40971902
-0.0632378418 -0.0108502129 0.216833536 -0.924341023 -0.266819596 0.272765666
0.0207798213 0.033389613 0.0013166654 0.0265896097 -0.103070214 -0.994318664
-0.0116313079 0.00724700087 0.00416741181 -0.0144043453 0.0756132826 -0.997033119
0.0460016978 0.0371741328 0.144089303 0.262548923 0.964841962 0.0121655511
-0.0734436512 -0.00990954983 0.0934436489 -0.82249558 -0.567690372 0.0350533426
0.0344128648 -0.0388037843 0.151815806 0.202749327 -0.979120374 0.014697548
0.0538909516 0.0154112623 0.229572537 0.591073811 0.184085935 0.785330534
0.0750589758 -0.00585719136 0.0830096637 0.996732414 -0.0682183877 -0.0432525203
-0.0274912585 -0.035125404 0.126372599 -0.914160609 -0.405078471 0.0148914438
0.00400023224 0.0445412011 0.0474438934 0.0202220324 0.999766767 0.00758647034
-0.0760277049 0.0011911322 0.105347547 -0.999661207 0.0248632077 -0.00769444881
-0.000351771002 -0.0434331704 0.0598395623 -0.0408224948 -0.999134779 0.00794934295
0.0633991135 -0.0285976828 0.162594515 0.587385535 -0.808628917 0.0331296064
0.0101103358 0.0441434159 0.0193465832 0.0699084178 0.996449113 -0.046927359
-0.00117239428 -0.0424363134 0.146512906 -0.0182862673 -0.999702156 0.0161630642
0.0727763303 -0.0163143517 0.0792307573 0.932661176 -0.357405841 -0.0490343459
-0.0469982587 -0.0118650791 0.0777880157 -0.121276677 -0.334925115 0.934407353
-0.0618241729 -0.00616142386 0.015726566 -0.890176177 -0.0682211146 -0.450480044
-0.019690677 -0.0159018645 0.00416165746 0.0333498605 0.0867880732 -0.995668411
-0.0737745579 0.010858398 0.0787461809 -0.955768108 0.292228013 -0.0333190225
-0.0194016537 0.0426955211 0.0939461285 -0.137225658 0.990489602 0.00997571088
0.0401644435 0.0398325827 0.0330316621 0.261942536 0.964834034 -0.0219426472
0.0703646028 0.0158066851 0.179700682 0.936757743 0.333593488 0.105831601
0.0144510857 0.0438975872 0.0692558667 0.0755593181 0.997119546 0.00657758629
-0.0206273394 0.00956794725 0.31744626 0.100258663 0.0245756693 0.994657815
-0.0401174538 -0.0343541164 0.195541664 -0.419470072 -0.90707612 0.0354670323
-0.0287695171 0.0349227698 0.132266682 -0.922018647 0.386184752 -0.0272577424
0.0309234518 -0.00521625937 0.308011319 0.958248913 -0.234737262 0.163271189
0.0542609545 -0.0339941597 0.0467364443 0.468880773 -0.882349551 -0.0401248448
0.0611675518 0.0321495293 0.114116912 0.404786378 0.914324284 0.0126139363
0.0503841461 -0.00621208287 0.00377446686 0.141292334 -0.027061969 -0.989597917
-0.0017189088 0.0179912089 0.316974251 -0.0231747422 0.0745576173 0.996947408
-0.00201068271 -0.0429927845 0.105068272 -0.024036821 -0.999661267 0.00998125691
0.00261233872 0.0446155891 0.0413401476 0.0202220324 0.999766767 0.00758647034
-0.0335280777 -0.0392074065 0.0107301139 -0.212684527 -0.965232372 -0.151959598
0.00935560427 -0.0432243523 0.070699605 0.0155623974 -0.999848604 0.00779092731
-0.0655418003 -0.0128465102 0.113358253 0.131269708 -0.991168022 0.018818317
0.0102494402 -0.0237043863 0.28386692 0.367820591 -0.928126156 -0.0573568642
0.0722831981 0.014726001 0.161646622 0.978986621 0.190462887 0.0728637874
0.0757666811 -0.00130636096 0.114959751 0.997983336 -0.0626831427 0.0100047607
-0.0375087111 0.0350958144 0.210692069 -0.272096694 0.929375708 0.249447927
0.0646831307 0.0169279292 0.0283164724 0.914219618 0.316016614 -0.25364545
0.0292456799 0.0073336083 0.29353092 0.802157998 0.177161083 -0.570225
-0.046954925 -0.0310640623 0.197192064 -0.514165282 -0.857185066 0.0294579156
0.00347768247 -0.0111605032 0.00407100871 -0.0277839601 -0.0558546968 -0.998052239
-0.0337383716 -0.0377415215 0.00604930837 -0.317343593 -0.904617369 -0.284535468
-0.0292624612 0.00765659659 0.255985063 -0.86548084 0.138039529 0.481547356
0.0175782796 -0.0385337556 0.217044996 0.112102114 -0.985873997 0.124440253
0.00682315816 -0.0431707377 0.0824093664 0.0206218213 -0.999734819 0.0102457972
0.026890971 -0.0354603537 0.225630061 0.188691586 -0.930517256 0.313899934
-0.062045197 0.0293272603 0.0486812913 -0.737274885 0.670643985 -0.0816239119
-0.0581325011 0.0104341145 0.0939427452 0.849473476 0.481763512 0.215171397
0.0204779516 -0.0241453366 0.250274276 0.528465509 -0.709340632 0.466433376
-0.0748538765 -0.00164708212 0.15104923 -0.988562465 -0.137244686 0.062516138
0.0580291033 0.0318974689 0.193762834 0.395515829 0.917739511 0.036351677
0.0132703626 -0.0420370231 0.140706472 0.0801335424 -0.996663809 0.01548611
0.0287345444 0.0107192373 0.311651603 0.90304482 0.337263703 0.266013592
-0.0437649207 0.0152672923 0.163295981 -0.210177466 0.455049008 -0.865306795
0.0276603433 -0.00496411675 0.260988681 0.926779449 -0.225904629 0.300077915
-0.0693926546 0.00429135512 0.0377342309 -0.983150661 0.0477162227 -0.176459506
-0.00625602249 -0.042982405 0.094867273 -0.0268994439 -0.999611616 0.00727935368
0.0376377903 -0.0372553109 0.189575368 0.247001842 -0.967553079 0.0532081388
0.0381301474 -0.0374834532 0.178841513 0.247195646 -0.968574047 0.0275438819
-0.0101005562 0.0443079371 0.0449795899 -0.0752635747 0.997116566 0.00969699956
-0.0562579931 0.00109680255 0.228372548 -0.646300614 0.0321410112 0.762405753
0.0606704971 0.0305670739 0.185715551 0.627843559 0.776881874 0.0476135872
0.0203217692 -0.0160553402 0.275508701 0.797997475 -0.601173937 -0.0423054919
0.0601910311 -0.00518270253 0.012924018 0.886214554 -0.0738686025 -0.457348019
-0.00409744637 0.0350914217 0.00102944149 0.00452731922 -0.0623090751 -0.998046577
-0.0309362948 0.00544072827 0.296892292 -0.972272038 0.162767038 -0.167910218
-0.0750499146 0.00595395892 0.0814501765 -0.984653771 0.16213426 -0.0645704269
-0.0549048228 0.0346152438 0.0526709125 -0.498902917 0.864419103 0.0622521527
0.0201170496 -0.0366283551 0.225509673 0.0978201106 -0.956521213 0.274769932
-0.0114172489 0.0441854697 0.0219042904 -0.0686255693 0.996673524 -0.0439566672
-0.0605749826 -0.0104715199 0.123019625 0.705078959 -0.709015906 -0.0126543976
0.062738762 -0.0298020917 0.0632403521 0.642009377 -0.764784217 -0.0541208796
0.0512416266 -0.0345491398 0.131236447 0.313614935 -0.949444354 0.0141751301
-0.0190328498 -0.0278223025 0.238656756 -0.308481991 -0.890818715 0.333587974
-0.0498972294 0.0266907024 0.00655848486 -0.696998477 0.51247865 -0.501556396
-0.0211718259 0.0325673993 0.23220868 -0.297068775 0.878934503 0.373127699
0.0183996641 0.0191520242 0.273926453 0.701414406 0.708191335 0.080516085
0.00622853955 -0.00570846063 0.317164351 -0.00641378853 -0.00569470925 0.999963224
0.0433591878 0.0367174028 0.0152297708 0.413194865 0.872065663 -0.262243181
-0.0248314834 0.0198679581 0.307101948 -0.757248819 0.638705969 0.136487946
0.0549070886 -0.0124348656 0.00663095825 0.707858026 -0.154969305 -0.689145625
-0.00683492713 0.00680173263 0.00409597955 -0.00675698509 0.0647493377 -0.997878671
-0.0224599711 0.0224382442 0.306995778 -0.699800134 0.706172109 0.107706629
-0.0232578297 -0.0197931164 0.294866776 -0.66991204 -0.602743149 -0.433495671
-0.0675443965 -0.0118929018 0.193313258 -0.896135211 -0.431038529 0.105581447
-0.0217535353 0.0411992333 0.134958838 -0.431393445 0.902163744 0.000552387035
-0.00779468717 0.0431722809 0.156448384 -0.0694945902 0.997439086 0.0169077683
0.0542472291 0.0354524249 0.069509607 0.335415691 0.942067742 -0.00213478762
-0.0208497341 -0.0321322518 0.227123579 -0.244615957 -0.885017097 0.396115988
-0.0047529108 -0.0429685556 0.100890489 -0.024036821 -0.999661267 0.00998125691
0.0114560168 0.0431388955 0.0111209562 0.0735994279 0.988197684 -0.134345174
0.0598734794 -0.0308820754 0.160145606 0.383925468 -0.923258483 0.0139627233
0.0481566115 0.0375983576 0.0553645291 0.335410058 0.942071915 -0.000814835192
-0.0155138846 -0.0428286551 0.0369605121 -0.0836630911 -0.996350706 0.0169053413
0.016531558 -0.0261929867 0.305830712 0.536651909 -0.841933489 0.0561482757
-0.0108460363 0.00960077484 0.317044742 -0.0286932848 -0.0125036556 0.99951005
0.0746655654 0.00580513356 0.147031551 0.996854901 0.0598171726 0.0519831888
0.0668562024 0.0214846945 0.19262277 0.938601434 0.323707402 0.119334638
-0.037658102 0.0369147856 0.19642111 -0.350818545 0.935412467 -0.0439324006
0.0714213994 -0.0141959951 0.170930066 0.974580467 -0.203426883 0.0938631147
0.0398111965 0.0383891831 0.173503961 0.249608725 0.968153715 0.0193337984
-0.0405285094 -0.0174982702 0.00294575074 0.0366385542 0.139432833 -0.989553452
-0.0147280116 -0.041647055 0.129360951 -0.130890176 -0.991339564 0.0106607685
-0.0530556878 0.0349539506 0.0602210014 -0.393292218 0.916665673 0.0710291341
0.0409326954 0.0388824308 0.121495796 0.263697624 0.964508653 0.0136571433
-0.0564298663 0.000408460382 0.110009753 0.998794973 0.0257980768 -0.0417488143
0.00467536787 -0.0324908429 0.240222606 -0.0875870511 -0.955066979 0.283152819
-0.0244068134 0.00601225961 0.00404550744 0.0118569881 0.0784266368 -0.996849358
-0.068211747 0.013959607 0.189682032 -0.925742507 0.367999405 0.0870468915
-0.0367419032 0.0277956421 0.00136385082 -0.015105661 -0.133901253 -0.990879536
0.0199199858 -0.042100192 0.0965114574 0.140674666 -0.98997283 0.0128261931
-0.00341001064 0.0442563342 0.082829054 -0.0305273496 0.999511898 0.00662958575
-0.0202078071 0.0425634294 0.0936423469 -0.252972901 0.966600537 0.0410852656
-0.0611040797 0.0228427287 0.204204262 -0.688502967 0.7238397 0.0449401475
-0.010608646 0.0413633633 0.204759563 -0.0885417387 0.992844641 0.0801238567
0.0591238184 -0.031218502 0.0453914638 0.677949786 -0.728295028 -0.0998522788
0.0109348608 -0.00167574701 0.00362458304 -0.0202902518 -0.0154293003 -0.999675035
-0.0203511037 -0.0403885732 0.159229553 -0.207047686 -0.978330255 0.00106788054
-0.0715304947 0.00889442795 0.052653783 -0.979845405 0.150596872 -0.131238312
-0.0284994529 -0.0155741958 0.249994157 -0.690506935 -0.528588653 0.493755311
0.0732526562 -0.0166403685 0.0989136863 0.929044425 -0.369909316 -0.00659701694
-0.0277198247 0.0385757634 0.154982377 -0.664390206 0.742213011 -0.0877810866
-0.00602519047 -0.0436735606 0.0168292238 -0.0366036147 -0.990906 -0.129481524
0.0188528343 -0.0235594873 0.310938381 0.599403203 -0.742386401 0.2992962
-0.0467080362 -0.0225772435 0.0728487885 -0.399439514 -0.477843493 0.782376885
-0.0152398039 -0.0246427924 0.253269967 -0.392897099 -0.89649123 0.204781145
0.0740454106 -0.00376146735 0.0676213096 0.992166579 -0.0673484579 -0.105212815
-0.0348141552 -0.0145195629 0.0961028163 -0.972890019 -0.134911895 0.187839925
-0.0574960647 -0.0103378692 0.149728795 0.663773715 -0.739227474 -0.113785952
-0.0375227947 0.013490503 0.00368775987 0.0582940206 -0.0471837968 -0.997183859
0.060610387 -0.0299091864 0.175790319 0.587841511 -0.806724429 0.0603160523
0.0533189401 0.0239386158 0.227145353 0.609406233 0.328126401 0.721773565
0.0679589375 0.0275807207 0.0942067757 0.836420476 0.548037231 -0.00747826882
0.0328476261 0.00583814171 0.251104211 0.771407843 0.147745132 0.618951678
0.022762111 0.0145966009 0.268354881 0.860433459 0.477013856 0.179198265
0.0723171817 0.0198925064 0.0945146096 0.940332532 0.339872003 -0.0161834434
0.0436193923 0.0388074642 0.0309753809 0.272807449 0.961490929 -0.033335574
-0.0329100333 0.00857270184 0.140243138 -0.996594191 0.0765476897 -0.0306664798
-0.0355587982 -0.0221522294 0.161330561 -0.859704316 -0.310423285 -0.40564236
0.0264721467 -0.0399419657 0.175061403 0.132863492 -0.990970969 0.0179964975
-0.0705720311 -0.00335459793 0.187932992 -0.982043624 -0.125553876 0.140807107
-0.0583784669 0.0253266925 0.203889842 -0.577156782 0.816447616 0.0174184591
-0.0348736732 -0.00744520959 0.00373728457 0.0501929894 -0.0273480695 -0.998364985
-0.0184927979 -0.0414598511 0.0997114617 -0.246860385 -0.968652666 0.0277846102
0.00138085082 0.0443400692 0.086850567 0.0252711494 0.99963522 0.00953101926
0.00436565398 -0.0400713123 0.20904161 -0.00343555165 -0.995246351 0.0973288938
-0.0182116415 0.0435714423 0.0200604865 -0.114748582 0.99232924 -0.045993045
0.075114348 0.00387473674 0.139674466 0.997590125 0.059149988 0.0362661295
0.0624773319 -0.0254712941 0.03583639 0.844410062 -0.483643085 -0.230349511
0.0212523261 0.0174238386 0.286493325 0.677210987 0.701805711 -0.221029818
0.0586917276 0.0313525253 0.0360627391 0.735437632 0.662979603 -0.13996239
-0.0140484543 0.0407388265 0.00348091807 -0.0676006898 0.86967653 -0.488971055
-0.0737527191 0.00586728541 0.0663168961 -0.991345108 0.0547364838 -0.11932601
-0.0226265355 0.0425734311 0.0724176693 -0.149154127 0.988639951 0.0185494181
0.0355027126 0.0408499124 0.0245109835 0.272268593 0.958407402 -0.0855858177
0.0648163028 -0.0288868315 0.105910105 0.59161526 -0.80618149 0.00792020094
0.0561066173 -0.0106953173 0.00753917131 0.84336853 -0.188064054 -0.503350198
-0.0292970078 0.0110068232 0.308827713 -0.927433729 0.251635849 0.276669472
0.000438633453 -0.00128633792 0.00378945344 -0.00885275751 -0.0201180149 -0.999758422
0.0525646312 0.0349590201 0.154945223 0.312944382 0.949720383 0.00984892808
0.0111478145 -0.0272140942 0.312456558 0.281967312 -0.895657837 0.343935162
0.0387406801 0.00535282637 0.244248842 0.729490578 0.0330069847 0.683193922
-0.0568757993 -0.00748737744 0.139242796 0.817293465 -0.572815597 -0.0625601038
0.0262641097 0.0224826787 0.248803691 0.567915201 0.625845313 0.534593344
0.0724307513 -0.0183847264 0.0916982346 0.929756641 -0.367415756 -0.0236287285
0.0462215216 0.0367127252 0.173615932 0.302185565 0.953056455 0.0191654414
-0.0132932195 -0.0418071079 0.132093723 -0.130890176 -0.991339564 0.0106607685
-0.0256126167 0.0426252209 0.0482223862 -0.133267224 0.990910649 0.0183271747
0.0721716649 0.0205145859 0.107304476 0.939234316 0.343256146 0.00373602612
-0.0216917512 0.0409355164 0.192966522 -0.153930813 0.986343324 0.0585841648
-0.0731042246 0.00382670715 0.0603995376 -0.988145471 0.0545398071 -0.143506184
0.0683857321 -0.0221119194 0.171648142 0.816039026 -0.573251307 0.0739141181
0.0709350797 -0.017250308 0.165090637 0.927076995 -0.367173672 0.0755760297
-0.0336703973 -0.0348240945 0.082190833 -0.889581144 -0.365630239 0.273788273
-0.0562205488 0.0339687065 0.0372796316 -0.500720978 0.865497351 -0.0138894459
0.0495862212 0.0357389248 0.168195111 0.30434075 0.952404797 0.0173747092
0.0311972265 0.00873106024 0.252599326 0.85421592 0.167706281 0.492127806
-0.0660716799 0.0177128371 0.179288943 -0.723839879 0.689850032 -0.012757075
-0.0615650859 0.0298159184 0.0500665276 -0.738622427 0.673799038 0.0207773764
-0.0238635534 -0.0395468425 0.162972321 -0.377079844 -0.925307691 -0.0402035639
-0.00221294786 0.0442789677 0.0854757858 -0.0278061498 0.999608994 0.00293495483
0.0207402722 -0.0424984906 0.0209095534 0.142587364 -0.989281118 -0.0314918421
0.0665553979 -0.0263425224 0.0641674165 0.831021965 -0.551734984 -0.070647411
-0.0571086755 0.00906184613 0.00747373924 -0.851677954 0.134515315 -0.506508052
-0.0557369838 -0.0199179314 0.0744513633 0.316710442 -0.614165723 0.722838044
-0.0151289669 0.0276686071 0.307395283 -0.443253428 0.894158602 0.0632989183
-0.0113808187 -0.0281953125 0.24512646 -0.275646001 -0.930693805 0.240475237
-0.0186128935 -0.0410321334 0.118386229 -0.235246316 -0.971801639 0.016150428
0.0476171536 -0.036015399 0.112710478 0.265845656 -0.96392101 0.0135086225
-0.0670771286 -0.0157224454 0.088740953 -0.512671173 -0.837203503 0.190416887
0.0390034025 0.0393711666 0.124219236 0.263695449 0.964504719 0.0139729958
-0.0246365557 0.0429900638 0.0331958545 -0.12423908 0.992226303 0.00717839599
-0.0535300561 0.00301417068 0.147805915 0.982387066 0.11375244 -0.148243576
0.0729537117 -0.0167052563 0.130572673 0.927841723 -0.37228474 0.0226671714
0.0323343246 0.00586710098 0.251733009 0.764195263 0.158373922 0.625238419
0.00810135363 -0.0421345513 0.00791982262 0.0823309124 -0.961567163 -0.261935413
-0.0573716077 -0.0115992187 0.0845367557 0.812425733 -0.498743236 0.302025855
0.0692511738 -0.0234979307 0.142312923 0.817100406 -0.57588923 0.0264316667
-0.00442679334 -0.0389259739 0.21406786 -0.0942631811 -0.97998929 0.175315261
0.0238950992 0.0409187268 0.210165964 0.107245199 0.992040634 0.0659834817
-0.0104059403 -0.0415768628 0.00669891599 -0.0783972889 -0.963526368 -0.255872458
-0.00570058929 -0.0437628287 0.027720974 -0.0372476801 -0.998885393 0.0289937314
0.0302011275 0.0400865117 0.197956611 0.184506238 0.982722104 0.0146586439
-0.0124633548 0.0438945213 0.0636518746 -0.0882793665 0.996048033 0.00975014549
0.0311683169 -0.033452907 0.00215454243 0.156836152 -0.291875958 -0.943509817
-0.0336131883 0.0380269667 0.200340735 -0.274525791 0.949476898 0.152082771
0.0300634471 -0.00732349345 0.309384225 0.93555361 -0.230264992 0.267801285
-0.0596439625 -0.00803036368 0.0118830437 -0.853832662 -0.148720473 -0.498850763
0.0710142079 -0.0161673372 0.169262668 0.926887155 -0.364843369 0.0881445557
-0.0034076044 0.0414769832 0.21053956 -0.0793201923 0.991596162 0.102202892
-0.0625226314 0.0209411856 0.0827135813 -0.0709562004 0.905694246 0.417951256
0.0722265534 0.00625502098 0.0542883281 0.988182843 0.0549251772 -0.143101186
-0.0316946965 0.0409610303 0.0129957579 -0.204420492 0.967126191 -0.151258722
-0.00618559308 0.025646977 0.275161653 -0.167442665 0.982375681 0.0830734596
-0.00844199099 0.0436318682 0.121002598 -0.0727810413 0.997261286 0.0131490305
0.0281826299 -0.0388269139 0.00668954583 0.23480691 -0.93188405 -0.27650997
-0.00785235107 0.00397622633 0.317021174 -0.01182329 -0.0172830522 0.999780715
0.0417544189 0.0387234417 0.11685323 0.26380381 0.964481235 0.0135424836
-0.0216431697 -0.0399245626 0.13636015 -0.428134352 -0.903714895 0.000603368797
0.018989953 -0.0310338819 0.240014943 0.264175177 -0.835376143 0.482035398
-0.0257967471 -0.0385930981 0.106563706 -0.720008552 -0.69082725 0.0659211054
0.038489607 -0.0372022552 0.185503709 0.24719663 -0.968573809 0.0275435653
0.0494546034 0.0320424985 0.0135294393 0.603904486 0.700929344 -0.379469812
0.0727455891 0.0162268134 0.147344072 0.939459622 0.339222729 0.0484108105
-0.027704073 0.0426021316 0.0265669902 -0.152371749 0.98831284 0.00454542832
0.0733495774 0.0142667689 0.0747078916 0.981107831 0.183695182 -0.0606924593
0.0395722636 0.0400568924 0.0542409865 0.262025416 0.965052426 0.00406173244
0.0459717695 0.038233318 0.0688056761 0.262017876 0.965032876 0.00762864249
-0.0519573802 -0.00527462011 0.0812848254 0.711102545 -0.312981188 0.629583836
-0.0332457465 0.0110578316 0.146205739 -0.991317511 0.0777849033 -0.106015064
0.0292251821 -0.0369377902 0.215839717 0.194359392 -0.973066866 0.123956472
0.0673967862 0.0215315212 0.188260591 0.937423766 0.326439828 0.121134974
0.028291378 0.0167508167 0.252106529 0.764522076 0.426014423 0.48375383
0.000375037931 0.0431332563 0.173616276 -0.0224422794 0.999555171 0.0196426008
-0.0747360759 -0.00614337544 0.121060578 -0.912288368 -0.409106791 0.019010786
0.0526558953 -0.0346777501 0.0887335005 0.32041201 -0.947175264 0.0139711564
-0.0134057857 -0.00897337121 0.00425002342 -3.31888077e-05 -0.0673450306 -0.997729659
0.0319986292 0.040214474 0.168579185 0.196690887 0.980287373 0.0186938457
-0.0244872617 -0.0391667249 0.108607679 -0.437395006 -0.898461342 0.0381158069
-0.0167562322 -0.0196809549 0.281822939 -0.609180093 -0.783079267 -0.125245675
0.0178532659 -0.0221006756 0.0032552109 -0.0212756079 0.156264186 -0.987486064
0.070902574 0.00409484271 0.045470875 0.981097281 0.0555933602 -0.18535772
0.0190878835 -0.038430376 0.216504077 0.112102114 -0.985873997 0.124440253
0.0732315182 -0.0140491683 0.146062051 0.977520227 -0.204304352 0.0520964637
-0.0128286643 -0.0416547497 0.151361583 -0.124660447 -0.992126703 0.0120151229
-0.0206912897 0.0189080742 0.263217301 -0.72321558 0.639374375 0.261073887
0.0359489208 -0.0396152376 0.0244284243 0.272671103 -0.959447205 -0.0714950711
0.0758607898 0.000113244174 0.102112186 0.998527706 0.0540991426 -0.00396754267
-0.0360309011 0.0181328406 0.0913688468 -0.95337683 0.139480799 0.267614961
-0.0236502895 -0.0391729511 0.149122701 -0.399198145 -0.916612089 -0.0215207823
-0.0651388095 0.0145120462 0.141474437 0.00419388013 0.994631231 -0.103397913
-0.0173792599 -0.0423459748 0.0538670045 -0.099353537 -0.994937181 0.0151227601
-0.0584986893 0.0118036683 0.143313052 0.713933587 0.687406659 -0.133307844
-0.00849945 0.0348100156 0.235269267 -0.187636748 0.929822385 0.316579938
0.0273445354 -0.0279944043 0.00222785801 0.0169586428 0.14899385 -0.988692641
0.0255016908 -0.0418547023 0.0379358049 0.135573447 -0.990740001 0.00735187763
-0.0264164592 0.0118901154 0.291509994 -0.81757617 0.345986664 -0.460285097
-0.0623845492 0.00307664815 0.222140326 -0.830747783 0.0332664885 0.555654109
-0.0486816211 -0.0293992112 0.202385049 -0.502776563 -0.852145731 0.145132616
0.0679396 -0.00120459624 0.0312716842 0.961812496 -0.0739061013 -0.263542503
0.0641789703 0.000647036654 0.0202176886 0.925580204 0.054674089 -0.37458235
0.0663114595 -0.0180873827 0.196304048 0.90098393 -0.399495006 0.169209063
-0.0344328264 0.0087641439 0.103784688 -0.988262117 0.082102336 0.128830627
0.0173591193 -0.0416511622 0.144303398 0.0801329091 -0.996651113 0.0162904728
-0.055262352 0.00580206123 0.140721544 0.920177281 0.364833504 -0.142022043
-0.0112226894 0.0390333666 0.219883733 -0.172247514 0.959892094 0.221218854
0.0446474169 -0.0369972525 0.101400031 0.266461343 -0.963743269 0.0140498802
0.00426660313 0.00478804505 0.317249339 0.00157529721 -0.0147116678 0.999890506
0.0276244992 -0.0399584001 0.0101465279 0.226253316 -0.938299298 -0.261541605
-0.0315013987 0.0293647251 0.107377518 -0.976524353 0.196165234 0.0889914706
-0.0239820809 -0.0154645206 0.314481687 -0.61170733 -0.547958255 0.570575058
-0.024477259 0.0415711324 0.00959702605 -0.147449255 0.955356538 -0.256032586
0.00884704124 -0.0383182615 0.220789234 0.0238246992 -0.977956891 0.207443371
-0.00553825997 -0.039936658 0.206718752 -0.0645098314 -0.991231978 0.115315616
-0.0220563827 0.0357478676 0.223103135 -0.235514879 0.933404744 0.270718098
0.0496784781 0.0365635661 0.10898427 0.317218155 0.948260486 0.0132181998
-0.052195448 0.0285326215 0.0735884957 -0.102790929 0.602421761 0.791531444
0.0591966008 -0.0261818159 0.025756587 0.825199485 -0.452727795 -0.337762266
0.0696090131 -0.0238664057 0.117305866 0.810989678 -0.584941924 0.0117719369
0.052896383 -0.0347899187 0.0665089107 0.330125779 -0.943936884 -0.000391867565
-0.029024075 -0.0181221362 0.00339036562 0.0454822406 0.130109742 -0.990455866
-0.0263817257 0.0187202609 0.30318004 -0.763459325 0.645210981 0.0288587026
0.0728927695 0.0182220627 0.120467182 0.938970268 0.343773037 0.0124436039
0.0309671979 -0.021174354 0.00306999223 0.00668995548 0.0668500885 -0.997740626
-0.0188210397 -0.0176189562 0.272980542 -0.728253365 -0.680682838 0.0794850215
-0.0143389277 0.0421550877 0.185217451 -0.11330051 0.993357599 0.0200892519
-0.0667949369 -0.00402848246 0.0276823335 -0.965661228 -0.0666157454 -0.251119047
0.0599368281 -0.0312084152 0.137147522 0.392596841 -0.919595838 0.0145329805
0.0419232578 -0.0379019052 0.0917458625 0.266267598 -0.963773787 0.0155421505
-0.0290561829 0.0356013716 0.114929224 -0.922296286 0.382921636 0.0523501784
-0.0560278964 -0.00264073328 0.00453722295 -0.747777581 -0.18783173 -0.636826515
0.0348030905 0.0391028584 0.206115768 0.251091719 0.967817128 0.0168222375
0.0378571071 0.0405318989 0.042031936 0.26039803 0.965498865 -0.00217669061
-0.0288406864 0.0413335045 0.0121025868 -0.148272902 0.978833914 -0.141065136
-0.00203040036 0.0356813357 0.23545933 -0.105965845 0.940071106 0.324094862
-0.0567783994 -0.0184679368 0.0112978388 -0.803028941 -0.327119917 -0.498133689
-0.0554519579 -0.00440230376 0.0891707375 0.903843641 -0.289047986 0.315464586
-0.0603453451 0.0261053277 0.0252049866 -0.818990171 0.461074859 -0.341562748
-0.0280368228 0.0369674375 0.139900352 -0.690488636 0.722952724 -0.023763407
0.0255884486 -0.0402315468 0.165440502 0.137191504 -0.990419149 0.0157575291
0.0200252426 -0.00777193789 0.00353387384 -0.023641821 -0.0230492931 -0.999454737
0.013678591 -0.0408007787 0.19496984 0.0683466569 -0.996581316 0.0464158393
0.0635675517 0.0296862148 0.057305112 0.661717176 0.746573627 -0.0689791441
-0.059452731 -0.0109701496 0.142422242 0.663773715 -0.739227474 -0.113785952
-0.000672447999 0.0315495156 0.301570657 -0.0889594927 0.995841861 -0.019626135
0.046452201 -0.0357634449 0.152290948 0.259305537 -0.965711355 0.0127303498
0.0495318655 0.0281703129 0.227473179 0.523387909 0.503401756 0.687496722
-0.0363281227 0.000179136171 0.0953675705 -0.979505658 0.0274840929 0.199533015
-0.0134082587 0.0434228507 0.101788126 -0.137266323 0.990386307 0.0171127431
-0.032645723 0.00950911282 0.131696645 -0.996760726 0.0788866878 0.0156559404
-0.0135947152 0.0439817107 0.0483749574 -0.0824319646 0.996492445 0.0144154839
0.0428996796 -0.0375309387 0.0979837566 0.266453177 -0.9637236 0.0154757649
-0.0367869482 0.0408538533 0.0417906612 -0.204482183 0.978582919 0.0237205029
0.0460989852 0.0382785912 0.0569539195 0.260383219 0.965490341 0.00538106076
0.0239120712 0.0411860448 0.193353203 0.127963617 0.991704226 0.0121687902
0.0457134182 -0.0313897021 0.218554849 0.35426715 -0.890470743 0.285581231
-0.0176741869 -0.0278594013 0.239814101 -0.308481991 -0.890818715 0.333587974
0.0269276824 -0.0125532457 0.313466816 0.77936244 -0.433323711 0.452575624
0.0397530351 0.0369981057 0.218123392 0.260169297 0.962127209 0.0813827366
0.0403653901 -0.0319987206 0.00434882179 0.410875827 -0.677170396 -0.610427201
0.0722391829 0.0202165559 0.097278488 0.93963021 0.34192431 -0.0135256778
0.07053656 0.0216733494 0.151860941 0.938347757 0.34039849 0.0602678135
0.0492831566 -0.0358885236 0.0840631191 0.320409834 -0.947170794 0.0143178999
-0.0652590245 0.0142849197 0.136673798 -0.000462013471 0.999592245 -0.0285510235
0.00316646104 -0.0386964908 0.218358902 -0.0279159024 -0.978491366 0.204390481
-0.0355541755 -0.00993806335 0.0952384165 -0.975248516 -0.108699791 0.192547828
0.0586600224 0.0319860991 0.183529485 0.393182188 0.919059336 0.0271626264
0.0742094658 0.00250177096 0.157928949 0.996106505 0.05984433 0.0647350848
-0.058301201 -0.0170091935 0.16349482 -0.0658276007 -0.934407175 -0.350071549
-0.00308986003 -0.04279385 0.118191858 -0.0211914163 -0.999688804 0.0131673682
0.0691603934 -0.0154779144 0.046945306 0.924186945 -0.336684346 -0.180339411
0.0202996031 0.0430381468 0.103931779 0.140893832 0.989951313 0.0120569887
-0.0314722326 -0.0030085379 0.300756404 -0.996241033 -0.0781858712 0.0372921862
-0.0463386692 0.00199261662 0.0811432866 -0.278124601 0.0064298939 0.960523486
-0.0685488316 0.0205785245 0.0555982435 -0.857730806 0.509403706 -0.0693223625
-0.0239368393 -0.0208798039 0.00331508415 0.087104246 0.151559666 -0.984602749
-0.0477626504 0.0303288401 0.214596671 -0.380959719 0.905816972 0.185378715
0.0719750016 -0.0189154135 0.134355291 0.928616703 -0.369396538 0.0348898992
0.0340801454 0.0407379417 0.102945257 0.204972669 0.978682637 0.0129140783
0.0215268132 0.0371084908 0.229692778 0.0905781463 0.910100341 0.404367357
-0.0656860907 0.000259833464 0.215808157 -0.951066017 -0.125894934 0.282176971
0.0266178459 -0.0166338611 0.252829596 0.768176675 -0.46703133 0.43793422
0.0677996621 -0.0250691038 0.149502195 0.816673994 -0.575717628 0.0399094187
-0.00868981165 0.0436035997 0.121774769 -0.0727810413 0.997261286 0.0131490305
0.0724141057 0.0192427923 0.126136851 0.938775361 0.343707621 0.0237867776
0.0709359193 0.0143327618 0.177398456 0.977043808 0.187454239 0.10122367
-0.0697362173 0.0102728417 0.187488823 -0.968119383 0.217412189 0.124405704
-0.0487878481 -0.0329949316 0.0523100272 -0.416759193 -0.889854312 0.185663894
0.0750387244 -0.00422684489 0.0800733225 0.995487332 -0.0686369464 -0.0655282587
0.0484492659 0.0346409467 0.213643186 0.313899457 0.94217968 0.117322125
-0.00120276732 -0.0389699484 0.00186755298 -0.0155469477 -0.524752915 -0.851112664
-0.0356869148 -0.0327374497 0.0791154851 -0.85660851 -0.390781432 0.336915106
-0.0570330126 0.0286163137 0.0211454103 -0.768113494 0.549151301 -0.329294086
0.0668677857 -0.0272267854 0.118963664 0.5896613 -0.807564318 0.0118114939
0.0548537145 0.0342449194 0.151138301 0.312918127 0.949667275 0.0146385441
-0.0256398573 -0.0121924339 0.00407698493 0.0501192659 0.00103869243 -0.99874264
0.0427312588 -0.0364079948 0.173916385 0.247308016 -0.968760908 0.0184672102
0.063134303 -0.00431475512 0.220993423 0.835712135 -0.0991566032 0.540141761
-0.00579998328 0.0435897197 0.13827518 -0.0708460137 0.997388482 0.0140408026
0.0429944598 0.0388442698 0.0858628909 0.262352377 0.964874625 0.0137095023
-0.070655709 -0.0134439857 0.089525187 -0.649021983 -0.754702032 0.0958918557
0.0197859476 0.00354788771 0.317755478 -0.0487426966 0.0176647305 0.99865514
-0.028511855 0.0388975587 0.202160427 -0.196737126 0.968330681 0.153721705
0.0339430982 -0.0392978187 0.126617441 0.20643343 -0.978348374 0.0148265325
-0.0700835729 -0.013447805 0.0507999561 -0.956048191 -0.273750097 -0.105036475
0.0589995674 0.0122465647 0.012518749 0.873326004 0.173907936 -0.455035985
-0.0137612505 0.0441571758 0.0269420896 -0.0702953264 0.997525573 0.00103683816
0.0434760401 0.0388785638 0.0728377191 0.262153685 0.964970469 0.0103698429
0.0186340333 -0.042754839 0.0194259271 0.142587364 -0.989281118 -0.0314918421
-0.0239737357 -0.0155673643 0.291454625 -0.75749284 -0.483939737 -0.438185692
0.0533895033 0.0313655008 0.219437769 0.417348504 0.819907308 0.391883135
-0.030056475 0.034484191 0.150365731 -0.907868147 0.401819378 -0.119651586
-0.012948963 -0.0428111835 0.0495158659 -0.0904792249 -0.995857716 0.00899259932
-0.00297029113 -0.015239318 0.0043446148 -0.0256114304 -0.0209092796 -0.999453187
-0.0103541596 0.0432708714 0.138226878 -0.0691276938 0.997523129 0.0130022895
-0.000653718348 -0.0428404683 0.118703671 -0.0223944709 -0.999650896 0.0140166972
-0.0232333501 -0.0141903765 0.287724157 -0.80800128 -0.524937272 -0.267534733
0.0697032588 -0.0165904125 0.179138615 0.920814157 -0.366341203 0.133773908
-0.039690654 0.036041537 0.194058622 -0.350818545 0.935412467 -0.0439324006
-0.0728933936 0.0111913056 0.105976334 -0.658646047 0.75045234 0.0548337474
-0.0448459809 0.0269879533 0.174254505 -0.45268172 0.804379344 -0.384776622
-0.00201336304 0.0427348939 0.188587989 -0.0246879086 0.999163985 0.0325856358
-0.0102425866 -0.0231499179 0.279467175 -0.365145206 -0.930925906 0.00678126467
0.0313346358 0.00741961614 0.299111174 0.963760614 0.214306265 -0.158865839
0.0688407072 -0.0250606524 0.108296944 0.812423348 -0.583049238 0.00467544096
-0.0323389677 0.0140321124 0.126404333 -0.995395064 0.0949905217 0.0128592225
0.0455951977 -0.0352108663 0.0171351766 0.404416442 -0.880342841 -0.247878507
0.0156596676 -0.00949881489 0.317272174 -0.0494147763 -0.0193504281 0.998590887
0.0715901624 -0.0198137043 0.0826779965 0.930837154 -0.363983363 -0.0325312987
-0.0646229501 0.00943209096 0.217181293 -0.948634088 0.163055927 0.27112022
-0.0234520596 0.0429982933 0.0437617772 -0.133267224 0.990910649 0.0183271747
0.0089738083 0.0424348316 0.196997811 0.0604927838 0.997879207 0.0240317043
0.0755160692 -0.00262177769 0.127444273 0.997773945 -0.0633183271 0.0209278893
0.0505184423 -0.0353887611 0.040638917 0.351136416 -0.936038792 -0.0231246352
-0.0295166327 0.00804887615 0.310441452 -0.951348901 0.156501159 0.265410632
0.0247624157 0.0338992782 0.233969103 0.217573196 0.851715207 0.476700276
-0.0260623964 0.0055510868 0.26687728 -0.972080767 0.153854534 0.177166045
-0.00668147069 0.0306157301 0.306390153 -0.183835268 0.978652596 0.0918895751
0.0607280698 0.0107512119 0.0152646678 0.873326004 0.173907936 -0.455035985
0.0113430631 -0.041565489 0.175980056 0.0765110776 -0.996866226 0.0200934131
0.0573893059 0.0340565289 0.0953798423 0.408985376 0.912478983 0.0106334835
-0.0336808637 0.0342689913 0.00117903237 -0.104511879 0.17498219 -0.979008913
0.0667156039 0.0197756966 0.0402683012 0.930907011 0.317728847 -0.18016775
0.0416356233 -0.00372269897 0.240907583 0.682420552 -0.0913902819 0.725224078
0.0278199953 0.039289929 0.00511663225 0.224750891 0.93181026 -0.284985572
-0.0615681853 0.0142475407 0.220872523 -0.799482822 0.273135513 0.534999311
0.0624012793 -0.030197553 0.065046911 0.618776381 -0.784841359 -0.0337631404
0.0482891495 0.0354039012 0.202399302 0.302949399 0.952294111 0.0368452109
-0.0291520631 -0.0381383564 0.192772527 -0.221517161 -0.972652674 0.0698352978
0.00538621304 -0.0426568608 0.12670951 0.0293336455 -0.999462843 0.0146161132
0.0392771069 0.0151894688 0.00332698062 0.000413059635 -0.0211144183 -0.999777019
0.00313601283 -0.0267107782 0.262791548 0.030180512 -0.982476652 0.183925912
-0.000887834755 0.043240852 0.166270637 -0.0212068837 0.999611616 0.0180765018
0.0462157936 0.0273369354 0.00393751363 0.622372329 0.405832767 -0.66929245
-0.0718307419 -0.0132434214 0.0819423034 -0.848202884 -0.527929723 0.0429187752
-0.0727226735 -0.00184338266 0.173924051 -0.983219504 -0.126618087 0.131329164
-0.0757741069 -0.00290894647 0.102333807 -0.996452391 -0.0838890895 -0.00674515497
0.0683060428 0.0255309611 0.148432748 0.83802706 0.544090211 0.0409476757
0.00486223263 0.0445132347 0.0488299792 0.0202220194 0.999765277 0.00777022587
-0.0246522172 -0.00973242789 0.267847145 -0.940411985 -0.285746098 0.18432197
-0.0577616135 0.0201072556 0.16692011 -0.00666277716 0.910310149 -0.413873315
0.0401467167 -0.0292281232 0.228835269 0.356615186 -0.719090462 0.596434951
0.050825762 0.0306792163 0.223603964 0.417348504 0.819907308 0.391883135
0.0514108353 -0.0353040346 0.060851012 0.330135763 -0.943929791 -0.00262809824
-0.0165484293 0.0302127792 0.242219427 -0.328441024 0.876158118 0.352807701
-0.0105390299 0.0406944681 0.210628376 -0.131364882 0.982417405 0.132662073
0.0712459912 0.0167541025 0.167046488 0.937149763 0.340476304 0.0763287991
0.0027314525 0.0383976858 0.00120690616 -0.005030639 0.157553643 -0.987497568
0.0230528018 -0.0420203844 0.0627860552 0.135404557 -0.990755558 0.00831849221
0.0294924321 0.0421072137 0.0244373109 0.19070968 0.979708493 -0.061653465
0.0667508445 -0.0143440225 0.201927957 0.944391847 -0.264710218 0.195070177
0.0483729005 0.037254288 0.0916423358 0.320298702 0.947198927 0.0149265695
-0.0548872176 -0.0078207129 0.00463861648 -0.756726563 -0.133184552 -0.640020907
0.0290361682 -0.00473047651 0.292732781 0.810816109 -0.0758764595 -0.580361903
0.00955421044 -0.0433707846 0.0497360781 0.0743587911 -0.997208536 0.00677372236
-0.0248572676 0.0204558571 0.299942222 -0.731409609 0.661656618 -0.165077537
0.00905868005 0.040429565 0.222579446 0.0263247341 0.976680636 0.213077515
-0.0145740234 0.0436336714 0.0704342751 -0.0901354328 0.995862961 0.0115112308
-0.00486515477 0.0342060275 0.0010862705 -0.0025644761 -0.0963994414 -0.995339453
-0.0728556224 -0.00847088478 0.0648084235 -0.975070596 -0.198713616 -0.0987424105
0.0238313515 0.0419876714 0.143776861 0.141302288 0.989870429 0.0137913739
0.0263525901 -0.00614674624 0.00336308573 -0.0220107753 -0.015425601 -0.999638736
0.0595759899 -0.027853659 0.196729319 0.645243168 -0.75350219 0.126077801
0.032024437 0.0247163721 0.241567771 0.467703372 0.602684379 0.646548629
0.0463301096 -0.0085863232 0.235637626 0.615008533 -0.192147776 0.764750779
0.0394252933 0.0397670449 0.0889212785 0.263387173 0.964573801 0.0149848778
0.0757326792 0.00116568663 0.120386213 0.998493791 0.0539396964 0.0100270947
0.0268198914 -0.0410135785 0.103975233 0.140673786 -0.989949644 0.0145096239
-0.0330525292 0.0361590259 0.168210118 -0.620051742 0.748025179 -0.23663117
0.0071583581 -0.0135903784 0.00400937768 -0.0308608785 -0.00450144941 -0.999513566
0.020798429 0.0241825346 0.306734453 0.604268074 0.774827063 0.185749948
-0.0473651418 -0.0360086975 0.0379188933 -0.382543445 -0.918629169 0.0988987237
0.00242545402 -0.0426244407 0.135242151 0.0307192728 -0.999418557 0.0147991916
-0.000344385244 -0.0419956582 0.172239917 -0.021467248 -0.999536574 0.021578934
-0.0475174669 0.0299719346 0.00677123809 -0.65632385 0.568758726 -0.495734483
0.0282260091 0.0421634268 0.0844306668 0.136565357 0.990559518 0.0119076837
0.0480650599 0.0375281414 0.0796992426 0.324119806 0.945972681 0.00906230044
-0.0338036259 -0.00268130364 0.113703752 -0.994786859 -0.0456830673 0.0911707729
-0.033211931 -0.000491621442 0.135378543 -0.998639405 -0.0432321839 -0.0291643906
-0.0556038892 -0.0227329283 0.212161714 -0.636485636 -0.736425996 0.229265749
0.0720216038 0.0202930693 0.0877178626 0.941411972 0.336188525 -0.0268481132
-0.0454439649 0.0204827931 0.00276514945 -0.0462360866 -0.125016838 -0.991076767
-0.00777138862 -0.040588227 0.199739468 -0.0912931189 -0.989207566 0.114603139
0.0550438359 0.0346795198 0.0459376421 0.488704145 0.871322811 -0.0443251617
0.0310699811 0.00794879144 0.298226048 0.963296473 0.206425548 -0.171605393
0.0300541887 0.0266307756 0.240781801 0.370900661 0.705349624 0.60408175
-0.0633350538 0.0200907668 0.205831895 -0.779284835 0.622448862 0.0726126581
0.0656894199 0.0135119697 0.212932603 0.945820093 0.167836338 0.277948111
0.0350876097 -0.0393595375 0.106368025 0.20642437 -0.978353143 0.0146310441
0.0254989958 -0.0131571033 0.291172787 0.781282425 -0.443384826 -0.439326495
-0.0740788736 -0.00874025101 0.0844009502 -0.939291418 -0.343089908 -0.00457544066
0.0397551756 0.0210160058 0.238689715 0.60706073 0.311858088 0.730904698
-0.0532189425 0.0288772674 0.201426608 -0.534543574 0.844547391 0.0316660069
0.0219137316 -0.0421100635 0.0716151923 0.136739403 -0.99058193 0.00704699708
0.070151067 -0.0225885752 0.0799555693 0.824067056 -0.565573335 -0.0322528258
-0.00537702939 -0.0369428356 0.22258399 -0.118655868 -0.959885955 0.254047036
-0.059348183 -0.0281674547 0.0502993424 -0.48747763 -0.85662806 0.168979108
0.0374387397 -0.00265751982 0.00318776762 0.00234438851 -0.0166081712 -0.999859273
0.0723824318 -0.0173778568 0.0794902995 0.932661176 -0.357405841 -0.0490343459
-0.0338726815 0.00961635807 0.108191528 -0.992339969 0.0820513889 0.092352204
0.0744690577 -0.012237512 0.110927138 0.97989589 -0.199498028 0.0021884793
0.044547408 -0.036545331 0.134077262 0.263756871 -0.964485466 0.01414504
-0.00380973493 -0.0424600099 0.141937323 -0.0182893053 -0.999738038 0.013761756
-0.0652319875 0.0128638775 0.212735275 -0.948779106 0.18327038 0.257351846
-0.0118881886 -0.0411993262 0.182889502 -0.0778232142 -0.99652493 0.0296937861
0.0281922599 0.0390508584 0.0048357508 0.20571962 0.836941957 -0.507156312
-0.0388497631 0.0403979305 0.0428171679 -0.204482183 0.978582919 0.0237205029
-0.0640496472 0.0188923505 0.0866140122 -0.37026307 0.837790549 0.401263326
-0.0307717889 0.0299322354 0.114601012 -0.979836881 0.192232326 0.0544651039
0.000760447273 0.0287277226 0.258575949 0.0545457378 0.979851544 0.192134812
-0.0194988485 0.0409914947 0.196727849 -0.128131822 0.989858329 0.0613403097
-0.0115397034 -0.022661486 0.275366875 -0.413387686 -0.910546303 0.00400079135
-0.0224306541 0.0419683884 0.0939550458 -0.252972901 0.966600537 0.0410852656
-0.0212970325 0.0353824172 0.224831371 -0.245424539 0.910903871 0.331693918
-0.0377458099 0.0179936518 0.16053884 -0.840451181 0.241180435 -0.485256404
-0.0446606574 -0.0262060243 0.00262258823 -0.395953566 -0.197244644 -0.896836281
-0.0731538651 0.0125226744 0.0806454436 -0.885185003 0.464448869 0.0271082204
-0.0642841921 0.0187361459 0.0867237229 -0.37026307 0.837790549 0.401263326
0.00135617778 -0.0429387126 0.114908132 -0.0223944709 -0.999650896 0.0140166972
-0.0253742624 -0.0221189072 0.244759147 -0.504147589 -0.756787002 0.416063279
0.0287971421 -0.0325452754 0.00185720879 0.0457945056 0.0335210636 -0.998388231
0.0250123522 0.0171312864 0.293265453 0.656710923 0.481026441 -0.580813587
0.0566581308 0.0345002076 0.0798753832 0.422260702 0.906473935 0.00101977831
0.0739439445 -0.0121789639 0.138774401 0.978505254 -0.202952594 0.036574509
0.00533625923 0.0342718817 0.240216148 0.000983266742 0.942668796 0.333728343
-0.0390768529 -0.0307648642 0.0745193482 -0.772582114 -0.440640688 0.457113445
-0.0113543949 0.0174914862 0.316635748 -0.0312083699 0.0832552537 0.99603951
-0.049385675 0.0346364976 0.0679324499 -0.388294697 0.892978609 0.227632061
0.0459015799 -0.0281841028 0.225401023 0.438172072 -0.716649771 0.542603314
-0.00776352189 -0.0209152357 0.316231468 -0.030786613 -0.0909316614 0.995381057
0.0655540372 -0.0141252132 0.029485178 0.944038928 -0.200319797 -0.262035221
0.0529853811 -0.0144496937 0.00523271079 0.687567294 -0.246807665 -0.682888806
0.0207964808 -0.0403701418 0.188694327 0.130770877 -0.99052918 0.0418432467
-0.0574787454 -0.013742899 0.0100279 -0.835315228 -0.230470076 -0.499131173
-0.0756272106 -0.000685471273 0.1340657 -0.992259562 -0.122721575 0.0189877655
0.0694799743 0.00148385122 0.200367899 0.984294772 0.0421181954 0.171434373
0.00167758143 0.043771675 0.135200444 0.0304731298 0.999425292 0.0148472534
0.0271283249 0.040960114 0.18026416 0.188795611 0.981828868 0.0191906411
-0.0734687514 0.0110380374 0.0941610979 -0.858371437 0.512109816 0.0306934938
-0.0495746324 0.0366253545 0.0568561656 -0.341431558 0.93733269 0.0695121884
0.0200853468 -0.0398960415 0.200379491 0.127192408 -0.989034534 0.0750528201
0.0458800183 -0.0363687041 0.121450994 0.26497829 -0.964156687 0.0137211718
0.0677647993 -0.0165241338 0.191840658 0.913480937 -0.376569927 0.154102683
0.00576894294 -0.0105945941 0.00399392655 -0.0317621529 -0.0382519215 -0.998763204
-0.0723454006 -0.00551611458 0.170904716 -0.951706409 -0.292835593 0.0922070295
-0.00270569635 -0.0435334833 0.0424651205 -0.0384953469 -0.999127686 0.016189076
-0.0503907503 0.0368379577 0.031607959 -0.391271085 0.918759644 -0.0527979359
0.0397996528 -0.0317258462 0.00363941366 0.437251747 -0.685547948 -0.582095265
0.00521281724 -0.0364142802 0.227904675 -0.0707420632 -0.950095654 0.303831905
0.0455160142 -0.0371749075 0.0745362511 0.263768435 -0.96451658 0.0115719223
-0.00805339699 0.0439701182 0.0963562277 -0.0831734613 0.996465623 0.011770471
-0.0215000687 0.030986495 0.2357928 -0.313924789 0.8763749 0.365264624
0.015291179 -0.0399447322 0.206028686 0.0678237304 -0.994676292 0.0775829554
0.0181582757 0.0416233743 0.00719328313 0.123420827 0.961021781 -0.247395188
0.0708655426 -0.00662717752 0.187153339 0.988315523 -0.0810278058 0.129100278
-0.00486950844 -0.0289200744 0.24921768 -0.233646676 -0.947733164 0.217280835
-0.0589495396 0.0109857484 0.133016573 0.743888915 0.664228737 -0.073685281
-0.0388090494 0.0344465704 0.179882707 -0.625208199 0.744409978 -0.234453991
0.0316356308 -0.0395864334 0.139378944 0.205218956 -0.978585482 0.0159846582
-0.00320050284 0.0327659049 0.243930476 -0.0857370719 0.948614717 0.304596752
-0.0030111556 0.0436398937 0.139817097 -0.0159364194 0.999771118 0.0142733119
0.0737645412 -0.0152292087 0.11969977 0.927800596 -0.37289387 0.0116671417
-0.0418341499 -0.0369349314 0.0521568363 -0.447800457 -0.886799574 0.1142864
0.00735954533 0.0309301962 0.304440952 0.158527046 0.974940419 0.156078249
-0.0412932677 -0.0386763379 0.0358234897 -0.356545806 -0.931485116 0.0721835867
0.00463380515 0.0213937931 0.316737534 0.0293611288 0.0792107657 0.99642539
6.67616879e-05 0.0416898411 0.211170843 -0.0793201923 0.991596162 0.102202892
0.000782527972 0.0396316678 0.22476744 -0.0473797545 0.976412892 0.210649177
0.00978044933 0.0139491 0.00400301644 -0.0339763351 0.000994252972 -0.999422252
0.0334501323 -0.0400046426 0.0866803357 0.203227311 -0.978993595 0.016436398
0.0270452522 -0.0218290915 0.00306129147 -0.023928538 0.0777000412 -0.996689558
0.0268449285 -0.01629815 0.25278929 0.768176675 -0.46703133 0.43793422
0.0187008403 -0.00506948427 0.0035149439 -0.0220107753 -0.015425601 -0.999638736
-0.0339814039 0.0114106802 0.105560941 -0.988262117 0.082102336 0.128830627
0.0404960796 0.0279657927 0.00259843992 0.146076933 0.053676635 -0.987815976
0.0634963607 -0.00473557004 0.220361754 0.829907954 -0.107575037 0.547430873
-0.0143075726 0.000330005186 0.316939314 0.00854968466 -0.0126630319 0.999883294
-0.057050405 -0.0110403995 0.153064026 0.616659164 -0.746569097 -0.249732196
0.0754907131 0.00664370316 0.0983646565 0.998422027 0.0541085713 -0.0150242122
-0.0373960975 -0.015977903 0.0870509742 -0.921346128 -0.163454965 0.352708936
0.00397848289 -0.0285267759 0.293308249 0.148819864 -0.797413409 -0.584794402
-0.0276544619 0.0150264408 0.308824115 -0.843991995 0.449206203 0.293071896
0.00190470637 0.0444222022 0.0194644169 0.0223019887 0.998818099 -0.043185655
-0.0330312216 0.0105982939 0.249102277 -0.773061812 0.206530839 0.59976697
-0.0366209665 0.0364206597 0.205207007 -0.256270468 0.955357075 0.147032142
-0.0318903235 -0.0157252832 0.13711833 -0.991928577 -0.123359494 -0.0293287039
-0.0370185535 0.0375073443 0.0757439255 -0.732405901 0.584487021 0.349222869
-0.0625169014 0.0131077346 0.115466586 0.471263647 0.881868184 0.0148053616
-0.0199974948 -0.0414245738 0.0836260919 -0.16505903 -0.986183524 0.0140527626
-0.0501288798 -0.0244313301 0.00598465864 -0.684740007 -0.424511969 -0.59238553
-0.069712555 -0.0160285575 0.0541489866 -0.956048191 -0.273750097 -0.105036475
0.0680842849 -0.023089442 0.167080691 0.814702749 -0.576717138 0.0604720078
-0.0275471116 -0.00862985269 0.315194108 -0.868742228 -0.227921903 0.439702719
-0.0281699129 0.0418472727 0.0653211629 -0.190328225 0.981299937 0.0287327822
-0.068530107 0.020383794 0.0539356147 -0.857730806 0.509403706 -0.0693223625
0.0738049728 -0.0153553951 0.104644363 0.929044425 -0.369909316 -0.00659701694
0.0571115229 -0.031835939 0.0380050192 0.51004684 -0.857253313 -0.0704905763
-0.0193252207 -0.0154845802 0.316310283 -0.116165981 -0.187256873 0.975417972
-0.0748377615 0.00812635927 0.0992371465 -0.950546503 0.310541928 0.00499004172
0.0388201856 0.0386050543 0.17548855 0.249608725 0.968153715 0.0193337984
-0.0137547049 -0.0410451226 0.18296793 -0.119250119 -0.99250865 0.0265699793
-0.0545984539 -0.0317760153 0.04341557 -0.434155554 -0.894587874 0.105932049
0.0640848856 0.0306591488 0.102988583 0.616111875 0.787628531 0.00688445289
-0.00176335784 0.0443886923 0.069440171 -0.0330432877 0.999427617 0.00725516025
-0.0602405932 -0.0117012399 0.142637743 0.650259078 -0.752113044 -0.10718786
0.00615447983 0.0389572124 0.227521174 -0.0488204323 0.941076696 0.334650934
-0.0233724728 0.0212801079 0.25241382 -0.635713279 0.686553895 0.352862984
-0.0151868321 -0.0420775465 0.0927648453 -0.156789333 -0.987441182 0.0194162857
-0.0592774487 -0.0216901974 0.179451029 -0.598633051 -0.783007324 -0.16893208
-0.00366245043 0.0424676707 0.194778502 -0.0414453708 0.99817121 0.0440053046
-0.0319902158 0.0241078952 0.111229996 -0.985429108 0.144363284 0.0899363905
-0.0707681437 0.016984402 0.0762081847 -0.790282786 0.606245995 0.088989228
0.00363116747 0.0444192555 0.0640193008 0.0199146215 0.99977541 0.00724129751
-0.00115633492 -0.0404894104 0.203955631 -0.0389985889 -0.994516969 0.0970316157
-0.040439566 0.0178586338 0.0828012351 -0.816811442 0.173011899 0.550350785
-0.041222539 -0.0388383881 0.0293771524 -0.313372582 -0.949543178 0.0128633939
-0.0742292115 0.00198661751 0.161155086 -0.995043337 0.0368912108 0.0923458785
0.0313802424 0.0301159765 0.235935318 0.368905663 0.701096952 0.610222578
-0.0332428504 0.000406166584 0.128053647 -0.999319494 0.0331798382 0.0161135383
-0.0519130355 -0.0280781368 0.193762777 -0.593675256 -0.803850949 0.0370598659
0.0283260346 0.0419223906 0.018219414 0.199940115 0.977064729 -0.0732700154
-0.0443936071 0.0387934766 0.0493366504 -0.275107205 0.959918499 0.05359504
-0.0201326927 0.0408066364 0.198386935 -0.128131822 0.989858329 0.0613403097
-0.0753375236 0.00403129919 0.139272913 -0.984079897 0.17388849 0.036737334
0.0482117253 0.00304565072 0.00335121361 0.137723699 0.0220428072 -0.990225315
0.00685490349 -0.00237505452 0.317187359 -0.00641378853 -0.00569470925 0.999963224
-0.0616954576 0.0296230783 0.0479527545 -0.737274885 0.670643985 -0.0816239119
0.0705606842 0.0197010525 0.162127063 0.937666178 0.340695262 0.068621859
0.0199973982 0.0435905593 0.0277375256 0.123891607 0.992286623 -0.00427131169
0.0498684782 0.0369999255 0.0644271204 0.335415691 0.942067742 -0.00213478762
0.0677978171 -0.0259442396 0.0786731366 0.824067056 -0.565573335 -0.0322528258
0.0597081561 -0.0314658215 0.126704685 0.391957611 -0.919874609 0.0141342431
0.0117971832 -0.0403613079 0.203642185 0.0577372871 -0.994696438 0.085120514
-0.031743283 0.0196267905 0.135573611 -0.992973924 0.113310777 -0.0341070779
0.0239243838 0.0344174128 0.00131374116 0.038304124 -0.0115926322 -0.999198914
-0.0275254001 -0.0364795015 0.109855525 -0.719433844 -0.691463292 0.065524742
0.0506293602 0.0358827485 0.134329482 0.316874176 0.948369801 0.0136164147
-0.0544492623 -0.0265188617 0.0147506125 -0.773890316 -0.461091965 -0.434151858
-0.0137687854 0.0377049514 0.223263256 -0.188962385 0.951832712 0.241469741
0.0266784669 -0.0414634637 0.0701001912 0.135404557 -0.990755558 0.00831849221
0.0244258212 -0.028479828 0.240268885 0.37985155 -0.74096328 0.553792655
0.00696706469 -0.0343034679 0.234959341 0.00638198573 -0.951427877 0.307805449
0.00858196069 0.0343142286 0.239363061 0.0893197954 0.92522794 0.368748307
0.061614047 -0.0142012103 0.219447307 0.764427483 -0.413583845 0.49456957
-0.0338983106 -0.0197278054 0.0966306441 -0.968899667 -0.168679282 0.181054607
-0.0296739746 0.0359799201 0.215410649 -0.221650243 0.947475195 0.230568543
-0.000686186975 -0.0438320406 0.0317784668 -0.0372476801 -0.998885393 0.0289937314
0.0621813263 0.0319048084 0.0774717052 0.431698769 0.901972175 -0.00907315034
-0.0318268261 0.0349399548 0.161915541 -0.843328238 0.462245852 -0.274091691
0.0166237061 0.0438947487 0.02378805 0.0709884986 0.996314228 -0.0481522344
0.00837555847 0.0439508959 0.106772645 0.0302900467 0.999460876 0.0126686124
0.00190570739 0.0442831211 0.0931523625 0.0274576116 0.999563456 0.0109074851
0.0509772051 0.0359161284 0.124200724 0.316817909 0.948381841 0.0140808234
-0.00901174407 0.0442300389 0.059460692 -0.0330433138 0.999399126 0.0104676848
0.0720845721 -0.0178226338 0.143083703 0.929069996 -0.366758555 0.048136998
-0.0273537806 0.0398797308 0.195278847 -0.162810132 0.98466289 0.0627050102
0.0729149135 0.00812409639 0.169508892 0.977926791 0.187870547 0.0914538726
-0.0682420452 -0.0130348045 0.175729217 -0.797026575 -0.603756249 0.0150611531
-0.0412660006 -0.0383651439 0.0399897991 -0.374211878 -0.9246068 0.0711883083
-0.0436980912 0.00625177757 0.0819956481 -0.6071437 0.0990645215 0.788392544
0.069433171 0.0170846025 0.183917013 0.936757743 0.333593488 0.105831601
0.000485599195 0.0263685374 0.288697014 0.0435456894 0.861895919 -0.50521189
-0.0480354049 -0.0343374281 0.0477916382 -0.447227657 -0.881557882 0.15113911
0.0321874924 -0.0366693477 0.21336235 0.192501917 -0.973242879 0.125464275
0.0533374904 0.0356060252 0.08957492 0.321725965 0.946749151 0.0125863096
0.0423894557 -0.0363722396 0.179691324 0.247195646 -0.968574047 0.0275438819
-0.055744528 0.0252768327 0.184744994 -0.484203011 0.859774411 -0.16228193
-0.00741017841 -0.0225348492 0.316095383 -0.0367089882 -0.0909371004 0.995179772
0.0266994857 -0.0179433296 0.301689256 0.751050651 -0.659455538 0.0322683938
0.0363537303 0.0384610591 0.211780159 0.249501184 0.964170158 0.0901393741
0.073752003 0.011389979 0.149035532 0.980483949 0.189676344 0.0517091379
-0.063851473 -0.0141480455 0.210039184 -0.871131241 -0.419645369 0.255006164
-0.0556333338 -0.00200178386 0.129634996 0.97849685 -0.190322801 -0.0795058087
0.0276515695 0.04198114 0.104805983 0.140893832 0.989951313 0.0120569887
0.0391376681 -0.0388956594 0.0765435693 0.263895571 -0.964483857 0.0114062466
0.0373462108 0.039561711 0.137905661 0.206061035 0.978440404 0.0138997892
-0.034777358 -0.0319112061 0.0824841519 -0.889581144 -0.365630239 0.273788273
-0.0292626981 -0.0336230362 0.107142958 -0.908544838 -0.409666002 0.0819755346
0.0252718082 0.0329489868 0.00148246332 0.0265896097 -0.103070214 -0.994318664
-0.0608564018 -0.0130425995 0.0907775173 0.552766502 -0.803440154 0.221208274
-0.022735061 0.0166515531 0.262584195 -0.761899173 0.588743627 0.269982874
-0.0226916587 0.0407489258 0.139127229 -0.410419494 0.911850214 -0.00921946578
0.0126162611 0.0230380366 0.278954179 0.435644388 0.89987433 0.0209822077
0.0669787352 0.0143593967 0.206800876 0.971107721 0.174863786 0.162395909
0.0703254557 -0.0227459099 0.123719656 0.811622977 -0.58383745 0.0200536344
0.0365049648 -0.0247360319 0.00278386528 0.0149456272 0.0947622135 -0.995387673
-0.0394184493 0.0404232637 0.0347812835 -0.240456492 0.97065866 0.00155894225
-0.0328836138 -0.0351973257 0.17012982 -0.575607598 -0.759384394 -0.30333361
0.0569644852 -0.0264914971 0.210654544 0.638415813 -0.721504331 0.268060982
-0.0309631858 -0.00652228919 0.29899762 -0.968508899 -0.184470877 -0.167215124
-0.0246406419 -0.0268789853 0.235945766 -0.35244903 -0.830066562 0.432168067
0.00396132371 -0.0429435303 0.109124898 0.0287200194 -0.999498546 0.0133358585
0.0120188186 0.0442839478 0.0255856079 0.0699819699 0.997546136 -0.00206383644
-0.0673158919 -0.00919913491 0.201066178 -0.945771575 -0.281511694 0.162071824
0.0613948209 0.00564568814 0.224324459 0.837321579 0.0186291132 0.546393275
-0.00479104131 0.0443016584 0.0676570321 -0.0328524895 0.999435186 0.00707886508
-0.0469397396 -0.0122174422 0.0776693112 -0.121276677 -0.334925115 0.934407353
-0.0574357674 -0.00610384787 0.121402563 0.913523972 -0.405283511 -0.0349153839
-0.0667554073 0.0168188165 0.188398858 -0.837336659 0.545029938 0.0425397344
0.0587612216 0.0323727695 0.166317131 0.396129787 0.918046236 0.0165013392
-0.0166383263 -0.0253636591 0.00287942345 0.0510748699 0.239184484 -0.969629943
0.0663635653 -0.0270630371 0.144021442 0.594491422 -0.80373174 0.0243970696
0.0272158229 0.0426844219 0.0410175069 0.125279039 0.992098987 0.00669343164
0.00596498842 -0.0433369721 0.0630193379 0.0155623974 -0.999848604 0.00779092731
-0.0576319174 0.00754060635 0.0996863054 0.914387643 0.402860701 0.0399825275
0.0668418557 -0.0199910625 0.0434459374 0.925069988 -0.333055079 -0.182537109
0.025814384 0.000978131517 0.278087932 0.998350203 0.0527197458 -0.0227468442
0.0101566727 0.0420553264 0.207403352 0.0431174561 0.998517573 0.0332193114
0.0280710978 -0.0394584306 0.183678175 0.190862 -0.981275141 0.0258993879
0.041241916 0.0392939237 0.0875510021 0.262340009 0.964828968 0.016816562
-0.0128326803 0.043483301 0.102906544 -0.137266323 0.990386307 0.0171127431
-0.00613174453 0.0276098285 0.260836957 -0.180132657 0.964996338 0.190615773
0.0247717586 -0.035334699 0.227303224 0.197686061 -0.931884408 0.304157287
0.0242076927 0.0114803788 0.2837247 0.931510806 0.338222206 -0.133765981
0.0339858327 -0.0402442224 0.0398272857 0.196334824 -0.980532527 0.00292353681
0.0229286866 0.0140189216 0.316553251 0.201818302 0.217932492 0.954869092
0.00503242777 0.044446754 0.02165364 0.0240107495 0.998696506 -0.0450425856
-0.0540998844 -0.0154867445 0.225782996 -0.554507613 -0.494050622 0.669653118
-0.0601639781 0.0234745582 0.208430261 -0.688502967 0.7238397 0.0449401475
-0.0421131876 -0.035773925 0.0588743625 -0.548427105 -0.823104441 0.14739947
-0.0112181333 0.0423763683 0.186043931 -0.0709824562 0.997204363 0.0233464185
-0.0333720523 0.0126700421 0.148240394 -0.968481541 0.0937215313 -0.230781108
-0.0588888658 -0.00842983579 0.101197072 0.868818462 -0.493464351 0.0405871794
0.070626147 0.0230336454 0.130026487 0.833996952 0.551347315 0.021567747
-0.0383881663 0.0230510888 0.00233515973 0.0359982103 -0.178080752 -0.983357251
-0.0401237076 -0.0104972501 0.161379032 -0.546467483 -0.190310046 -0.815570593
-0.0677534445 0.0139191529 0.194564594 -0.933948874 0.342513442 0.102098383
0.0236555376 0.0197060721 0.255748036 0.60288471 0.674017012 0.426885486
-0.0439745989 -0.033408511 0.0625130406 -0.521473646 -0.817251921 0.245284513
-0.0636625005 -0.0108573426 0.0212723555 -0.920767725 -0.151301578 -0.35957551
0.0703679207 0.0234387758 0.129655163 0.833996952 0.551347315 0.021567747
-0.0115691733 -0.0414419274 0.174032532 -0.0731431544 -0.99711144 0.0204656012
-0.018421803 -0.0178519678 0.00407029637 0.0441526584 0.0580382608 -0.99733758
-0.00748136907 -0.0431185567 0.0615509067 -0.0421615839 -0.99907136 0.00888225809
0.0177291853 0.0199858021 0.271453051 0.611270845 0.78714186 0.0821913332
0.0732437135 -0.00702816442 0.166083655 0.994070709 -0.0679125935 0.0849196687
0.0186651523 -0.042039682 0.111478303 0.0792905316 -0.996750116 0.0142201381
0.030481469 0.00950389469 0.296793157 0.963296473 0.206425548 -0.171605393
-0.0310745075 -0.0130409045 0.00383965032 0.0581321828 0.0429534018 -0.997384429
-0.0097118122 -0.0281235167 0.247285154 -0.292238444 -0.920727432 0.258568555
0.0648187946 -0.0245734153 0.184761992 0.817054331 -0.562170863 0.128008649
0.043248637 -0.0354717239 0.0142459401 0.441208005 -0.844296336 -0.304136992
0.0618439296 -0.0303969961 0.136972533 0.392596841 -0.919595838 0.0145329805
-0.0669302778 -0.0142634654 0.0979657276 0.0682579502 -0.990148365 0.122258604
-0.0230279852 0.0431047114 0.0222097889 -0.117893592 0.992092907 -0.0430437885
-0.0592202667 -0.00902498644 0.100509852 0.807396472 -0.588502169 0.0421433784
0.00413568774 -0.0289533874 0.312175021 0.155760914 -0.916677773 0.368022442
0.0433753282 -0.0235140234 0.231446351 0.52097708 -0.475603491 0.70879066
0.0616324379 -0.0310794256 0.0801332249 0.409615964 -0.912247658 0.00435735052
0.074042903 -0.00960809347 0.0743968326 0.978276253 -0.196830809 -0.0650626644
-0.0148987795 -0.0419507991 0.104373836 -0.139432207 -0.990186036 0.00950521883
0.0311220994 0.0347664226 0.00198202399 0.13965182 0.251729548 -0.957668841
0.0444787792 -0.036041041 0.169269024 0.249142244 -0.968365431 0.0140194241
-0.0288829518 0.0417630517 0.0151275845 -0.148272902 0.978833914 -0.141065136
-0.0322138804 0.0239445752 0.109041472 -0.985429108 0.144363284 0.0899363905
0.00290348918 0.0437371381 0.1350083 0.0306181442 0.999422789 0.0147160823
0.057844247 -0.0280069764 0.202438961 0.639235079 -0.744350433 0.193186447
0.0398360472 0.0395961388 0.0242563378 0.272268593 0.958407402 -0.0855858177
0.00723642291 -0.00932817975 0.317150213 -0.00641378853 -0.00569470925 0.999963224
-0.00744575021 0.0382036197 0.225902628 -0.187970668 0.932937086 0.307075471
0.0695972241 -0.0189727858 0.172550875 0.926887155 -0.364843369 0.0881445557
-0.0506427761 0.00272203895 0.00302941882 0.0165056884 0.0213683359 -0.999635458
-0.0706533892 0.0151783686 0.0552656427 -0.963273942 0.242455661 -0.115405187
-0.0291456336 0.0398169185 0.177139189 -0.250439882 0.968024135 -0.0144591089
-0.0561938494 -0.00449877141 0.130220874 0.953528881 -0.29138115 -0.0766796321
-0.0138031592 -0.0387754998 0.208908005 -0.120119005 -0.977197468 0.175090104
-0.0193006858 0.0435295962 0.0442109466 -0.124235928 0.992171407 0.0126971556
0.0239554717 0.0422096371 0.127170905 0.141926497 0.989777386 0.0140523193
-0.038176696 0.0102552431 0.158406763 -0.777479649 0.1524055 -0.610162139
0.0686482737 -0.025322356 0.108785997 0.81103611 -0.584960759 0.00643343339
0.0048603964 0.0424760981 0.197381247 0.00812540017 0.999422133 0.0330055654
-0.0218178035 0.0431956845 0.0449728747 -0.133267224 0.990910649 0.0183271747
0.000662942489 0.0397628486 0.00172635628 -0.0115568191 0.498509109 -0.866807401
0.029203191 0.0145443564 0.300806493 0.933153391 0.357217669 0.0402531512
-0.0497474108 -0.0307165129 0.0597151427 -0.425797969 -0.856369913 0.292107135
0.0380190805 0.0392992732 0.146587378 0.20518899 0.978633583 0.0131837958
-0.0224041819 0.0430419286 0.0490906455 -0.133269951 0.990970612 0.0147136291
-0.0466404353 0.0155666443 0.163440832 0.0937286615 0.45462656 -0.885736763
-0.0560250524 0.0117332002 0.152706787 0.806935489 0.520085216 -0.279939979
-0.0466952665 0.0194106328 0.00287619363 -0.0188301057 -0.0808217674 -0.99655062
0.0416421291 -0.0383305462 0.057855735 0.262804478 -0.964848816 0.000806189084
0.0472729945 -0.0057358659 0.235540981 0.632150471 -0.0885581747 0.769768238
0.0546676015 0.0342505854 0.156438331 0.312944382 0.949720383 0.00984892808
-0.0573276881 -0.0054171409 0.0996053955 0.929134786 -0.368045896 0.0353677571
-0.0667130763 0.00446162666 0.211653026 -0.960240781 0.051280167 0.274423033
-0.0543266627 -0.00475985484 0.148262597 0.942088127 -0.308521718 -0.131469697
0.0266718877 0.0215411418 0.249501577 0.538005471 0.644506395 0.543287814
0.0185838346 0.022296779 0.259296854 0.581302941 0.770999908 0.260088563
-0.0114066012 -0.0431097024 0.0407229885 -0.0836630911 -0.996350706 0.0169053413
0.0604328584 -0.030938127 0.0534319444 0.64180088 -0.764259517 -0.0632369965
0.0327075528 -0.0245215441 0.238465954 0.520887136 -0.57664448 0.629410625
0.0217431368 0.0149968161 0.274982041 0.87617445 0.475419015 0.0793415681
0.056845828 0.0323470714 0.195286483 0.395515829 0.917739511 0.036351677
-0.0679175859 0.0099687763 0.20150333 -0.968245387 0.204793811 0.143388882
0.0223474267 -0.0384128076 0.00264214192 0.13026312 -0.431636691 -0.89259249
0.06688819 -0.0196772643 0.0431082016 0.925069988 -0.333055079 -0.182537109
-0.0626053471 -0.0253876963 0.0361796524 -0.825088263 -0.561546206 -0.0624119118
-0.0371793651 0.0339141036 0.215453877 -0.272329837 0.929280579 0.249547556
0.00510741627 0.0388599139 0.227642037 -0.0488204323 0.941076696 0.334650934
-0.0736418373 -0.00709347355 0.141887927 -0.902676642 -0.428352952 0.0410929099
0.0315815325 0.00320849029 0.297310952 0.981914401 0.0626021102 -0.17867592
-0.000572973022 -0.0145491596 0.316982094 -0.0169503372 -0.0891055167 0.995877922
0.0270942912 -0.00126783118 0.00326985421 -0.0222407542 -0.015970422 -0.999625027
0.038884962 -0.0299006988 0.00285505074 0.180976674 -0.0783184394 -0.980364084
-0.0118821228 0.0422975007 0.00727299625 -0.0724272728 0.968747854 -0.237237617
-0.0729927334 -0.00513317631 0.061414234 -0.985849142 -0.0873224959 -0.14309527
-0.0604719001 0.00721497727 0.0128782777 -0.890873432 0.0483131297 -0.451675087
-0.0271297371 -0.0415998696 0.0328258989 -0.147240669 -0.988933742 0.0181752983
-0.0241998727 -0.0250705013 0.00243831153 0.0907523707 0.215713128 -0.972230375
0.0478507939 0.0373296986 0.097572738 0.263385952 0.964567363 0.0154172489
-0.0320452058 -0.0199424576 0.111189575 -0.983305931 -0.159129679 0.0882455483
0.0508391144 -0.0322140835 0.202505999 0.460616082 -0.876182854 0.1419034
0.0747958176 0.0113857117 0.107551098 0.983080745 0.183148444 0.00297911232
0.012371377 -0.0175433544 0.00377674861 -0.0363992229 0.0732897595 -0.996646225
0.0526586871 0.0300412114 0.222482583 0.618646324 0.633261144 0.465034515
-0.0238849594 0.0403746031 0.121345062 -0.443894833 0.89562726 0.0284468904
0.0646089242 0.0293645752 0.147439129 0.616801918 0.786651969 0.0270910878
0.0267645589 0.0078127746 0.262623832 0.928314269 0.19747667 0.315016627
0.0194318711 0.0429691678 0.0153516132 0.123541541 0.982587874 -0.138775408
0.0578595215 -0.0106878103 0.0104723986 0.843178272 -0.187572137 -0.503852189
-0.0277700266 -0.0296235017 0.228179635 -0.29903388 -0.84945327 0.434750497
0.0752308336 0.00635113272 0.13173358 0.998092353 0.0574657172 0.0225682538
0.0691305445 0.0225259099 0.0604267276 0.862227857 0.489437252 -0.13043882
0.0154353626 -0.00431145893 0.317361592 -0.0494147763 -0.0193504281 0.998590887
-0.0540389242 -0.0320353454 0.0236790218 -0.664634526 -0.693469763 -0.278137863
-0.00116272158 0.0285105369 0.313933295 -0.0332999602 0.489977628 0.871098816
-0.0256947589 0.0392412724 0.141024388 -0.690488636 0.722952724 -0.023763407
0.066345139 0.0106172917 0.028836401 0.947762072 0.184776187 -0.260009378
0.0254013721 0.0266230824 0.00246061496 -0.0215787143 -0.176940292 -0.983985007
0.0150706099 0.0153189326 0.316968977 0.0149295377 0.134411901 0.990813017
-0.0750254283 -0.00210514531 0.0776527685 -0.992826998 -0.090192534 -0.0784846544
0.0701274934 0.0124103987 0.0470963661 0.966113508 0.178827673 -0.186132699
-0.0729036732 0.0096347624 0.151940661 -0.840710163 0.540768743 0.0278462991
-0.0526444694 -0.0168307556 0.225895621 -0.523446321 -0.544503748 0.655377388
-0.0263835102 -0.00542651186 0.26401003 -0.96529299 -0.184288457 0.185059994
-0.0254060302 0.0406768602 0.186368664 -0.154306412 0.987974048 0.00983851869
0.0690973126 0.00123916997 0.0354039168 0.962952912 0.0564721487 -0.263690531
-0.055976741 0.00414897026 0.0941910698 0.970688999 0.165767282 0.174022809
-0.0239304606 -0.0399851194 0.0987309602 -0.455307543 -0.88810873 0.0629108772
-0.0221425672 -0.0222710687 0.248824831 -0.515237153 -0.787884414 0.337296307
-0.0733187186 0.00131581167 0.0609222228 -0.988145471 0.0545398071 -0.143506184
-0.0344321905 0.00478252438 0.106216259 -0.99290818 0.0749300495 0.0922985971
0.0425928196 0.0377994479 0.165978064 0.251909137 0.967607737 0.0166466162
-0.069779824 0.0133047798 0.149220537 -0.700723231 0.713295639 -0.0140159335
-0.0598787714 0.0117354168 0.130662656 0.720642209 0.69010675 -0.0665402636
-0.000995181546 0.0427110897 0.190089287 -0.0246879086 0.999163985 0.0325856358
-0.0468261691 0.00882712829 0.15996792 0.348820686 0.273960918 -0.896253049
-0.0360533482 -0.0169525705 0.15915523 -0.8254655 -0.220350757 -0.519665539
0.0164029329 0.0212314608 0.285523519 0.58732152 0.781603873 -0.210116491
-0.00651271047 -0.0350791267 0.227825445 -0.172261834 -0.928055942 0.330209106
-0.0373230137 0.0209265478 0.161287229 -0.721794486 0.304676443 -0.621437907
-0.0115804461 -0.0422141858 0.00951847333 -0.0850772858 -0.965263963 -0.247037143
0.000101313941 -0.0262418056 0.266810368 0.0541373827 -0.989476323 0.134185895
0.00829368061 -0.0421092712 0.156211108 0.0303584393 -0.999395311 0.0169529784
-0.0415262084 0.039868552 0.0368933128 -0.240428939 0.970448494 0.0205844622
0.0566934048 0.0196047849 0.226053008 0.645043552 0.206860006 0.735613883
-0.0526150702 0.0320428854 0.0172089612 -0.682050705 0.601481199 -0.415965468
0.0585882335 -0.0319614179 0.0525296931 0.468888015 -0.882306933 -0.0409684479
0.034987058 0.0147156138 0.0033352158 0.000413059635 -0.0211144183 -0.999777019
0.01656369 -0.0425478492 0.0852440303 0.0777805001 -0.996920526 0.00998618547
0.0111511587 0.0443471398 0.026707764 0.0699819699 0.997546136 -0.00206383644
0.0341851935 0.0412653525 0.0271134111 0.190984532 0.981508911 -0.0128569854
0.0346489372 0.0401098777 0.139302805 0.205184758 0.978611052 0.0148227625
0.0555770263 -0.0176701456 0.225015308 0.620169461 -0.340762287 0.706590891
-0.0470278157 0.0207140724 0.229418606 -0.485114902 0.519378781 0.703497887
0.0730229111 0.00778154153 0.0604015587 0.973513544 0.179712549 -0.141331941
-0.0234489347 -0.0108708448 0.2792062 -0.923718095 -0.381466925 -0.0350422263
-0.00890909435 0.0246166373 0.283282808 -0.229121611 0.973368347 0.00757219922
-0.0136083547 0.00722985551 0.316992484 -0.0190975554 -0.00576680945 0.99980104
0.0255769536 0.0410556276 0.186988704 0.127922431 0.991573215 0.0204563029
0.0177960113 -0.0196723072 0.267394295 0.592201531 -0.789658487 0.160427183
0.0608344329 0.0313395117 0.049532926 0.698125184 0.709195077 -0.0983030424
-0.0453588211 0.0329845813 0.206714537 -0.400899678 0.914518952 0.0541717596
-0.0507987457 0.0156028036 0.162368701 0.259874701 0.678510189 -0.687087357
0.0655290715 0.0274246449 0.171709298 0.836319625 0.54423058 0.0662009045
0.00639046941 -0.0423384226 0.145991773 0.0307184234 -0.999394536 0.0163431019
-0.0229913421 -0.0377309795 0.205956821 -0.174646646 -0.973139167 0.149995685
-0.0749535189 -0.00469252154 0.130959699 -0.970626414 -0.239005119 0.0275831781
0.0142473593 -0.0257015116 0.293894462 0.340334207 -0.790401638 -0.5093503
0.00188352439 0.0419226118 0.209471699 -0.0185327958 0.998422384 0.0530027635
0.0534212882 -0.0308316591 0.202859011 0.433918536 -0.887649357 0.154250622
0.0662911817 0.0280941633 0.145854161 0.618243337 0.785560131 0.0258951988
-0.0336519346 0.0387027721 0.0807746972 -0.486148089 0.856852651 0.171649665
0.0370423434 0.031573646 0.00234023675 0.142932788 0.143720642 -0.979241848
0.0709536562 0.000635984664 0.190306302 0.989434063 0.0496841334 0.136205077
-0.0366364776 -0.0244684672 0.230333391 -0.407746285 -0.724550486 0.555670261
-0.0720595979 -0.0049875466 0.175160381 -0.949470937 -0.294678211 0.108026654
-0.0122767808 0.0432163551 0.126201732 -0.127635911 0.991733789 0.0131596057
0.0252298586 -0.0406440605 0.143600289 0.141561687 -0.989803135 0.015810445
-0.0287298366 -0.0372751017 0.0945936013 -0.768986166 -0.617106438 0.166852653
-0.00342166071 0.0266573324 0.289544525 -0.0633091629 0.865580678 -0.496751577
-0.0471402398 -0.032929896 0.0570798212 -0.519599974 -0.835619211 0.178203598
-0.0683765612 -0.0155073815 0.0434424458 -0.957059979 -0.248354301 -0.149520248
0.0341268947 -0.0381441049 0.010466228 0.326898843 -0.898543 -0.292844296
0.0486996988 -0.0362117815 0.0509554488 0.337618381 -0.941246092 -0.00833701715
0.069269975 0.0251018148 0.129880516 0.836423516 0.547764361 0.0187057517
-0.0279390697 0.0138967399 0.309722637 -0.847160995 0.441085637 0.296246082
-0.0705094296 -0.0124168664 0.101063224 -0.652057111 -0.755143464 0.0676744431
-0.0647571375 0.0140018947 0.130296544 0.0899355784 0.99468106 -0.0502105467
-0.0334933688 0.0415374721 0.0393268868 -0.169980794 0.985199869 0.0220873617
-0.00114910669 -0.0162645531 0.00428998305 -0.033214245 -0.0041457843 -0.999439657
-0.0138133474 0.0269571345 0.00292088959 0.0292006359 -0.288572818 -0.957012594
-0.0526915627 0.0036319729 0.150883584 0.939609051 0.145053342 -0.309990823
0.0437791712 -0.0372485438 0.10062941 0.266461343 -0.963743269 0.0140498802
-0.0615357491 0.0126426501 0.127367894 0.473291606 0.878078699 -0.070518285
-0.0430964106 0.0336135844 0.189382957 -0.534147978 0.814086676 -0.227922872
-0.00693310808 0.00883823783 0.317125525 -0.0246672612 -0.0172659364 0.999546647
-0.0373709928 0.0154715507 0.158896896 -0.807044685 0.206451744 -0.553223789
-0.065735186 -0.0157531231 0.188991457 -0.796975076 -0.600887418 0.0613600761
0.0191367635 0.0426694236 0.142750547 0.0797169134 0.996713042 0.0144320838
-0.0261438332 0.00121190143 0.285673013 -0.970118284 0.0392424986 -0.239437982
0.0206612355 -0.0158700983 0.272629335 0.797226191 -0.599961281 0.0669105127
0.0436736971 -0.0370196696 0.118316856 0.26497829 -0.964156687 0.0137211718
-0.0660360336 0.014087631 0.115375328 0.0873611197 0.995768368 0.0285226516
-0.0760306913 0.000598401895 0.109360497 -0.999652565 0.0248224493 0.008862352
-0.066744659 -0.0106268087 0.0304554816 -0.957410336 -0.153441831 -0.244583696
-0.0291655964 0.0139692108 0.3038061 -0.913836122 0.402606845 0.0530212112
-0.00167894549 0.0439131574 0.121726678 -0.0177743714 0.999754846 0.013204529
0.0215888599 -0.0425065035 0.0254635657 0.142575085 -0.989766002 0.00597055629
-0.0139921358 0.0441408534 0.026992084 -0.0702953264 0.997525573 0.00103683816
-0.017218659 0.043177356 0.0835488541 -0.151282668 0.98831284 0.0187430289
0.0432583077 -0.0294648974 0.00407738594 0.525941491 -0.564836442 -0.635881603
0.0729428142 0.0172243966 0.134220678 0.939240217 0.341393918 0.0357496515
0.0338882717 0.040346388 0.133933435 0.206061035 0.978440404 0.0138997892
-0.0443698859 -0.0315241513 0.203603882 -0.435899049 -0.887878358 0.147187024
-0.0315457469 -0.0248520411 0.106907721 -0.978158474 -0.189172581 0.0861378163
0.0301951093 -0.003745573 0.00324044909 -0.0222407542 -0.015970422 -0.999625027
0.0211615021 -0.0411449887 0.148293349 0.140066206 -0.989988148 0.0174630713
0.0111123847 -0.0421279112 0.145798002 0.0795732811 -0.996685803 0.0168981701
-0.0603834572 0.022014902 0.213251824 -0.761784017 0.611798644 0.213043749
0.0604357305 -0.0288855901 0.0386574778 0.716703594 -0.684541166 -0.133188888
-0.0220471369 -0.03980914 0.145555537 -0.411148578 -0.91141516 -0.0167102851
0.0741571043 0.000557193096 0.16023211 0.995411754 0.0597614609 0.0747256577
0.00499675598 -0.00867149196 0.00394482972 -0.0317621529 -0.0382519215 -0.998763204
0.0251440415 0.0386251031 0.00283878769 0.218354046 0.84543699 -0.487399071
0.0477785669 0.0361821116 0.175451898 0.302185565 0.953056455 0.0191654414
0.0107329703 -0.0425321007 0.121271186 0.0798050836 -0.996707618 0.0143183051
0.0545834158 0.0329559843 0.202833201 0.404903233 0.912238359 0.0622462332
0.0756093823 0.00427121317 0.115958485 0.998493791 0.0539396964 0.0100270947
0.0316281601 -0.015273822 0.00333048212 0.00508536631 0.015381014 -0.99986881
-0.0266332171 -0.0384071467 0.162725127 -0.377103359 -0.925251782 -0.0412577242
-0.0305058058 0.0328924297 0.000836075693 0.00377971795 -0.0465930998 -0.998906732
-0.0526368834 -0.0175152219 0.1656861 -0.0662801266 -0.74984771 -0.658282161
-0.0328276718 -0.0308709983 0.222189246 -0.294485331 -0.891421318 0.344450861
-0.0250828556 0.00581104442 0.279304111 -0.989631891 0.142189667 -0.0202672742
-0.063654238 -0.0124783752 0.11228183 0.435391724 -0.90012151 0.0146771381
-0.016816159 -0.0417098798 0.101345027 -0.139432207 -0.990186036 0.00950521883
-0.0373147901 0.0320711869 0.220691173 -0.295735896 0.886540592 0.355789363
-0.0194363724 0.0183262912 0.271545992 -0.747941136 0.658967495 0.0796610117
-0.0291771716 0.0139351988 0.298669766 -0.902190089 0.404174626 -0.150652289
-0.036749473 0.0124068207 0.0912740433 -0.952334762 0.103276379 0.287040889
0.0255308539 0.0415849432 0.155026326 0.139780298 0.990090489 0.0135023575
0.0410794952 0.0395240785 0.073354544 0.262153685 0.964970469 0.0103698429
-0.0601824166 0.0238367073 0.195955338 -0.625542581 0.7785483 -0.0505867973
-0.0687824583 -0.00720984317 0.19535271 -0.949934483 -0.282284945 0.133939147
0.00407424671 0.044486762 0.0542866659 0.0202220194 0.999765277 0.00777022587
-0.0320104757 0.0251055774 0.109406553 -0.985429108 0.144363284 0.0899363905
0.0465181719 -0.0354457013 0.170590972 0.299264014 -0.954006612 0.0176763292
-0.0399568527 0.0298212638 0.0014861698 -0.168137103 0.0669731423 -0.983485937
-0.0525476497 0.0342196689 0.0222115411 -0.561620831 0.79113251 -0.242263034
-0.0272529562 0.0296973037 0.233525622 -0.365033031 0.841197371 0.398921132
-0.0320662741 -0.0315074952 0.221192976 -0.294485331 -0.891421318 0.344450861
-0.00661281701 -0.0323115108 0.235472285 -0.202181131 -0.929388583 0.308803499
0.0402340354 -0.0372438127 0.16328081 0.25321424 -0.96731323 0.0136958994
-0.0417007041 0.039709074 0.0421031508 -0.245474309 0.969164848 0.0214895848
0.00976566334 0.0223039449 0.316453949 0.0630063266 0.0879945233 0.99412632
-0.0126655962 0.0429423087 0.144299876 -0.121816248 0.992469311 0.0128681548
0.0307942582 -0.00499415988 0.308746107 0.960259557 -0.0868957266 0.265237033
0.0686050164 -0.0147893808 0.190777187 0.957691014 -0.24046506 0.158127695
-0.0308723116 -0.0305682957 0.156386228 -0.940752029 -0.283581048 -0.185923129
0.0538358686 0.0350470668 0.039844292 0.488704145 0.871322811 -0.0443251617
-0.0513948295 -0.0327274496 0.0185766951 -0.697707295 -0.664730906 -0.267090678
0.000718182782 -0.0433916361 0.0677999802 0.0177615359 -0.999825656 0.00576225249
0.00554524109 0.0434569089 0.0111205265 0.0266236626 0.991362631 -0.128418103
0.0122427382 -0.0375049572 0.224233451 0.0238246992 -0.977956891 0.207443371
2.3338378e-06 -0.0422034474 0.161468337 -0.0191967972 -0.999663949 0.0174217466
0.0523972698 -0.0327661816 0.191070387 0.435981005 -0.896217167 0.0819464847
-0.065001956 0.000711683389 0.21806169 -0.958132029 0.0390304439 0.283653855
0.010711094 0.0415279883 0.00449785209 0.0676346943 0.887409329 -0.455993712
0.015979123 0.0432120207 0.122360521 0.0798127875 0.996721566 0.0132707274
0.0425818564 -0.0380714591 0.0615946847 0.262804478 -0.964848816 0.000806189084
0.068015059 -0.00302499037 0.0320575871 0.961812496 -0.0739061013 -0.263542503
-0.0707394246 -0.0129576902 0.0928123971 -0.652057111 -0.755143464 0.0676744431
0.0130753298 0.0423013435 0.191888462 0.0699007437 0.99741292 0.0167733729
-0.0209131506 -0.0406883049 0.106850803 -0.237247556 -0.971236765 0.0203147847
-0.00641208035 0.0328719589 0.242296667 -0.186419979 0.932819784 0.308374673
-0.0693178603 0.0134035764 0.142423085 -0.476838022 0.878748357 -0.0206599459
0.0246529583 0.0404135379 0.216529538 0.107245199 0.992040634 0.0659834817
0.0122743335 -0.0379705118 0.00153348367 0.0306472275 -0.27352187 -0.961377442
-0.044741836 0.0312315078 0.216278947 -0.327013105 0.920330346 0.21460323
-0.0321655703 0.0170365683 0.139451838 -0.993194759 0.111683033 -0.0330309495
0.0285501806 0.0421796791 0.0791584976 0.134773746 0.990825057 0.0100786341
-0.0415308909 -0.0208826552 0.0777393303 -0.771828949 -0.325961649 0.545920312
-0.00726768979 0.0433638383 0.146752372 -0.0691199899 0.997488201 0.0154774003
-0.0555683951 0.0156741952 0.0823177842 0.628945172 0.467572331 0.621131241
-0.0513087819 0.0208271729 0.22642994 -0.475201607 0.511801004 0.715711653
0.0696234678 -0.00641370415 0.195857794 0.984798431 -0.0945045799 0.145742387
-0.0435873044 -0.0379762547 0.030414382 -0.356198013 -0.934114933 0.0235015582
-0.0176485214 0.0227686316 0.314087424 -0.389424145 0.516494632 0.762615323
-0.0351345523 -0.000672117639 0.151927186 -0.964633703 -0.0529233366 -0.258226514
-0.0494329898 0.0239026827 0.00397403997 -0.683029592 0.411782861 -0.603245795
0.0339104536 -0.0401143952 0.0693498312 0.200628042 -0.979645669 0.00653468166
-0.0325879603 -0.0182716021 0.00314310496 0.0637273937 0.131385997 -0.98928076
0.0347779189 -0.0331626074 0.225840302 0.280436158 -0.879064441 0.38548854
0.00551074339 0.0438563744 0.120758669 0.0303409733 0.999449551 0.0134137692
0.0272383527 -0.0319010902 0.233564512 0.329396635 -0.761941612 0.557622492
0.0204840532 0.0429044643 0.112471807 0.141500965 0.989860117 0.0124276374
0.0121826476 -0.0429708998 0.0769968718 0.0768174008 -0.997006238 0.00880693644
-0.0148710176 -0.0068999916 0.316924782 0.0475007556 -0.00453319261 0.998860955
0.0691505314 -0.0195324027 0.174331131 0.923978388 -0.363634527 0.118464723
0.0745180573 0.00571654773 0.149962173 0.996854901 0.0598171726 0.0519831888
0.0236074824 -0.0409551009 0.138686184 0.141561136 -0.989801228 0.0159347299
-0.0392433084 0.0063431928 0.0869346627 -0.903155267 0.0792746618 0.421931416
-0.0187694998 -0.0407205372 0.153876822 -0.213885278 -0.97685796 0.00127266918
0.0156451064 0.0435164473 0.100479907 0.0797890127 0.996738255 0.0121080689
0.0754951035 0.000275255821 0.134773969 0.997738838 0.0574660078 0.0348574109
-0.0215097831 0.0413475043 0.131193134 -0.442362607 0.896692455 0.0160621144
0.0588855674 -0.0103648537 0.224953013 0.642783642 -0.210575953 0.736537158
-0.00295072337 -0.0418800449 0.175014505 -0.0229472574 -0.999537051 0.0199735854
0.0431522507 0.0387659191 0.0880432067 0.262340009 0.964828968 0.016816562
-0.064970765 -0.0188983537 0.0788468725 -0.189606398 -0.923150599 0.334428459
-0.0237147653 0.0121918605 0.00431294809 0.0377711989 0.00509873079 -0.999273419
0.0131817159 -0.0413574655 0.179332071 0.0753872916 -0.996880531 0.0233651884
0.0636049357 0.028205087 0.0469704638 0.735437632 0.662979603 -0.13996239
-0.0183672215 0.0420249985 0.162338003 -0.196856573 0.980427861 0.00295183016
-0.045550461 -0.00198979376 0.159967791 0.373064965 -0.141667798 -0.916925728
-0.0380355013 0.0392597729 0.012560503 -0.345473737 0.914117515 -0.212219134
-0.0158623747 -0.0229345635 0.25868451 -0.522816479 -0.831444442 0.188050479
-0.0591738367 0.0311430248 0.0349061567 -0.669730902 0.726637363 -0.153161898
0.0300291105 -0.00294389401 0.00323133447 -0.0222407542 -0.015970422 -0.999625027
-0.0123280988 0.0432964319 0.119885289 -0.129010692 0.99153924 0.0143597908
0.0608670067 0.0237357519 0.216847743 0.828168571 0.495428681 0.262082517
-0.0683576897 0.00873396192 0.0345848407 -0.958369672 0.136603877 -0.250732839
-0.0143927935 -0.0212251386 0.279274455 -0.586317956 -0.809923053 -0.0159932151
0.075275486 -0.00258697963 0.136673152 0.997297168 -0.0646837726 0.034849789
0.0315640041 0.00508219048 0.00322757869 -0.0219808258 0.0170109104 -0.999613702
-0.0320483863 0.0188727401 0.120504222 -0.991413057 0.117703453 0.0569739752
0.0495772619 -0.0356915658 0.0386044624 0.351136416 -0.936038792 -0.0231246352
-0.0291465572 -0.0358225205 0.159972537 -0.685496509 -0.721192122 -0.0998817086
0.0342886614 0.0408552562 0.0916070189 0.203088209 0.979075432 0.0129024163
-5.25143996e-05 -0.0416393514 0.187402787 -0.0267239213 -0.999221325 0.0290285479
0.072153592 0.0119827765 0.0596813544 0.973890185 0.175804794 -0.143633902
0.0274538606 -0.0383364339 0.206593689 0.193264708 -0.977996647 0.0785575658
0.0719850336 -0.00599706412 0.178863447 0.990051568 -0.0715753585 0.121139713
0.064134736 -0.0184119295 0.205751231 0.876505792 -0.432055086 0.212287486
0.0178780948 -0.0190463467 0.270451193 0.602649689 -0.794039249 0.0794684365
0.0738994608 -0.0149564764 0.114828195 0.979626834 -0.200502291 0.0114060435
-0.0223009291 0.0154756864 0.267692475 -0.824245572 0.539937735 0.170547649
-0.0647447731 0.00241011548 0.21863021 -0.833701551 0.0390109681 0.550835669
-0.00120767509 0.0440027815 0.115711026 -0.018357316 0.999738753 0.0136189563
0.0687240769 -0.0223188858 0.16580992 0.814702749 -0.576717138 0.0604720078
0.0314354319 0.0408607242 0.134090857 0.206061035 0.978440404 0.0138997892
0.0321134332 0.041382301 0.0862592812 0.201421887 0.97943455 0.0117117055
-0.0444164579 -0.0152558073 0.233346816 -0.537486851 -0.51898551 0.664651692
-0.0341204838 0.0164866201 0.10068662 -0.986773431 0.0998554677 0.127699539
0.0161695733 -0.043014919 0.0171470694 0.0888996869 -0.995672882 -0.0270638037
-0.0144065077 -0.0414076511 0.0073403187 -0.0850772858 -0.965263963 -0.247037143
0.000194880474 -0.0366134575 0.22604933 -0.119411469 -0.945425689 0.303168595
-0.0273184533 0.0397648307 0.197174873 -0.162810132 0.98466289 0.0627050102
-0.0688078314 -0.00914224584 0.191030741 -0.948857427 -0.287391573 0.130674466
-0.0734097392 0.00750672092 0.15971228 -0.936436951 0.344933063 0.0640861169
0.074999372 0.0102451021 0.110502022 0.983080745 0.183148444 0.00297911232
0.00621798738 -0.0114612703 0.317141378 0.00145128323 -0.00339937094 0.999993205
0.0677249874 0.0273746933 0.131476644 0.614584029 0.788653851 0.0176514909
-0.0605846752 -0.0190069325 0.171707868 -0.481042892 -0.850867569 -0.211239457
0.0525248577 -0.0112364119 0.23007222 0.59982872 -0.186901405 0.777993202
-0.0563172642 0.0100650795 0.148015066 0.850897074 0.509396136 -0.128412232
-0.0194046827 -0.0405572097 0.174301336 -0.167648092 -0.985784352 0.0111044105
0.0081634259 0.0294431239 0.29471719 0.241638735 0.871674299 -0.42637378
-0.0394658619 0.039892042 0.0534916903 -0.244928867 0.968359232 0.0478563346
0.000340962908 0.0412540367 0.215611896 -0.0793201923 0.991596162 0.102202892
-0.0293573582 -0.0406864531 0.0147658277 -0.159628943 -0.976913393 -0.141982108
0.0653839545 0.0250964787 0.18877598 0.844951689 0.524166107 0.106331468
0.0634040635 0.0266255334 0.0402374887 0.858425975 0.486482412 -0.162602946
-0.0693821648 -0.00757659782 0.190303707 -0.948857427 -0.287391573 0.130674466
0.0181638174 -0.0231511241 0.25532383 0.559314787 -0.747492492 0.358360052
0.049116307 0.0372618316 0.0657583193 0.328346044 0.944546521 0.00456183823
0.0187069354 -0.0412153095 0.163420829 0.136094168 -0.990527987 0.018243799
0.0463474833 0.0273994937 0.23034319 0.482183009 0.455455035 0.74837172
0.0726239386 0.0151164342 0.0684492547 0.978593707 0.178792968 -0.101919115
0.0266759241 -0.0400551624 0.166951894 0.136081085 -0.990513563 0.019099582
0.024402225 -0.0410402191 0.125679774 0.142056972 -0.989744663 0.0150069809
-0.0149774153 0.028992353 0.246971195 -0.338992804 0.877085149 0.34030211
0.016177429 0.0252592519 0.293444907 0.427169055 0.6767717 -0.599588752
-0.0448772044 -0.0194484929 0.00276635866 -0.0523045622 0.0563230999 -0.997041583
0.00923175682 -0.0238623275 0.275552078 0.274467766 -0.961588264 0.00392839499
0.068066999 -0.0155166574 0.192511203 0.913480937 -0.376569927 0.154102683
-0.0447264865 0.0269435663 0.17402113 -0.45268172 0.804379344 -0.384776622
0.00182184689 0.0441990771 0.102390361 0.0302908216 0.999484003 0.0106846038
0.0233782815 0.0184232373 0.258010604 0.758896947 0.578450441 0.299116403
0.00983844568 -0.0415018455 0.18361127 0.0734568238 -0.996982574 0.0250971802
-0.0170035419 0.0376689685 0.220661503 -0.212177277 0.946603119 0.242740974
-0.0623528175 -0.0149151174 0.0884900392 0.610332847 -0.730050087 0.307442069
-0.00399648012 0.0420958804 0.202205427 -0.0414036065 0.997742534 0.0528723188
-0.0613154093 -0.0204391223 0.18377773 -0.66333735 -0.747502923 -0.0349698961
0.0298370631 0.00173497945 0.00320859189 -0.0219808258 0.0170109104 -0.999613702
-0.0666543879 -0.012873603 0.116046825 0.0713321865 -0.997000992 0.030011801
-0.0402606281 -0.0259374487 0.168856819 -0.5566203 -0.564780235 -0.609259486
-0.0254417524 0.00956529995 0.266268989 -0.95137316 0.250291169 0.179564193
0.0337209493 0.0401889308 0.14744257 0.20304279 0.979045212 0.0156197716
0.0707314039 0.00929327608 0.187420624 0.977222621 0.180769533 0.111167848
-0.0390761485 -0.00643389223 0.0866012678 -0.911449909 -0.121699363 0.392999291
-0.0318996624 -0.0155328431 0.136624755 -0.991928577 -0.123359494 -0.0293287039
0.0139164275 -0.0233389059 0.31450357 0.273468316 -0.527864695 0.804098248
0.00698550209 -0.0431532939 0.0837847117 0.0206218213 -0.999734819 0.0102457972
-0.0154789999 0.0426131219 0.143055587 -0.121816248 0.992469311 0.0128681548
-0.000558792126 0.0444866616 0.0616430111 -0.0330433138 0.999399126 0.0104676848
-0.029003071 -0.0312324886 0.125971601 -0.971547365 -0.236547738 0.0118662352
-0.00188525166 -0.0336263845 0.234021925 -0.152537599 -0.94300586 0.295757234
-0.00232878294 0.0436023536 0.143167814 -0.0159342121 0.999747634 0.0158342626
-0.0671043847 -0.0140009375 0.167633008 -0.683957875 -0.727107346 -0.0593010634
-0.0371632542 0.00728222306 0.0914392494 -0.953317046 0.0746336654 0.292602926
0.0514935084 0.0364272001 0.0670100153 0.335415691 0.942067742 -0.00213478762
-0.0345451083 -0.00174686252 0.149945524 -0.964633703 -0.0529233366 -0.258226514
-0.0388783713 -0.0213765261 0.0812498469 -0.867835701 -0.275568813 0.413428545
-0.0348024111 0.00108527774 0.104406337 -0.991437614 0.0308186971 0.126892194
-0.00995096744 -0.0243786756 0.288334091 -0.23351799 -0.951225221 -0.201593354
0.00106935633 -0.0422835904 0.158045609 -0.0191967972 -0.999663949 0.0174217466
-0.0177910016 -0.0404372916 0.187049397 -0.123097539 -0.99197197 0.0289583709
-0.0351796208 0.00272584149 0.101089189 -0.991334796 0.0289634019 0.128126457
0.0365836326 -0.0377187117 0.0122733933 0.330779761 -0.915126443 -0.230495527
-0.0399805945 0.0402060022 0.0390372685 -0.240428939 0.970448494 0.0205844622
0.0346459891 0.0402791913 0.127495652 0.2060159 0.978447378 0.0140809827
0.0160421087 -0.0421244174 0.120066164 0.0795363337 -0.996725321 0.0145794908
-0.0425040075 0.0228624914 0.0792192693 -0.68328768 0.248903692 0.68641454
0.0750324472 -0.00211508321 0.143867275 0.996485293 -0.0661798939 0.0513545349
-0.000533496333 -0.0420298487 0.170336761 -0.0214686971 -0.999599278 0.0184512567
0.0489870824 -0.0361149631 0.0516626125 0.337618381 -0.941246092 -0.00833701715
0.0697196237 0.0159661627 0.0490476094 0.93230772 0.311378598 -0.183971971
0.063245242 -0.0182732916 0.209570794 0.859424949 -0.425998241 0.282690912
-0.0384819848 0.0212944947 0.0847269715 -0.828930318 0.156269461 0.537079632
0.0509993172 0.0352795095 0.0256749508 0.571896851 0.808139443 -0.140870377
-0.0736440643 0.00897865819 0.140110169 -0.83318615 0.552706122 0.0177975539
0.0314023407 -0.0110779493 0.250217846 0.741362929 -0.336699784 0.580529332
-0.0685668055 -0.0121452502 0.130798663 -0.327426165 -0.944871485 -0.00314094569
-0.0118030347 0.0437356858 0.087645321 -0.0865355283 0.996195436 0.0103070019
-0.0722335358 -0.000198522285 0.0531724409 -0.985849142 -0.0873224959 -0.14309527
0.0724334187 0.0132740639 0.063416637 0.978824854 0.176531151 -0.10362725
0.00324941979 -0.0305504722 0.299390436 0.0742229372 -0.986940444 -0.142966241
-0.0311739052 -0.0296309197 0.101094703 -0.963042438 -0.237093329 0.127812073
-0.0105474804 -0.042429384 0.110260504 -0.0806040466 -0.996668935 0.0124089252
0.0194256962 -0.0425422557 0.0581362633 0.135407075 -0.990776896 0.0051095318
0.0706709961 -0.00760279515 0.188008482 0.984798431 -0.0945045799 0.145742387
0.059253188 -0.0263097087 0.204316501 0.639235079 -0.744350433 0.193186447
0.00219145163 -0.0158821131 0.316870407 -0.000605972251 -0.0910139456 0.995849371
0.0296402551 -0.0408155107 0.0851514865 0.2032381 -0.979047179 0.0126909427
0.0329998828 -0.0387606615 0.0112672316 0.330779761 -0.915126443 -0.230495527
-0.0367376794 -0.00666137782 0.00361940745 0.0554803275 -0.0275037363 -0.998080909
-0.0725867896 -0.00488268082 0.0584445096 -0.987100899 -0.0792014524 -0.139136717
-0.0652096278 0.00774969457 0.0234337803 -0.923525572 0.129823729 -0.360896349
-0.0266164476 -0.000767483322 0.265401539 -0.980787516 -0.0908039212 0.172656804
-0.0224183967 -0.0109187635 0.00423996994 0.0501192659 0.00103869243 -0.99874264
0.00934066184 -0.0423711103 0.138129236 0.0301888026 -0.999427497 0.0152725829
-0.0349292042 0.0295440652 0.163181434 -0.855822086 0.355026811 -0.376197368
-0.0355756457 0.0265992134 0.00159146027 -0.00630146591 -0.243034691 -0.969997168
-0.0650538782 -0.0235640631 0.0507108754 -0.758193791 -0.651461065 0.0272133872
0.000231473862 -0.0305220168 0.246152746 -0.161212504 -0.957084954 0.240829915
-0.0481217142 -0.00881180258 0.160715398 0.526115835 -0.328260183 -0.784504473
0.0606202727 0.00869364968 0.224954732 0.650153756 0.112661384 0.751403749
-0.0343636083 -0.00646265341 0.24796242 -0.784274042 -0.174245119 0.595443487
0.0167129291 -0.0303983549 0.242709154 0.308805019 -0.837227046 0.451320618
0.0218504366 -0.0391884265 0.206616359 0.121475942 -0.989421785 0.0792974234
-0.0313730966 -0.0388930441 0.0747747537 -0.444470853 -0.887431622 0.122109465
-0.0205417751 0.0415759925 0.150032748 -0.208620891 0.977992594 -0.00278876093
0.0278452185 -0.039396673 0.187682557 0.190862 -0.981275141 0.0258993879
-0.0200395859 -0.0413339562 0.0900614198 -0.156674832 -0.987615407 0.00830755383
-0.0358218524 -0.0354739894 0.0749132382 -0.780475736 -0.553428352 0.290817171
0.0462542895 0.0373307138 0.128226843 0.263695449 0.964504719 0.0139729958
-0.0320512336 0.016415307 0.13421766 -0.995257616 0.0914782956 -0.0330774784
-0.06357377 -0.0140378585 0.153675654 -0.0813313872 -0.986491263 -0.142197698
0.0428754718 0.0381494594 0.135495999 0.263593346 0.964538634 0.0135598043
-0.058739849 0.00924558443 0.105893607 0.846628606 0.52985841 0.0497012734
-0.017403016 -0.0426886897 0.0358605108 -0.0836630911 -0.996350706 0.0169053413
-0.00499688493 0.04406969 0.104550748 -0.0193771925 0.999770403 0.0091407001
-0.0144681467 0.0298625117 0.0020189917 0.0262989383 -0.299859971 -0.953620672
0.0642406909 0.0155136281 0.216597579 0.908407807 0.318469435 0.270873725
-0.00157731918 -0.0259742119 0.314700903 -0.0478857197 -0.497793257 0.865972817
0.0306414804 -0.039573045 0.152594425 0.202749327 -0.979120374 0.014697548
-0.0528574396 -0.0207537369 0.221731477 -0.581737697 -0.688419938 0.433196485
-0.0298977537 0.0345358894 0.109839089 -0.91904074 0.384714454 0.0857837722
0.0416144135 -0.0383077656 0.0349894751 0.26087442 -0.965263426 -0.0145295141
0.00767912358 0.044223219 0.0810141995 0.0229856502 0.999703586 0.00802847277
0.040249576 -0.0381842331 0.103177777 0.265837491 -0.963901818 0.0149595952
-0.0336203197 -0.0394456289 0.0592232926 -0.214942485 -0.975108802 0.0544294044
-0.0614393167 -0.000233602036 0.22362935 -0.826659083 -0.110559098 0.551734924
0.058945832 0.0325676581 0.0474449541 0.488704145 0.871322811 -0.0443251617
0.0552467481 -0.0325440722 0.172225775 0.378145665 -0.92526859 0.0297280494
-0.051281217 0.0314964896 0.0142317848 -0.682050705 0.601481199 -0.415965468
0.0625309715 -0.0265968484 0.0392339606 0.845986664 -0.509286165 -0.157905802
0.00086293503 0.0440059153 0.118271961 -0.018357316 0.999738753 0.0136189563
-0.00190801788 0.0394816613 0.224049368 -0.124753982 0.967367887 0.220535189
0.0363059976 0.014057934 0.244686957 0.68211931 0.240148693 0.690682292
0.000124504722 0.0412800647 0.00318355444 0.0234145187 0.886123061 -0.46285817
-0.0565909691 0.00506133145 0.120512206 0.953394532 0.298908323 -0.0411420614
-0.0464632592 -0.0307083624 0.183379208 -0.464883387 -0.877670109 -0.116527237
0.017165047 -0.0423921971 0.0943816408 0.0784814358 -0.996831656 0.0129332496
0.0256954875 0.0412343311 0.175589377 0.132047758 0.991099536 0.0168858767
-0.0627743768 0.0141837106 0.0196596313 -0.90801847 0.213261634 -0.360585749
0.0268160242 0.0409618405 0.18287221 0.132049203 0.991102517 0.0166980755
-0.0600320583 0.0180397658 0.0160529665 -0.836954534 0.325528443 -0.439929932
0.0309263455 -0.0405904953 0.081914036 0.2032381 -0.979047179 0.0126909427
0.0497588191 0.0224888927 0.00462135366 0.671464205 0.311065316 -0.672587752
0.0218466294 0.0431301043 0.0755968183 0.136568144 0.990599692 0.00782739278
0.0335750488 -0.039717 0.103780268 0.206424445 -0.97835654 0.0144000929
-0.00705706007 0.0425486704 0.00699037073 -0.0214717668 0.971723914 -0.235141367
-0.0143241683 -0.0110235612 0.00433451643 0.0210921336 -0.0248848386 -0.99946779
0.0324011259 0.0410672349 0.104639421 0.204972669 0.978682637 0.0129140783
0.0667225889 -0.0260271121 0.156476134 0.815254152 -0.576975763 0.0495960042
0.0672949348 0.0268878621 0.151096244 0.83802706 0.544090211 0.0409476757
-0.060951829 0.027520769 0.0305961459 -0.848001778 0.486793995 -0.209581763
-0.0140909483 0.0403438541 0.209707624 -0.131364882 0.982417405 0.132662073
-0.0680015491 0.0155425348 0.169582927 -0.749877512 0.661563694 -0.00413932279
0.0676975115 0.0156459599 0.0380589216 0.930907011 0.317728847 -0.18016775
-0.0744432141 -0.00652908894 0.125713524 -0.912349164 -0.408304483 0.0301086456
-0.0262942698 -0.03679 0.207659931 -0.198467523 -0.966594815 0.162188217
0.0716417346 0.0212147177 0.128383065 0.939607024 0.341541588 0.0220877249
0.0708126873 -0.0145656537 0.175617774 0.972022057 -0.202365205 0.119253352
0.0374374968 0.0395151883 0.139827246 0.206061035 0.978440404 0.0138997892
-0.0575568105 0.0278440557 0.0210793565 -0.768113494 0.549151301 -0.329294086
-0.00875989643 0.00999924761 0.317109625 -0.0286932848 -0.0125036556 0.99951005
0.0317122315 -0.0399755119 0.112829777 0.206503108 -0.978337944 0.0145395305
-0.0345608756 0.037813176 0.181935709 -0.351466835 0.933460236 -0.0715755522
0.00892882749 -0.0428796285 0.103565198 0.0267017055 -0.999553084 0.0134376977
-0.0230246489 0.0222881952 0.303621501 -0.663250983 0.74813205 -0.0199120548
-0.0150129263 0.0273836994 0.309320439 -0.426379949 0.841391385 0.332055151
0.00303948554 -0.0432927784 0.0764752032 0.0206225887 -0.999771059 0.00572432205
-0.0568684897 -0.0278831495 0.021711013 -0.750165164 -0.580071986 -0.317441046
-0.0734417094 -0.00743992976 0.0684263319 -0.973093092 -0.206895381 -0.101411082
0.0723258847 -0.00971552477 0.0591220801 0.970519662 -0.192944765 -0.144442901
-0.0630997902 -0.0145422992 0.211958228 -0.871131241 -0.419645369 0.255006164
-0.030766031 0.0270577507 0.127063519 -0.990300119 0.138597801 0.00981590897
-0.0558576619 0.0212312983 0.22273869 -0.653837442 0.545130849 0.524718165
-0.0264326432 -0.02441541 0.00237524281 0.0907523707 0.215713128 -0.972230375
-0.0099491558 -0.00384098985 0.316926845 -0.0120732598 0.000716920127 0.999926925
-0.0325601691 -0.010627826 0.139540967 -0.994461119 -0.10099186 -0.0291192774
0.0128288337 0.0430701575 0.149436117 0.0780793801 0.996825576 0.0155651383
-0.0648148673 0.0126221175 0.214445239 -0.948779106 0.18327038 0.257351846
-0.0525655139 0.0192359011 0.165826445 -0.0155866519 0.800798953 -0.598730505
-0.00739472279 -0.0436779983 0.0172607293 -0.0362720974 -0.999255478 -0.0131472908
-0.0202954328 0.0416540892 0.168384493 -0.171766236 0.985116124 0.0065351692
0.0606431211 0.0315621117 0.166241254 0.396129787 0.918046236 0.0165013392
0.0323400785 0.0416387116 0.053310164 0.191339508 0.981485248 0.00870239362
-0.0414421496 -0.00172738794 0.160397341 -0.483609617 -0.115152821 -0.86767596
0.0496634746 -0.034540643 0.166156161 0.299284846 -0.95400852 0.0172183067
0.0173039684 -0.0244960353 0.295179226 0.497704804 -0.815152645 -0.296337903
-0.0604228917 -0.028043757 0.037797111 -0.730086207 -0.683307648 0.00804941915
-0.00129526812 -0.0406475972 0.00348818493 -0.0255733635 -0.882876098 -0.468909085
0.00916962363 -0.0250387733 0.264971723 0.274641514 -0.950823545 0.143201813
0.0112385839 0.0341285472 0.00110637893 0.0100835105 -0.128943965 -0.991600573
-0.0242681298 -0.0232264774 0.00284133471 0.0883989334 0.219992697 -0.971487999
-0.0164119699 0.0426473759 0.129615425 -0.125100806 0.992075264 0.0116873942
0.0326763168 -0.0398440801 0.107987636 0.20642437 -0.978353143 0.0146310441
0.064201289 0.0305559979 0.104372399 0.616111875 0.787628531 0.00688445289
0.060262503 -0.0156355828 0.0172488227 0.840739906 -0.312016129 -0.442495614
0.0172867858 -0.0428011521 0.0494240912 0.0737191364 -0.997252822 0.0072402074
0.0289481426 -0.00893116115 0.255489349 0.850836813 -0.219721973 0.477282941
-0.034489527 -0.0382872209 0.0669958049 -0.444919169 -0.889827847 0.101258047
0.0154335858 0.0437214557 0.0824955514 0.0767449364 0.997003794 0.00967723504
0.0360710932 0.039556608 0.15763734 0.200489283 0.979563415 0.016105881
0.00780706616 -0.0263367979 0.291155176 0.234756529 -0.851532042 -0.468809426
0.0327029474 0.0351023197 0.228365148 0.260577261 0.832076609 0.489640564
-0.0628510816 -0.017449961 0.204094426 -0.794062793 -0.594761074 0.125393435
0.0406710497 0.023874512 0.236288895 0.513886273 0.437954724 0.737642646
0.0487539681 0.0349869353 0.018677301 0.5683043 0.793554664 -0.217488497
0.0379371416 -0.0360735111 0.205211266 0.26674217 -0.959876478 0.0865209401
-0.0661226994 0.00953043157 0.0264422897 -0.959567964 0.132418692 -0.248383984
-0.0579547892 -0.00245875706 0.00736725721 -0.896403074 -0.0680075437 -0.4379915
-0.0479142792 -0.0111336982 0.0032905443 0.00575083215 -0.0323784053 -0.999459147
-0.058607664 0.0116408331 0.0931168404 0.849473476 0.481763512 0.215171397
-0.00744430443 -0.0430195589 0.0813489493 -0.0335611291 -0.999428093 0.00414400641
0.0268920722 0.0419385568 0.116253303 0.141500011 0.98984617 0.0135016162
0.0691294004 0.0126254058 0.194979028 0.976054549 0.176975533 0.12647973
-0.0196235112 0.0334985902 0.00106617237 0.0186221655 -0.0859964192 -0.996121347
-0.0264481916 0.0308887889 0.00111356939 0.0717461333 -0.245446086 -0.966751635
-0.0117146864 -0.0413120572 0.179478576 -0.0741112083 -0.99687928 0.0271857064
0.0279697074 -0.0139430461 0.308754452 0.835194051 -0.472139537 0.282019615
-0.0442375189 -0.0127245643 0.23527303 -0.56325829 -0.425359011 0.708385348
-0.000761627179 0.0342858361 0.239983182 -0.0955901816 0.944788039 0.313429713
-0.0614232031 0.0276604356 0.0328446906 -0.771782458 0.606356561 -0.191529557
-0.0693504139 -0.011967675 0.121181797 -0.32918942 -0.943628013 0.0346473418
-0.0323271659 0.0405647096 0.0113165005 -0.204420492 0.967126191 -0.151258722
-0.0310989044 0.0410016817 0.0705569241 -0.222007647 0.973397613 0.0566560142
-0.0507351428 -0.0331184723 0.0180601154 -0.591212094 -0.781505644 -0.199291795
-0.0257457139 -0.00692156887 0.317335584 -0.1789307 -0.0558319129 0.982276201
0.00777288244 -0.0425369681 0.130118046 0.0293336455 -0.999462843 0.0146161132
0.0688423563 -0.0250011531 0.113524448 0.81103611 -0.584960759 0.00643343339
0.00776082247 0.0443547135 0.0616249062 0.0199144371 0.999769807 0.0079904953
0.0750743621 -0.00545780568 0.137066749 0.99715364 -0.0661904588 0.03610247
-0.031871163 0.0406221432 0.0740772905 -0.245809525 0.96680975 0.0696893483
-0.0280382182 0.0373210625 0.145201089 -0.676206112 0.734225929 -0.060477566
-0.0286556153 0.0376047488 0.104806961 -0.717359841 0.693273425 0.0690418705
0.0600340877 0.0320421513 0.152937818 0.402294248 0.915418148 0.0129897073
0.0168877922 -0.0411849538 0.17385407 0.0754196793 -0.996978045 0.018620817
-0.0619245741 -0.011233908 0.0174067406 -0.881726742 -0.148292989 -0.447847307
-0.069267209 0.0139777507 0.104335558 -0.364663392 0.92548573 0.102454565
0.000799443322 -0.042743701 0.127998918 -0.0211904924 -0.999677956 0.0139583871
-0.0642814765 -0.000759197763 0.219261113 -0.83169347 -0.122083254 0.541647196
0.0210880774 -0.0408401975 0.16602431 0.136094168 -0.990527987 0.018243799
0.0232342294 0.0391466799 0.00288791581 0.218354046 0.84543699 -0.487399071
0.00989788336 -0.0414370893 0.186009735 0.0734568238 -0.996982574 0.0250971802
-0.00833751084 -0.0437218566 0.0237985703 -0.0374163054 -0.999228418 -0.0119438311
0.0134509865 0.0376140968 0.230600553 0.0389600508 0.91764468 0.395487398
0.0291387763 -0.0405121739 0.113269148 0.206503108 -0.978337944 0.0145395305
0.032918033 0.0410630748 0.0970079922 0.204216838 0.978839636 0.0129841594
-0.00109791897 -0.00138986992 0.317108882 -0.0235605333 -0.00191692659 0.999720573
-0.0679052943 0.0154701214 0.164765522 -0.601953447 0.797124922 -0.0473677367
-0.0477545294 0.0367496903 0.0196483392 -0.488318473 0.857940972 -0.159631997
0.0715987643 0.00371629561 0.183939458 0.991925061 0.0497848019 0.116645463
-0.0173855238 0.0247296896 0.312723139 -0.507232308 0.802919388 0.313106775
0.0755092467 -0.00443537331 0.120895032 0.997937977 -0.0633183047 0.0105198482
0.0545821599 0.02047877 0.227658545 0.645043552 0.206860006 0.735613883
-0.0332890367 -0.0136874395 0.150038844 -0.962465048 -0.158631802 -0.220220119
-0.0588485094 0.0234092687 0.0784097923 0.0915018469 0.735812247 0.670975149
-0.0530948504 -0.00585727915 0.230150324 -0.613577664 -0.0966360271 0.783698797
-0.0102596472 -0.0412651846 0.184947472 -0.0778232142 -0.99652493 0.0296937861
0.0289526994 -0.0101343693 0.294485317 0.772052407 -0.330931038 -0.542604625
0.0384384881 0.0380791649 0.21009455 0.249501184 0.964170158 0.0901393741
0.0366330254 -0.0379398601 0.175545492 0.248960704 -0.968284488 0.0210651122
0.0410812953 0.0392443063 0.0934358201 0.263385952 0.964567363 0.0154172489
-0.0463599763 -0.0281282679 0.214267073 -0.444631785 -0.865696073 0.229941055
0.0596618399 0.0209662743 0.0189052503 0.84541142 0.294303894 -0.445718288
0.0545060932 0.0344702165 0.0374824649 0.5329023 0.842588544 -0.0778438374
0.071197992 -0.0216228282 0.119321019 0.810989678 -0.584941924 0.0117719369
-0.0555390619 0.00466009766 0.133941692 0.973035991 0.21603328 -0.0808116719
0.0661458344 -0.0250052163 0.054475862 0.839048088 -0.531774759 -0.114951558
0.00497514882 0.0429689168 0.177410304 0.0240248479 0.999527633 0.0191616416
-0.0529412652 -0.0225134946 0.17218235 -0.286043525 -0.830894113 -0.477277815
0.0433067734 -0.0378751804 0.0601911778 0.262804478 -0.964848816 0.000806189084
-0.0318640724 -0.0180334981 0.118340856 -0.986258984 -0.155923754 0.0545982271
0.02848602 -0.0384818478 0.202245947 0.190618306 -0.978354454 0.0805428401
-0.0327172247 -0.0298633526 0.0920996089 -0.939402461 -0.252077937 0.232335061
-0.0262007041 0.0389447021 0.119629644 -0.714999378 0.69794637 0.0405807644
0.026437773 -0.0383842388 0.208498288 0.193264708 -0.977996647 0.0785575658
-0.0545046734 -0.00247491978 0.00381672826 -0.254099011 -0.0546863787 -0.965630889
0.00255463371 -0.0426684784 0.00930575124 0.0252059679 -0.965407014 -0.25952667
-0.0437605592 0.012063776 0.237220646 -0.630407155 0.356036335 0.68980068
-0.034015892 0.0155733679 0.102208959 -0.986773431 0.0998554677 0.127699539
-0.0246017415 -0.00877579229 0.282819141 -0.952041745 -0.262055963 -0.157934293
0.0289435035 -0.0403888651 0.124231164 0.20626013 -0.978382111 0.015003928
-0.0657021411 -0.0139980598 0.0286849438 -0.940157294 -0.242256045 -0.239616841
-0.0571228667 0.0257694149 0.193194034 -0.52794683 0.843790948 -0.0963787213
0.00895667581 -0.0167472551 0.316663402 0.0532054603 -0.0968547612 0.993875444
0.0226978966 0.0359578633 0.00125827343 0.0322362296 0.0372670963 -0.998785198
-0.0719755773 -0.00870282572 0.156720012 -0.774951398 -0.631266415 0.0308701601
-0.0447749315 -0.021359659 0.00257388359 -0.0884464681 0.117989905 -0.989068091
0.0484437259 -0.0359517177 0.0979800689 0.317909092 -0.948002219 0.0150198815
-0.0245099323 0.0407882034 0.103278372 -0.440570623 0.896065056 0.0544503704
0.00896319954 -0.0289942372 0.296903631 0.297101021 -0.945439935 -0.133695215
0.0199911058 -0.0188644236 0.00345961874 -0.0236073639 0.0763739794 -0.996799767
0.0754287355 0.00635233999 0.0931315922 0.99837625 0.0553808175 -0.0133316144
0.0727776445 0.0150279796 0.153607536 0.979647577 0.190361962 0.0636631474
0.00425544916 -0.0437465328 0.0330713212 0.0175583493 -0.99942714 0.0289347209
-0.052018026 0.033898416 0.0663560424 -0.392325789 0.889376223 0.234713554
-0.0118385234 -0.0418290906 0.147001642 -0.127125517 -0.991817832 0.0116881421
-0.0142269043 -0.0236180279 0.259886225 -0.479006439 -0.859162092 0.1799815
-0.000949220619 0.0424618087 0.00599962568 -0.024771478 0.972744763 -0.230551496
0.0595316121 0.0331620109 0.0805637097 0.422273397 0.906466186 -0.00204398041
0.0177388677 0.0420208523 0.189132997 0.0699007437 0.99741292 0.0167733729
0.0724920719 -0.01163705 0.164928285 0.975321352 -0.204744533 0.0826309696
0.0221206406 -0.0221734233 0.29887804 0.627094507 -0.766002536 -0.14139539
-0.0731166431 -0.00296094665 0.169342298 -0.985072911 -0.129385769 0.113536574
0.0131318448 -0.0240406223 0.261840154 0.390254587 -0.893584192 0.221830204
-0.0434512881 0.0384580785 0.0173590353 -0.373149842 0.921427727 -0.108305544
-0.06004192 0.013048008 0.141490754 0.708705425 0.693365693 -0.130309686
0.0320216806 -0.0406174571 0.0462457796 0.196040198 -0.980590701 0.00315322145
0.0117797681 0.0236505579 0.273981997 0.43470633 0.896419704 0.0863842741
-0.0586765269 0.0101100005 0.127878419 0.743888915 0.664228737 -0.073685281
-0.0327032092 0.0241310401 0.151861403 -0.964784682 0.175684899 -0.195768356
0.0229708749 -0.0419036994 0.077444858 0.137740061 -0.990417838 0.0100110248
-0.063043056 -0.0204952118 0.0264053494 -0.904249847 -0.361796618 -0.226793543
-0.0556556895 -0.00270919682 0.0922694529 0.964751303 -0.202116087 0.168535009
-0.0206928528 0.0415563796 0.136678945 -0.221641839 0.975119472 0.00411453797
-0.0526633966 0.0360757394 0.0369836374 -0.379585743 0.925138772 0.00573115144
0.0756602333 0.0026333942 0.0950190756 0.99837625 0.0553808175 -0.0133316144
-0.0253553544 0.0412958682 0.0917605147 -0.252941102 0.966642618 0.0402833857
-0.0163294904 0.0211312218 0.272599426 -0.630784273 0.77045387 0.0922607854
0.054412504 0.0344364938 0.147664555 0.315970749 0.948700011 0.0114376675
-0.0320141655 0.0226480707 0.14596264 -0.98522526 0.142098933 -0.0955982953
-0.0247107915 0.00670006295 0.00409600437 0.0118569881 0.0784266368 -0.996849358
-0.0302337707 -0.0306319283 0.107272419 -0.966636658 -0.24079442 0.0873588249
-0.0665969292 -0.00825300897 0.206856739 -0.946308911 -0.278684139 0.163813084
0.0123822559 -0.0425943745 0.107630475 0.0792905316 -0.996750116 0.0142201381
0.0150314651 -0.0428047091 0.0715242741 0.0756099299 -0.997112513 0.00705966214
-0.0719142519 -0.000944607335 0.0514280381 -0.985849142 -0.0873224959 -0.14309527
-0.0560765848 -0.0185125363 0.166548467 -0.0692271367 -0.898582935 -0.433308482
-0.0201956598 -0.0404150889 0.155472788 -0.207006782 -0.978334844 -0.00302541582
-0.0191040592 -0.0245796851 0.247376384 -0.425924301 -0.862076461 0.27461344
0.00684885544 -0.0431367854 0.0862011502 0.0230441149 -0.999711335 0.00680605182
0.0489915455 -0.0318469559 0.210232852 0.33801806 -0.923230588 0.18272683
0.0333498621 -0.0383669696 0.186130273 0.190862 -0.981275141 0.0258993879
0.0393936222 -0.0383779364 0.10596564 0.265845656 -0.96392101 0.0135086225
0.0284454178 -0.0413724656 0.0280315493 0.196341604 -0.980535209 0.000756398425
0.0286332328 -0.0110410352 0.294595509 0.837446988 -0.352805197 -0.417386025
0.0350900028 0.0395499039 0.171689488 0.194799736 0.98064512 0.0197048839
-0.053685427 0.00296454776 0.0864320118 0.927596688 0.133044004 0.349089682
0.0256691325 0.042912036 0.0344732624 0.125280008 0.992105544 -0.0055946596
-0.0703759188 -0.00712779252 0.183731591 -0.950026035 -0.287957937 0.120544076
-0.013391611 0.0430744969 0.126079604 -0.127635911 0.991733789 0.0131596057
0.0658466423 -0.022946457 0.0452858857 0.854408681 -0.491234392 -0.169335455
0.0499984966 -0.0288693802 0.219185246 0.461114317 -0.817806065 0.344335079
-0.0482332572 -0.0130823698 0.231848497 -0.552422345 -0.466598213 0.690735519
-0.050842357 0.0221469851 0.169716393 -0.218696445 0.862921894 -0.455563068
0.0476936705 -0.0348494891 0.179803488 0.298340529 -0.953742921 0.0369783565
-0.0656272757 0.00797673516 0.024584205 -0.923525572 0.129823729 -0.360896349
0.073589636 -0.00985347338 0.0699064395 0.975227773 -0.19629164 -0.101982988
0.0713139451 -0.0182169431 0.154241927 0.928405881 -0.366871774 0.0588865094
-0.0665595002 -0.0147588876 0.170885261 -0.710581064 -0.701702118 -0.0518520847
0.00172250394 -0.025633336 0.287023757 0.0577066727 -0.98220104 -0.178748623
-0.030008988 0.0326223792 0.118829234 -0.979836881 0.192232326 0.0544651039
-0.0290734558 -0.0398663667 0.0708414192 -0.252395332 -0.965320647 0.0667281672
-0.0137705843 0.0393301116 0.216097437 -0.17241177 0.970608354 0.167909801
0.058596814 0.0334740664 0.0990206622 0.408995539 0.912494957 0.00869637169
0.0387480356 0.0396567667 0.10895069 0.263803333 0.964481175 0.013554249
-0.0745324242 -0.00622997973 0.0787995885 -0.976280749 -0.207591563 -0.0614954531
-0.0214154049 0.0413623103 0.182109604 -0.161918893 0.986707091 0.0138336103
-0.0663331195 -0.00711801276 0.209988219 -0.923371136 -0.27706483 0.265746087
-0.0385261406 -0.0348868447 0.0704877759 -0.688763857 -0.612195432 0.388356954
-0.040896753 -0.016726587 0.235049355 -0.53862828 -0.517006576 0.665269673
0.00095739976 0.00202903885 0.317176913 -0.0105457082 -0.0147461398 0.99983573
0.0217443098 -0.041610872 0.112870457 0.14179498 -0.989795029 0.0141444793
0.0522554897 -0.0346635411 0.0986504225 0.31792748 -0.94804132 0.0118230963
0.0501858767 0.0273207685 0.227597336 0.523387909 0.503401756 0.687496722
-0.0547533826 -0.0193329321 0.221420196 -0.623817682 -0.639891982 0.448764771
-0.0235245917 0.0382165536 0.211872088 -0.196902767 0.959122658 0.203256294
-0.0632030095 0.0143926933 0.141102027 0.336620867 0.93508321 -0.110931367
-0.0105995253 -0.0428019323 0.0728774962 -0.102536738 -0.994683146 0.00957129896
-0.00235171075 0.0442447467 0.0900267398 -0.0278077386 0.999581337 0.00800184626
0.000317285059 -0.0418833859 0.178487659 -0.0229361467 -0.999394596 0.0261623673
-0.0700977453 0.0129106374 0.138446614 -0.426671773 0.904397011 -0.00414394354
-0.0237089014 0.0402639559 0.135395794 -0.431393445 0.902163744 0.000552387035
0.00220333172 0.0441375638 0.106808379 0.0304259937 0.999458373 0.0125335166
-0.00696650333 0.0290606186 0.254102969 -0.181823939 0.950944066 0.250290483
-0.0217087971 -0.0412644402 0.0770485027 -0.169711754 -0.985240102 0.0223573446
-0.0455025397 0.038705967 0.0395112241 -0.274905205 0.961265206 0.0199081674
0.0651568293 -0.0218173262 0.0385297712 0.854408681 -0.491234392 -0.169335455
-0.0188140475 -0.0141577324 0.316565432 0.0545987338 -0.15543966 0.986335397
-0.0576567566 0.0109193672 0.00888863264 -0.851677954 0.134515315 -0.506508052
0.0550586772 -0.0333164099 0.129268599 0.314037621 -0.94931072 0.0137719298
-0.0428750742 -0.00380212881 0.239160605 -0.690699995 -0.0888956636 0.717656612
0.0170468854 0.0435344316 0.0889350321 0.078037113 0.996888578 0.0111033777
0.0214435125 0.0392871645 0.224392967 0.0967988595 0.969601035 0.224730521
-0.0616329232 -0.0189512504 0.203589343 -0.713117003 -0.69244051 0.109500319
0.0523021119 0.0217320252 0.229007013 0.609406233 0.328126401 0.721773565
0.00667444072 0.0252146434 0.285051433 0.147346124 0.980718136 -0.128378928
-0.0256076158 0.0221395936 0.248072834 -0.592896998 0.67856276 0.43361932
-0.0389160086 0.0389418616 0.0669836852 -0.279449224 0.951276422 0.130312428
0.0158644218 -0.0413928086 0.16678011 0.077343367 -0.996826053 0.0188615136
0.07509473 0.00194530686 0.0781431981 0.996222258 0.0558393747 -0.0665060356
4.51859969e-05 -0.025261906 0.278072454 0.0518064424 -0.998149455 0.0318403319
-5.31571827e-05 0.0367645052 0.00097609527 -0.00877546892 0.131940529 -0.991218805
0.0603836516 0.0311705077 0.179652126 0.627843559 0.776881874 0.0476135872
0.029443502 0.0415527986 0.114655341 0.205586955 0.978541315 0.0138155464
0.0154578441 0.0213019971 0.278546345 0.532251716 0.84656322 0.00622363389
-0.00532193829 -0.0420729062 0.16280863 -0.019952802 -0.99964416 0.0177043248
-0.0321715013 -0.0261535777 0.156003835 -0.940187752 -0.262582064 -0.217019841
-0.0596984858 0.0208801276 0.172764103 -0.411800623 0.894568086 -0.173689976
-0.0630764493 0.0201321928 0.208252151 -0.779284835 0.622448862 0.0726126581
-0.0544428413 0.0239370411 0.177101492 -0.352810174 0.910055876 -0.217539161
-0.0477562408 -0.0357647868 0.0383285758 -0.446943074 -0.886775732 0.117773704
-0.00343820767 -0.0350862784 0.229123225 -0.137466043 -0.938537598 0.316623122
-0.0274691227 -0.00423587154 0.290696018 -0.888317406 -0.05403433 -0.456039965
-0.0531928904 -0.0180448692 0.166335305 0.183186948 -0.7481727 -0.637714803
0.0669673213 -0.0192540667 0.189896937 0.913480937 -0.376569927 0.154102683
0.071528689 0.00359720509 0.0486356444 0.981097281 0.0555933602 -0.18535772
-0.0330647168 -0.0289002327 0.225886195 -0.320212275 -0.829561353 0.457484454
0.030857769 -0.040882122 0.035950631 0.196334824 -0.980532527 0.00292353681
0.0374380324 0.0315153069 0.00238943039 0.142932788 0.143720642 -0.979241848
-0.0623146843 -0.0205714519 0.0246377573 -0.84256345 -0.415699035 -0.342463255
0.0367912697 -0.0381293142 0.163721202 0.198076472 -0.980071664 0.0150073348
-0.0260270848 -0.0176810472 0.250986657 -0.658314943 -0.593249857 0.463331282
0.0033948879 0.0303408487 0.00204420552 -0.0152811445 -0.312016755 -0.949953675
0.058642954 -0.0288033774 0.0305682513 0.742766976 -0.637291312 -0.205321595
0.0246043822 -0.00750366769 0.2752123 0.966255903 -0.24796471 0.0697361678
-0.00535409787 0.0444421175 0.0498154282 -0.0299400017 0.999517262 0.00829151832
0.0387323714 -0.0353918029 0.209944742 0.265304565 -0.952439249 0.149909839
-0.0321417085 -0.0191702834 0.111506693 -0.983305931 -0.159129679 0.0882455483
-0.0588663247 -0.0107005622 0.144091641 0.663773715 -0.739227474 -0.113785952
-0.0332311828 -0.0350579637 0.08325184 -0.77892065 -0.58504796 0.225835264
0.0624563581 -0.0306874446 0.0902707618 0.403948426 -0.914772153 0.00419159327
0.035949553 0.0409526592 0.0319666028 0.261942536 0.964834034 -0.0219426472
-0.00334891288 -0.0250618995 0.282104674 -0.183623627 -0.982701659 -0.0240813345
0.05622962 0.0346713613 0.0853749047 0.416592807 0.909078181 0.00523140794
0.00557144727 -0.043914255 0.0243771968 0.0226796586 -0.999655426 -0.0132195558
0.0308771703 -0.00652522708 0.253170991 0.849257231 -0.222400069 0.478853285
0.00434972965 -0.0427476443 0.122519466 0.0293339659 -0.999474049 0.0138279982
0.00674377587 -0.040624536 0.202963731 0.0137951002 -0.996325731 0.0845264494
-0.0461744872 0.0221545685 0.168472381 -0.303225875 0.702840149 -0.643482506
0.0446829244 0.00227220772 0.238476095 0.686288059 0.0171053875 0.727128685
0.0474415095 -0.0354044676 0.156308552 0.304637462 -0.952334642 0.0159594715
0.0349405614 -0.0400358529 0.0455966395 0.196334824 -0.980532527 0.00292353681
-0.0310423743 0.0394535339 0.0844178138 -0.486148089 0.856852651 0.171649665
0.0756251032 0.00279741479 0.0930696252 0.99837625 0.0553808175 -0.0133316144
-0.061305917 -0.0240718819 0.0268887729 -0.83613956 -0.514807463 -0.189325228
-0.0263874215 -0.0145249278 0.311891645 -0.838134944 -0.459983468 0.293163985
-0.0410615198 -0.0161049827 0.0806203054 -0.737430036 -0.289880514 0.610054195
0.0104304958 -0.0434316144 0.0397166492 0.0737161115 -0.997193098 0.0131067522
-0.0738008244 -0.00517964036 0.154247102 -0.953062594 -0.294550985 0.0700817928
-0.0426216324 0.00311559885 0.160232615 0.0525693297 -0.0256707221 -0.998287261
-0.00452893556 -0.0423000881 0.151106195 -0.018384248 -0.999699056 0.0162403937
0.0174743868 0.0256841927 0.309447987 0.505594969 0.792681873 0.340630472
0.066174327 -0.023436549 0.0485605917 0.845986664 -0.509286165 -0.157905802
0.0420740422 0.0391838546 0.0796532722 0.261720836 0.965081751 0.0109293591
0.00422641379 0.0444087111 0.0638381044 0.0199146215 0.99977541 0.00724129751
0.0054749961 0.0429121724 0.179590959 0.0240238793 0.999486268 0.0212157611
0.0665597591 0.0285746888 0.0821387114 0.629367828 0.776939929 -0.0161417499
0.00521968734 0.0309386373 0.24971417 0.155060872 0.937572837 0.31130892
0.0192941052 0.0414841961 0.207926408 0.108029842 0.993916273 0.0214491412
0.0652527185 0.00101465758 0.0229245414 0.925580204 0.054674089 -0.37458235
-0.00474478885 -0.0397390678 0.208861083 -0.0645098314 -0.991231978 0.115315616
0.0731537064 -0.0141132245 0.14727088 0.977520227 -0.204304352 0.0520964637
-0.0583372704 -0.00690297648 0.108877528 0.868825734 -0.493855655 -0.0353329889
-0.073577088 -0.00581949594 0.0666475269 -0.989236712 -0.087657012 -0.117161602
-0.0131318534 0.0424300317 0.177842916 -0.0713544413 0.997302353 0.0172204394
0.03605998 -0.0392658289 0.0201630192 0.272671103 -0.959447205 -0.0714950711
0.0209886594 0.0425116795 0.135830162 0.141300797 0.98985523 0.0148549611
0.0354382989 -0.0389277066 0.130221649 0.20643343 -0.978348374 0.0148265325
0.00389250773 -0.0304383025 0.299001156 0.187326595 -0.972028553 -0.141665414
-0.0427906953 -0.0336959437 0.0645695664 -0.619973302 -0.747071028 0.239829063
0.0450441077 0.0375434508 0.13644587 0.263593346 0.964538634 0.0135598043
-0.0302853151 0.0322150923 0.225857845 -0.285177261 0.878106713 0.384190828
-0.0620077514 -0.0266881899 0.0454593932 -0.624861002 -0.780584991 -0.0153527465
0.040322621 -0.0383558488 0.0910187723 0.266267598 -0.963773787 0.0155421505
0.0384450911 -0.0299902769 0.228933805 0.356615186 -0.719090462 0.596434951
-0.019283926 0.0410994708 0.195434353 -0.128131822 0.989858329 0.0613403097
-0.076003587 0.000217254688 0.113505181 -0.999648511 0.0249964781 0.00883185398
0.0407194372 0.039734531 0.0568281844 0.262025416 0.965052426 0.00406173244
-0.0571590364 -0.004895399 0.00670122272 -0.854032815 -0.147334844 -0.498919189
0.0630884493 0.0296845536 0.168381613 0.613287508 0.788834631 0.040229667
0.0656797542 -0.00761814897 0.0253719176 0.908391595 -0.1981747 -0.368173033
-0.0286509371 0.0380470817 0.10140366 -0.717459083 0.690325916 0.0932877809
0.060091703 -0.0270280204 0.0303597115 0.844410062 -0.483643085 -0.230349511
0.0376489472 -0.0313695773 0.227230416 0.385544688 -0.812312126 0.437612206
-0.0291696328 -0.0320541565 0.116607762 -0.969321847 -0.240211919 0.0520897843
-0.0189529179 -0.0406312358 0.173285911 -0.119485192 -0.992695391 0.016704252
0.0247343492 -0.0404828 0.157450163 0.138354361 -0.990212977 0.0183377042
0.0192941759 0.043220504 0.100708141 0.140893832 0.989951313 0.0120569887
0.0755094543 0.00488534843 0.12206984 0.998398423 0.0554428026 0.0112535078
-0.0235421111 -0.0191303718 0.310632834 -0.706116736 -0.637984097 0.307206094
0.0103346054 -0.0422174629 0.144178602 0.0795732811 -0.996685803 0.0168981701
0.0244258182 -0.0407729066 0.142733403 0.141561136 -0.989801228 0.0159347299
-0.0187559605 0.0428307429 0.0906392439 -0.143737182 0.989554763 0.0110024652
-0.0580929324 0.0129210055 0.0101536347 -0.851677954 0.134515315 -0.506508052
0.0586999932 -0.0236429055 0.0211783206 0.826889694 -0.444501221 -0.344488263
0.0641359893 0.0303706569 0.122091968 0.61462599 0.788723588 0.0122484667
-0.0753437533 0.005657277 0.126399841 -0.986524224 0.162100047 0.0222127289
0.0743932066 -0.0123369459 0.118469757 0.979626834 -0.200502291 0.0114060435
-0.0420683035 0.0113412277 0.161506901 -0.166713163 0.272372454 -0.947639048
-0.059523345 -0.0170152758 0.217906176 -0.681273758 -0.561980605 0.469088286
-0.0757350826 -0.00190134034 0.121230447 -0.994492948 -0.104438461 0.00873983558
0.0261598968 0.0422179267 0.102843796 0.140222564 0.990034759 0.0129955625
0.0675851489 0.0251406646 0.0603819919 0.854250491 0.505749941 -0.120304137
-0.052189008 -0.0262530672 0.179035993 -0.427826256 -0.85243547 -0.300530523
0.0093245991 0.0428890904 0.175937652 0.074709788 0.997004211 0.0200224295
0.0282548532 -0.00231644074 0.316316075 0.759613872 -0.0874084309 0.644473791
-0.0290512651 -0.0308680197 0.133906342 -0.971494257 -0.235620528 -0.0261101723
-0.0443908304 -0.00718178726 0.0032107361 0.0107507277 -0.0252910964 -0.999622345
0.0161003825 -0.0413493083 0.168140789 0.0765385181 -0.996916831 0.0172816515
-0.0251190251 0.0288490174 0.0017126901 0.0804186538 -0.222094908 -0.971702993
-0.00504933147 0.02650582 0.268594212 -0.177202925 0.974335015 0.138817906
0.0213809177 0.0407574453 0.216482207 0.0977069065 0.992471933 0.0738437176
0.0113568332 -0.0409156317 0.19592262 0.0683466569 -0.996581316 0.0464158393
-0.0756523503 0.000744665757 0.136392945 -0.99938947 0.0292264707 0.0191453714
-0.0669606365 -0.0130305926 0.111559492 0.0713321865 -0.997000992 0.030011801
-0.0460841585 0.0187757653 0.00292245203 -0.0195025206 -0.111879021 -0.993530452
-0.0454713609 -0.00372036717 0.16031063 0.360204428 -0.226161018 -0.905043602
-0.0204368805 -0.00128925819 0.00382898551 0.00124194555 -0.0395332016 -0.999217451
0.0252200869 -0.039731641 0.189984312 0.130770877 -0.99052918 0.0418432467
0.0743387042 0.0129823452 0.124440899 0.982442081 0.185200229 0.0225479323
0.0641623205 0.000431077576 0.0201450265 0.925580204 0.054674089 -0.37458235
-0.0227612319 0.0422338732 0.086015519 -0.255359322 0.965158343 0.0571047142
-0.0407189723 0.0377956374 0.0701325426 -0.361409754 0.916908383 0.169298247
-0.0544417607 0.0245750397 0.179599718 -0.399621397 0.879421771 -0.258689404
-0.0295266366 -0.0290245388 0.127366619 -0.970716655 -0.240019903 0.00998035446
-0.0264120294 0.005985111 0.264616572 -0.972380877 0.1471802 0.181144908
0.0486448053 0.0353125007 0.201837342 0.302949399 0.952294111 0.0368452109
-0.0394415805 -0.039361578 0.0316210209 -0.292067617 -0.956271529 0.0155299408
-0.0250664443 0.00596772029 0.279601962 -0.989631891 0.142189667 -0.0202672742
-0.0598351915 0.0156189472 0.154244082 0.331549853 0.895722628 -0.296235919
0.0107595747 0.0421741253 0.203049806 0.0431174561 0.998517573 0.0332193114
0.0463885283 -0.0326293358 0.211095063 0.33801806 -0.923230588 0.18272683
0.0124682626 0.0435672745 0.1167936 0.0798127875 0.996721566 0.0132707274
0.0631218231 0.0146576293 0.219727236 0.831954777 0.141299412 0.536549747
0.0311837489 0.00101112072 0.254187741 0.870925784 0.0410383716 0.489698201
-0.0247994586 0.0422470799 0.0723483176 -0.149164677 0.988545835 0.0229541492
-0.0329204823 -0.0158745004 0.10842686 -0.987582743 -0.129792035 0.0885120183
0.0142725872 0.0441384233 0.0315766635 0.0707366541 0.9974913 -0.00275384821
-0.00208858199 0.0255670635 0.315547803 -0.0394214429 0.486236781 0.872937441
-0.0444049361 -0.0302886714 0.0684801476 -0.55286026 -0.707124531 0.440818012
0.047941598 -0.0362689953 0.0371408604 0.351136416 -0.936038792 -0.0231246352
-0.0732750921 0.0121420974 0.0828989397 -0.884777546 0.464494735 0.0375960469
0.0194914827 0.0423401097 0.160571349 0.136658505 0.990483522 0.0163346604
0.0354914869 -0.0397048653 0.0776983082 0.200618327 -0.979594529 0.0121176085
0.033854911 -0.0402442798 0.0483218295 0.196040198 -0.980590701 0.00315322145
-0.0351704362 -0.028926647 0.0843695156 -0.916812479 -0.283448935 0.281267881
0.0324373936 0.0395377926 0.208031352 0.180187806 0.983511567 0.0154014053
0.0313898752 -0.0397547787 0.131948873 0.20626013 -0.978382111 0.015003928
-0.00389836751 0.0428355361 0.182926779 -0.0247323401 0.999383926 0.0249015298
-0.0746092239 0.00699274769 0.13857308 -0.938988805 0.343317091 0.0208225287
0.0370941805 -0.038489461 0.136059724 0.206260681 -0.97838378 0.0148968715
-0.0754416701 -0.00302020032 0.12920516 -0.963090658 -0.268280208 0.0219532624
0.058195535 -0.029452679 0.0309863049 0.714174092 -0.678975523 -0.170140326
0.0344822204 -0.0401469653 0.0391108681 0.196334824 -0.980532527 0.00292353681
0.045711801 -0.0277014089 0.00453920375 0.619464576 -0.425728619 -0.659559548
-0.0108088254 0.0240256203 0.27850523 -0.359013915 0.93305856 0.0226007849
0.066843382 0.0221470884 0.0451826417 0.864987552 0.471391737 -0.172007233
-0.0250372903 0.0148497353 0.00417781361 0.0339312218 -0.105533578 -0.993836641
0.0713394098 -0.00229661812 0.186243631 0.988315523 -0.0810278058 0.129100278
-0.0158768796 0.0421936174 0.172851791 -0.115403511 0.993248701 0.0117929559
-0.0580184443 -0.0188977516 0.217502021 -0.623817682 -0.639891982 0.448764771
-0.027241162 0.00856641818 0.291160461 -0.86272347 0.211468697 -0.459335566
-0.0634093417 0.0185037149 0.167479402 -0.410103381 0.906542003 -0.0999845192
-0.0247861492 -0.0061132306 0.280175702 -0.983068764 -0.181817025 -0.0227698218
0.00337654325 -0.0368219795 0.226186231 -0.0512374677 -0.958737552 0.279637128
0.0474004362 0.0371446592 0.119309406 0.26380381 0.964481235 0.0135424836
0.0721251585 -0.0096354258 0.173286176 0.972022057 -0.202365205 0.119253352
-0.00773452354 0.0255236922 0.271551266 -0.288191229 0.954087496 0.081625849
0.00403356495 0.0442659045 0.0875956326 0.0252711494 0.99963522 0.00953101926
0.0075616247 0.0407675896 0.220968744 -0.0445769876 0.977200031 0.207588658
-0.0697124792 -0.00834560811 0.18605111 -0.950026035 -0.287957937 0.120544076
0.0346134467 0.0392603564 0.197662098 0.188852385 0.981940687 0.011280098
-0.0545107832 -0.0135697862 0.160459233 0.329768568 -0.708789825 -0.623594105
0.0655130974 0.0103757094 0.0258960046 0.911978781 0.180745602 -0.368273765
0.0298948404 0.03746603 0.225631774 0.164918929 0.875105023 0.454964876
-0.00738872695 0.0437531909 0.117771397 -0.0739148036 0.997168303 0.0138531039
0.0691049485 -0.0152871957 0.18682587 0.920814157 -0.366341203 0.133773908
0.0476506197 0.0359188983 0.190287824 0.298956096 0.954013526 0.0219869148
0.0743620318 0.0132947727 0.118631465 0.982616663 0.185218737 0.0125916749
0.017521352 0.0437610932 0.0570668493 0.0724240914 0.997341037 0.00809878018
0.0538002805 -0.0327289979 0.182087121 0.407753199 -0.911946118 0.0457352325
0.0149195811 -0.0432991824 0.0236537663 0.0832833275 -0.996311367 -0.0206780992
0.0271739736 0.0426936069 0.0404393652 0.125279039 0.992098987 0.00669343164
0.027415262 -0.0214625121 0.246298494 0.55587709 -0.604126215 0.570992172
0.013554497 -0.0404516594 0.201047631 0.0678237304 -0.994676292 0.0775829554
-0.0318713221 0.0414574298 0.0163857527 -0.186241582 0.969610929 -0.158646703
0.0248343375 -0.0176558643 0.311261015 0.775934756 -0.5626086 0.285301387
-0.0304081954 -0.0407224847 0.0453291629 -0.172425553 -0.984072328 0.0432562456
-0.0490548892 -0.0356611127 0.0317566861 -0.408998281 -0.912389696 0.0162923969
-0.07404319 -0.00691722716 0.132571452 -0.912349164 -0.408304483 0.0301086456
-0.0347856816 0.0244801962 0.158676424 -0.840080082 0.246626928 -0.48315683
-0.031978571 -0.0156618344 0.139836969 -0.991958201 -0.123148307 -0.0292103384
-0.034082439 -0.00241751301 0.110793121 -0.99478519 -0.0469330065 0.0905526876
-0.0308512021 0.0306462611 0.228712294 -0.360225022 0.82373935 0.437825888
-0.0330411717 -0.00731772158 0.120331786 -0.99407506 -0.0927211791 0.056723658
0.0160366612 -0.042279857 0.10929967 0.0792905316 -0.996750116 0.0142201381
-0.0448269965 0.0196287169 0.166103233 -0.08347781 0.533017695 -0.841976047
0.0189156436 0.0432232735 0.103062014 0.0797890127 0.996738255 0.0121080689
0.0476217962 0.0356030759 0.202738589 0.302949399 0.952294111 0.0368452109
0.0719647923 -0.00859392185 0.176555887 0.971696138 -0.20763731 0.112665191
0.0242020264 0.0421127706 0.131510767 0.141964763 0.989772439 0.0140153579
-0.0588911403 0.0105861558 0.0962285799 0.778434098 0.564234674 0.275099188
-0.00928401177 0.0288582432 0.252791676 -0.277264476 0.911528885 0.303709596
-0.0663288642 0.0164014253 0.0938347427 0.016548479 0.988723278 0.148836315
-0.0533078606 0.0261595137 0.183405732 -0.408919185 0.885128796 -0.222108141
0.0232669052 0.0430957842 0.0544905651 0.128599063 0.991657794 0.00878457259
0.0664593504 0.0266828904 0.165920314 0.836583138 0.544267476 0.0624626726
-0.0546014589 -0.0033646287 0.143234308 0.967322409 -0.213810176 -0.136281267
-0.0566930758 0.00484659275 0.116585925 0.953394532 0.298908323 -0.0411420614
-0.0152300367 0.0437508663 0.0562206807 -0.0882805511 0.995988429 0.0146189248
0.00443019387 -0.0180331027 0.316662439 0.0262144655 -0.0910970792 0.995496929
0.0651643727 -0.0143506455 0.209506051 0.921829164 -0.262004048 0.285630822
-0.0703820557 0.00288370221 0.1909787 -0.987111628 0.0646446422 0.14639543
-0.0713232654 0.0167028847 0.0725390334 -0.900775552 0.433332235 -0.0287482832
-0.0754958112 -0.00123936256 0.0833279547 -0.995498776 -0.0871253312 -0.0373014249
0.0451380915 -0.0364470001 0.0228684824 0.374537617 -0.919174373 -0.121819906
-0.0010854809 0.0382810739 0.228240052 -0.123805031 0.941357136 0.313877493
0.0525728243 0.0256859039 0.226980973 0.609406233 0.328126401 0.721773565
-0.0587346359 -0.00906857972 0.129436533 0.817293465 -0.572815597 -0.0625601038
0.0621861358 0.0130578007 0.0189767681 0.911870718 0.180042312 -0.368885368
-0.0500224839 -0.029309363 0.194976164 -0.50987488 -0.859836459 0.0266261026
0.017001276 0.0231065742 0.313958604 0.37848419 0.562401831 0.735155642
0.00130556319 0.024791917 0.00347312539 -0.0145876743 -0.138037071 -0.990319729
0.0196110933 -0.0420923744 0.100367823 0.141354427 -0.989866197 0.0135623543
0.0746258348 -0.0104371738 0.0899425664 0.978718281 -0.20333159 -0.0276914779
0.0399553877 -0.0374235233 0.157117935 0.255706519 -0.966592968 0.0176711231
-0.0112365878 -0.0416139304 0.166160714 -0.072908394 -0.997197628 0.0167728346
0.0190802603 -0.0391694614 0.210567096 0.12075679 -0.985715687 0.117398202
0.0421532095 0.0226912087 0.00285728202 -0.00526943337 -0.0876664817 -0.99613601
0.0200492489 -0.0165970867 0.316110371 0.118550271 -0.179592684 0.976571739
-0.000583362081 0.0437199916 0.137012586 -0.0165670849 0.99975431 0.0147241391
-0.0173031281 0.0433872405 0.0703841158 -0.0901354328 0.995862961 0.0115112308
-0.0464974891 0.0382629423 0.0253145127 -0.336032331 0.941723704 -0.0154507421
-0.0610959275 -0.0180984978 0.0191354605 -0.867755473 -0.351561964 -0.351290137
-0.0158498457 -0.0423754482 0.0619757126 -0.099353537 -0.994937181 0.0151227601
0.0344026194 -0.0392551651 0.12302791 0.206433758 -0.978350282 0.0146840354
-0.0251245569 0.00528847195 0.00398002652 0.0118569881 0.0784266368 -0.996849358
-0.055909929 0.0301952377 0.0705315131 -0.319387943 0.791520357 0.521044016
-0.0459927982 -0.0329929744 0.0101010899 -0.579003453 -0.674163043 -0.458540261
-0.0619306702 -0.012445307 0.142164664 0.364577711 -0.925179839 -0.105476864
0.0718523242 0.0213336862 0.111292757 0.938904643 0.344147652 0.00453193858
0.0485364742 -0.0331107453 0.202093269 0.317784131 -0.94030863 0.121789895
0.0154266264 0.0370494666 0.231346324 0.137944475 0.898862004 0.415954828
-0.0371941167 -0.0391730154 0.0483307837 -0.243422985 -0.968350172 0.0551652834
-0.0570943549 0.00812615768 0.131716342 0.88063705 0.467565715 -0.0765547156
0.070727575 0.0215570616 0.149131466 0.939370632 0.339441627 0.0486033782
0.0359695108 -0.000467629523 0.00314414016 0.00049248914 -0.0204268713 -0.999791205
-0.0302812469 -0.0128189535 0.250283722 -0.706923127 -0.479554564 0.519891441
-0.0264238698 -0.0181405476 0.301409974 -0.828267694 -0.558630347 0.0436441898
-0.0113657991 0.0079032006 0.00421334097 -0.0144043453 0.0756132826 -0.997033119
-0.0617437724 0.00254275407 0.0148951991 -0.892703235 0.0444985293 -0.448442727
0.0588444974 0.0318059452 0.186954765 0.393182188 0.919059336 0.0271626264
0.0677183922 0.0268682164 0.142668724 0.838357568 0.544381499 0.0283772517
-0.021859746 0.0149411287 0.280458994 -0.845465124 0.521971226 -0.11284779
0.0481055885 -0.0352154334 0.154912461 0.304637462 -0.952334642 0.0159594715
0.0506558232 -0.0352084772 0.098069837 0.317909092 -0.948002219 0.0150198815
0.00991418136 0.0303604701 0.302899562 0.266303271 0.963729799 0.0175317451
0.0150277387 -0.0272217538 0.303920082 0.417826742 -0.906890512 -0.0545020588
0.0253062949 0.00912404013 0.267863753 0.918650806 0.352800071 0.177800164
0.0491022429 0.0173315412 0.00389786113 0.147163853 0.0142059335 -0.989010155
0.0527411032 0.0199927192 0.00642779671 0.668487906 0.31201154 -0.675109386
0.00121172296 -0.041617283 0.188149013 0.0227257945 -0.998694062 0.0457576625
0.0309149264 -0.00540856442 0.307784876 0.958248913 -0.234737262 0.163271189
-0.0340129345 0.0240718372 0.0957258797 -0.970662892 0.148257062 0.18929714
0.021071651 0.0434013321 0.052169279 0.13221927 0.991201997 0.00605545333
0.0662458456 -0.0269072636 0.151894118 0.592563212 -0.805047274 0.0277109388
-0.0404776719 0.035756982 0.196539288 -0.52113992 0.851850808 -0.0525691137
-0.0312722986 0.0297634715 0.14949591 -0.969775796 0.200661033 -0.13881664
0.0490476026 -0.0358942641 0.038766653 0.351136416 -0.936038792 -0.0231246352
-0.0320985369 -0.0204820364 0.149545609 -0.972954988 -0.161478296 -0.165176138
0.00140172217 0.041011858 0.218448576 -0.0428788103 0.993808091 0.102503285
-0.029123547 0.000740407481 0.313847595 -0.917751968 0.0296559297 0.396045357
0.00149771885 0.0183568847 0.316983572 0.00366233988 0.074706085 0.997198939
0.0736685514 -0.00120839816 0.165766264 0.994060397 -0.067959927 0.0850021765
-0.0479170597 -0.0300747766 0.201067109 -0.502776563 -0.852145731 0.145132616
0.0254863285 -0.00391633758 0.274207374 0.991474748 -0.108683474 0.0718730241
0.0474837632 0.0372757859 0.0299397398 0.387149662 0.919163764 -0.072477974
-0.00712811885 0.0436735705 0.125069973 -0.0727797896 0.997255981 0.0135510694
0.0587259382 -0.0312754188 0.164956774 0.38069427 -0.924565494 0.0158291962
-0.0476807838 0.0190274137 0.230120477 -0.491683841 0.467360586 0.734725296
-0.0226164555 -0.0124120241 0.278144368 -0.866518676 -0.497433484 -0.0412960388
-0.0482534858 -0.0348538375 0.0175032023 -0.591212094 -0.781505644 -0.199291795
-0.0376391419 0.0390304926 0.068878716 -0.245673582 0.961162865 0.125739798
-0.0331831767 0.00432311907 0.123498699 -0.995382428 0.07608293 0.0585233644
-0.0330139137 -0.033233806 0.0865160357 -0.889148414 -0.372359067 0.266014874
-0.0295937741 0.0128742206 0.304256723 -0.902614415 0.392287344 0.177194312
0.040318305 0.0109259696 0.241623338 0.664871991 0.121441849 0.737019002
0.0611083102 0.0306685856 0.178652554 0.617759466 0.784465194 0.0546592064
0.059818701 -0.0155600623 0.221085919 0.764427483 -0.413583845 0.49456957
0.0334447065 0.041442398 0.0511637417 0.191339508 0.981485248 0.00870239362
-0.0298039115 -0.0383696075 0.181877577 -0.224520355 -0.974460542 0.00416365732
0.0259588964 -0.0178792077 0.252271419 0.704957187 -0.572592378 0.41853714
0.0298469388 -0.0400270046 0.13537138 0.205218956 -0.978585482 0.0159846582
0.0368913497 -0.0389881228 0.105755535 0.20642437 -0.978353143 0.0146310441
-0.0342008648 0.00461426769 0.249000061 -0.793295801 0.0432111993 0.607300997
0.0008272503 0.0421480392 0.204855977 -0.0185327958 0.998422384 0.0530027635
-0.037260092 0.0393736004 0.0669965607 -0.245673582 0.961162865 0.125739798
-0.0136649582 0.0440417309 0.0438242477 -0.0824319646 0.996492445 0.0144154839
0.0426691661 -0.0344540003 0.208292769 0.340656519 -0.934060514 0.107164212
0.0267947881 0.00550628449 0.263980632 0.928314269 0.19747667 0.315016627
0.00349640834 -0.0316854301 0.242661566 -0.0685653761 -0.961720288 0.265316606
0.0624143904 -0.00431165615 0.222107848 0.835712135 -0.0991566032 0.540141761
-0.0668883749 0.0140684883 0.129122754 -0.000462013471 0.999592245 -0.0285510235
0.0370610349 0.0202484162 0.241234331 0.534498394 0.461026847 0.708354175
0.0125517443 -0.0429557032 0.0754977611 0.0768174008 -0.997006238 0.00880693644
-0.0214379214 0.0189711126 0.291138712 -0.671984375 0.606122375 -0.425502837
0.0646940319 -0.0148505279 0.0269815664 0.907939851 -0.333898157 -0.253292441
-0.0590240298 -0.00921167902 0.127622766 0.704071164 -0.707315028 -0.0631594285
0.0242714924 -0.0400562256 0.183470031 0.132830456 -0.990864992 0.0232935958
0.0683753529 0.026432564 0.13091475 0.836423516 0.547764361 0.0187057517
-0.0675610042 0.0101475079 0.0323098193 -0.958369672 0.136603877 -0.250732839
-0.0370932097 0.00192619249 0.0926767822 -0.954954326 0.0264370702 0.295573205
-0.00532729989 0.0306128062 0.297819541 -0.199534118 0.968707621 -0.147620037
0.0315193738 0.0258252449 0.24082275 0.370900661 0.705349624 0.60408175
0.000406202687 0.0281425772 0.261681135 0.057274051 0.979998708 0.19058381
0.0221050386 -0.0414625242 0.119435516 0.142057419 -0.989751875 0.0145197986
0.0489571434 0.0366621604 0.119185408 0.316820771 0.948390782 0.0133970175
-0.0569590745 -0.00606299891 0.128695223 0.910889566 -0.405578077 -0.0760702491
0.0262872716 0.0193158374 0.00330384108 -0.0330260098 -0.0847668573 -0.995853305
-0.0655369277 -0.0148917906 0.198108881 -0.896135211 -0.431038529 0.105581447
-0.0683730097 0.014424907 0.154425639 -0.518483877 0.853577256 -0.0507966056
0.0642219289 0.00249165989 0.0205930758 0.925580204 0.054674089 -0.37458235
0.0650052209 0.0253555042 0.190508671 0.844951689 0.524166107 0.106331468
-0.0335401861 0.00894044326 0.112369669 -0.992333412 0.0822366402 0.092257604
0.0690620944 -0.00588635215 0.199797645 0.980649054 -0.094566837 0.171419084
-0.0408245053 -0.0289668143 0.219426874 -0.37424764 -0.851289332 0.367756814
0.028725989 -0.0407152176 0.105470042 0.206503108 -0.978337944 0.0145395305
0.00281587403 -0.0272892808 0.313957905 0.0216298439 -0.49551478 0.868330181
0.0508260705 -0.0344543118 0.147192408 0.308769733 -0.951010942 0.0154763293
0.023476121 -0.0420753979 0.0205660803 0.148564711 -0.988150358 -0.038567882
-0.0250192049 0.00633289827 0.279857313 -0.989631891 0.142189667 -0.0202672742
-0.0562320885 -0.00321739043 0.0951081303 0.945381284 -0.280963898 0.165268153
0.0486211074 0.0368340986 0.114960509 0.316820771 0.948390782 0.0133970175
0.0281474547 0.041764937 0.115825227 0.141500011 0.98984617 0.0135016162
0.032438322 0.0401945457 0.164862891 0.198499203 0.980009675 0.0133784385
0.0714236446 -0.0182992384 0.0705965659 0.933651805 -0.345975041 -0.0927127302
-0.0371432591 -0.0344814688 0.176777017 -0.573652446 -0.775656104 -0.263211697
0.0313995756 -0.0179748103 0.245471667 0.6046924 -0.514504194 0.607974052
0.0711546798 0.0220525403 0.0805201149 0.94127655 0.336128145 -0.0318794809
-0.0507477426 -0.0271471289 0.0669327809 -0.349349827 -0.815381706 0.4616355
-0.03660055 -0.0216378256 0.0859624729 -0.923317194 -0.200276777 0.327680558
0.0111273254 -0.0237337961 0.268056603 0.408204496 -0.901273012 0.145176172
-0.0434238619 0.039274259 0.0405500605 -0.270787537 0.96244961 0.019100694
0.042377514 0.0388254141 0.0976527802 0.263896823 0.964441359 0.0145340618
-0.0640045058 0.0195923459 0.179926313 -0.577019751 0.811429799 -0.0928968564
0.075622091 0.00435048314 0.0998120793 0.998527706 0.0540991426 -0.00396754267
0.0297702976 0.00654049835 0.311760512 0.944653869 0.200718984 0.2595011
0.0436397536 -0.0350479635 0.0136369527 0.441208005 -0.844296336 -0.304136992
-0.0725286808 -0.0121507232 0.0815683074 -0.848338783 -0.527877092 0.0408311933
-0.00885530316 0.0381016163 0.225349696 -0.187970668 0.932937086 0.307075471
0.0721871676 -0.00949175489 0.0578697651 0.970056176 -0.197007746 -0.142052621
0.00996849173 0.0443145478 0.022769042 0.0699084178 0.996449113 -0.046927359
0.0535041184 0.0356999118 0.0616716471 0.335410058 0.942071915 -0.000814835192
0.068705875 0.0262549559 0.120537191 0.834123671 0.551447451 0.0119774798
0.0501572456 -0.00232457317 0.00362045458 0.119692035 -0.0477698557 -0.991661131
0.0601069551 0.0247938321 0.217249328 0.828168571 0.495428681 0.262082517
-0.00183245508 0.0437510787 0.0126227106 -0.0222921502 0.991903484 -0.125022411
0.0172559961 0.0435354486 0.0873739538 0.078037113 0.996888578 0.0111033777
-0.0722027974 -0.00396519637 0.175782131 -0.983419955 -0.125730112 0.130679071
-0.0284396047 -0.00795020893 0.25672834 -0.86203593 -0.174349517 0.475916415
-0.00739040873 -0.027254014 0.29248317 -0.223370999 -0.769693553 -0.598061085
0.0561607696 0.0334549901 0.167978421 0.394478023 0.918668568 0.0208639707
0.00505503635 0.0443111997 0.0758253306 0.0209775269 0.999755561 0.00697821286
-0.0730644198 0.0104268112 0.12114334 -0.830259979 0.556991875 0.0206991415
-0.0206728154 -0.0237512449 0.00302006808 0.0611248985 0.214571863 -0.974793673
0.0750319892 -0.00628538953 0.136719802 0.99715364 -0.0661904588 0.03610247
0.028652732 0.042253959 0.0702559932 0.13221848 0.991178155 0.00917402562
-0.0402328209 -0.0065203086 0.241208416 -0.680668414 -0.169498906 0.712713718
-0.0756847085 0.00328693168 0.128986336 -0.984266996 0.175594851 0.0196180809
-0.0693992726 0.020004454 0.0627645347 -0.858142614 0.512965262 0.0214009285
-0.0308398137 0.00434248701 0.253971645 -0.87417388 0.0439490005 0.483620107
-0.0684898626 -0.0150946734 0.043428272 -0.950012743 -0.270849764 -0.155293837
0.0275195692 -0.00905149746 0.315303335 0.757950783 -0.255469948 0.600204766
0.0598084911 0.0327490947 0.0611457258 0.451972842 0.8917979 -0.0204241369
0.00496405279 0.044560683 0.0242472181 0.0223019887 0.998818099 -0.043185655
0.0693949132 0.0143943856 0.0452000744 0.966113508 0.178827673 -0.186132699
-0.0248462084 0.0076609864 0.273606899 -0.984425008 0.154397264 0.0840772539
-0.0278340585 -0.00224866225 0.00379534249 0.0122909257 -0.0348451845 -0.999317229
0.0271300342 0.0413599233 0.154971172 0.139780298 0.990090489 0.0135023575
0.0298618922 0.0406388896 0.0119164373 0.214201584 0.961241841 -0.173584864
0.00423661725 0.0441942789 0.0956513029 0.0292471405 0.999538362 0.00823072251
-0.0245656161 0.00990718396 0.317107664 -0.220190912 0.247664019 0.943492711
-0.0364574865 -0.0395794744 0.0445404641 -0.243476123 -0.968255401 0.056575492
-0.0378425291 0.0044842879 0.090239223 -0.901139498 0.0730897188 0.427323461
-0.0578366921 -0.00613479329 0.111272 0.913523972 -0.405283511 -0.0349153839
-0.0353680896 0.0408046757 0.0540310008 -0.20447205 0.97832489 0.0327345617
-0.0417206741 -0.0333576538 0.184986286 -0.430985838 -0.894588232 -0.118165657
0.0255832424 -0.00178122433 0.00331167593 -0.0222407542 -0.015970422 -0.999625027
0.0746456087 -0.00951186351 0.134631245 0.978815019 -0.201643586 0.0355106518
0.0552035188 -0.0326815797 0.166934799 0.378590971 -0.925367296 0.0190870259
0.0626461917 -0.0218657224 0.204163486 0.802715838 -0.560750544 0.202993095
-0.0422288125 -0.0327619775 0.067747005 -0.665603042 -0.622909307 0.411043286
0.0301048145 0.00968244488 0.307931073 0.964331448 0.210492998 0.16049169
-0.064174108 -0.0168335232 0.172294212 -0.614540696 -0.776210487 -0.140843675
-0.013325825 -0.0423713002 0.0918154011 -0.0927300453 -0.995672703 0.00608810456
0.0127736437 -0.0410285199 0.00523934361 0.0703187585 -0.889300406 -0.451884925
-0.0756199186 0.00364046858 0.129072526 -0.984266996 0.175594851 0.0196180809
-0.0345795847 -0.0398078431 0.0156834391 -0.195122465 -0.967790723 -0.159085408
0.0708769388 -0.0181723334 0.0648106713 0.936055958 -0.337673336 -0.09887252
0.0594731271 -0.0295621099 0.187317033 0.62316519 -0.777420163 0.0853401124
0.0583018118 0.0299851257 0.029554658 0.758502901 0.616499007 -0.211192638
0.0662896045 0.0237938256 0.188000821 0.844951689 0.524166107 0.106331468
-0.00969404567 -0.0425117842 0.109185879 -0.0806040466 -0.996668935 0.0124089252
-0.0224818089 -0.0382399902 0.00241220616 -0.0855831206 -0.518695235 -0.850664854
-0.0206887767 0.016617509 0.280764936 -0.796588182 0.595724046 -0.102763057
0.0187731336 -0.0140331521 0.316736797 0.118550271 -0.179592684 0.976571739
0.0583026976 -0.0319175469 0.136420831 0.392596841 -0.919595838 0.0145329805
0.0713885458 0.0177234669 0.0647348676 0.944595575 0.312876195 -0.099234581
0.0431546206 -0.00533757455 0.00324568704 0.00234438851 -0.0166081712 -0.999859273
0.01433269 -0.0223497706 0.266076085 0.511673093 -0.844978273 0.155570924
-0.0338029021 0.0413148014 0.0468770015 -0.169980794 0.985199869 0.0220873617
-0.0430570643 -0.0149503471 0.234675872 -0.544611037 -0.481721789 0.68654412
-0.0725878606 -0.00926392826 0.129809504 -0.782982528 -0.621445179 0.0272809044
-0.0690943993 0.00527489167 0.198583946 -0.987051964 0.0625567734 0.147699028
-0.0310166185 -0.0399275045 0.0117890418 -0.212684527 -0.965232372 -0.151959598
0.0289204376 -0.00993885736 0.310983993 0.891796291 -0.362319678 0.27096808
0.0741360005 -0.0122728582 0.132787224 0.979182482 -0.201684833 0.0229114462
-0.0310433304 -0.00251666933 0.306009649 -0.983525276 -0.0794298723 0.16238533
0.00665626162 -0.0326752674 0.239987061 0.0404399559 -0.952543616 0.301704079
0.00632714138 0.0440958116 0.0996415581 0.0292464737 0.999500215 0.0119936019
-0.0316909764 0.0416853749 0.0184489886 -0.188828886 0.980690598 -0.0508868061
-0.00901263421 0.0272095256 0.00297262343 0.0162016451 -0.206554189 -0.978301048
0.0667991031 -0.0227318804 0.0496861053 0.849427938 -0.512105167 -0.127359673
0.0330127578 0.0296988029 0.235427689 0.368905663 0.701096952 0.610222578
-0.0298791734 -0.0355038769 0.0961587068 -0.910404325 -0.36906305 0.186966151
0.0450981646 0.0232201656 0.00328080061 0.150561795 -0.009894046 -0.98855108
-0.0695946384 0.0155094913 0.0477502094 -0.957004488 0.239805058 -0.163205281
-0.0683715572 -0.0116480632 0.0379734851 -0.973521471 -0.161112845 -0.162168577
0.0198714257 0.0433860172 0.0212077518 0.123741075 0.990925193 -0.0524918996
-0.0315742592 0.0379637453 0.203837375 -0.223369524 0.961885989 0.157738894
-0.0321472389 -0.021901551 0.106406863 -0.983086884 -0.161270902 0.0867862627
0.0599661236 0.0268023598 0.0269247668 0.858519256 0.451465219 -0.24315384
-0.0563246019 0.00174152848 0.101740143 0.994489551 0.0994262397 0.0332409404
-0.052040095 0.0268758027 0.218819566 -0.478907377 0.756487966 0.445391595
0.0438273756 0.0370400555 0.192483334 0.244976029 0.969413698 0.0149631472
-0.0466087258 0.0177270101 0.165048847 0.00195306877 0.646287799 -0.763091266
-0.0380074139 -0.0351360505 0.197421464 -0.355298519 -0.933967948 0.0382995047
-0.0682132923 -0.0120637222 0.18626232 -0.890882194 -0.44691509 0.0812142864
-0.0632124232 -0.0144515364 0.021855485 -0.906803966 -0.227164209 -0.355109811
0.0757447215 -0.000376505464 0.122976129 0.997983336 -0.0626831427 0.0100047607
-0.0053273742 -0.0428858582 0.107266092 -0.0223959256 -0.999671161 0.012495501
0.0234900765 -0.0178400813 0.292906016 0.669458926 -0.51387471 -0.536430478
-0.0759414916 -0.000376809768 0.0954962141 -0.996063232 -0.0883078724 -0.00773436902
0.00385762666 0.0210153253 0.00393514319 -0.036441315 -0.070068188 -0.996876359
0.0653959383 -0.0185499058 0.199893493 0.897265196 -0.398368448 0.190309554
-0.0456529887 0.0307031595 0.185031982 -0.537479937 0.811968565 -0.227645516
-0.0356220179 0.0412613382 0.0292047873 -0.186595172 0.982422352 0.00535788666
0.0403994303 -0.0106990402 0.240384796 0.66405201 -0.202713802 0.719681919
-0.0553909941 -0.00726956646 0.149066819 0.880225599 -0.458289981 -0.123179823
0.054269989 -0.0343019026 0.0729798557 0.325251013 -0.945604086 0.00669027586
0.0701265643 0.0231763314 0.142347754 0.838357568 0.544381499 0.0283772517
0.0234842659 -0.0117459279 0.281299742 0.925081551 -0.35108912 -0.14477779
0.0305448735 0.04132966 0.114070664 0.205586955 0.978541315 0.0138155464
0.0269352646 -0.00562441928 0.289243365 0.949159503 -0.183711395 -0.25562942
-0.0680315333 -0.0127917266 0.184056178 -0.884643495 -0.460827857 0.0710191354
0.0125964858 0.0437416903 0.102063417 0.0799929276 0.996725202 0.0118288919
-0.0275418759 -0.0115910404 0.293528964 -0.748712301 -0.350647479 -0.562562227
-0.0246671812 -0.0413548904 0.0546330866 -0.154830873 -0.987475097 0.0303367376
-0.0758151287 -0.000682075759 0.124754078 -0.99431175 -0.104068942 0.022668669
0.000868552623 0.0432223862 0.169445048 -0.0220309217 0.999604642 0.017466234
-0.0406567847 0.038597365 0.0657654912 -0.279449224 0.951276422 0.130312428
-0.0314676227 -0.019050967 0.139095262 -0.987836957 -0.152727231 -0.029195901
0.0720287541 0.0201478133 0.128416859 0.939607024 0.341541588 0.0220877249
-0.0293879146 -0.0293922876 0.132015062 -0.970716655 -0.240019903 0.00998035446
-0.0298077911 -0.0272074498 0.00141943487 0.0574651062 0.252911955 -0.965781152
-0.0320843239 -0.0294691426 0.160084343 -0.860841334 -0.358049393 -0.361597627
-0.0378128047 -0.0107110644 0.159307921 -0.80389446 -0.199672565 -0.560254097
0.00401654744 0.0226059398 0.00372388551 -0.0324767642 -0.143032894 -0.989184976
0.0212763914 0.0415606044 0.190544285 0.127963617 0.991704226 0.0121687902
-0.0515543308 0.0220089261 0.16979667 -0.218696445 0.862921894 -0.455563068
0.0444524135 0.00817702742 0.238306449 0.673295617 0.111398205 0.730933249
0.0609716658 0.00651576147 0.224830863 0.656242788 0.0151004614 0.754398704
-0.060543825 -0.0161230833 0.217335948 -0.758727133 -0.608526349 0.232440934
-0.0585322646 -0.0131832738 0.155704827 0.621805251 -0.740268111 -0.255658388
0.063416731 0.0311259636 0.108334485 0.61431855 0.788999557 0.00962106511
-0.0407257174 -0.0383974035 0.0180342648 -0.311810642 -0.945993185 -0.0887192339
-0.075542827 0.00522867491 0.117334882 -0.98812139 0.15324986 0.011433078
0.0646009455 -0.0291083988 0.0943637827 0.598808229 -0.800888419 -0.00255089183
0.0595971439 -0.0309114952 0.046365895 0.677949786 -0.728295028 -0.0998522788
-0.00150628209 0.0306385805 0.0019876402 0.00527370907 -0.303252369 -0.952895701
-0.0372544923 0.00166129598 0.0921793967 -0.954954326 0.0264370702 0.295573205
-0.0698856453 -0.0115387025 0.131352635 -0.599360466 -0.800301075 0.0168863814
-0.0102072402 -0.0309586179 0.00141578591 0.0184170157 0.230288491 -0.972948074
-0.0210077709 -0.0414421518 0.0743647979 -0.167553648 -0.985666037 0.0197011344
0.00140293793 0.0443596811 0.0827882432 0.0252708215 0.999669313 0.00475624856
0.0659552119 0.0287984716 0.07297689 0.639791071 0.768045843 -0.0278026685
-0.0584043437 -0.00752205787 0.11588127 0.868825734 -0.493855655 -0.0353329889
-0.0390080372 0.0100969356 0.242338062 -0.721933722 0.192356125 0.664688468
0.0283161105 -0.00949313016 0.313241436 0.858584225 -0.345467329 0.378794849
0.00556006447 -0.0324925679 0.00121079475 0.0150382575 0.14961499 -0.988629937
-0.0387970693 -0.000290757072 0.243785185 -0.73919487 -0.0846953765 0.668144882
0.0712568099 0.0212928452 0.0773977247 0.942852914 0.32940641 -0.0501981042
-0.0297633807 -0.0280158704 0.134589588 -0.970695436 -0.238687739 -0.02790129
-0.0277857547 0.0244175203 0.242101069 -0.505744219 0.706764758 0.49467802
-0.0740219954 -0.00890304604 0.0969831421 -0.932133734 -0.36195752 0.0106479432
-0.0715166794 0.0122821959 0.108298796 -0.659186959 0.751547933 0.0254590791
0.0504259012 0.0364940251 0.0380135927 0.363361061 0.931273282 -0.0264371783
0.0755299852 0.00484266694 0.0944426258 0.99837625 0.0553808175 -0.0133316144
0.0271356018 0.0174125568 0.253318219 0.69556725 0.548229456 0.464360446
0.0437250711 0.0386683045 0.0842659842 0.262352377 0.964874625 0.0137095023
-0.00528038309 -0.0296840458 0.245630413 -0.229617596 -0.945514679 0.23082
0.0284017691 0.0194681746 0.249805298 0.641139984 0.496742934 0.58496654
0.0399537016 0.039014382 0.0194057535 0.296404749 0.947756946 -0.117903195
0.0726649405 0.000550753581 0.176420472 0.992474198 0.0549817197 0.109416731
-0.0286766928 0.0351884061 0.132890308 -0.922018647 0.386184752 -0.0272577424
-0.0296354213 0.0421874829 0.0386845549 -0.159175381 0.987107635 0.0167787429
0.0348350567 -0.0399909957 0.0253332647 0.272663146 -0.961737454 -0.0267567094
-0.0220044244 0.0145257475 0.274809296 -0.836691439 0.542259216 0.0768266544
-0.0281447054 0.0422525914 0.0485917819 -0.169980794 0.985199869 0.0220873617
-0.00443265317 -0.0354333456 0.227707579 -0.137556762 -0.934663057 0.32784611
-0.0161159746 0.0221722546 0.288329085 -0.56995666 0.798771918 -0.192647099
-0.0101682324 -0.0360023272 0.223245296 -0.172155797 -0.944275439 0.280546695
-0.0354665795 0.0218360257 0.0914491322 -0.95337683 0.139480799 0.267614961
-0.00524482742 -0.043827477 0.0229463567 -0.0374163054 -0.999228418 -0.0119438311
0.0680771326 0.025873629 0.14856442 0.83802706 0.544090211 0.0409476757
-0.0535279249 -0.00846345334 0.00391659447 -0.278796077 -0.0816911459 -0.956869543
0.0526209136 -0.0347374265 0.0855182269 0.320409834 -0.947170794 0.0143178999
-0.00244158084 -0.0365389007 0.225243393 -0.119411469 -0.945425689 0.303168595
-0.0224480041 0.0178123781 0.291111281 -0.718291163 0.549714804 -0.426463962
-0.0165352834 0.0403354616 0.206971352 -0.12832804 0.985663474 0.109541938
0.0718915326 -0.0158658021 0.0665387243 0.936055958 -0.337673336 -0.09887252
-0.0275499128 -0.0395855236 0.083492526 -0.267696977 -0.962513447 0.0436605476
0.0634215031 0.0312217994 0.0943081029 0.619396031 0.78507781 0.00116679212
0.0124548298 0.0421408203 0.200782706 0.0605079718 0.997967422 0.0199935585
0.0691624907 0.0212088149 0.0569122362 0.939882934 0.311053455 -0.14094612
-0.00526320773 0.0303492594 0.250866514 -0.183255598 0.938620329 0.292248607
-0.0675776166 -0.0159380851 0.086445354 -0.512671173 -0.837203503 0.190416887
0.0511739571 -0.0180410915 0.00466472328 0.696372509 -0.242977574 -0.675297797
0.0100755696 -0.033984839 0.235915207 -0.00251789135 -0.948656976 0.316296846
-0.0268089529 0.0402952641 0.00616877074 -0.150766686 0.955665708 -0.252927452
-0.0194350804 -0.0244149859 0.296377463 -0.522271693 -0.727045834 -0.445686579
-0.0466039423 -0.00485781013 0.235587511 -0.641138196 -0.091759488 0.761919916
0.0714897568 0.0215572964 0.0851918977 0.94127655 0.336128145 -0.0318794809
0.00674959492 0.0422154076 0.204849486 0.00812516734 0.999429166 0.0327925496
-0.0157503828 0.0239300322 0.260955845 -0.507202148 0.832877219 0.221498132
0.0733700531 0.0163757744 0.086077365 0.94127655 0.336128145 -0.0318794809
0.0130343959 -0.0184042507 0.00368735127 -0.0385186002 0.0799135342 -0.996057272
0.0156294368 0.0439215848 0.0542211176 0.0724240914 0.997341037 0.00809878018
0.04627846 0.0338266737 0.0117950952 0.58584851 0.730371833 -0.351195812
0.00110661729 0.0288191244 0.258128394 0.0538083389 0.967005849 0.249006495
-0.0518545941 -0.00557500654 0.00329494599 -0.254099011 -0.0546863787 -0.965630889
-0.056309176 -0.0132884489 0.158383907 0.452259332 -0.745192528 -0.490050614
0.0201650461 -0.0416877292 0.123064521 0.142057419 -0.989751875 0.0145197986
0.0101494178 -0.0433191711 0.0508004705 0.0743587911 -0.997208536 0.00677372236
-0.056977746 0.00579903685 0.0993286517 0.958447158 0.282886922 0.0367970802
-0.0140290217 -0.0283445921 0.299724404 -0.315493733 -0.932021976 -0.17832236
-0.0254498085 -6.2980582e-05 0.27494658 -0.992135644 -0.0944903046 0.0820884705
-0.0396479313 -0.0176992624 0.163477999 -0.643002987 -0.236088932 -0.728566527
-0.0434413105 0.0054368725 0.00323925041 0.0589906387 0.0284822807 -0.997852087
0.0691689962 0.00801830787 0.0377075987 0.965691507 0.184451804 -0.18280448
-0.0338484528 0.0154953909 0.103563788 -0.986773431 0.0998554677 0.127699539
-0.0520397727 -0.0282748466 0.0635875104 -0.422269672 -0.858923674 0.28972128
-0.0447108583 -0.0359650861 0.0149473995 -0.498898476 -0.815953076 -0.29209733
-0.00861558211 -0.0368241573 0.0012349756 -0.00821324997 -0.208307534 -0.978028834
0.0286304874 -0.0259072474 0.240196142 0.475132257 -0.655829132 0.586632311
-0.0340862825 0.0197984782 0.240895177 -0.587875426 0.527344346 0.613441408
-0.0205360144 0.0233278528 0.00339185016 0.04338184 -0.187769726 -0.981254637
0.0348335395 -0.0395598644 0.0965858744 0.20596306 -0.978458047 0.0141088339
0.00291756362 0.0271944812 0.266306331 0.0577960797 0.988274872 0.141323894
0.0313965938 0.0356663637 0.22810185 0.260577261 0.832076609 0.489640564
-0.0313772233 -0.013622725 0.00379694988 0.0581321828 0.0429534018 -0.997384429
0.0275649978 0.0254883046 0.00258222827 -0.00357043394 -0.122665025 -0.992441714
-0.00508761588 -0.0340627787 0.231315441 -0.152695313 -0.929363251 0.336107254
-0.0609024107 0.0210430843 0.214176867 -0.765690446 0.605576396 0.216784343
-0.0163651577 0.025850176 0.253891703 -0.413540781 0.864661098 0.285210878
-0.0150864286 0.0102685568 0.317019249 0.0188035313 -0.00103525352 0.999822676
0.0243590035 -0.00974490771 0.281917509 0.92102176 -0.365835726 -0.1337277
-0.0639342007 -0.0158697774 0.165044055 -0.461772054 -0.877558589 -0.129064336
-0.0212222716 0.0379746576 0.2153615 -0.211966053 0.956030786 0.20267123
-0.0295667992 0.0217199704 0.243838113 -0.582188547 0.641797304 0.499152005
-0.0228180559 -0.0385472588 0.200862737 -0.174646646 -0.973139167 0.149995685
0.00835326511 0.0297405943 0.295432924 0.241638735 0.871674299 -0.42637378
-0.0670821786 0.0142716166 0.11215638 0.0873611197 0.995768368 0.0285226516
-0.0333505699 0.0135169585 0.0038951104 0.0578522831 -0.0237925276 -0.99804157
0.0489590413 0.0330562799 0.220626625 0.438010842 0.813919306 0.381683022
-0.0543295037 -0.00823166502 0.228645028 -0.608612359 -0.193451121 0.769524395
0.0311092917 0.00754846548 0.297965157 0.963296473 0.206425548 -0.171605393
0.0309242269 0.00954269038 0.30109386 0.97574079 0.21547392 0.0387430526
0.0555624927 -0.0277578948 0.210584944 0.638415813 -0.721504331 0.268060982
0.0611943676 0.0304011626 0.045602001 0.697756171 0.708430111 -0.106127776
-0.0728155367 -0.00931352281 0.122087903 -0.782966793 -0.621499538 0.0264847931
0.0154239026 -0.0327606892 0.238261379 0.124191262 -0.930386245 0.344902903
0.0558366922 -0.0214161049 0.0131696098 0.797838271 -0.422135651 -0.430413336
-0.0305570958 0.030187405 0.229841077 -0.336093605 0.83940357 0.427133203
0.00778497285 0.0321860776 0.245166895 0.115370266 0.929700375 0.349781424
-0.0644876619 0.018421375 0.171694926 -0.566885054 0.820628822 -0.0721775293
0.00780623157 0.0251392822 0.286365449 0.221568629 0.966334343 -0.130788058
0.0395244211 -0.0370067244 0.183092483 0.24719663 -0.968573809 0.0275435653
-0.0029611956 0.0442760802 0.0819189346 -0.0305273496 0.999511898 0.00662958575
0.0706290403 -0.0196037322 0.156341462 0.927886367 -0.367998272 0.0600352436
0.0142837617 0.0366605753 0.232565712 0.137944475 0.898862004 0.415954828
0.0302209226 -0.0408417009 0.073054893 0.200618327 -0.979594529 0.0121176085
0.0396162301 0.0379317778 0.202379381 0.245417178 0.969186187 0.0211781841
-0.00310691139 0.0446421313 0.0286961238 -0.0223084055 0.999751031 -0.000244656461
-0.00947464443 -0.0432369246 0.0427859669 -0.0836630911 -0.996350706 0.0169053413
-0.00608904027 0.0287395104 0.313203159 -0.170469135 0.91027832 0.377271295
-0.0758828253 0.000910520874 0.124279281 -0.999494433 0.024687456 0.0200375151
-0.0618862273 0.0257919889 0.0303614518 -0.848001778 0.486793995 -0.209581763
-0.0711319862 -0.00460842412 0.0482561025 -0.980861902 -0.0789232105 -0.17799136
0.0258869069 -0.0393599477 0.196699212 0.130770877 -0.99052918 0.0418432467
0.0426505229 0.0309480199 0.229159768 0.393067032 0.683896661 0.61464119
-0.0347999123 0.000836882788 0.104486192 -0.991437614 0.0308186971 0.126892194
0.0502885248 0.0365496457 0.0955287833 0.319130272 0.947598934 0.0145656923
-0.0495717126 -0.0285409134 0.181306094 -0.475489825 -0.81184727 -0.338841051
0.0740181137 0.00437514661 0.159030191 0.995411754 0.0597614609 0.0747256577
-0.00591481747 -0.0352720201 0.227545622 -0.137556762 -0.934663057 0.32784611
0.0174959706 0.0422036171 0.180282136 0.0733185485 0.997130096 0.0188652575
-0.0650483279 -0.0142952758 0.158325156 -0.181010112 -0.975868821 -0.122129001
0.0456806839 0.0342154073 0.0116645328 0.450006872 0.834133565 -0.318927705
0.026411064 -0.0164100099 0.309241355 0.838908315 -0.468336612 0.277297229
-0.0174991204 0.0142726315 0.00444337547 0.0124971392 0.0155634759 -0.999800801
-0.0230119729 -0.039181396 0.19456595 -0.164340854 -0.983875573 0.0705751479
0.0650503453 0.0299202167 0.10102294 0.619389832 0.785077214 0.00316691399
0.0535236751 -0.0291386985 0.211431568 0.455480844 -0.861957014 0.222636968
0.0571983266 -0.00932087686 0.22672396 0.642783642 -0.210575953 0.736537158
-0.0601830278 0.0204945011 0.0180513338 -0.838970602 0.308756888 -0.448104382
0.0330502468 0.0414552691 0.0250827596 0.19070968 0.979708493 -0.061653465
-0.0114673463 -0.0226677282 0.279712489 -0.365145206 -0.930925906 0.00678126467
-0.0415508927 -0.0372090215 0.0511399132 -0.447800457 -0.886799574 0.1142864
-0.0476962318 0.0378452311 0.0258620683 -0.436175883 0.8988778 -0.0420639962
-0.0537966522 0.00215648384 0.145384415 0.982542157 0.111902542 -0.14862287
0.0627125782 -0.0131602906 0.0210351937 0.908504009 -0.199002862 -0.367448151
-0.03026375 -0.0400076016 0.0627784474 -0.214428678 -0.976102531 0.0352735072
0.00629918418 0.0430754854 0.00919157786 0.0257669277 0.972715855 -0.230564281
-0.0593230796 0.0186660702 0.162783893 0.00108788768 0.955296814 -0.295646578
0.0362858518 0.0314992041 0.231620668 0.329968661 0.719596684 0.610983908
-0.0129345508 0.0124351857 0.317008876 -0.0312083699 0.0832552537 0.99603951
0.0266952511 -0.0413176011 0.0832896887 0.137737498 -0.990384758 0.0129022151
-0.0459451486 0.0193818151 0.0782507498 -0.43697542 0.246374771 0.865073383
-0.0689253498 0.00315665681 0.0352690746 -0.965990245 0.0476159044 -0.254156768
0.071341759 -0.0214989762 0.10747767 0.927869201 -0.372888297 0.00362245645
-0.00386107017 -0.0283870555 0.293095698 -0.148448721 -0.78833729 -0.597065449
-0.0730731806 -0.00591449109 0.0624639321 -0.989236712 -0.087657012 -0.117161602
-0.0174488416 -0.00488709184 0.00397504477 0.00124194555 -0.0395332016 -0.999217451
0.0333427269 -0.0388321824 0.163335611 0.198076472 -0.980071664 0.0150073348
0.00243018871 0.0304758327 0.251767963 0.0459913313 0.955135345 0.292577207
0.0651395295 0.0283386536 0.163179222 0.613442481 0.788971961 0.0348080657
0.0416446946 0.038570886 0.129593522 0.263590723 0.964531839 0.0140826944
-0.0497344878 0.0249776162 0.175168653 -0.345555753 0.839173257 -0.419975638
-0.0445564394 -0.0369342571 0.0181290168 -0.373621732 -0.921831727 -0.10311725
0.0331994647 -0.0289306346 0.233618223 0.392216176 -0.668036997 0.632370949
-0.0176803399 0.0430313361 0.087880041 -0.149044827 0.988656163 0.0185667109
0.0395312669 0.040049018 0.0349898185 0.261942536 0.964834034 -0.0219426472
0.0518551133 0.0342326068 0.20253258 0.425998449 0.903238177 0.0518295243
-0.071901459 0.00547873651 0.0526729312 -0.988500953 0.0516938865 -0.142104492
-0.0212795527 -0.0109400693 0.00426480111 0.0092198262 0.00542090507 -0.999942839
-0.0414615471 0.00902311845 0.160756413 -0.463757902 0.193126634 -0.864656508
0.0366204345 0.0368281721 0.222060499 0.24730213 0.923767686 0.292395025
-0.0660610756 -0.0190695359 0.0361430673 -0.902900577 -0.364709347 -0.227503404
-0.00522935102 -0.0291039818 0.248040113 -0.233321369 -0.943649232 0.234706432
-0.0747654399 0.00829812318 0.102324187 -0.950546503 0.310541928 0.00499004172
0.0245657141 0.0032706959 0.317983839 0.103903323 0.0473412648 0.993460119
0.00251098016 -0.0433833947 0.0639610834 0.0155623974 -0.999848604 0.00779092731
0.0242164729 -0.0379934611 0.21515805 0.12075679 -0.985715687 0.117398202
0.000940627817 0.0375694088 0.230884093 -0.0174918137 0.941674411 0.336070746
-0.0298759822 -0.0277900328 0.123252212 -0.969047248 -0.241464779 0.0514026508
0.0200156408 -0.0168206061 0.271798448 0.797226191 -0.599961281 0.0669105127
0.0694149384 0.0254249486 0.105067785 0.834520519 0.550976336 0.000722805446
0.0750259815 -0.00142495203 0.076974307 0.99548918 -0.0676419809 -0.0665275976
0.00282079898 -0.0429517979 0.110961576 0.0287200194 -0.999498546 0.0133358585
-0.0319211485 -0.0251534514 0.154007602 -0.934936225 -0.228628442 -0.27133581
-0.0567390073 0.0257578189 0.0757642694 0.0371572822 0.672578156 0.739092767
-0.0619618184 -0.0195934012 0.196064978 -0.728546441 -0.683748841 0.0413223989
-0.0483443767 -0.0167580183 0.165607041 -0.0485207923 -0.625248492 -0.778915823
-0.0568887247 0.000983667935 0.00502711504 -0.856026351 0.127360448 -0.500997186
-0.044168954 0.0284429218 0.223239662 -0.333355814 0.792030513 0.5114308
0.00302135157 -0.0278484747 0.2570128 0.000653634663 -0.971716285 0.236150414
0.0499431463 -0.0349502784 0.133096199 0.313614935 -0.949444354 0.0141751301
-0.038043916 -0.0354616408 0.0704369227 -0.688763857 -0.612195432 0.388356954
0.0714574106 0.0154172692 0.059404438 0.939196765 0.313862979 -0.139282539
0.0558087199 -0.00292099498 0.00548124802 0.356696457 -0.254261941 -0.898954153
-0.0661857715 -0.0155798109 0.180697125 -0.728950918 -0.684565127 0.00109743804
0.0700617771 -0.0187756556 0.168456182 0.926744461 -0.365460992 0.0870795175
-0.0288277989 -0.0136421577 0.304441537 -0.893637896 -0.412070572 0.17778933
0.0626329231 0.0316851077 0.0965513832 0.41243881 0.910965681 0.00598212285
-0.00539879015 -0.0432145315 0.0606411511 -0.0421615839 -0.99907136 0.00888225809
-0.0348069812 0.0303353958 0.0884945953 -0.942474723 0.191475153 0.274004906
0.0748703801 0.00471387905 0.144338926 0.996927083 0.0591433048 0.0513672195
-0.0704586421 0.0013455774 0.191131122 -0.987051964 0.0625567734 0.147699028
0.0626512081 -0.0296647739 0.0605569752 0.64180088 -0.764259517 -0.0632369965
-0.0336782611 -0.0141953114 0.103433902 -0.983608246 -0.129853293 0.125112295
0.068807577 -0.0151456557 0.189008605 0.957691014 -0.24046506 0.158127695
0.0140157146 -0.0411991987 0.183393686 0.0753872916 -0.996880531 0.0233651884
0.0584669396 -0.0130750188 0.0123787073 0.870193064 -0.191059858 -0.454158872
-0.0106068767 0.024076068 0.28295278 -0.307939231 0.951018512 -0.027152624
0.0384655966 -0.0390128573 0.081738736 0.265027761 -0.964134276 0.0143284183
0.00296771965 0.0432634461 0.16442533 0.0258438978 0.999518394 0.0171762295
-0.0129957114 0.043696785 0.0791118273 -0.0890027657 0.99600184 0.00767599046
0.0456315866 -0.0370922382 0.0354419489 0.351308256 -0.935408175 -0.0399272814
0.0741857288 0.00934316507 0.148295296 0.980767071 0.188496664 0.0506462716
0.0185538962 0.0343338171 0.00115926504 0.0265896097 -0.103070214 -0.994318664
0.0299145136 0.00703532618 0.2554037 0.85421592 0.167706281 0.492127806
-0.0571328824 0.00436454116 0.22749313 -0.646300614 0.0321410112 0.762405753
0.0483372384 -0.0213904216 0.229077698 0.540801167 -0.392828554 0.743787527
0.0273482556 0.0425842466 0.0524884098 0.128599063 0.991657794 0.00878457259
0.0575096676 -0.0318692221 0.159868714 0.383925468 -0.923258483 0.0139627233
-0.0718703155 -0.0105224143 0.116298265 -0.599922001 -0.799401879 0.0324067585
0.00867819286 0.0307480128 0.300515683 0.244630784 0.9688434 0.0387061387
-0.0334692066 -0.0328639281 0.216271338 -0.295099378 -0.922321022 0.249480307
-0.0244957381 0.0407018394 0.10482741 -0.439061433 0.897547364 0.040421661
0.0553136607 -0.033927309 0.0751862478 0.325251013 -0.945604086 0.00669027586
0.00220365244 0.0296697272 0.312151179 0.0659776181 0.919766963 0.386879385
0.00985464127 0.0415132768 0.215577969 0.0278275944 0.996156693 0.0830515698
0.0428449177 0.037109227 0.202607482 0.245417178 0.969186187 0.0211781841
-0.0554886716 0.00376592504 0.22886387 -0.610374808 0.0320360027 0.791464627
-0.0574988537 0.0106562149 0.142750828 0.713933587 0.687406659 -0.133307844
0.0112714728 -0.0433988071 0.0373009814 0.0762298182 -0.997026265 0.0112987505
0.0242596541 -0.0348741188 0.00163269519 0.0561291836 -0.0322754681 -0.997901797
-0.0602112587 -0.0119015366 0.221703519 -0.776343644 -0.387249619 0.497321159
0.00195453341 0.0442787136 0.0935062606 0.0292471405 0.999538362 0.00823072251
-0.026879261 0.00988897422 0.316128597 -0.715691566 0.28074646 0.639505267
0.0233523571 0.0162265356 0.315631942 0.484473914 0.558409154 0.673397541
0.00859843633 -0.0435986208 0.0356843973 0.0175371245 -0.999741435 0.0144755403
-0.00708899295 0.0416822632 0.204661328 -0.0792974159 0.993608952 0.0803312212
-0.0308009914 -0.0399535235 0.0612578675 -0.214942485 -0.975108802 0.0544294044
0.0714108885 0.00258533364 0.186019804 0.991925061 0.0497848019 0.116645463
0.0758692539 0.000185460893 0.105780841 0.998568952 0.0534242019 0.00240393565
0.0417564696 -0.0376630705 0.0217139667 0.297645539 -0.948927999 -0.104607746
0.0273159221 -0.0413294823 0.0749853239 0.136735782 -0.990543485 0.0112631805
0.0338205101 -0.0248412499 0.237292483 0.498819709 -0.587601542 0.637105465
0.028192058 -0.0148740233 0.305242106 0.848767698 -0.500269949 0.171240434
-0.0643986006 0.0180105061 0.208196723 -0.857654214 0.5049119 0.0974325165
-0.0226815159 -0.0399482209 0.16590457 -0.19249171 -0.981252313 -0.00952695031
0.0342855383 0.024943449 0.239742942 0.433206499 0.617418945 0.656601906
-0.0276265185 -0.0046665365 0.260625811 -0.934312582 -0.184153602 0.305200666
0.00660483176 0.0444012606 0.0586819173 0.0199144371 0.999769807 0.0079904953
-0.0490809797 0.037232606 0.0508667514 -0.312338233 0.947996616 0.0612145364
-0.0695788031 -0.00713174695 0.189854232 -0.948857427 -0.287391573 0.130674466
-0.038781776 0.0375627332 0.00805739497 -0.329207212 0.873866498 -0.357742637
-0.0219039395 -0.0127494819 0.316688524 -0.203562349 -0.2433687 0.94833225
-0.0538326492 0.0197600263 0.225463166 -0.504784405 0.464609593 0.727551103
0.0254211022 -0.0410816399 0.0136944781 0.216440022 -0.965195656 -0.146802768
-0.0146777355 -0.0419459619 0.107062285 -0.13946934 -0.990106583 0.0154013503
-0.0571651622 -0.014817574 0.223738511 -0.554510832 -0.494009942 0.669680476
0.0187330426 0.0191703667 0.283247005 0.689757526 0.718199134 -0.0917855352
-0.0625012411 0.0129810173 0.107886667 0.593180776 0.804901838 -0.0164184645
0.0136552726 -0.0431930433 0.0393751315 0.0762298182 -0.997026265 0.0112987505
-0.056247258 -0.00934938293 0.151248161 0.759629548 -0.599635482 -0.251794368
0.0549485429 0.0192045789 0.227695583 0.645043552 0.206860006 0.735613883
-0.0314938938 0.0279192779 0.0014433681 0.0639602765 -0.193345904 -0.979043543
-0.0222677679 -0.0295666216 0.231921825 -0.261187047 -0.874986589 0.407651573
-0.0264115048 0.0285955118 0.236447219 -0.385415226 0.81985271 0.423434407
-0.0561406217 0.00962633462 0.147445106 0.850897074 0.509396136 -0.128412232
-0.0221997119 -0.0202263408 0.294076902 -0.622309804 -0.552220702 -0.554781854
0.0535390187 0.0097947768 0.00436915241 0.707697988 0.138841063 -0.692738533
-0.0597740834 0.0153295877 0.0885318625 0.619428635 0.663152277 0.420163393
0.0476353726 -0.0307616022 0.217665041 0.476148844 -0.853153288 0.213100687
0.0527224173 0.0101595445 0.2312884 0.607808232 0.0971440151 0.788119376
0.0663661224 0.00795190804 0.214036061 0.944495738 0.171042576 0.280485749
0.00446902402 0.0314157165 0.300329022 0.159093186 0.987262487 -0.00148546079
0.0526222786 -0.0305286006 0.207124869 0.460616082 -0.876182854 0.1419034
-0.0264632795 0.01375515 0.313631469 -0.774690509 0.414667934 0.477394223
0.0347609781 0.0404412679 0.0178213441 0.296404749 0.947756946 -0.117903195
-0.0351583229 -0.0396723052 0.0156410228 -0.288662344 -0.940518498 -0.179162264
-0.00396069542 0.0421843682 0.200563606 -0.0414036065 0.997742534 0.0528723188
0.0139295867 0.0438564066 0.0805197937 0.0767449364 0.997003794 0.00967723504
0.0622544194 -0.0296994 0.155732061 0.589254498 -0.807361484 0.0307677574
-0.064188395 0.0159423946 0.0963354223 0.126723766 0.976284087 0.175528869
-0.0353195191 0.0121186606 0.00386264973 0.0412354246 -0.046692498 -0.998057842
0.029521514 -0.0185586205 0.247013324 0.650426209 -0.539712727 0.534467995
-0.0585076757 0.0242955244 0.188065563 -0.525418103 0.843681574 -0.110168487
-0.0150996718 0.026782149 0.310733314 -0.426379949 0.841391385 0.332055151
-0.0156167592 -0.0266060985 0.245736354 -0.332187831 -0.898702681 0.286329448
0.0231779071 -0.0117690742 0.278029675 0.927883267 -0.369055808 -0.0532035641
0.0619671434 0.0281844596 0.200257079 0.640905499 0.759628713 0.110472843
-0.0518823269 -0.0276028932 0.183174805 -0.51529789 -0.851172626 -0.0998658463
0.0154790325 -0.0412798228 0.174480535 0.0754196793 -0.996978045 0.018620817
-0.0592400055 0.0289364073 0.070413254 -0.367620915 0.798894227 0.476049274
0.0583094002 0.0304640324 0.206238293 0.661223531 0.743432105 0.100459218
-0.0556375056 0.00567107467 0.136202849 0.940161169 0.330977708 -0.0809361711
0.0241921815 -0.0418742501 0.0613513607 0.135407075 -0.990776896 0.0051095318
-0.0234649235 -0.0414421909 0.0579274197 -0.154830873 -0.987475097 0.0303367376
-0.0366004555 -0.0262242179 0.227877786 -0.358049631 -0.789052665 0.499195635
-0.0428671076 0.0393032476 0.0469823209 -0.270787537 0.96244961 0.019100694
0.0125183047 0.0246310619 0.289907235 0.332038403 0.814873755 -0.475111842
-0.0171768128 0.0134502431 0.316887173 0.0478352718 0.111414373 0.992622137
0.0262055845 -0.0103241396 0.316095385 0.53300482 -0.283435464 0.797226608
0.0365396643 0.0403544949 0.0939528021 0.203083679 0.979048193 0.0148927327
-0.0204339553 -0.0168952022 0.285246244 -0.723158658 -0.676859677 -0.137486219
-0.0439369395 -0.0126906796 0.0791321803 -0.431696564 -0.248069376 0.867236853
0.0493940111 -0.0352694888 0.123810705 0.314037621 -0.94931072 0.0137719298
-0.0414129926 0.00389895379 0.0843328615 -0.791681051 0.0879673511 0.604568362
-0.0367413 0.00970066302 0.156485024 -0.895158291 0.122072563 -0.428707212
-0.0173509274 0.0428810665 0.102377934 -0.131633893 0.99123323 0.0113687469
-0.0152950518 0.0378839083 0.221316683 -0.212177277 0.946603119 0.242740974
0.00823628568 -0.0430847867 0.0881446536 0.0230431296 -0.999670208 0.0113306493
0.0263017124 -0.000832278255 0.00328052984 -0.0222407542 -0.015970422 -0.999625027
-0.0201553747 -0.0313910557 0.00107108921 0.035456568 0.235807344 -0.971152782
-0.029877279 -0.0147629679 0.248935739 -0.690506935 -0.528588653 0.493755311
-0.0292295004 -0.0117671001 0.00399720013 0.0237878505 0.0440871678 -0.998744428
0.0309995047 0.0356967498 0.228261536 0.260577261 0.832076609 0.489640564
-0.00538511462 0.0047259517 0.00397681456 -0.000601949578 0.0429428853 -0.99907732
0.026080574 0.00216353578 0.282605211 0.993341982 0.0361317731 -0.109390177
-0.0147646174 0.0435069023 0.0835820698 -0.0865278542 0.996231973 0.00590617443
-0.0742655334 -0.0060017935 0.139567065 -0.902676642 -0.428352952 0.0410929099
-0.0603099647 -0.0119640688 0.221500742 -0.776343644 -0.387249619 0.497321159
-0.0617860422 0.0188234939 0.164791757 -0.227561697 0.958707213 -0.170576558
0.0440944986 -0.0368672263 0.0228306942 0.374537617 -0.919174373 -0.121819906
0.0610649745 0.0324398711 0.0896979035 0.416605026 0.90908432 0.00245222962
-0.00137027066 0.0146735004 0.317230467 -0.0231747422 0.0745576173 0.996947408
0.0404433439 0.0370067773 0.0115977991 0.413194865 0.872065663 -0.262243181
0.00360583938 -0.0432373389 0.0824107095 0.0230441149 -0.999711335 0.00680605182
-0.0614781312 0.0268289012 0.0311186571 -0.848001778 0.486793995 -0.209581763
-0.0303464259 0.0410084147 0.0738103992 -0.222019583 0.97419852 0.0405519754
-0.0685022842 0.0146371933 0.179947011 -0.835763693 0.548240244 0.0305249617
-0.0144510311 0.0441102909 0.0252842095 -0.0702953264 0.997525573 0.00103683816
0.0269065091 -0.0111568184 0.292186503 0.835242569 -0.334858775 -0.43616429
0.0256971344 0.00737215604 0.267921188 0.961528301 0.210927874 0.175990656
-0.0341703347 -0.00750432901 0.150320815 -0.965642214 -0.0931414664 -0.242610693
0.0652990921 0.0275458078 0.173528463 0.83711046 0.542326808 0.0716068149
0.067466896 0.00547424143 0.0303568915 0.962952912 0.0564721487 -0.263690531
0.0655701612 0.0294830927 0.104615229 0.616111875 0.787628531 0.00688445289
-0.0349125852 0.0214589054 0.157312893 -0.928689659 0.186069891 -0.320801198
-0.0328359106 0.0143991309 0.115115308 -0.993629217 0.0972158238 0.0570092909
-0.00159158728 0.0444348221 0.0638673898 -0.0330432877 0.999427617 0.00725516025
0.0655919853 0.0286712413 0.145041018 0.618243337 0.785560131 0.0258951988
0.0434524704 -0.0195053712 0.00326782339 0.00737334741 0.0641814843 -0.997910976
0.00250526663 -0.042052525 0.00700970378 0.0252059679 -0.965407014 -0.25952667
0.071970826 -0.0130779948 0.167545791 0.975560606 -0.204094633 0.0814058781
0.0107109185 0.0443982167 0.0341921069 0.0707366541 0.9974913 -0.00275384821
-0.0678230739 -0.00835258507 0.199576924 -0.945771575 -0.281511694 0.162071824
0.071375321 -0.0068680402 0.0493569595 0.979980946 -0.0697519258 -0.186472833
0.0137756171 -0.0430143352 0.055870416 0.0743587911 -0.997208536 0.00677372236
-0.03176748 -0.0172160376 0.13964211 -0.987836957 -0.152727231 -0.029195901
0.0203548172 0.0413637631 0.208164718 0.108029842 0.993916273 0.0214491412
0.0189340207 -0.0209686963 0.259290183 0.57784158 -0.778250158 0.245816782
-0.0189148632 0.0351550755 0.227218297 -0.245424539 0.910903871 0.331693918
-0.0405017311 -0.0091001026 0.0836438922 -0.829356015 -0.172314972 0.531484902
0.0672823273 0.0217207814 0.0464361735 0.93230772 0.311378598 -0.183971971
-0.0576208257 0.00871874723 0.0951577347 0.896720648 0.394216537 0.201210022
-0.00283563982 -0.043380144 0.053748688 -0.0408224948 -0.999134779 0.00794934295
0.0369042058 0.0216168246 0.240462054 0.534498394 0.461026847 0.708354175
-0.0580552745 -0.00758770056 0.125793414 0.84174186 -0.535232723 -0.0706859082
-0.00084870471 -0.0432749014 0.0124320963 -0.0333974101 -0.990529776 -0.133174703
0.058153203 -0.0309422148 0.036945211 0.716703594 -0.684541166 -0.133188888
-0.0189856416 0.0429287596 0.0823952411 -0.151282668 0.98831284 0.0187430289
-0.028111485 0.00545823289 0.315780114 -0.831630409 0.0561001152 0.552488506
0.0466846194 -0.0248223898 0.00386863374 0.159325182 -0.0263171457 -0.986875296
0.0755489554 0.00586168031 0.111852615 0.998540044 0.0539411865 0.00287518138
-0.0156959325 -0.0425982084 0.047336984 -0.090549767 -0.995661616 0.0214146189
0.067048422 0.0258493495 0.165296183 0.836008489 0.545004666 0.063715592
0.0714270476 -0.0212714292 0.102610223 0.928320825 -0.371751875 -0.00457697036
-0.0604295871 0.00535196249 0.224653678 -0.646713495 0.0326721817 0.762032926
-0.0390860822 -0.0254635945 0.00166279313 -0.0166848097 0.13986966 -0.990029395
-0.0355668601 -0.0215054075 0.23502696 -0.478889763 -0.658905566 0.580093265
-0.0345825676 -0.00632002548 0.103188741 -0.987617433 -0.0937776938 0.125767812
0.0483673283 -0.0363709046 0.064480035 0.325262129 -0.945614815 0.00414432026
-0.0357311391 0.000840422532 0.00349751635 0.037419565 0.0397941284 -0.998507023
-0.00354914024 0.0122918182 0.00439073852 -0.0262213293 0.0103296377 -0.999602795
0.0159093201 -0.0292631765 0.00198627071 -0.000702471414 0.24671112 -0.969088912
-0.0203238734 -0.00704900157 0.00411144922 0.00354812504 -0.0622550882 -0.998053968
-0.00253684921 0.00278102489 0.00387367359 -0.0171843693 0.0425099991 -0.998948276
0.0614661327 -0.0151602173 0.019246182 0.875736117 -0.324659288 -0.357327044
-0.0456281427 -0.00976093802 0.00326268321 0.0107507277 -0.0252910964 -0.999622345
-0.0280045589 0.0397852044 0.0936653431 -0.461920768 0.883008122 0.0832225531
-0.0113670799 0.0437999919 0.0839200646 -0.0865278542 0.996231973 0.00590617443
-0.0620795128 -0.0255849351 0.0342354181 -0.815697312 -0.543527007 -0.198030427
-0.0273245722 -0.0409467413 0.0541722053 -0.172161549 -0.984592736 0.0306203738
-0.00631997514 0.0437553362 0.123383654 -0.0727810413 0.997261286 0.0131490305
-0.00730658587 -0.0434610691 0.0359940185 -0.0384953469 -0.999127686 0.016189076
-0.0267777981 0.0177226721 0.298041187 -0.799616516 0.575599849 -0.171167612
-0.0647446626 -0.0232629984 0.0423329772 -0.763941407 -0.640524685 -0.0782412961
0.0143557963 0.0436979692 0.0936089781 0.0791582167 0.996793449 0.0116940122
0.0526265735 -0.0348362749 0.054684863 0.337618381 -0.941246092 -0.00833701715
0.0259042431 0.0116828493 0.290175632 0.833198667 0.303548574 -0.462210268
0.0474125135 -0.035989232 0.118520694 0.26497829 -0.964156687 0.0137211718
-0.0490956436 -0.0347143484 0.0414497808 -0.405483872 -0.906055331 0.121023148
-0.00647046096 0.0428951899 0.177913559 -0.0220287181 0.999555409 0.0200919565
0.0709691931 -0.0125253496 0.17789706 0.971696138 -0.20763731 0.112665191
0.0488394256 -0.00485975211 0.00351693428 0.141292334 -0.027061969 -0.989597917
0.0269227352 0.0384319593 0.224431258 0.179460943 0.952803195 0.244866848
0.00703375569 0.0439087138 0.113331148 0.0304259937 0.999458373 0.0125335166
0.0691278831 0.00976485089 0.0392526878 0.965691507 0.184451804 -0.18280448
0.0470332474 0.0377204793 0.0874801531 0.262340009 0.964828968 0.016816562
-0.0626374745 0.0270192796 0.0680072953 -0.675244689 0.71962446 0.161818653
0.0494211162 -0.0342860972 0.180397483 0.298340529 -0.953742921 0.0369783565
0.0118171466 0.0431917465 0.146724278 0.0780793801 0.996825576 0.0155651383
0.00209727358 0.044668039 0.0326765083 0.0212434735 0.999774277 -0.000253250939
-0.0480868489 -0.0302690799 0.0634474372 -0.425797969 -0.856369913 0.292107135
-0.0694133346 0.0135486918 0.149439144 -0.466712445 0.880438209 -0.0837142766
-0.0281011329 0.0112559517 0.256554125 -0.808646917 0.371717036 0.455978841
-0.0333533927 0.0268333821 0.00159061647 0.0784488693 -0.258401662 -0.962846935
-0.00511257506 -0.0430986034 0.0817492739 -0.037020497 -0.999275744 0.00879989658
-0.0566081873 -0.00164862159 0.109453518 0.982450068 -0.181916058 -0.0412119925
0.00903596308 -0.0411737918 0.1937972 0.0683466569 -0.996581316 0.0464158393
0.00170886003 0.019759673 0.00407209539 -0.0226552524 -0.0678677335 -0.99743706
0.000392823468 -0.0427898892 0.00954742142 0.0252059679 -0.965407014 -0.25952667
-0.0650876058 0.0183329138 0.200060211 -0.846185744 0.525684416 0.0873245448
0.059503168 -0.0151290336 0.221934066 0.764427483 -0.413583845 0.49456957
0.0208695435 0.00165681383 0.00340445148 -0.0219808258 0.0170109104 -0.999613702
-0.0655687791 -0.0160003402 0.174147644 -0.713682234 -0.699977756 -0.0262445398
0.0674298028 0.0210045303 0.0459712404 0.93230772 0.311378598 -0.183971971
0.070781488 0.0229485481 0.0854721457 0.843886018 0.535707414 -0.029561786
-0.0175290637 -0.0223541135 0.29163221 -0.531646788 -0.715885997 -0.452613592
-0.0519002604 0.0332645883 0.0180047846 -0.711408496 0.639724016 -0.290948927
-0.0328054217 -0.00958291324 0.120465267 -0.992993534 -0.10368792 0.056680575
-0.0314620227 -0.019445618 0.121570661 -0.986258984 -0.155923754 0.0545982271
0.0615713571 -0.0305555629 0.134302368 0.392596841 -0.919595838 0.0145329805
-0.0324294374 -0.0115983827 0.123365227 -0.992993534 -0.10368792 0.056680575
-0.0651769356 0.00992613444 0.0241330515 -0.923525572 0.129823729 -0.360896349
0.0581665921 0.0330746271 0.140213582 0.405195534 0.914096892 0.0155996569
-0.0569696322 0.00473585183 0.10937266 0.953394532 0.298908323 -0.0411420614
-0.0266823467 -0.00884046598 0.31634485 -0.441022694 -0.287570596 0.850177705
0.0339021064 0.00118414301 0.0031443385 0.000575570622 0.0175947826 -0.999845028
-0.0257642158 -0.0385769122 0.158589469 -0.377103359 -0.925251782 -0.0412577242
0.0738834098 -0.0149630129 0.0994738867 0.979892254 -0.199400306 -0.00711395312
-0.0503480163 0.0277762055 0.218813723 -0.402380645 0.818267763 0.410521209
0.0210453957 -0.0158834357 0.269168969 0.784271777 -0.597593606 0.16673246
0.0718576941 0.00379801014 0.050781923 0.988204062 0.0556792915 -0.142662093
0.0620225718 -0.00528988768 0.0164765578 0.885352254 -0.0716220811 -0.459370911
-0.0587972954 -0.00840232556 0.12052272 0.844160974 -0.535369992 -0.0277724564
-0.0722683459 0.00289059251 0.177937521 -0.988743782 0.0598028153 0.137147158
-0.028270625 0.0368585628 0.118643287 -0.719945371 0.692656994 0.043644961
0.0640590702 0.0244530328 0.201653789 0.846975207 0.510974765 0.146757662
0.00645962045 0.0379086244 0.230506529 -0.0354202427 0.933310449 0.357319087
-0.0103508743 -0.0426887009 0.0875564987 -0.0974722505 -0.99515909 0.0125574088
-0.0631933633 -0.0109410601 0.216895397 -0.924341023 -0.266819596 0.272765666
0.0577996651 -0.0304315121 0.0332308363 0.714174092 -0.678975523 -0.170140326
0.0406579579 -0.0369552464 0.173235366 0.248960704 -0.968284488 0.0210651122
-0.00674082843 -0.0420551113 0.159381169 -0.072954677 -0.997201264 0.0163459517
-0.0194860583 -0.0405740812 0.142968577 -0.221925348 -0.975057125 0.00359123759
0.0622042295 -0.0280838601 0.0440533717 0.716703594 -0.684541166 -0.133188888
-0.0197721659 -0.0413842451 0.0891263895 -0.156674832 -0.987615407 0.00830755383
-0.0193098142 0.0436728479 0.0256238958 -0.118008927 0.993009627 0.00239230157
0.0102744449 0.0435552331 0.130462254 0.0797177553 0.996717513 0.014119844
0.00384830213 -0.0270022122 0.314096008 0.0216298439 -0.49551478 0.868330181
-0.012393962 0.0437826744 0.0752018466 -0.0901318714 0.995888591 0.00906254631
-0.0695280169 -0.0171662318 0.0572645453 -0.886274517 -0.456546903 -0.0779898018
-0.0584521899 -0.019238081 0.215197913 -0.687366486 -0.690190554 0.226195171
0.0463988748 -0.036932764 0.0745950875 0.263768435 -0.96451658 0.0115719223
-0.00188532055 0.0441454323 0.102862601 -0.0193771925 0.999770403 0.0091407001
0.0415565957 0.0373981876 0.204312962 0.245417178 0.969186187 0.0211781841
-0.0251721646 0.0178769247 0.294831041 -0.707470536 0.592754722 -0.384873331
-0.0659318991 0.0176311096 0.194201196 -0.837336659 0.545029938 0.0425397344
-0.00158981549 -0.0171752539 0.00426342706 -0.02697872 0.0652475357 -0.997504294
-0.0694357696 0.00792928265 0.0392302532 -0.973378122 0.149705693 -0.173560649
-0.0104083581 -0.041591254 0.170845855 -0.0731607825 -0.997166276 0.0175221376
0.0579125488 -0.0302865185 0.190638509 0.407067001 -0.908214271 0.0971769691
-0.0135349096 -0.0417932323 0.130416596 -0.130890176 -0.991339564 0.0106607685
-0.0014883597 0.0337166321 0.00112650932 0.00447986322 -0.210400462 -0.977604985
-0.0716550364 0.0114845796 0.140242501 -0.682050228 0.731284022 -0.00558180828
0.0575353126 0.0340399752 0.0680989244 0.431695551 0.90198499 -0.00787551887
0.075101225 -0.00720604199 0.132903569 0.997662187 -0.0646905452 0.0220285896
0.0380858336 -0.0383432909 0.131922745 0.20643343 -0.978348374 0.0148265325
0.0238710721 -0.0382126927 0.00300838675 0.227183998 -0.850840449 -0.473769873
0.0558608866 0.00198694044 0.229316498 0.613674521 0.0122568235 0.789463937
0.0388285686 -0.0266931385 0.00262753694 0.0282345284 0.0885973573 -0.995667219
-0.0137968495 0.0099503585 0.317004576 -0.0190975554 -0.00576680945 0.99980104
-0.0233618746 -0.0185064384 0.312342861 -0.706116736 -0.637984097 0.307206094
0.0580236213 -0.0324536235 0.106491821 0.393945396 -0.919075847 0.0103203114
0.0475815827 -0.0331629546 0.204181756 0.317784131 -0.94030863 0.121789895
-0.0260575717 0.0404793144 0.189176008 -0.153930813 0.986343324 0.0585841648
-0.0316150883 0.018461446 0.244939726 -0.634570718 0.528562546 0.563863039
-0.0179669488 0.0411568402 0.00494584509 -0.100944355 0.864612401 -0.492194831
0.022654302 0.0425346819 0.015148806 0.125886858 0.981854141 -0.141827077
0.0233255805 0.0366748016 0.229796005 0.188442618 0.881959736 0.432014287
-0.038783688 -0.0319665311 0.212825209 -0.367995054 -0.895597517 0.249969527
0.00971307727 -0.0248648557 0.314603292 0.178933933 -0.510263205 0.841198027
-0.0333799803 0.0270778347 0.232802811 -0.415960073 0.772923768 0.479130536
0.0671491804 -0.00924067551 0.0314779247 0.944019556 -0.203011215 -0.260025948
-0.0294790679 0.038983963 0.200298272 -0.207864061 0.966208339 0.152427137
-0.0391290217 -0.0389177704 0.0436514834 -0.292109579 -0.954860866 0.0539692231
0.0285560284 -0.030625482 0.234529144 0.329396635 -0.761941612 0.557622492
-0.0692447399 0.0162441539 0.0888827397 -0.471121639 0.86378336 0.178669259
0.0394471734 -0.0388813619 0.0341838444 0.26087442 -0.965263426 -0.0145295141
0.0611612156 -0.028035429 0.0381918914 0.716703594 -0.684541166 -0.133188888
-0.0567661708 0.0129354139 0.00792655111 -0.851677954 0.134515315 -0.506508052
-0.018446047 -0.0400447692 0.192091646 -0.137438849 -0.987784445 0.0734330863
0.0464297603 0.0090066873 0.00329042294 0.000570458011 0.0181969926 -0.999834239
0.00746891303 0.0309605846 0.30237151 0.137219384 0.990356803 0.0190857351
0.00926757823 0.0428069528 0.180068303 0.06989903 0.997312009 0.0219746344
-0.0123879607 -0.0426625698 0.0125921946 -0.0872072652 -0.987466335 -0.131549507
-0.00698214114 -0.0268811171 0.00275989562 -0.00611248473 0.273441762 -0.96186918
0.0161680115 -0.0341635106 0.00123540955 0.0258949921 0.0753806531 -0.996818483
-0.0560088895 0.00292359956 0.0954559596 0.979469597 0.103405073 0.173051536
-0.0487876215 -0.0225382554 0.0718123588 -0.477352053 -0.513428152 0.713110507
-0.017593928 0.0425114063 0.119904596 -0.235542655 0.971716464 0.0169355348
0.0512438171 0.0345848293 0.0237161809 0.5683043 0.793554664 -0.217488497
-0.0234981863 0.0299897041 0.236306667 -0.351904333 0.849085629 0.393975794
-0.0194262452 -0.0372806663 0.00157931928 -0.0553893149 -0.533527255 -0.843967199
-0.068724151 -0.0120676689 0.152042976 -0.632254422 -0.774718046 0.00814047921
0.0254220792 -0.0391991374 0.200518998 0.127192408 -0.989034534 0.0750528201
0.0227362536 0.04218871 0.14072774 0.141300797 0.98985523 0.0148549611
0.00251134403 -0.0264866229 0.289895642 0.0500784926 -0.875490844 -0.48063302
0.0513999398 -0.035312329 0.0642352088 0.330125779 -0.943936884 -0.000391867565
-0.00501162695 0.0430490749 0.171857587 -0.0220287181 0.999555409 0.0200919565
0.0374357041 -0.036313023 0.00879821991 0.355487794 -0.867129803 -0.348875612
-0.0307363805 -0.0399133619 0.06251315 -0.214428678 -0.976102531 0.0352735072
-0.00363631994 -0.0433218233 0.0569390799 -0.0421615839 -0.99907136 0.00888225809
-0.0335028167 -0.0019997535 0.24995098 -0.792019546 -0.0814260691 0.605041087
0.00552201949 -0.0424071159 0.143423423 0.0307184234 -0.999394536 0.0163431019
-0.0120814256 -0.0433199743 0.0186276786 -0.0906123444 -0.995786369 -0.0140954256
-0.0351936452 0.0408433847 0.0539637637 -0.20447205 0.97832489 0.0327345617
-0.0667078737 -0.0134380739 0.194093343 -0.889699757 -0.446236491 0.0964740589
-0.0223135574 -0.0400566034 0.171554435 -0.179053545 -0.983839393 0.000112138405
-0.0449024084 -0.0182654449 0.0761173869 -0.595207512 -0.374975532 0.710719049
0.00546889646 -0.0410800966 0.19731597 0.0142053775 -0.99854368 0.0520449169
0.0421227432 -0.037234931 0.132318648 0.2637541 -0.964476585 0.0147882588
-0.0591359758 0.0106044636 0.127697356 0.743888915 0.664228737 -0.073685281
-0.0147680635 0.0352412575 0.000968757984 0.00966496766 -0.0859081075 -0.996256113
0.00536756843 -0.0432941723 0.0703801376 0.0177615359 -0.999825656 0.00576225249
0.0288566168 -0.0409471962 0.0874547672 0.204913348 -0.978685737 0.0135915354
-0.017887051 -0.0422032873 0.0134414667 -0.13077569 -0.982586324 -0.13199155
-0.0219904905 -0.0397325908 0.189260461 -0.164340854 -0.983875573 0.0705751479
-0.0648462195 0.017608883 0.165116003 -0.411313951 0.906860709 -0.091785945
0.0537145169 -0.0333623937 0.158491015 0.304701358 -0.952376962 0.011629479
0.044370281 -0.0301099101 0.00555814629 0.518268168 -0.564699829 -0.642271042
-0.020755122 0.0322786359 0.233220648 -0.297068775 0.878934503 0.373127699
-0.0430185344 -0.0156650637 0.00311186414 0.0366385542 0.139432833 -0.989553452
-0.000341763874 -0.00583384745 0.00391806862 -0.0149706323 -0.0389712863 -0.999128222
-0.060153542 0.0114297559 0.124864062 0.743888915 0.664228737 -0.073685281
-0.0426089152 -0.0384361829 0.0252925184 -0.313372582 -0.949543178 0.0128633939
-0.0323375397 0.0189866411 0.115160769 -0.991146386 0.120763518 0.0551812239
-0.0407402639 0.0398119841 0.0484328998 -0.245474309 0.969164848 0.0214895848
-0.0308659612 -0.025353866 0.146901093 -0.978731573 -0.189386174 -0.078850694
-0.0504623922 0.0342031964 0.0677955808 -0.388294697 0.892978609 0.227632061
-0.0201463384 0.0398875236 0.00315377261 -0.0994926766 0.86684972 -0.488541692
-0.0234967138 0.0389325026 0.208358826 -0.196737126 0.968330681 0.153721705
-0.036644272 -0.0179088575 0.160682816 -0.845983684 -0.262819469 -0.463936836
-0.0363537777 -0.00791495422 0.0932606366 -0.953443348 -0.101641543 0.283927292
0.0359556233 -0.0391321757 0.109324906 0.20642437 -0.978353143 0.0146310441
0.0203229248 0.0433068052 0.0798191491 0.136568144 0.990599692 0.00782739278
-0.0175192893 -0.0412025593 0.124181847 -0.235180661 -0.971869469 0.0126400013
0.00649077345 -0.0101825712 0.0039551911 -0.0317621529 -0.0382519215 -0.998763204
0.0495359151 0.0346600497 0.0195278382 0.5683043 0.793554664 -0.217488497
-0.0383590107 0.0361096343 0.075794281 -0.525883079 0.729588389 0.437204599
-0.03648903 -0.033104748 0.0766815557 -0.777096987 -0.447271913 0.442795694
0.0182591136 0.0423266082 0.170449458 0.074741289 0.997065067 0.0165835042
-0.0358358042 -0.0402114506 0.0323612013 -0.194493115 -0.980780303 0.0155759249
-0.0711188315 -0.0115658914 0.0557070861 -0.975817025 -0.179562375 -0.124653757
0.0512681551 0.0328002256 0.217718712 0.447176665 0.882692754 0.144521773
0.0488510232 -0.0361351438 0.0485618172 0.337650955 -0.94118768 -0.0125523098
0.0203537958 0.0418908574 0.178834375 0.132049203 0.991102517 0.0166980755
-0.0182053573 0.0418997086 0.174820083 -0.115403511 0.993248701 0.0117929559
-0.00181873261 0.0291724674 0.256472989 -0.0667021424 0.967190325 0.245140597
0.0284966965 0.00541213945 0.258878396 0.933804214 0.184694216 0.30642724
0.0433922375 -0.0363734669 0.166271235 0.251086026 -0.967789769 0.0184012745
0.00857430617 -0.0428096104 0.109409063 0.0279859789 -0.999509394 0.0140581857
0.0204981907 0.0234312448 0.253775338 0.534050286 0.749615371 0.3909823
0.051881673 -0.0165440939 0.00485589394 0.696372509 -0.242977574 -0.675297797
0.040316143 0.0383841204 0.166445653 0.251909137 0.967607737 0.0166466162
0.0680084739 0.00606561712 0.207917837 0.98561734 0.0337116383 0.165595561
-0.0271445028 0.00553635443 0.290174524 -0.884740412 0.11220824 -0.452375591
-0.0447809803 0.0282113242 0.223199402 -0.333355814 0.792030513 0.5114308
0.0727768938 0.0182491258 0.126176884 0.938775361 0.343707621 0.0237867776
-0.00343499761 -0.0285588033 0.293271225 -0.0491778404 -0.799929678 -0.59807533
0.00124640176 -0.028748257 0.313069892 0.0427589267 -0.926992655 0.372634292
0.0240574656 -0.0417322482 0.0794568092 0.137740061 -0.990417838 0.0100110248
0.0164037894 -0.00585181752 0.31737967 -0.0494147763 -0.0193504281 0.998590887
0.0365790017 -0.0141145608 0.242584134 0.687286735 -0.324834436 0.649707198
0.00889547625 0.04285739 0.178298609 0.0240238793 0.999486268 0.0212157611
0.0254085676 0.0428729916 0.0245767282 0.124488287 0.990784228 -0.0533791371
0.0718276859 0.0118031595 0.0572517419 0.973890185 0.175804794 -0.143633902
0.0531783423 -0.0271974304 0.0143828338 0.73151511 -0.542877138 -0.412516922
0.0201088266 -0.0213577937 0.256031116 0.552247345 -0.751172006 0.36161235
-0.00126490587 0.0444666674 0.0201319285 -0.0212339442 0.998842001 -0.0431714095
0.0256578921 0.00576026087 0.282330442 0.974180043 0.196967304 -0.110350013
-0.0704962979 0.0124370854 0.167905717 -0.858051062 0.511187494 0.0493537001
0.00987358965 -0.0424240413 0.00953958809 0.0823309124 -0.961567163 -0.261935413
-0.0216989482 -0.0153472492 0.267058307 -0.802352011 -0.57152009 0.172035292
0.0478770411 0.0375770953 0.0810302432 0.321723998 0.946745574 0.0129049616
-0.0349883696 -3.16231168e-05 0.103204157 -0.990814269 -0.0469727777 0.12680912
0.0658190123 -0.0277418777 0.0706669739 0.642009377 -0.764784217 -0.0541208796
-0.0198026224 -0.0414241882 0.0859422083 -0.16505903 -0.986183524 0.0140527626
0.0730278998 -0.00997772404 0.162568418 0.976007164 -0.205141664 0.0729849339
-0.0445900029 -0.0239733716 0.00242791977 -0.131443188 0.0953434333 -0.986728132
-0.0562712368 -0.0103824079 0.083671777 0.7148785 -0.499567091 0.489266247
0.0660888324 0.00960856005 0.0271852865 0.947762072 0.184776187 -0.260009378
0.0687375511 0.000318507676 0.204916842 0.984294772 0.0421181954 0.171434373
0.0744724412 -0.0121243132 0.100964031 0.979633152 -0.200716436 -0.00565030612
0.0121398033 -0.0397843498 0.209915314 0.0567886047 -0.990979373 0.121387832
0.0127448822 -0.0427316018 0.0950858071 0.0789647773 -0.996803284 0.012160521
-0.0415340229 -0.0330911519 0.181568514 -0.47735405 -0.874522507 -0.0856945589
-0.0517363482 -0.0204996851 0.223314394 -0.496543169 -0.612161458 0.615388691
0.0462447775 0.0376934361 0.102728333 0.263899148 0.964449704 0.0139266336
-0.0363082384 -0.0394100812 0.0159896448 -0.256852269 -0.948373854 -0.186048537
-0.033076412 -0.021414437 0.0994352835 -0.968654454 -0.163838387 0.186723411
0.0175927306 0.0425789387 0.15751271 0.0767776743 0.996920764 0.0159382485
0.00751383757 -0.0238569684 0.315537634 0.09448383 -0.498729885 0.861592352
0.0111240211 0.0442278865 0.0578631804 0.0742081553 0.997219622 0.00678988779
-0.0185733681 0.0349222826 0.228110273 -0.245424539 0.910903871 0.331693918
