ply
format ascii 1.0
element vertex 12108
property float x
property float y
property float z
end_header
-0.00683309987 0.0421142757 0.199575542
-0.00592122504 0.0420190167 0.201654671
-0.00501349842 0.0419241891 0.203724382
-0.00410989189 0.0418297902 0.205784736
-0.00321037801 0.0417358229 0.207835672
-0.0023153142 0.0416494529 0.209720789
-0.00142491339 0.0415924755 0.21096438
-0.000536964858 0.041535651 0.212204633
0.000348541309 0.0414789849 0.21344143
0.00123234501 0.0414450973 0.214181064
0.00211488733 0.0414148581 0.214841066
0.00299613295 0.0413846708 0.215499936
0.00387608415 0.0413545244 0.216157911
0.0047547439 0.0413244218 0.216814933
0.0056321154 0.0412943655 0.217470942
0.00650820076 0.0412643503 0.218126057
0.00738357222 0.0412374919 0.218712268
0.00826103839 0.041226541 0.218951283
0.00914100768 0.0412287612 0.218902825
0.0100219322 0.0412344579 0.218778489
0.0109075219 0.0412565973 0.218295274
0.0117962536 0.0412862793 0.217647431
0.0126862739 0.0413159997 0.216998754
0.0135775879 0.0413457664 0.216349064
0.0144759373 0.041391752 0.215345381
0.0153860355 0.0414637001 0.213775037
0.0162993281 0.0415358995 0.212199209
0.0172195707 0.0416172665 0.210423289
-0.0167665953 0.0413370811 0.196868418
-0.0158091948 0.0411910285 0.200126229
-0.0148816017 0.0411094687 0.201945482
-0.0139569263 0.0410259501 0.203808425
-0.0130360312 0.0409427736 0.205663739
-0.0121188936 0.0408599391 0.207511423
-0.0112054882 0.040777436 0.209351717
-0.0103012899 0.040717013 0.210699497
-0.00939983458 0.0406569668 0.212038873
-0.00850105658 0.0405971022 0.213374196
-0.00760494243 0.0405374114 0.214705644
-0.00671251446 0.0404841658 0.215893326
-0.00582266555 0.0404325903 0.217043756
-0.00493509953 0.0403811458 0.218191264
-0.0040517111 0.0403490771 0.21890658
-0.00317009652 0.0403217436 0.219516276
-0.00228968532 0.0402944447 0.220125197
-0.0014104754 0.040267186 0.220733224
-0.000532464017 0.0402399593 0.221340535
0.000344351027 0.0402127726 0.221946953
0.0012204501 0.0402001173 0.222229241
0.00209607468 0.0401889503 0.222478328
0.00297120923 0.040177794 0.222727178
0.00384585391 0.040166643 0.222975908
0.00472000877 0.0401554948 0.223224579
0.00559367511 0.0401443572 0.223473011
0.00646686599 0.0401333051 0.223719536
0.00733965643 0.04012271 0.223955868
0.00821262387 0.0401151932 0.224123536
0.00908841263 0.0401213338 0.223986564
0.00996447062 0.0401274718 0.223849652
0.0108407992 0.0401336124 0.223712681
0.0117173984 0.0401397557 0.22357565
0.0125942685 0.0401459017 0.223438559
0.0134714088 0.0401520477 0.223301469
0.0143485973 0.0401575817 0.223178027
0.015226025 0.0401631051 0.223054825
0.0161046429 0.0401709586 0.222879646
0.0169892817 0.0401920553 0.222409068
0.0178748586 0.0402131761 0.221937953
0.0187613753 0.040234321 0.221466301
0.0196485082 0.0402548325 0.221008776
0.0205363234 0.0402749192 0.220560728
0.0214250329 0.0402950273 0.220112203
0.0223146384 0.0403151567 0.219663201
0.023205141 0.0403353075 0.219213722
0.0241394154 0.040426415 0.217181502
0.0251664632 0.0406592408 0.211988149
-0.0241749567 0.0407692691 0.189264236
-0.0230243219 0.0403471023 0.198892592
-0.0220853702 0.0402749584 0.200537978
-0.0211482077 0.0402000625 0.202246128
-0.0202145526 0.0401254463 0.2039479
-0.0192843863 0.0400511097 0.205643295
-0.0183576885 0.0399770501 0.207332371
-0.0174344383 0.0399032623 0.209015248
-0.0165216807 0.0398467363 0.210304437
-0.01561248 0.039792795 0.211534677
-0.0147055486 0.0397384355 0.212774454
-0.0138009639 0.039683799 0.214020549
-0.0128988824 0.0396293088 0.215263305
-0.0119992967 0.0395749728 0.216502546
-0.0111021949 0.0395207859 0.217738388
-0.0102100396 0.0394763156 0.218752621
-0.0093215491 0.0394389069 0.219605802
-0.00843475441 0.0394015661 0.220457433
-0.00754965245 0.0393643011 0.221307336
-0.00666735423 0.0393337343 0.222004472
-0.0057869547 0.0393067611 0.222619651
-0.00490777197 0.0392798244 0.223233996
-0.00402980384 0.0392529269 0.223847447
-0.00315304767 0.0392260686 0.224460004
-0.00227767128 0.0392022837 0.225002466
-0.00140357786 0.0391848468 0.225400148
-0.000530268287 0.0391674257 0.225797473
0.000342258484 0.0391500202 0.22619444
0.00121441191 0.0391447463 0.226314722
0.00208635342 0.0391399192 0.226424812
0.0029580157 0.0391343004 0.226552962
0.00382934934 0.0391279288 0.226698278
0.00470039661 0.0391215572 0.226843594
0.00557115828 0.0391151909 0.226988791
0.00644163338 0.039108822 0.227134047
0.00731182324 0.0391024582 0.227279185
0.00818314422 0.0391027327 0.227272926
0.00905559244 0.0391077322 0.227158902
0.00992826468 0.0391127291 0.227044938
0.0108008723 0.0391166962 0.226954458
0.0116732586 0.0391193463 0.226894019
0.0125457639 0.0391219963 0.22683358
0.0134183884 0.0391246463 0.226773141
0.014291133 0.039127299 0.226712642
0.0151639968 0.0391299516 0.226652144
0.0160406011 0.0391413148 0.226392983
0.0169179451 0.0391532007 0.226121901
0.0177947361 0.0391627267 0.225904642
0.0186719591 0.0391722605 0.225687204
0.0195496106 0.0391817943 0.225469766
0.0204278782 0.0391916836 0.225244222
0.0213124465 0.0392122095 0.224776087
0.0221979492 0.0392327564 0.224307476
0.0230837996 0.0392523362 0.223860918
0.0239733321 0.0392764504 0.223310946
0.024870769 0.0393112144 0.222518085
0.0257698116 0.0393460436 0.221723734
0.0266704626 0.0393809356 0.220927952
0.0275706043 0.0394128927 0.220199106
0.028472146 0.0394448002 0.219471393
0.0294533404 0.03958061 0.216373978
-0.0284240092 0.0394538023 0.19875419
-0.0274740725 0.0393816804 0.200436888
-0.0265280478 0.0393104372 0.202099083
-0.0255854711 0.0392394572 0.203755139
-0.0246466084 0.03916919 0.205394564
-0.0237116005 0.0390999472 0.207010089
-0.0227799229 0.0390309548 0.208619772
-0.0218578318 0.0389733512 0.209963737
-0.020940999 0.0389205786 0.21119499
-0.0200272386 0.0388690553 0.212397097
-0.0191160442 0.0388179304 0.213589905
-0.0182072629 0.0387669385 0.214779614
-0.0173008879 0.0387160845 0.215966104
-0.0163969065 0.0386653607 0.217149554
-0.0154961441 0.0386168417 0.218281565
-0.0146016582 0.0385789886 0.219164727
-0.013709579 0.0385430056 0.220004259
-0.012819178 0.038507094 0.220842121
-0.011930448 0.0384712464 0.221678494
-0.0110433852 0.0384354651 0.222513316
-0.0101579864 0.0383997554 0.22334647
-0.00927424493 0.0383641096 0.224178134
-0.00839289049 0.0383318896 0.224929868
-0.00751413414 0.0383053845 0.225548266
-0.00663725534 0.0382827013 0.226077495
-0.00576232341 0.0382660676 0.226465581
-0.00488815787 0.0382494466 0.226853369
-0.00401475809 0.038232841 0.227240799
-0.00314212323 0.0382162533 0.227627812
-0.00227024603 0.0381995787 0.228016852
-0.00139912667 0.0381826487 0.228411852
-0.00052878588 0.038165734 0.228806494
0.00034078145 0.0381491871 0.229192553
0.00120999694 0.0381444992 0.229301928
0.00207899703 0.0381398139 0.229411243
0.00294778171 0.0381351286 0.229520558
0.00381635123 0.0381304458 0.229629813
0.00468470546 0.038125763 0.229739068
0.00555284438 0.0381210802 0.229848324
0.00642077682 0.0381164485 0.229956387
0.00728859763 0.0381123355 0.23005235
0.00815808835 0.0381167347 0.229949711
0.00902789233 0.0381215937 0.229836343
0.00989791836 0.0381264477 0.229723094
0.0107681698 0.0381313093 0.229609667
0.0116386439 0.0381361683 0.229496299
0.0125093423 0.0381410299 0.229382871
0.0133802642 0.0381458915 0.229269443
0.014250584 0.0381485765 0.229206799
0.0151232945 0.0381568972 0.229012666
0.0159979619 0.0381689197 0.228732167
0.0168731866 0.0381809524 0.228451429
0.0177489682 0.0381929927 0.228170512
0.0186253059 0.0382050381 0.227889477
0.01950116 0.0382150781 0.22765523
0.0203770646 0.0382243568 0.227438746
0.0212533985 0.0382336407 0.227222143
0.0221301639 0.0382429321 0.227005361
0.0230094714 0.0382556954 0.226707576
0.02389273 0.0382737802 0.226285635
0.0247756918 0.0382901431 0.225903867
0.0256584393 0.0383050805 0.225555359
0.0265439854 0.0383230299 0.225136576
0.0274418672 0.0383568747 0.224346934
0.028341351 0.0383907807 0.223555861
0.0292415319 0.0384235679 0.222790895
0.03014181 0.0384545769 0.222067414
0.0310435556 0.038485637 0.221342741
0.0319467699 0.0385167457 0.220616935
0.0328521875 0.0385487511 0.219870208
0.0338138962 0.0386426954 0.217678366
0.0349862815 0.0389638937 0.210184394
-0.0319806689 0.0385055727 0.19992101
-0.0310218967 0.0384309779 0.201702355
-0.0300668632 0.0383566726 0.203476785
-0.0291155515 0.0382826618 0.205244182
-0.0281705828 0.0382125098 0.20691943
-0.027230017 0.0381438929 0.208558021
-0.0263051369 0.038093222 0.209768055
-0.0253854365 0.0380467194 0.210878549
-0.0244680004 0.0380003341 0.211986242
-0.0235528171 0.0379540612 0.213091253
-0.0226396168 0.0379074638 0.214204012
-0.0217267919 0.0378577139 0.215392051
-0.0208163814 0.0378080963 0.216576932
-0.0199083759 0.0377586111 0.217758654
-0.0190073457 0.037718311 0.218721031
-0.0181086804 0.0376789819 0.219660221
-0.0172119036 0.0376397351 0.220597444
-0.0163170095 0.0376005707 0.221532701
-0.0154239925 0.0375614886 0.22246599
-0.0145330016 0.0375228883 0.223387776
-0.0136452054 0.0374880669 0.224219321
-0.0127609928 0.0374589463 0.224914728
-0.0118791741 0.0374330481 0.225533186
-0.0109985853 0.0374071872 0.226150749
-0.0101192222 0.0373813588 0.226767538
-0.00924108374 0.0373555679 0.227383433
-0.00836416739 0.0373298144 0.227998434
-0.00748846996 0.0373040958 0.2286126
-0.00661409777 0.0372790287 0.22921121
-0.00574227108 0.0372628922 0.229596554
-0.0048713588 0.0372479538 0.229953287
-0.00400120104 0.037233502 0.230298398
-0.00313172418 0.0372190603 0.230643271
-0.00226292752 0.0372046286 0.230987905
-0.00139481044 0.0371902093 0.231332241
-0.000527372068 0.0371758025 0.231676279
0.000339400908 0.037162464 0.231994806
0.00120594261 0.0371603574 0.232045112
0.00207238532 0.0371582533 0.232095359
0.00293872881 0.0371561467 0.232145665
0.00380488702 0.0371532264 0.232215403
0.00467076793 0.0371492253 0.232310949
0.00553646094 0.0371452268 0.232406436
0.00640196666 0.0371412332 0.232501803
0.00726812609 0.0371414478 0.232496677
0.0081357931 0.0371483617 0.232331572
0.00900378547 0.0371552756 0.232166467
0.00987210522 0.0371621969 0.232001184
0.0107398947 0.037166208 0.231905399
0.0116078523 0.0371701541 0.231811164
0.0124759948 0.0371740977 0.231716989
0.0133443229 0.0371780414 0.231622814
0.0142140197 0.0371850326 0.231455861
0.0150866591 0.0371983711 0.231137334
0.0159591842 0.0372100049 0.230859516
0.0168313634 0.0372196918 0.230628191
0.0177039997 0.0372293812 0.230396806
0.0185770945 0.0372390756 0.230165301
0.0194506495 0.0372487774 0.229933618
0.0203256091 0.037260194 0.229660986
0.0212008485 0.0372711639 0.229399024
0.022077621 0.0372838285 0.22909659
0.0229580507 0.0373014026 0.228676914
0.0238393171 0.0373189918 0.22825688
0.024721423 0.0373365984 0.227836428
0.0256043678 0.0373542201 0.22741562
0.0264863614 0.0373693607 0.227054058
0.0273686346 0.0373839172 0.226706444
0.0282515986 0.0373984812 0.22635865
0.0291352597 0.0374130603 0.2260105
0.030019617 0.0374276518 0.225662051
0.0309046693 0.0374422532 0.225313364
0.0318097183 0.0374793385 0.224427758
0.0327210979 0.0375216204 0.223418055
0.033634553 0.0375639971 0.222406088
0.0345500929 0.0376064712 0.221391795
0.0354644823 0.0376456406 0.22045642
0.0363789432 0.0376829954 0.219564377
0.0374348894 0.0378600776 0.215335606
-0.0356026685 0.0376379537 0.199172674
-0.0346127136 0.0375398641 0.201571523
-0.0336279507 0.0374422888 0.203957794
-0.0326610798 0.0373597099 0.205977319
-0.0317056546 0.0372858588 0.207783399
-0.0307656516 0.0372262778 0.209240495
-0.0298412748 0.0371824975 0.210311173
-0.0289186719 0.0371382882 0.211392341
-0.027996518 0.0370918634 0.212527691
-0.0270766874 0.0370455557 0.213660179
-0.0261591716 0.0369993649 0.214789806
-0.0252439606 0.0369532887 0.215916632
-0.0243310476 0.0369073295 0.217040597
-0.0234229175 0.0368653917 0.218066214
-0.0225195835 0.0368279702 0.218981384
-0.0216181537 0.0367907193 0.219892381
-0.0207185633 0.0367535463 0.220801471
-0.0198208053 0.036716449 0.221708713
-0.0189248755 0.0366794296 0.222614048
-0.0180307659 0.0366424833 0.223517595
-0.0171388904 0.0366065022 0.224397539
-0.0162511011 0.0365757977 0.225148438
-0.0153648142 0.0365451469 0.225898026
-0.0144800258 0.0365145496 0.226646303
-0.013597502 0.0364860679 0.227342842
-0.012717521 0.036460935 0.227957486
-0.0118387614 0.0364358338 0.228571354
-0.0109612226 0.0364107691 0.229184328
-0.0100850619 0.0363863186 0.229782282
-0.00921026644 0.0363626066 0.230362175
-0.00833662039 0.0363389238 0.230941354
-0.00746412266 0.0363152752 0.231519698
-0.00659276991 0.0362916558 0.232097326
-0.00572370791 0.0362753945 0.232495008
-0.00485580525 0.0362619677 0.23282337
-0.00398855046 0.0362485482 0.233151553
-0.00312194343 0.0362351409 0.233479439
-0.00225598297 0.0362217409 0.233807145
-0.00139066873 0.036208353 0.234134553
-0.000525999777 0.0361949725 0.234461783
0.00033804979 0.0361837051 0.234737335
0.00120190793 0.0361821648 0.234775005
0.00206566555 0.0361801882 0.234823345
0.00292932792 0.0361782116 0.234871684
0.00379289503 0.036176235 0.234920023
0.00465636688 0.0361742584 0.234968363
0.00551974347 0.0361722817 0.235016702
0.00638302525 0.0361703076 0.235064982
0.00724796905 0.0361769125 0.234903453
0.00811317593 0.0361832762 0.234747825
0.00897869073 0.0361896447 0.234592079
0.00984458065 0.0361962594 0.234430312
0.0107108217 0.0362029813 0.234265922
0.0115773866 0.0362097033 0.234101532
0.0124441904 0.0362161815 0.233943103
0.0133104625 0.0362204004 0.233839928
0.0141804119 0.0362333568 0.233523069
0.0150509898 0.036246323 0.233205973
0.0159221958 0.0362592964 0.232888697
0.0167940328 0.0362722821 0.232571123
0.0176656974 0.0362836519 0.232293068
0.0185369023 0.0362930767 0.232062577
0.0194085655 0.0363025089 0.231831907
0.0202806859 0.0363119459 0.231601117
0.0211554439 0.0363250803 0.231279908
0.0220336263 0.0363427576 0.230847596
0.0229110981 0.036357988 0.230475126
0.0237883301 0.0363717487 0.230138598
0.0246662621 0.036385563 0.229800759
0.0255472194 0.0364026969 0.229381739
0.0264290115 0.036419843 0.22896242
0.0273114856 0.0364367989 0.22854775
0.0281925894 0.0364509618 0.228201388
0.0290743877 0.0364651393 0.227854668
0.0299576492 0.0364802551 0.227485
0.0308464803 0.0365010302 0.22697693
0.0317363319 0.0365218273 0.226468323
0.03262562 0.0365408914 0.226002096
0.0335146058 0.0365586395 0.225568055
0.0344124827 0.0365848302 0.224927543
0.0353263068 0.0366260684 0.223919032
0.0362422157 0.0366674042 0.222908138
0.0371559934 0.0367047136 0.22199571
0.0380705652 0.0367410652 0.221106706
0.0389869646 0.0367774875 0.220215975
0.0399052049 0.0368139877 0.219323335
0.0410158044 0.0370205934 0.21427065
-0.0382996912 0.0367391451 0.199168979
-0.0372632729 0.0366049989 0.202530621
-0.0362536372 0.0364910106 0.205387114
-0.0352709216 0.0363988525 0.207696555
-0.0343182686 0.0363335312 0.209333478
-0.0333876956 0.0362885724 0.210460125
-0.0324594436 0.0362437253 0.21158397
-0.0315335062 0.0361989925 0.212704955
-0.0306111537 0.0361558747 0.213785468
-0.0296916092 0.0361135774 0.214845417
-0.0287736075 0.0360705999 0.215922414
-0.0278562704 0.0360257482 0.217046378
-0.0269453774 0.0359865121 0.218029617
-0.0260383987 0.0359499899 0.218944846
-0.0251332738 0.0359135391 0.219858287
-0.0242300006 0.0358771643 0.220769821
-0.023328572 0.0358408634 0.221679507
-0.0224289824 0.0358046361 0.222587345
-0.0215312437 0.0357685111 0.223492621
-0.0206367298 0.0357348693 0.224335669
-0.0197459188 0.0357049023 0.225086628
-0.0188566141 0.0356749853 0.225836335
-0.0179690349 0.0356455583 0.226573764
-0.0170829352 0.0356161859 0.227309821
-0.0161983077 0.0355868611 0.228044687
-0.0153151489 0.0355575839 0.228778361
-0.014433432 0.0355282972 0.229512273
-0.0135531222 0.0354989082 0.230248748
-0.0126755573 0.0354731321 0.230894683
-0.0118001636 0.035450051 0.231473087
-0.0109259199 0.0354270031 0.232050656
-0.0100528232 0.0354039862 0.23262745
-0.00918087054 0.0353809977 0.233203529
-0.00831006036 0.0353580403 0.233778833
-0.00744038388 0.0353350828 0.234354137
-0.00657177415 0.0353117638 0.234938501
-0.00570498823 0.0352926333 0.235417901
-0.00484010732 0.0352805742 0.235720096
-0.00397582299 0.0352685246 0.236022054
-0.00311207305 0.0352557734 0.236341594
-0.00224895281 0.0352430221 0.236661135
-0.00138646253 0.035230278 0.236980496
-0.000524601734 0.0352175458 0.23729956
0.000336660615 0.0352072682 0.237557112
0.00119780128 0.0352074085 0.237553595
0.00205894887 0.0352075489 0.237550078
0.00292010319 0.0352076868 0.237546621
0.00378126458 0.0352078272 0.237543105
0.0046422068 0.0352063025 0.237581311
0.00550301074 0.0352043854 0.237629352
0.00636414241 0.0352047493 0.237620233
0.00722721896 0.0352142944 0.23738104
0.00809076798 0.0352238441 0.237141727
0.00895478982 0.0352333986 0.236902295
0.00981861487 0.0352405984 0.236721872
0.0106824827 0.0352467849 0.23656684
0.0115466569 0.0352529739 0.236411749
0.0124111375 0.0352591651 0.236256598
0.0132788678 0.0352730486 0.235908686
0.0141481578 0.0352890774 0.23550701
0.0150164294 0.0353009177 0.235210298
0.015885289 0.0353127651 0.234913407
0.0167547382 0.035324622 0.234616278
0.0176248199 0.0353365717 0.234316824
0.0184958529 0.0353492017 0.234000324
0.0193666625 0.035360307 0.23372203
0.0202390749 0.0353732295 0.233398198
0.0211146925 0.0353903953 0.232968031
0.0219911697 0.0354075801 0.232537387
0.0228685064 0.0354247816 0.232106326
0.0237461209 0.035441141 0.231696366
0.024622456 0.0354545345 0.231360732
0.0254994577 0.0354679351 0.231024919
0.0263771302 0.0354813475 0.230688809
0.0272554743 0.0354947719 0.2303524
0.028134487 0.0355082034 0.230015813
0.0290164806 0.0355244368 0.229609011
0.0299026332 0.0355446114 0.229103444
0.0307898029 0.0355648098 0.228597282
0.0316779915 0.035585032 0.228090523
0.0325671986 0.0356052756 0.227583228
0.0334564647 0.0356245297 0.227100728
0.0343447563 0.0356418097 0.226667701
0.0352339154 0.0356591039 0.226234315
0.0361239432 0.0356764124 0.225800572
0.0370148482 0.0356937423 0.225366293
0.0379285821 0.0357315299 0.224419354
0.0388416705 0.0357670317 0.223529695
0.0397563464 0.035802386 0.222643731
0.0406785823 0.0358428042 0.22163087
0.041606396 0.0358862765 0.220541476
0.0425329641 0.0359269159 0.219523071
0.0436110185 0.0360898564 0.215439854
0.0447536299 0.0362981174 0.210220931
-0.0399545952 0.0357132394 0.202430724
-0.0389123137 0.0355801785 0.205849586
-0.0378915957 0.0354608971 0.208914398
-0.0369532398 0.03541426 0.210112689
-0.0360185011 0.0353688478 0.21127951
-0.035086999 0.0353243727 0.21242225
-0.0341586533 0.0352808256 0.213541149
-0.0332326115 0.0352373828 0.214657365
-0.0323088723 0.0351940514 0.21577072
-0.0313874209 0.0351508244 0.216881393
-0.03047388 0.0351141485 0.217823742
-0.0295648719 0.0350806275 0.218685029
-0.0286576144 0.0350471715 0.219544648
-0.0277511019 0.0350125254 0.220434843
-0.0268460965 0.0349775592 0.221333264
-0.0259429152 0.0349426649 0.222229837
-0.0250415509 0.0349078401 0.223124622
-0.0241427736 0.0348741985 0.223989008
-0.0232479111 0.0348438533 0.224768697
-0.0223546181 0.0348135592 0.225547074
-0.0214628921 0.0347833184 0.22632408
-0.0205727745 0.0347532075 0.227097748
-0.0196850339 0.0347245928 0.227832972
-0.0187987686 0.0346960269 0.228566943
-0.0179139364 0.0346674355 0.22930157
-0.0170305095 0.0346387582 0.230038403
-0.0161485564 0.0346101273 0.230774043
-0.0152680756 0.0345815475 0.231508373
-0.0143890602 0.0345530117 0.232241569
-0.0135115097 0.034524527 0.232973455
-0.0126354168 0.034496084 0.233704267
-0.0117622269 0.0344719211 0.234325109
-0.0108907082 0.0344491732 0.234909593
-0.0100203508 0.0344264578 0.235493241
-0.00915115089 0.0344037702 0.236076175
-0.00828310754 0.0343811151 0.236658274
-0.00741621729 0.0343584879 0.237239657
-0.00655047888 0.0343358931 0.237820207
-0.00568590169 0.0343134027 0.238398074
-0.00482396848 0.0343017226 0.238698183
-0.0039626272 0.0342900471 0.238998173
-0.00310188449 0.0342784551 0.239296018
-0.00224173194 0.0342669141 0.239592551
-0.0013821641 0.0342553824 0.239888845
-0.000523180258 0.03424386 0.240184902
0.000335261279 0.0342355853 0.240397511
0.00119368185 0.0342377914 0.240340827
0.0020521181 0.0342384804 0.240323125
0.0029105395 0.034238608 0.240319847
0.00376896735 0.0342387356 0.240316568
0.00462740166 0.0342388632 0.24031329
0.00548584244 0.0342389908 0.240310012
0.00634572603 0.0342466832 0.240112363
0.00720662761 0.0342572963 0.239839672
0.00806767043 0.0342662622 0.2396093
0.00892916846 0.0342752329 0.239378808
0.00979112205 0.0342842082 0.239148198
0.0106536189 0.0342934641 0.238910376
0.011516391 0.0343021541 0.238687097
0.0123804418 0.034313129 0.238405107
0.0132468717 0.0343287505 0.238003729
0.0141140984 0.0343443859 0.237601994
0.0149821229 0.0343600352 0.237199901
0.0158503878 0.0343745061 0.236828087
0.0167179253 0.0343860192 0.236532269
0.0175860493 0.0343975393 0.236236273
0.0184547617 0.0344090686 0.235940038
0.0193265619 0.034424994 0.235530852
0.020201632 0.0344450602 0.235015272
0.021074895 0.034460575 0.234616636
0.0219489407 0.0344760851 0.234218119
0.0228245124 0.0344926995 0.233791231
0.0237010045 0.0345094275 0.233361422
0.0245783537 0.0345261694 0.232931255
0.0254542688 0.0345398562 0.232579587
0.0263303736 0.0345528911 0.232244669
0.0272071458 0.0345659353 0.231909512
0.0280887013 0.0345839902 0.231445609
0.0289719677 0.0346029847 0.230957566
0.0298549133 0.0346205107 0.230507253
0.0307368678 0.0346359466 0.230110644
0.0316198633 0.0346516632 0.229706822
0.0325074118 0.0346713374 0.229201315
0.0333959767 0.0346910324 0.228695272
0.0342852535 0.0347104421 0.22819656
0.0351728444 0.034727249 0.227764724
0.0360613082 0.0347440768 0.227332352
0.0369506391 0.0347609184 0.226899622
0.0378408405 0.0347777764 0.226466475
0.0387349507 0.0347973461 0.225963651
0.0396303937 0.0348172128 0.225453196
0.0405470158 0.0348542158 0.224502443
0.0414716654 0.0348963363 0.223420201
0.0423985787 0.0349385635 0.222335218
0.0433257754 0.0349793106 0.221288262
0.0442508148 0.0350167567 0.220326124
0.0451778592 0.0350542863 0.21936184
0.046305055 0.0352409762 0.214565037
0.0474166806 0.0354091913 0.210242926
-0.0416517397 0.0347393784 0.204489945
-0.0405415639 0.034556221 0.209318219
-0.0395961829 0.0345074069 0.210605024
-0.0386572821 0.0344620839 0.211799799
-0.037720908 0.0344169169 0.212990461
-0.036787007 0.0343718675 0.214178024
-0.0358564143 0.0343277383 0.215341328
-0.0349288169 0.0342842942 0.216486572
-0.0340084235 0.0342457974 0.2175014
-0.0330966437 0.0342140905 0.218337236
-0.0321855998 0.0341814227 0.219198404
-0.0312757381 0.0341481963 0.220074295
-0.0303676611 0.0341150356 0.220948456
-0.0294613619 0.0340819381 0.221820949
-0.0285568393 0.0340489085 0.222691654
-0.027654162 0.0340160372 0.223558186
-0.0267562804 0.0339870639 0.22432196
-0.0258598728 0.03395805 0.225086807
-0.0249650091 0.0339290858 0.225850342
-0.0240716857 0.0339001713 0.226612566
-0.0231798985 0.0338713066 0.227373479
-0.0222896452 0.0338424938 0.228133021
-0.0214008125 0.0338135613 0.228895722
-0.0205128962 0.0337836678 0.229683755
-0.0196265631 0.0337538263 0.230470417
-0.0187426124 0.0337254748 0.2312178
-0.0178605547 0.0336979124 0.231944381
-0.016979954 0.0336703998 0.23266965
-0.0161008032 0.0336429302 0.233393787
-0.015222809 0.0336148658 0.2341336
-0.0143457728 0.0335856348 0.234904169
-0.0134702768 0.0335564581 0.235673307
-0.0125963145 0.0335273288 0.236441194
-0.0117238835 0.0334982515 0.237207709
-0.0108549584 0.0334753198 0.23781222
-0.0099875096 0.0334533423 0.238391577
-0.00912120369 0.0334313693 0.238970815
-0.00825593045 0.0334089554 0.239561676
-0.00739182806 0.0333865708 0.240151762
-0.00652889466 0.033364218 0.240741013
-0.0052482158 0.0308606515 0.306738375
-0.00444238462 0.0307706273 0.309111534
-0.00365054934 0.0307603349 0.309382855
-0.00285974165 0.0307554646 0.309511243
-0.00206918725 0.0307505988 0.309639512
-0.00127888562 0.0307457329 0.309767781
-0.000488836788 0.0307408694 0.309895991
0.000301005815 0.0307395806 0.309929966
0.00109105006 0.0307451858 0.309782206
0.0018813852 0.0307507864 0.309634565
0.00267201169 0.0307563916 0.309486805
0.00346292935 0.0307619968 0.309339045
0.00425443763 0.030769698 0.309136032
0.00505366007 0.0308207211 0.307790993
0.00585659503 0.0308771957 0.306302248
0.00665895489 0.0309177772 0.305232464
0.00804475533 0.0333142824 0.242057382
0.00890447639 0.0333253548 0.241765498
0.00976406417 0.0333340554 0.241536139
0.0106241047 0.0333427582 0.241306721
0.0114856081 0.0333543439 0.241001307
0.0123505108 0.0333733572 0.240500091
0.0132155993 0.0333903785 0.240051387
0.0140805739 0.0334050709 0.239664076
0.0149463179 0.0334197768 0.239276408
0.0158128345 0.0334345009 0.238888262
0.0166803599 0.0334497065 0.238487421
0.0175474906 0.0334626873 0.238145231
0.0184169371 0.0334786074 0.237725554
0.0192892785 0.0334980661 0.237212597
0.020162646 0.0335175497 0.236698984
0.0210370386 0.0335370536 0.236184834
0.0219100438 0.0335529331 0.235766231
0.0227833213 0.0335680098 0.235368787
0.0236573934 0.0335831024 0.234970926
0.0245322579 0.0335982063 0.234572767
0.0254079209 0.0336133283 0.234174131
0.0262845879 0.0336287262 0.233768223
0.0271645245 0.0336471425 0.233282743
0.028045435 0.0336655792 0.232796727
0.028927321 0.0336840363 0.232310174
0.029810184 0.0337025137 0.231823085
0.0306925663 0.0337194287 0.231377183
0.0315740266 0.0337344444 0.230981348
0.0324562823 0.033749476 0.230585097
0.0333393325 0.0337645211 0.230188487
0.0342231758 0.0337795775 0.22979158
0.0351116093 0.0337982539 0.229299246
0.0359988878 0.0338149586 0.228858887
0.0368882695 0.0338327826 0.228389023
0.0377817118 0.0338533809 0.227846025
0.0386762502 0.0338740017 0.227302431
0.039571892 0.0338946498 0.226758121
0.0404663697 0.033913446 0.226262628
0.041361213 0.033931747 0.225780188
0.04226157 0.0339536703 0.225202261
0.0431875784 0.0339946589 0.224121748
0.0441154551 0.0340354484 0.22304648
0.0450395196 0.0340718041 0.222088097
0.0459655807 0.0341082388 0.221127628
0.0468936444 0.0341447527 0.220165072
0.0478282909 0.0341845768 0.219115256
0.0489552346 0.0343563611 0.214586793
0.0500796013 0.0345203085 0.21026492
-0.0445714804 0.0340264115 0.199598072
-0.0432147173 0.0336721132 0.20918691
-0.0422610653 0.0336211424 0.2105664
-0.041310323 0.0335703257 0.211941718
-0.0403624832 0.0335196676 0.213312744
-0.0394184115 0.0334699081 0.214659451
-0.0384839476 0.0334261433 0.215843914
-0.0375519501 0.0333824952 0.217025219
-0.036636029 0.0333512705 0.217870294
-0.035723167 0.0333213364 0.21868044
-0.0348099019 0.0332895039 0.219541965
-0.0338982396 0.0332575789 0.220405994
-0.0329884274 0.0332258014 0.22126603
-0.0320814377 0.0331951823 0.222094713
-0.0311753428 0.0331637837 0.222944497
-0.0302722376 0.0331338143 0.223755597
-0.0293726509 0.0331059944 0.224508523
-0.02847459 0.033078223 0.225260137
-0.027578049 0.0330504978 0.2260105
-0.0266830261 0.0330228211 0.226759552
-0.0257895157 0.0329951906 0.227507351
-0.0248971643 0.0329671461 0.228266357
-0.024005774 0.0329383726 0.229045092
-0.0231156833 0.0329092665 0.229832827
-0.0222271778 0.0328802089 0.23061925
-0.0213402796 0.0328512394 0.23140329
-0.0204552108 0.0328227236 0.232175051
-0.0195716906 0.032794254 0.23294556
-0.0186894931 0.0327654431 0.233725308
-0.0178079026 0.032734932 0.234551071
-0.0169291236 0.032706698 0.235315202
-0.0160518744 0.0326785126 0.236078022
-0.0151761509 0.0326503756 0.236839531
-0.0143019494 0.032622287 0.237599729
-0.013429266 0.0325942469 0.238358615
-0.0125577187 0.0325652774 0.239142655
-0.0116874144 0.0325354688 0.239949404
-0.0108187432 0.0325057901 0.240752636
-0.00924111798 0.030159146 0.304262935
-0.0083964315 0.0299831575 0.309025942
-0.00760063666 0.0299631118 0.309568463
-0.0068071 0.0299483122 0.309969007
-0.00601433725 0.0299334354 0.310371636
-0.00522237136 0.0299185784 0.310773729
-0.00443119945 0.0299037325 0.311175524
-0.00364137326 0.0298935027 0.311452387
-0.00285261682 0.0298888888 0.311577259
-0.00206410675 0.0298842793 0.311702012
-0.00127584084 0.029879628 0.311827897
-0.000487822187 0.029874915 0.311955451
0.000299991771 0.0298737015 0.311988293
0.00108800705 0.029879139 0.311841129
0.00187631248 0.0298845788 0.311693905
0.00266490783 0.0298900164 0.311546742
0.00345379239 0.0298954473 0.311399757
0.00424330899 0.0299032128 0.311189591
0.00503443344 0.0299178649 0.310793041
0.00582636797 0.0299326602 0.310392617
0.00661912153 0.0299475876 0.309988617
0.00741267513 0.0299625304 0.309584199
0.00820761212 0.0299795677 0.309123098
0.00901732203 0.0300418144 0.307438432
0.00983242563 0.0301102828 0.305585383
0.0114567321 0.0324163908 0.243172167
0.01231946 0.0324348177 0.242673455
0.0131831799 0.0324532667 0.242174147
0.0140478924 0.0324717354 0.241674303
0.0149117266 0.0324862114 0.241282521
0.0157762329 0.0325004847 0.240896224
0.0166415051 0.0325147668 0.240509687
0.017510727 0.0325348808 0.239965318
0.0183819067 0.0325565385 0.239379166
0.0192522648 0.0325749016 0.238882183
0.0201238092 0.032593595 0.238376258
0.0209965016 0.0326125196 0.237864076
0.0218702199 0.0326314685 0.237351237
0.0227430065 0.0326476689 0.236912786
0.0236155185 0.0326623166 0.236516355
0.0244888217 0.0326769775 0.236119567
0.0253654502 0.0326948715 0.235635279
0.0262452542 0.0327154964 0.235077082
0.0271241917 0.0327337801 0.234582244
0.0280026365 0.0327503703 0.234133242
0.0288828101 0.0327679053 0.23365867
0.0297642938 0.0327858477 0.233173071
0.0306467531 0.03280381 0.232686935
0.0315285671 0.0328201248 0.232245384
0.0324095333 0.0328347219 0.231850325
0.0332912939 0.0328493344 0.231454848
0.0341738454 0.0328639579 0.231059073
0.0350573433 0.0328787356 0.230659126
0.0359457849 0.0328972682 0.230157553
0.0368325118 0.0329134157 0.229720531
0.0377245706 0.0329334173 0.229179202
0.0386177249 0.0329534431 0.228637217
0.0395119766 0.0329734932 0.228094576
0.0404073113 0.0329935542 0.227551638
0.0413008203 0.0330113293 0.227070569
0.042195303 0.0330291241 0.226588963
0.0430907609 0.0330469388 0.226106821
0.0439871926 0.0330647711 0.225624202
0.0449007869 0.0330944079 0.224822103
0.045825113 0.0331305813 0.223843096
0.046750187 0.0331659265 0.222886501
0.0476858008 0.0332072269 0.221768735
0.0486265508 0.0332505094 0.220597325
0.0495664802 0.033291715 0.219482122
0.0506544663 0.0334280461 0.215792416
0.0517895735 0.0335899221 0.211411355
-0.0449571807 0.032757211 0.209904669
-0.0439838977 0.032694607 0.211645423
-0.0430143612 0.0326322409 0.21337956
-0.0420642628 0.0325821856 0.214771389
-0.0411197036 0.0325343253 0.216102181
-0.0401834212 0.0324910009 0.217306851
-0.0392670385 0.0324620516 0.218111812
-0.0383519253 0.0324328364 0.218924163
-0.0374374245 0.0324027723 0.219760119
-0.0365246319 0.0323727618 0.220594584
-0.0356137383 0.0323429807 0.221422671
-0.0347054253 0.0323140764 0.22222638
-0.0337973621 0.0322839073 0.223065256
-0.0328937776 0.0322564884 0.223827659
-0.0319929217 0.0322302957 0.224555968
-0.0310935447 0.032204148 0.225283025
-0.030195639 0.032178041 0.22600895
-0.0292987054 0.0321514346 0.226748763
-0.0284029453 0.0321245088 0.227497457
-0.0275087032 0.0320976323 0.22824478
-0.0266149181 0.0320695403 0.229025899
-0.0257226081 0.0320413691 0.229809223
-0.024831882 0.0320132493 0.230591117
-0.0239427339 0.0319851787 0.23137164
-0.0230553479 0.0319574169 0.23214358
-0.0221695206 0.0319297087 0.232914029
-0.0212844303 0.0319008365 0.233716844
-0.020400007 0.031870543 0.234559177
-0.0195172806 0.0318403096 0.235399841
-0.0186362436 0.031810132 0.236238955
-0.0177568927 0.0317800122 0.23707646
-0.0168792232 0.0317499503 0.237912355
-0.0160040396 0.0317215432 0.238702236
-0.0151301074 0.0316924995 0.23950982
-0.0142577937 0.0316635158 0.240315734
-0.0133871428 0.0316347079 0.241116761
-0.0116179728 0.0293401395 0.304919063
-0.0107675942 0.029189772 0.30910015
-0.00996867363 0.0291656029 0.309772192
-0.0091710902 0.0291414745 0.310443102
-0.00837483997 0.0291173846 0.311112939
-0.00758099992 0.0290974834 0.311666309
-0.00678960117 0.0290833828 0.312058388
-0.00599897815 0.0290692972 0.31245005
-0.00520912923 0.0290552244 0.312841355
-0.00442005337 0.0290411645 0.313232301
-0.00363224211 0.0290311131 0.313511788
-0.0028457179 0.0290287401 0.31357777
-0.00205941122 0.0290276448 0.313608228
-0.00127316456 0.0290265494 0.313638686
-0.000486977958 0.0290254561 0.313669084
0.000299158642 0.0290250853 0.313679396
0.00108534425 0.0290264015 0.313642799
0.00187160198 0.0290277176 0.313606201
0.00265793203 0.029029036 0.313569544
0.00344470141 0.0290333317 0.313450097
0.00423224139 0.0290411795 0.313231884
0.00502134058 0.029055368 0.312837361
0.0058112203 0.0290695715 0.312442421
0.00660188079 0.0290837858 0.312047182
0.00739338375 0.0290982444 0.311645149
0.00818642881 0.0291153096 0.311170636
0.0089822845 0.0291383277 0.310530602
0.00977963343 0.0291620231 0.309871732
0.0105783798 0.0291859864 0.309205412
0.0113861034 0.0292292422 0.308002649
0.0122072037 0.0292984164 0.306079208
0.0140126906 0.0315367859 0.243839561
0.0148761837 0.0315546142 0.243343829
0.0157397998 0.0315707577 0.242894946
0.0166066058 0.0315912163 0.242326079
0.0174755513 0.0316134884 0.241706787
0.0183457349 0.0316357904 0.24108666
0.0192163927 0.0316568792 0.24050027
0.020086104 0.0316747033 0.240004657
0.0209568064 0.0316925488 0.239508449
0.0218285016 0.0317104157 0.239011644
0.0227011898 0.031728302 0.238514303
0.0235737905 0.0317447713 0.23805636
0.0244496303 0.0317642331 0.23751521
0.0253269626 0.0317842222 0.236959396
0.0262054118 0.031804237 0.236402868
0.027084978 0.0318242755 0.235845684
0.0279628708 0.0318412014 0.235375045
0.0288409473 0.031857317 0.234926938
0.0297199231 0.0318734498 0.234478353
0.0305997996 0.0318895997 0.234029292
0.0314816821 0.0319068707 0.233549057
0.0323629231 0.0319225962 0.233111797
0.0332433955 0.0319367761 0.232717513
0.0341274379 0.031953537 0.232251464
0.035013745 0.0319715111 0.231751679
0.0359010565 0.0319895024 0.231251417
0.0367881133 0.0320064283 0.230780779
0.0376742096 0.0320217701 0.230354188
0.0385611674 0.032037129 0.229927121
0.0394522456 0.0320551181 0.229426919
0.0403462102 0.0320745992 0.228885232
0.0412406007 0.0320935873 0.228357254
0.04213375 0.0321108583 0.227877019
0.043027869 0.0321281465 0.227396308
0.043922962 0.032145454 0.22691506
0.0448196264 0.032163203 0.226421534
0.045722844 0.032184832 0.225820123
0.0466334931 0.0322107224 0.225100218
0.0475693359 0.0322525356 0.22393757
0.0485076393 0.0322944602 0.222771822
0.0494481901 0.0323363527 0.221606968
0.0503862818 0.032375227 0.220526038
0.051326665 0.032414202 0.219442307
0.0524269199 0.0325499394 0.215668021
0.0535373554 0.0326873316 0.211847721
-0.0466940403 0.0318418468 0.210676073
-0.0457166655 0.0317799781 0.21244484
-0.0447441582 0.0317190809 0.214185833
-0.0437754103 0.0316584194 0.215920089
-0.0428237464 0.0316077611 0.217368363
-0.0419034185 0.0315783893 0.218208073
-0.0409856002 0.0315496702 0.219029127
-0.0400695869 0.0315210969 0.219846009
-0.039155246 0.0314925738 0.22066146
-0.0382431023 0.0314645322 0.221463142
-0.037332718 0.0314366407 0.222260533
-0.0364228693 0.0314078632 0.223083256
-0.0355188447 0.0313827696 0.223800658
-0.034617062 0.0313584203 0.22449678
-0.0337166941 0.0313341107 0.225191771
-0.0328177354 0.0313098385 0.225885688
-0.0319192866 0.0312847325 0.226603447
-0.0310215455 0.0312589196 0.227341412
-0.0301252992 0.0312331485 0.228078185
-0.0292292614 0.0312060597 0.228852628
-0.0283346237 0.0311788333 0.229631005
-0.0274415181 0.0311516048 0.230409442
-0.0265499017 0.0311243242 0.231189369
-0.0256598638 0.0310970936 0.231967865
-0.0247713968 0.0310699089 0.23274505
-0.0238832792 0.0310411981 0.233565866
-0.0229957939 0.0310111675 0.234424411
-0.0221100499 0.0309812058 0.235280989
-0.0212266543 0.030952201 0.236110209
-0.0203449273 0.0309232483 0.236937939
-0.0194648672 0.0308943519 0.237764059
-0.0185856811 0.0308642109 0.238625764
-0.0177073565 0.0308326208 0.239528893
-0.0168308482 0.0308010975 0.240430115
-0.0159561495 0.0307696388 0.24132949
-0.0150838481 0.0307394477 0.242192625
-0.013144521 0.0284098781 0.308792828
-0.012339801 0.0283783319 0.309694706
-0.011537026 0.0283471963 0.310584842
-0.0107391146 0.0283242377 0.311241208
-0.00994251061 0.0283013186 0.311896442
-0.00914720865 0.0282784329 0.312550722
-0.00835320774 0.0282555869 0.31320387
-0.00756361051 0.0282443869 0.313524066
-0.00677649078 0.0282408989 0.313623785
-0.00598956757 0.0282374109 0.313723503
-0.00520284124 0.028233925 0.313823162
-0.0044163113 0.0282304391 0.313922821
-0.00363009166 0.0282278518 0.313996791
-0.00284416126 0.0282267197 0.314029156
-0.00205829948 0.0282256564 0.314059554
-0.00127249761 0.0282245931 0.314089953
-0.000486755639 0.0282235298 0.314120351
0.000298934767 0.0282230586 0.314133822
0.00108465818 0.0282239968 0.314107
0.00187045853 0.0282252769 0.314070402
0.00265633099 0.0282265571 0.314033805
0.00344227558 0.0282278372 0.313997208
0.00422836076 0.0282295593 0.313947974
0.00501487393 0.028233089 0.313847064
0.00580165907 0.0282369648 0.313736259
0.00658866257 0.0282408405 0.313625454
0.00737588554 0.0282447205 0.313514529
0.00816536452 0.0282554889 0.313206671
0.00895917694 0.0282777616 0.312569915
0.00975425737 0.0283000719 0.311932086
0.0105507469 0.0283227824 0.311282812
0.0113487255 0.0283460059 0.310618876
0.0121502772 0.0283744165 0.309806644
0.0129561147 0.0284086043 0.308829247
0.0137868908 0.0284894745 0.306517242
0.0146180128 0.0285622659 0.304436206
0.0165732262 0.0306740118 0.244063376
0.0174404925 0.03069573 0.243442474
0.0183089381 0.0307173751 0.242823659
0.0191785979 0.030739012 0.242205082
0.0200487356 0.0307595293 0.241618513
0.0209178032 0.0307768212 0.241124152
0.0217878585 0.0307941319 0.240629254
0.0226604921 0.0308135901 0.240072964
0.023537108 0.0308367739 0.239410161
0.0244127737 0.0308571473 0.238827704
0.0252885929 0.030876324 0.238279461
0.0261656894 0.03089573 0.23772466
0.0270439014 0.0309151611 0.237169145
0.0279232177 0.0309346025 0.236613332
0.0288000328 0.0309502329 0.236166476
0.0296777448 0.0309658799 0.235719143
0.0305563528 0.0309815414 0.235271393
0.0314358625 0.0309972218 0.234823106
0.0323176518 0.031014224 0.234337031
0.0332008875 0.0310316765 0.23383808
0.0340850692 0.0310490956 0.233340083
0.0349702513 0.0310665314 0.23284161
0.0358564426 0.0310839902 0.23234248
0.0367436374 0.0311014656 0.231842874
0.0376291419 0.0311167582 0.231405674
0.0385150193 0.0311316609 0.23097962
0.039401755 0.0311465782 0.230553149
0.0402893475 0.0311615079 0.23012632
0.0411789527 0.0311773134 0.229674457
0.0420723737 0.03119526 0.22916138
0.0429659743 0.0312126103 0.228665351
0.0438656832 0.0312335675 0.228066205
0.0447666092 0.0312545497 0.227466343
0.0456687665 0.0312755653 0.226865529
0.0465705086 0.0312955196 0.226295053
0.0474728659 0.0313151425 0.225734054
0.0483892981 0.031343061 0.224935888
0.0493276205 0.0313837453 0.223772763
0.0502661818 0.031423162 0.222645877
0.0512041705 0.0314608836 0.221567451
0.0521444452 0.0314987012 0.220486282
0.0530870068 0.0315366105 0.219402491
0.0541715759 0.0316552587 0.21601045
0.0552834506 0.0317856198 0.21228355
-0.0484756754 0.0309582714 0.210557042
-0.0474691783 0.0308816891 0.212809919
-0.0464677036 0.0308054897 0.21505153
-0.0454756276 0.0307326275 0.217194973
-0.0445520685 0.030703688 0.218046306
-0.0436308061 0.0306751801 0.218884944
-0.0427112819 0.030646733 0.219721793
-0.0417934793 0.0306183386 0.220557092
-0.0408773938 0.0305899968 0.221390842
-0.0399631704 0.0305618212 0.222219704
-0.0390513618 0.0305342515 0.223030745
-0.0381469966 0.0305113175 0.22370541
-0.0372446798 0.0304889671 0.224362908
-0.0363437001 0.0304666511 0.225019394
-0.0354440545 0.0304443695 0.225674866
-0.0345445824 0.0304211114 0.226359068
-0.0336455723 0.030397059 0.227066635
-0.0327480006 0.0303730471 0.227773009
-0.0318507383 0.0303480121 0.228509484
-0.0309542602 0.0303223286 0.229265033
-0.0300591799 0.030296554 0.230023264
-0.0291646729 0.0302698312 0.230809389
-0.028271761 0.0302431569 0.231594084
-0.0273804379 0.0302165293 0.232377409
-0.0264898291 0.0301889636 0.23318833
-0.0255988467 0.0301590921 0.234067081
-0.0247102186 0.0301299743 0.234923659
-0.0238233254 0.0301009153 0.235778509
-0.0229381603 0.0300719131 0.23663169
-0.0220547185 0.0300429675 0.237483202
-0.0211720064 0.0300126868 0.238373994
-0.0202898836 0.0299806939 0.239315151
-0.0194106725 0.029950322 0.240208624
-0.01853326 0.0299200108 0.24110031
-0.017657642 0.0298897624 0.241990148
-0.016783813 0.0298595769 0.242878138
-0.0147203119 0.0276075529 0.309127568
-0.0139133469 0.027575323 0.310075699
-0.0131092813 0.0275452489 0.310960411
-0.0123068691 0.0275149742 0.311851023
-0.0115061472 0.0274845456 0.312746166
-0.0107115538 0.0274652708 0.313313185
-0.00992294285 0.0274594234 0.313485204
-0.00913467218 0.0274535799 0.313657104
-0.00834674027 0.0274477365 0.313829004
-0.00755940207 0.0274428191 0.313973664
-0.00677275979 0.0274395691 0.31406927
-0.0059862764 0.0274361834 0.314168869
-0.00519998927 0.0274327978 0.314268469
-0.00441389875 0.0274294141 0.314368008
-0.00362811299 0.0274268632 0.314443051
-0.00284260935 0.0274256353 0.314479171
-0.00205718906 0.0274245756 0.314510344
-0.00127183145 0.0274235443 0.314540683
-0.000486533585 0.027422511 0.314571081
0.000298712566 0.027422043 0.31458485
0.00108398039 0.0274226974 0.314565598
0.00186931625 0.0274237672 0.314534127
0.0026547318 0.0274250113 0.314497529
0.00344021895 0.0274262513 0.314461051
0.00422584871 0.027427935 0.31441152
0.00501176696 0.0274306318 0.314332186
0.00579807323 0.0274343944 0.3142215
0.00658459761 0.0274381569 0.314110814
0.00737134068 0.0274419215 0.314000069
0.00815844011 0.0274461399 0.313875972
0.00894647433 0.0274524291 0.313690959
0.00973503832 0.0274591741 0.313492535
0.0105239949 0.0274659232 0.313293992
0.0113191505 0.0274864907 0.312688946
0.0121190439 0.0275149499 0.311851739
0.012922408 0.0275472163 0.310902535
0.0137280373 0.0275802607 0.309930443
0.0145358658 0.027613834 0.308942794
0.0153616506 0.0276757328 0.307121872
0.0162073975 0.0277651872 0.304490327
0.0182720845 0.0298022916 0.24456334
0.0191400645 0.0298233717 0.243943213
0.0200092873 0.0298444821 0.243322192
0.0208789439 0.0298644802 0.242733894
0.0217508651 0.0298859735 0.242101608
0.0226247481 0.0299083989 0.241441904
0.0234999571 0.0299308568 0.240781246
0.0243764076 0.0299532416 0.240122734
0.0252508485 0.0299717586 0.239578007
0.0261263844 0.0299902999 0.239032565
0.0270030136 0.0300088614 0.238486527
0.0278809249 0.0300276418 0.237934052
0.0287592325 0.0300457089 0.237402557
0.0296356839 0.0300608726 0.236956476
0.0305131896 0.0300762065 0.236505388
0.0313953204 0.0300950719 0.235950409
0.0322785714 0.0301139617 0.235394715
0.033161918 0.0301319559 0.234865366
0.0340439207 0.0301478652 0.23439735
0.0349268694 0.0301637948 0.233928739
0.0358119359 0.0301807172 0.233430921
0.0366980083 0.0301976598 0.232932507
0.0375841816 0.0302139034 0.232454656
0.0384689784 0.0302283499 0.232029675
0.039354634 0.0302428125 0.231604217
0.0402411444 0.0302572873 0.231178402
0.0411291607 0.0302722463 0.23073834
0.0420224392 0.0302903317 0.230206309
0.0429152806 0.0303073817 0.229704736
0.0438138912 0.0303276979 0.229107081
0.044713722 0.0303480425 0.22850859
0.0456147754 0.0303684154 0.227909266
0.0465159917 0.0303881318 0.227329253
0.0474172628 0.0304071594 0.226769506
0.0483196696 0.0304262072 0.226209162
0.049223227 0.0304452833 0.225647985
0.0501457576 0.0304750799 0.224771439
0.0510822635 0.0305120996 0.223682402
0.0520201503 0.0305486756 0.222606419
0.0529730552 0.0305926065 0.221314071
0.053931194 0.0306380449 0.219977378
0.054951408 0.0307162947 0.217675446
0.0560823087 0.0308522167 0.213676928
0.0572479574 0.0310025103 0.209255634
-0.0502412317 0.0300646499 0.21073526
-0.0492122699 0.0299793013 0.213320969
-0.0481933327 0.0298969826 0.215814887
-0.0472188552 0.0298394257 0.217558621
-0.0462912141 0.0298095623 0.21846336
-0.0453654496 0.0297797599 0.219366251
-0.0444415534 0.0297500164 0.220267354
-0.043519523 0.029720334 0.221166609
-0.0426018738 0.0296924537 0.222011267
-0.0416863912 0.0296649276 0.222845195
-0.0407798626 0.0296426682 0.223519562
-0.0398766296 0.0296218568 0.22415006
-0.0389746809 0.029601077 0.224779605
-0.0380740111 0.0295803266 0.225408255
-0.03717313 0.0295584332 0.226071535
-0.0362733488 0.0295363725 0.226739882
-0.0353749274 0.0295143473 0.227407156
-0.0344773431 0.0294919167 0.228086709
-0.0335794429 0.0294680461 0.228809892
-0.0326829832 0.0294441892 0.229532658
-0.0317865201 0.0294190219 0.23029512
-0.0308916034 0.029393896 0.231056331
-0.0299982333 0.0293688154 0.231816171
-0.0291064038 0.029343778 0.2325747
-0.0282136031 0.0293161988 0.233410238
-0.0273211447 0.0292872325 0.234287797
-0.0264302544 0.0292580891 0.235170721
-0.0255411577 0.0292290067 0.236051797
-0.0246538459 0.0291999814 0.236931144
-0.0237682265 0.0291709069 0.237811981
-0.0228823539 0.029139318 0.238768994
-0.0219987746 0.0291082643 0.239709793
-0.0211170981 0.0290772775 0.240648566
-0.0202373185 0.0290463575 0.241585313
-0.0193594299 0.0290155045 0.242520033
-0.01848232 0.0289829949 0.24350494
-0.0163020084 0.0268176939 0.30910462
-0.0154895999 0.0267802952 0.310237645
-0.0146793916 0.0267428375 0.311372458
-0.0138743692 0.0267110264 0.312336205
-0.0130736744 0.0266841455 0.313150584
-0.0122835645 0.0266766733 0.313376962
-0.0114939033 0.0266692069 0.313603162
-0.0107055687 0.0266639264 0.31376314
-0.00991740397 0.0266582563 0.313934921
-0.00912957844 0.0266525881 0.314106642
-0.00834209131 0.02664692 0.314278363
-0.00755517691 0.0266420782 0.31442505
-0.00676900633 0.0266390287 0.314517437
-0.00598298875 0.0266358494 0.314613758
-0.00519714036 0.0266325638 0.314713298
-0.00441148877 0.0266292821 0.314812719
-0.00362613671 0.0266267717 0.314888774
-0.00284107223 0.0266255794 0.314924895
-0.00205607982 0.026624399 0.314960657
-0.0012711659 0.0266233976 0.314990996
-0.000486311765 0.0266223961 0.315021335
0.000298490629 0.0266219338 0.315035342
0.00108331449 0.0266225673 0.315016149
0.00186817632 0.0266232028 0.314996897
0.00265313426 0.026624395 0.314960777
0.00343816522 0.0266256011 0.314924239
0.0042233399 0.0266272439 0.314874469
0.00500879665 0.026629835 0.31479597
0.00579449135 0.0266327979 0.314706205
0.00658053765 0.0266364494 0.314595579
0.00736680196 0.0266401009 0.314484953
0.00815342733 0.0266442089 0.314360498
0.00894060322 0.0266492062 0.314209102
0.00972865374 0.0266557478 0.314010917
0.0105170956 0.0266622915 0.313812672
0.0113059298 0.026668839 0.313614308
0.0120957321 0.0266766339 0.313378154
0.0128892498 0.0266910276 0.312942086
0.0136924296 0.0267222721 0.311995505
0.0144978453 0.0267541876 0.311028599
0.0153055122 0.0267866972 0.310043691
0.016120439 0.0268278989 0.308795451
0.0169664971 0.0269137747 0.306193768
0.0191015311 0.0289111566 0.245681344
0.0199706588 0.0289339609 0.244990467
0.0208436041 0.0289601236 0.244197844
0.0217162977 0.0289839038 0.243477403
0.0225891147 0.0290060451 0.242806612
0.023462924 0.0290277851 0.242147981
0.0243380597 0.0290495585 0.241488336
0.0252132688 0.029069939 0.240870892
0.0260874841 0.0290878917 0.240326999
0.026962788 0.0291058621 0.239782571
0.0278391895 0.0291238581 0.239237367
0.028716687 0.0291418757 0.238691508
0.0295964435 0.0291610423 0.238110839
0.0304763748 0.029179294 0.237557887
0.0313574214 0.0291975694 0.237004219
0.0322395834 0.0292158663 0.236449896
0.0331228671 0.0292341889 0.235894798
0.0340042128 0.0292499401 0.235417603
0.0348861087 0.0292653686 0.234950184
0.0357689452 0.0292808128 0.234482287
0.0366527262 0.0292962747 0.234013854
0.037538442 0.0293125158 0.233521818
0.0384230498 0.0293271927 0.233077167
0.0393079619 0.0293414486 0.232645272
0.0401982857 0.0293589901 0.232113837
0.0410896875 0.0293765533 0.231581746
0.0419821663 0.0293941361 0.23104906
0.0428735116 0.0294102414 0.230561136
0.043765679 0.0294262542 0.230076014
0.0446609589 0.0294436698 0.229548393
0.0455609137 0.0294634049 0.228950499
0.0464616037 0.0294828627 0.228361009
0.0473617846 0.0295012935 0.227802633
0.048263105 0.0295197478 0.227243541
0.0491655702 0.0295382278 0.226683675
0.0500736537 0.0295593382 0.226044117
0.0509872164 0.0295828646 0.225331365
0.0519380535 0.0296265865 0.224006771
0.0528917389 0.0296704403 0.222678183
0.0538482808 0.0297144239 0.221345662
0.0548057014 0.029757471 0.220041512
0.0558148105 0.0298264309 0.21795231
0.0569492191 0.0299583306 0.213956295
0.058072684 0.0300806056 0.210251866
-0.0520629044 0.0292029455 0.209927736
-0.0510065371 0.0291079844 0.212893187
-0.0499497688 0.0290094311 0.215970813
-0.0489659201 0.028950027 0.217825888
-0.0480328545 0.0289187264 0.218803345
-0.0471046278 0.0288891951 0.219725548
-0.046179353 0.0288603663 0.220625817
-0.045255943 0.0288315947 0.221524297
-0.0443343956 0.0288028823 0.22242093
-0.0434199437 0.0287776685 0.223208307
-0.0425150132 0.0287577953 0.223828911
-0.0416113419 0.0287379468 0.224448739
-0.0407084687 0.0287178025 0.225077807
-0.0398063649 0.0286973223 0.225717365
-0.0389055633 0.0286768726 0.226355969
-0.0380060584 0.0286564515 0.226993679
-0.0371078501 0.028636061 0.227630435
-0.0362091004 0.0286142637 0.22831112
-0.0353108453 0.028591787 0.229013025
-0.0344129109 0.0285684361 0.229742228
-0.0335164609 0.0285451253 0.230470179
-0.0326214896 0.0285218527 0.231196939
-0.0317279911 0.0284986163 0.231922566
-0.0308359684 0.0284754219 0.232646881
-0.0299410837 0.0284481868 0.23349738
-0.0290471884 0.0284202856 0.234368681
-0.0281550693 0.0283924435 0.235238134
-0.0272647134 0.028364653 0.236105977
-0.0263761215 0.0283369198 0.236972033
-0.0254885242 0.028308402 0.237862586
-0.0245998984 0.0282767102 0.238852261
-0.023713281 0.028245087 0.239839791
-0.0228287527 0.0282136394 0.240821837
-0.0219462152 0.0281822625 0.241801678
-0.0210658315 0.0281511814 0.24277228
-0.0201861902 0.0281184817 0.243793427
-0.0179352758 0.0261021502 0.306759535
-0.0170742225 0.0259992031 0.309974371
-0.0162554314 0.0259532133 0.311410545
-0.0154456408 0.0259175074 0.312525569
-0.0146467655 0.0258971169 0.313162326
-0.0138561532 0.0258897417 0.313392638
-0.0130660617 0.0258824983 0.313618838
-0.0122764169 0.0258752567 0.313844978
-0.0114872202 0.0258680209 0.314070939
-0.010699394 0.0258630125 0.314227341
-0.00991187097 0.0258579907 0.314384161
-0.00912449011 0.0258524975 0.314555703
-0.00833744791 0.0258470062 0.314727186
-0.00755095732 0.0258422459 0.31487584
-0.00676523141 0.0258392894 0.314968168
-0.00597968833 0.0258363366 0.315060376
-0.00519429527 0.0258332255 0.315157532
-0.00440908171 0.0258300437 0.315256893
-0.00362416253 0.0258275738 0.315334021
-0.00283953697 0.0258264191 0.315370082
-0.00205498262 0.0258252662 0.315406083
-0.00127050124 0.0258241573 0.315440713
-0.00048609024 0.0258231877 0.315470992
0.000298268927 0.0258227277 0.315485357
0.00108264938 0.0258233423 0.315466164
0.00186706766 0.0258239569 0.315446972
0.00265153877 0.0258247108 0.315423428
0.00343611362 0.0258258789 0.31538695
0.00422083367 0.0258274803 0.315336942
0.00500583436 0.0258299921 0.315258502
0.00579098963 0.025832504 0.315180062
0.00657648218 0.0258357144 0.315079807
0.00736226826 0.0258392531 0.3149693
0.00814842133 0.0258432537 0.314844369
0.00893504212 0.0258478804 0.314699887
0.00972227724 0.025853364 0.314528643
0.0105102058 0.0258597047 0.314330636
0.0112985263 0.0258660492 0.31413251
0.0120874757 0.0258728937 0.313918768
0.0128778676 0.0258817501 0.313642203
0.0136692249 0.025891387 0.313341259
0.0144611796 0.0259010316 0.313040077
0.0152655476 0.0259303758 0.312123715
0.0160791232 0.0259714546 0.310840904
0.0168955791 0.026013066 0.309541463
0.0177220589 0.0260654576 0.307905375
0.0185771076 0.0261529003 0.305174707
0.0208083304 0.0280587398 0.245659052
0.0216812272 0.0280839039 0.244873224
0.0225527124 0.0281054378 0.244200765
0.0234255502 0.028127004 0.243527292
0.024299742 0.0281486009 0.242852865
0.025174802 0.02816969 0.242194294
0.0260486986 0.0281881565 0.241617619
0.0269226808 0.028205539 0.241074799
0.02779988 0.0282250687 0.240464925
0.0286796897 0.028245965 0.239812373
0.0295602787 0.0282663842 0.239174722
0.0304394307 0.0282843373 0.238614081
0.0313196125 0.0283022236 0.238055526
0.0322006901 0.0283199324 0.237502514
0.0330828847 0.0283376642 0.236948787
0.0339645976 0.0283541018 0.236435472
0.0348454478 0.0283690354 0.235969125
0.0357272365 0.0283839842 0.235502301
0.0366099676 0.0283989503 0.235034941
0.0374937831 0.0284140384 0.234563767
0.038382071 0.0284317148 0.234011768
0.0392703164 0.0284485838 0.233484982
0.0401597637 0.0284655673 0.23295462
0.0410502896 0.0284825737 0.232423543
0.0419418905 0.0284995992 0.231891869
0.0428326031 0.0285153536 0.231399893
0.0437238996 0.0285308598 0.230915664
0.0446161775 0.0285463831 0.2304309
0.0455094385 0.0285619237 0.229945599
0.0464072565 0.0285796516 0.229391991
0.0473064408 0.0285975436 0.228833257
0.0482136492 0.0286194897 0.228147923
0.0491235387 0.0286422012 0.227438687
0.0500348901 0.028664949 0.226728319
0.0509470606 0.0286873742 0.226028024
0.0518601989 0.0287095741 0.225334762
0.0528106713 0.0287510958 0.224038123
0.0537656277 0.0287936366 0.222709655
0.0547218475 0.0288354732 0.22140318
0.0556799295 0.0288769452 0.220108091
0.056677675 0.0289371166 0.218229054
0.0578066814 0.0290605802 0.214373528
0.0589319597 0.0291785085 0.210690855
-0.0528077738 0.0282386216 0.212375282
-0.0517189688 0.0281293907 0.215894638
-0.0507251522 0.0280683975 0.217859803
-0.0497901972 0.0280380618 0.2188372
-0.0488572856 0.0280077928 0.219812452
-0.0479264111 0.0279775903 0.220785557
-0.0469975641 0.0279474526 0.221756576
-0.0460708465 0.0279174444 0.222723423
-0.0451598926 0.0278959128 0.223417162
-0.0442539182 0.0278766343 0.224038302
-0.0433492085 0.0278573818 0.224658607
-0.0424457668 0.0278381588 0.225277959
-0.0415435818 0.02781896 0.225896536
-0.0406426596 0.0277997907 0.226514159
-0.0397429891 0.0277806454 0.227131008
-0.0388440168 0.0277611339 0.227759658
-0.0379434603 0.0277395782 0.228454171
-0.0370441152 0.0277179059 0.22915244
-0.0361461924 0.0276962688 0.229849576
-0.0352497624 0.0276747241 0.230543731
-0.0343549044 0.0276533423 0.231232642
-0.0334614492 0.0276319974 0.23192036
-0.0325679728 0.0276094964 0.232645332
-0.0316716485 0.0275833046 0.233489214
-0.0307770414 0.027557161 0.234331547
-0.0298841509 0.0275310692 0.235172211
-0.0289929683 0.0275050254 0.236011325
-0.0281034926 0.0274790335 0.23684877
-0.027214413 0.0274517873 0.237726628
-0.0263236384 0.0274210039 0.238718449
-0.0254348842 0.0273902909 0.239708005
-0.0245481419 0.0273596463 0.240695356
-0.0236634067 0.027329072 0.241680442
-0.0227804602 0.0272983164 0.242671369
-0.0218970089 0.0272645251 0.243760108
-0.0210157678 0.0272308169 0.244846164
-0.0186741106 0.0252366635 0.309096633
-0.0178468053 0.0251853419 0.310750185
-0.0170258735 0.0251385842 0.312256693
-0.0162207289 0.0251115229 0.31312859
-0.0154290467 0.0251034331 0.313389241
-0.014637739 0.0250951064 0.313657521
-0.0138477647 0.0250882283 0.313879131
-0.0130584568 0.0250817885 0.314086615
-0.0122692783 0.0250747809 0.314312397
-0.0114805456 0.0250677751 0.31453812
-0.0106931512 0.0250628542 0.314696668
-0.00990619041 0.0250582385 0.314845382
-0.00911940785 0.0250533084 0.315004228
-0.00833280943 0.0250479916 0.315175532
-0.00754674164 0.0250433149 0.315326213
-0.00676146098 0.0250404549 0.315418362
-0.00597636192 0.0250375948 0.31551051
-0.00519144444 0.0250347348 0.315602659
-0.00440667755 0.0250316972 0.31570053
-0.00362219047 0.0250292682 0.315778791
-0.00283800335 0.0250281508 0.315814792
-0.00205388718 0.0250270334 0.315850793
-0.00126984194 0.025025916 0.315886794
-0.00048586889 0.0250248764 0.315920292
0.00029804749 0.025024425 0.315934836
0.00108198498 0.0250250188 0.315915703
0.00186596033 0.0250256145 0.31589651
0.00264997329 0.0250262083 0.315877377
0.00343406439 0.0250270852 0.315849124
0.00421833035 0.0250286447 0.315798878
0.00500287551 0.0250310774 0.315720497
0.00578757469 0.0250335083 0.315642177
0.0065724322 0.0250359539 0.31556338
0.00735774013 0.0250393782 0.315453051
0.00814342088 0.0250432687 0.315327703
0.00892956341 0.0250477474 0.3151834
0.00971599104 0.025052228 0.315039038
0.0105033247 0.025058159 0.314847945
0.0112911321 0.0250643009 0.314650058
0.0120795734 0.0250709385 0.314436196
0.0128686938 0.0250780683 0.31420648
0.0136594869 0.0250873939 0.313906013
0.0144508776 0.0250967288 0.313605248
0.0152428758 0.0251060878 0.313303708
0.0160381061 0.0251195 0.312871574
0.0168522795 0.0251594184 0.311585425
0.0176692795 0.0251997457 0.310286104
0.0184891849 0.0252405355 0.308971881
0.0193322156 0.0253077279 0.30680698
0.02164471 0.0271848676 0.246326624
0.0225163257 0.0272075962 0.245594322
0.0233877323 0.0272284323 0.244922994
0.0242604903 0.0272492999 0.244250654
0.0251346044 0.0272702007 0.243577241
0.0260113675 0.0272924669 0.242859839
0.0268875962 0.027312785 0.242205201
0.0277649643 0.0273329569 0.241555272
0.0286436445 0.0273531585 0.24090439
0.0295236419 0.0273733915 0.240252494
0.0304021719 0.0273911826 0.239679276
0.0312813555 0.027408563 0.23911929
0.0321616692 0.0274259655 0.238558589
0.0330429995 0.027443296 0.238000213
0.0339250753 0.0274603433 0.237450956
0.0348048821 0.0274747841 0.236985682
0.0356857764 0.0274893544 0.236516236
0.0365718065 0.0275070456 0.235946237
0.0374589905 0.0275247589 0.235375522
0.0383464159 0.027541847 0.234824954
0.0392332962 0.0275578066 0.234310745
0.0401213181 0.0275738532 0.233793734
0.0410109698 0.0275903049 0.23326367
0.0419016917 0.0276067732 0.23273307
0.0427917673 0.0276221649 0.232237159
0.0436821973 0.0276371681 0.231753765
0.044573601 0.0276521842 0.231269954
0.045466729 0.0276676628 0.230771242
0.0463669415 0.0276867341 0.230156778
0.0472687074 0.0277060032 0.229535936
0.0481764099 0.0277279475 0.228828906
0.0490855654 0.027749925 0.228120803
0.0499961838 0.0277719395 0.227411507
0.0509075438 0.0277936007 0.226713597
0.0518199437 0.0278150843 0.226021408
0.0527337786 0.0278366049 0.225328027
0.0536832273 0.0278756668 0.224069475
0.0546382468 0.0279162864 0.222760736
0.0555947451 0.0279563602 0.22146958
0.0565540265 0.0279965506 0.220174669
0.0575400095 0.028048355 0.21850556
0.0586621577 0.0281631006 0.214808522
0.0597903981 0.0282772894 0.211129426
0.0613651449 0.0285934717 0.200942217
-0.054654307 0.02738969 0.211143552
-0.053535434 0.0272728766 0.215030609
-0.0524895901 0.0271895718 0.217802643
-0.0515482104 0.0271578832 0.218857108
-0.0506136161 0.0271286915 0.219828485
-0.0496810488 0.0270995607 0.220797836
-0.048750509 0.0270704944 0.22176504
-0.0478219873 0.0270414907 0.222730159
-0.0469092237 0.0270203865 0.223432421
-0.0460024596 0.0270019637 0.224045454
-0.0450969489 0.0269835677 0.224657594
-0.044192686 0.0269651968 0.225268899
-0.0432896656 0.0269468493 0.22587943
-0.0423876945 0.026928405 0.226493179
-0.0414867878 0.0269098675 0.227110027
-0.0405861436 0.0268907049 0.227747678
-0.0396850725 0.0268704138 0.228422879
-0.038785379 0.026850155 0.229097008
-0.0378870574 0.0268299266 0.229770123
-0.0369901072 0.0268097305 0.230442165
-0.0360945203 0.026789563 0.231113254
-0.0351993995 0.0267687507 0.2318058
-0.0343043538 0.0267469425 0.232531487
-0.0334071859 0.0267223202 0.233350812
-0.0325116855 0.026697741 0.234168707
-0.0316178547 0.02667321 0.234984993
-0.0307256846 0.0266487239 0.235799788
-0.0298346562 0.0266238276 0.236628233
-0.0289445422 0.0265982775 0.237478434
-0.0280520324 0.0265689066 0.238455771
-0.0271615188 0.0265396039 0.239430844
-0.0262729913 0.0265103656 0.24040377
-0.0253864433 0.0264811919 0.241374551
-0.0245015724 0.0264517655 0.242353736
-0.023615548 0.0264189197 0.243446707
-0.0227313148 0.0263856565 0.244553565
-0.0218493317 0.0263524758 0.245657681
-0.0194521027 0.0244302626 0.309620856
-0.0186218381 0.0243781736 0.311354159
-0.0177979438 0.0243300898 0.312954186
-0.0170034586 0.0243192529 0.313314794
-0.0162101523 0.0243091127 0.313652216
-0.0154195391 0.0243021448 0.313884078
-0.0146287244 0.0242940914 0.314152061
-0.0138392035 0.0242873725 0.314375638
-0.0130506997 0.0242817194 0.31456375
-0.012262147 0.0242752405 0.31477934
-0.0114738778 0.0242684643 0.315004825
-0.0106869155 0.0242636369 0.315165459
-0.00990041808 0.0242591714 0.315314053
-0.0091142155 0.0242547112 0.315462469
-0.00832817651 0.0242498767 0.315623342
-0.00754253097 0.0242452876 0.315776049
-0.00675769455 0.0242425219 0.315868079
-0.00597303947 0.0242397562 0.315960108
-0.00518856575 0.0242369906 0.316052138
-0.00440427339 0.0242342249 0.316144167
-0.00362022079 0.0242318551 0.316223024
-0.00283647158 0.024230775 0.316258966
-0.00205279305 0.0242296931 0.316294967
-0.00126918547 0.0242286112 0.316330968
-0.000485648892 0.0242275329 0.31636685
0.000297826316 0.0242270242 0.316383778
0.00108132137 0.0242275974 0.316364705
0.00186485417 0.0242281723 0.316345571
0.00264842487 0.0242287491 0.316326379
0.00343203313 0.0242293241 0.316307246
0.00421583026 0.0242307374 0.316260218
0.00499991971 0.0242330875 0.316182016
0.00578416371 0.0242354394 0.316103755
0.00656856243 0.024237793 0.316025435
0.00735321759 0.0242404745 0.315936207
0.0081384266 0.024244254 0.315810441
0.00892409146 0.0242485852 0.315666317
0.00971004106 0.0242529182 0.315522133
0.0104964524 0.0242576524 0.315364598
0.0112837464 0.0242635904 0.315167009
0.012071682 0.0242700245 0.314952909
0.0128601412 0.0242766466 0.314732551
0.0136497633 0.0242845388 0.314469932
0.0144405896 0.024293563 0.314169644
0.0152320283 0.0243026195 0.313868283
0.0160246339 0.0243125286 0.31353855
0.0168197733 0.0243251102 0.313119887
0.0176240003 0.0243488924 0.312328516
0.0184415456 0.0243879358 0.311029314
0.0192636856 0.0244295121 0.309645831
0.0201020123 0.0244871879 0.307726621
0.0209779803 0.0245838338 0.304510652
0.0233500371 0.0263327472 0.246314167
0.0242230312 0.0263546718 0.245584606
0.0250988767 0.0263780581 0.244806408
0.0259762969 0.0264014856 0.244026839
0.026852754 0.0264224932 0.243327795
0.0277301364 0.0264430762 0.242642878
0.0286076899 0.0264625863 0.241993665
0.0294865593 0.0264821287 0.241343378
0.0303650068 0.0265002076 0.240741788
0.0312430921 0.0265169932 0.240183233
0.0321223068 0.0265338021 0.239623903
0.0330026508 0.0265506325 0.239063858
0.0338844163 0.0265677083 0.238495647
0.0347686929 0.026585832 0.237892567
0.0356527321 0.0266029078 0.237324356
0.0365379236 0.0266200069 0.23675537
0.0374242644 0.0266371257 0.236185728
0.0383108235 0.0266536247 0.23563671
0.0391968638 0.0266690508 0.235123395
0.0400839431 0.0266844948 0.234609484
0.0409720629 0.0266999567 0.234094976
0.0418615726 0.0267156551 0.233572601
0.0427510158 0.0267306781 0.233072697
0.0436426541 0.026746432 0.232548474
0.0445397806 0.0267648243 0.231936454
0.0454381563 0.0267832418 0.231323599
0.0463376047 0.0268015822 0.230713307
0.0472371898 0.0268193261 0.230122863
0.048139226 0.0268377776 0.229508876
0.0490476551 0.026859027 0.228801786
0.0499575384 0.0268803086 0.228093623
0.0508680889 0.0269012105 0.227398096
0.0517797549 0.0269219816 0.226706921
0.0526928469 0.026942785 0.226014673
0.0536073716 0.0269636223 0.225321292
0.0545548994 0.0269998984 0.224114178
0.055509818 0.0270385818 0.222826957
0.0564698946 0.0270785048 0.221498488
0.0574399517 0.0271218561 0.220055937
0.0584565539 0.0271852514 0.217946409
0.0595894803 0.0272993295 0.214150368
0.0607323855 0.02741452 0.210317312
0.0622883289 0.0277076568 0.200562953
-0.055439386 0.0264543463 0.212801217
-0.0542949948 0.0263301762 0.217073141
-0.0533333228 0.0262909956 0.2184211
-0.0523907622 0.0262599734 0.219488381
-0.0514504491 0.026229024 0.220553159
-0.0505123795 0.0261981491 0.221615373
-0.0495765458 0.0261673487 0.222675024
-0.0486596744 0.0261455174 0.223426102
-0.0477523682 0.0261280625 0.224026619
-0.0468462925 0.0261106335 0.224626242
-0.0459414355 0.0260932253 0.225225149
-0.045037801 0.0260758414 0.225823222
-0.0441353865 0.0260584817 0.226420461
-0.0432341868 0.0260411445 0.227016925
-0.042333291 0.0260232773 0.227631627
-0.0414316062 0.0260041678 0.228289067
-0.0405312635 0.0259850877 0.228945493
-0.0396318536 0.0259657738 0.229609965
-0.0387335545 0.0259463282 0.230278968
-0.0378366172 0.025926912 0.230946957
-0.0369410362 0.0259075236 0.231613993
-0.0360457167 0.0258873867 0.232306777
-0.0351474217 0.025864088 0.233108341
-0.0342507619 0.0258408309 0.233908473
-0.0333557376 0.0258176189 0.234707056
-0.0324617453 0.0257939806 0.235520302
-0.0315693748 0.0257703579 0.236333011
-0.030678656 0.0257467768 0.23714429
-0.0297848716 0.0257192075 0.238092779
-0.0288926141 0.0256913368 0.239051639
-0.028002311 0.0256635249 0.240008472
-0.0271137602 0.0256355883 0.240969597
-0.0262269888 0.0256075408 0.241934537
-0.0253398199 0.0255771943 0.242978572
-0.0244530078 0.0255450876 0.244083165
-0.0235684468 0.0255130606 0.245185016
-0.0211215235 0.0237393855 0.306206166
-0.0202311555 0.0236273168 0.310061752
-0.0193985052 0.0235755964 0.311841129
-0.0185816653 0.0235393213 0.313089131
-0.0177857578 0.0235272666 0.31350386
-0.0169923723 0.0235175507 0.313838123
-0.0161995913 0.0235077568 0.314175068
-0.0154097853 0.0235014592 0.314391731
-0.0146197207 0.0234940683 0.314646005
-0.0138306525 0.0234875126 0.314871549
-0.0130426413 0.0234820517 0.315059422
-0.0122550012 0.0234765926 0.315247237
-0.0114672185 0.0234700905 0.315470933
-0.010680687 0.0234653591 0.315633713
-0.0098946531 0.0234610451 0.315782129
-0.00910891374 0.0234567364 0.315930366
-0.00832346589 0.0234524259 0.316078662
-0.00753832589 0.023448164 0.316225289
-0.0067539326 0.0234454907 0.316317259
-0.00596972055 0.0234428175 0.316409229
-0.00518569012 0.0234401459 0.31650114
-0.00440216285 0.0234392017 0.316533624
-0.00361873712 0.0234385035 0.316557645
-0.00283540559 0.0234382003 0.316568076
-0.00205209447 0.0234378954 0.316578566
-0.00126880411 0.0234375922 0.316588997
-0.000485534282 0.0234372873 0.316599487
0.000297716082 0.0234370534 0.316607534
0.00108096671 0.0234371366 0.316604673
0.00186422312 0.0234372215 0.316601752
0.00264748529 0.0234373064 0.316598832
0.00343075269 0.0234373878 0.31659603
0.00421405661 0.0234376356 0.316587507
0.00499747086 0.0234383078 0.31656438
0.00578093068 0.02343898 0.316541254
0.00656470065 0.0234405704 0.316486536
0.00734879771 0.0234428417 0.316408395
0.00813343848 0.023446208 0.316292583
0.00891862626 0.023450392 0.316148638
0.00970409842 0.0234545777 0.316004633
0.0104898552 0.0234587651 0.315860568
0.0112763718 0.0234639211 0.315683185
0.0120638015 0.0234701494 0.315468906
0.0128517475 0.0234765458 0.315248846
0.0136401291 0.0234829457 0.315028666
0.0144303169 0.0234915337 0.314733206
0.0152211969 0.023500288 0.314432024
0.016012869 0.0235093282 0.314121007
0.0168065872 0.0235203348 0.313742339
0.0176019342 0.0235324987 0.313323854
0.0183981142 0.023544673 0.312905013
0.0192155184 0.023581409 0.311641156
0.0200430552 0.0236269859 0.310073136
0.0208736323 0.0236725074 0.308507024
0.0217479543 0.0237616446 0.305440365
0.0241901649 0.0254674265 0.246755003
0.0250647966 0.0254899854 0.245978891
0.0259409988 0.0255125841 0.245201408
0.0268169406 0.0255335041 0.244481682
0.0276932337 0.0255534556 0.243795275
0.0285709169 0.02557344 0.243107735
0.0294495679 0.0255930935 0.24243158
0.0303279293 0.0256113991 0.241801797
0.0312049252 0.025627598 0.241244494
0.0320841095 0.0256446545 0.240657686
0.0329670729 0.0256637207 0.240001737
0.0338513638 0.0256828129 0.239344894
0.03473512 0.0257005727 0.238733887
0.0356196391 0.025718019 0.238133668
0.036504098 0.0257346025 0.237563132
0.0373895995 0.0257511306 0.236994504
0.038275299 0.0257670471 0.236446916
0.0391604983 0.0257819397 0.235934554
0.0400467373 0.0257968513 0.235421537
0.0409340096 0.0258117769 0.234908043
0.0418255865 0.0258287051 0.234325646
0.0427199826 0.0258466296 0.233708977
0.0436152826 0.0258643722 0.233098565
0.0445118278 0.025882139 0.23248732
0.0454096207 0.02589993 0.23187524
0.046308249 0.0259175167 0.231270193
0.047207247 0.025934658 0.230680465
0.048107443 0.0259518185 0.230090081
0.0490097979 0.0259694987 0.229481815
0.0499189538 0.0259900531 0.228774666
0.0508287026 0.0260102038 0.228081404
0.051739629 0.026030261 0.227391361
0.0526519826 0.0260503511 0.226700186
0.053568353 0.0260717146 0.225965201
0.054489178 0.026094497 0.2251814
0.0554506304 0.026135436 0.223772942
0.0564165555 0.0261771512 0.222337781
0.0573856087 0.0262190015 0.220897971
0.0583577961 0.0262609835 0.219453632
0.0594381785 0.0263490067 0.216425299
0.060577225 0.026459724 0.212616204
0.0618556644 0.0266264219 0.206881164
0.0637839948 0.0270603305 0.191953062
-0.0573484843 0.0256298142 0.210629104
-0.0561895293 0.0255080556 0.214965044
-0.055121064 0.025423664 0.217970311
-0.054175891 0.0253936633 0.219038664
-0.0532338218 0.0253641329 0.220090269
-0.0522939716 0.0253346728 0.22113937
-0.0513563296 0.0253052813 0.222186028
-0.0504238334 0.025277418 0.223178266
-0.049514144 0.0252600727 0.223795949
-0.0486057174 0.0252427508 0.224412798
-0.0476985576 0.0252254557 0.225028693
-0.0467926523 0.0252081824 0.225643813
-0.0458884217 0.0251911601 0.226249992
-0.0449858696 0.0251744057 0.226846634
-0.0440842559 0.0251575173 0.227448045
-0.0431810802 0.0251390472 0.228105782
-0.0422792491 0.0251206056 0.228762506
-0.0413787568 0.0251021907 0.229418277
-0.0404796031 0.0250838043 0.230073034
-0.0395817799 0.025065443 0.230726897
-0.0386853627 0.0250471571 0.231378077
-0.0377906733 0.0250291623 0.232018887
-0.0368910741 0.0250070283 0.232807099
-0.035992921 0.0249848207 0.233597933
-0.0350963833 0.0249626533 0.234387337
-0.0342014546 0.0249405243 0.23517537
-0.0333081354 0.0249184372 0.235961913
-0.0324164146 0.0248963869 0.236747145
-0.0315224599 0.0248713841 0.237637519
-0.0306282811 0.0248447929 0.238584458
-0.0297359016 0.0248181464 0.239533364
-0.0288454098 0.024791515 0.240481733
-0.0279568536 0.0247649422 0.241428017
-0.0270693666 0.0247376496 0.24239993
-0.0261800047 0.0247068154 0.243497967
-0.0252928863 0.0246760581 0.244593262
-0.0244080017 0.0246453762 0.245685874
-0.0218730289 0.022902374 0.307755827
-0.0210139539 0.0228302026 0.31032592
-0.0201766777 0.0227767339 0.31222999
-0.0193658489 0.0227496657 0.313193916
-0.0185684629 0.0227365968 0.313659309
-0.0177735851 0.0227255432 0.314052938
-0.0169808782 0.0227163392 0.314380704
-0.0161890435 0.0227074497 0.314697265
-0.0153997051 0.022701297 0.314916371
-0.0146107289 0.022695037 0.315139293
-0.0138221119 0.0226886466 0.315366863
-0.0130345916 0.0226833759 0.315554558
-0.0122474439 0.0226781102 0.315742074
-0.0114605669 0.0226726503 0.315936505
-0.0106744655 0.022668019 0.316101431
-0.00988889546 0.022663858 0.316249608
-0.00910399425 0.022660631 0.316364526
-0.00831991643 0.0226590241 0.316421746
-0.00753604007 0.0226576834 0.31646949
-0.00675240356 0.0226568315 0.316499828
-0.00596882772 0.0226559829 0.316530048
-0.00518531105 0.0226551326 0.316560327
-0.00440185405 0.0226542823 0.316590606
-0.00361848949 0.0226536396 0.316613494
-0.00283521279 0.022653345 0.316623985
-0.0020519569 0.0226530521 0.316634416
-0.00126872148 0.0226527575 0.316644906
-0.000485506767 0.0226524646 0.316655337
0.000297687129 0.0226521566 0.316666304
0.00108087994 0.0226522387 0.316663383
0.00186407821 0.0226523173 0.316660582
0.00264728241 0.0226523993 0.316657661
0.00343049211 0.0226524797 0.3166548
0.00421371842 0.0226526169 0.316649913
0.0049970708 0.0226532647 0.316626846
0.00578046951 0.0226539158 0.31660366
0.00656391392 0.0226545669 0.316580473
0.0073474029 0.0226552146 0.316557406
0.00813101873 0.0226560833 0.316526472
0.00891490962 0.0226574826 0.316476642
0.00969889797 0.0226588802 0.316426872
0.0104834419 0.0226612436 0.31634271
0.0112690057 0.0226652857 0.316198765
0.0120559293 0.0226713063 0.315984367
0.0128433634 0.0226774792 0.315764545
0.0136312329 0.0226836554 0.315544604
0.0144200594 0.0226906384 0.315295934
0.0152103815 0.0226990909 0.31499493
0.0160014893 0.0227078113 0.31468439
0.0167934238 0.0227168162 0.314363717
0.0175881428 0.0227285477 0.313945948
0.0183836946 0.0227402908 0.313527762
0.0191805987 0.0227526483 0.313087701
0.0199929729 0.0227813267 0.312066435
0.0208215454 0.0228252616 0.310501873
0.0216531753 0.0228691697 0.308938264
0.0225161566 0.0229413478 0.306367933
0.0250308048 0.0246043085 0.247148334
0.0259057939 0.0246260843 0.246372877
0.0267812197 0.0246468725 0.245632588
0.0276563235 0.0246660992 0.244947909
0.0285328079 0.0246853526 0.244262277
0.0294106841 0.0247046395 0.243575453
0.0302918359 0.0247254696 0.242833673
0.0311721323 0.0247444903 0.242156326
0.0320528847 0.0247628432 0.241502761
0.0329349658 0.0247812263 0.240848123
0.033818374 0.0247996361 0.240192531
0.0347010358 0.0248166115 0.239588021
0.035584667 0.0248334346 0.238988935
0.0364695112 0.0248502795 0.238389074
0.0373550011 0.0248667728 0.23780173
0.0382398398 0.024882108 0.237255632
0.0391242022 0.0248964706 0.236744164
0.0400142806 0.0249137188 0.236129938
0.0409063839 0.0249314558 0.235498308
0.0417997747 0.0249492179 0.234865784
0.0426932549 0.0249663138 0.234256982
0.0435879437 0.0249834148 0.233648001
0.0444839082 0.0250005575 0.23303753
0.045381122 0.0250177254 0.232426165
0.0462789247 0.0250345653 0.231826483
0.0471773362 0.0250511055 0.23123747
0.0480769475 0.0250676658 0.230647742
0.0489777641 0.0250842479 0.230057238
0.0498804232 0.0251011664 0.229454755
0.0507906151 0.0251211763 0.228742181
0.0517063346 0.0251431613 0.227959274
0.0526236822 0.0251651865 0.227174937
0.0535426584 0.0251872502 0.226389228
0.0544628894 0.02520918 0.225608288
0.0553983868 0.0252372709 0.224607943
0.0563633187 0.0252774967 0.223175465
0.0573313696 0.0253178514 0.221738397
0.0583025492 0.0253583333 0.220296799
0.0592876497 0.0254034933 0.218688606
0.0604231586 0.0255099135 0.214898883
0.0615700255 0.0256179288 0.211052357
0.0630402892 0.0258536145 0.202659367
-0.0581860829 0.0247211249 0.211404919
-0.0570123166 0.0245988192 0.215918719
-0.0559775937 0.024532877 0.218352376
-0.0550261029 0.0245014466 0.219512342
-0.0540783643 0.0244706719 0.220648109
-0.0531381083 0.0244422811 0.221695899
-0.0522000673 0.0244139597 0.222741126
-0.0512781412 0.0243922454 0.22354251
-0.0503682291 0.0243755216 0.224159717
-0.0494595863 0.0243588237 0.224775969
-0.0485521971 0.0243421451 0.225391506
-0.0476468882 0.0243259042 0.22599089
-0.0467430307 0.0243098022 0.226585149
-0.0458403843 0.0242937212 0.227178632
-0.0449371684 0.0242767116 0.227806388
-0.0440342849 0.0242592093 0.228452324
-0.0431328488 0.024241804 0.229094683
-0.0422328523 0.0242244972 0.229733406
-0.041334159 0.0242072162 0.230371176
-0.0404367608 0.0241899579 0.231008111
-0.0395406605 0.0241727253 0.231644093
-0.0386418751 0.0241530589 0.232369899
-0.0377421364 0.0241318857 0.233151316
-0.0368439999 0.0241107529 0.233931242
-0.035947454 0.0240896555 0.234709858
-0.0350524996 0.024068597 0.235487043
-0.0341589954 0.0240474819 0.236266314
-0.0332651503 0.0240250263 0.237095057
-0.032368527 0.0239993358 0.238043188
-0.0314738493 0.0239737034 0.238989173
-0.0305816237 0.0239485265 0.23991835
-0.0296913547 0.0239234497 0.240843831
-0.0288029725 0.0238984246 0.241767405
-0.0279125776 0.0238701565 0.242810666
-0.0270227846 0.023840619 0.243900775
-0.0261353529 0.0238112736 0.244983791
-0.0252501351 0.0237820025 0.246064066
-0.0226627909 0.0221082773 0.307834386
-0.0218003808 0.022037758 0.310436963
-0.0209580712 0.0219827754 0.312466144
-0.0201502228 0.0219606445 0.313282906
-0.0193520416 0.0219475578 0.313765883
-0.0185551654 0.0219348845 0.3142336
-0.0177614308 0.0219249245 0.314601182
-0.0169692174 0.0219159837 0.314931153
-0.016178509 0.0219081895 0.315218805
-0.0153896398 0.0219021896 0.315440237
-0.0146014764 0.0218965902 0.315646886
-0.0138135815 0.0218907728 0.315861582
-0.0130265535 0.0218856951 0.316048979
-0.0122405793 0.0218818319 0.316191553
-0.0114559233 0.0218799359 0.316261529
-0.0106716153 0.0218784678 0.31631571
-0.00988737585 0.0218769157 0.31637299
-0.00910324931 0.0218753637 0.31643027
-0.00831923564 0.0218738116 0.31648755
-0.00753550614 0.0218727554 0.316526531
-0.00675192683 0.0218719366 0.316556751
-0.00596840664 0.0218711161 0.31658703
-0.00518494611 0.0218702957 0.316617309
-0.00440154752 0.0218694865 0.316647171
-0.00361824159 0.0218688841 0.316669404
-0.00283502018 0.0218686015 0.316679834
-0.00205181933 0.0218683189 0.316690265
-0.00126863894 0.0218680346 0.316700756
-0.000485478313 0.0218677003 0.316713094
0.000297658175 0.0218673757 0.316725074
0.00108079299 0.0218674532 0.316722213
0.00186393359 0.0218675323 0.316719293
0.00264707974 0.0218676099 0.316716432
0.00343022148 0.021867626 0.316715836
0.00421337991 0.0218677197 0.316712379
0.0049966715 0.0218683479 0.316689192
0.00578000834 0.0218689746 0.316666066
0.00656339076 0.0218696012 0.316642939
0.0073467942 0.0218701568 0.316622435
0.0081302991 0.0218708722 0.31659603
0.00891412077 0.0218722208 0.31654626
0.00969804127 0.021873571 0.316496431
0.0104820592 0.0218749195 0.316446661
0.0112661607 0.0218762406 0.316397904
0.0120504128 0.0218776587 0.316345572
0.012834991 0.0218794481 0.31627953
0.0136223479 0.0218853996 0.316059886
0.0144101387 0.0218913526 0.315840184
0.0151995809 0.0218990241 0.315557062
0.0159901265 0.0219074272 0.315246939
0.0167812883 0.0219158367 0.314936577
0.0175743738 0.02192585 0.314567029
0.0183692985 0.0219371633 0.314149498
0.0191651079 0.0219485462 0.313729404
0.0199639781 0.021962337 0.31322044
0.0207696018 0.0219820955 0.312491237
0.0215991827 0.0220243741 0.310930907
0.0224344897 0.022069211 0.309276163
0.0233081841 0.0221467929 0.306412934
0.0258696343 0.0237410321 0.247576116
0.0267455968 0.0237625945 0.246780335
0.0276198636 0.0237813953 0.246086477
0.0284981794 0.0238023973 0.245311378
0.0293780732 0.0238234397 0.244534789
0.0302591867 0.0238442415 0.243767082
0.0311400146 0.0238636882 0.243049382
0.0320217239 0.0238827441 0.242346107
0.0329029242 0.0239004466 0.24169278
0.0337854515 0.0239181766 0.241038441
0.0346670205 0.0239343803 0.240440427
0.0355497631 0.0239505809 0.239842533
0.0364337189 0.023966804 0.239243804
0.0373199913 0.0239837458 0.238618552
0.0382104151 0.0240024916 0.237926721
0.0390993858 0.0240195352 0.237297713
0.0399896342 0.0240366013 0.23666787
0.0408811713 0.024053695 0.236037015
0.0417736923 0.0240706416 0.235411583
0.0426665621 0.0240870973 0.234804272
0.0435606731 0.0241035772 0.234196066
0.044456025 0.0241200797 0.233587026
0.0453526542 0.0241366226 0.232976495
0.0462496444 0.0241527327 0.232381939
0.0471474638 0.02416867 0.23179376
0.0480464879 0.0241846298 0.231204747
0.048950857 0.0242026263 0.230540573
0.0498569705 0.024220831 0.229868709
0.0507663251 0.024239937 0.229163586
0.0516815909 0.0242611329 0.228381335
0.0525984764 0.0242823642 0.227597772
0.0535169892 0.0243036328 0.226812838
0.0544366265 0.0243247155 0.226034759
0.0553575735 0.0243457014 0.225260257
0.0563101841 0.0243795366 0.224011539
0.0572772343 0.024418401 0.222577213
0.0582474078 0.0244573882 0.221138357
0.059220714 0.0244964965 0.219695031
0.0602698727 0.0245649146 0.217169999
0.0614126039 0.0246683889 0.213351189
0.0626043389 0.0247880427 0.20893526
0.0642619806 0.0250835441 0.198029517
-0.0590553805 0.0238272055 0.211673616
-0.0578789894 0.0237099777 0.216163277
-0.0568489545 0.0236492456 0.218489229
-0.055896478 0.0236189675 0.219648837
-0.0549464701 0.0235887672 0.220805465
-0.0539989185 0.0235586431 0.221959173
-0.0530545535 0.0235289191 0.223097562
-0.052137165 0.0235102106 0.223814069
-0.0512267715 0.0234940311 0.224433719
-0.050318916 0.0234784586 0.225030123
-0.0494122856 0.0234629095 0.225625633
-0.0485068678 0.023447379 0.226220428
-0.0476026669 0.0234318703 0.226814388
-0.0466996774 0.0234163819 0.227407574
-0.0457951867 0.0233995457 0.228052377
-0.0448919273 0.0233826892 0.228697955
-0.0439899846 0.0233658561 0.229342638
-0.0430893588 0.0233490479 0.229986369
-0.0421900472 0.0233322646 0.230629145
-0.0412920412 0.0233155031 0.231271087
-0.0403941343 0.023298077 0.23193848
-0.0394932883 0.0232781733 0.232700764
-0.0385941406 0.0232583863 0.233458578
-0.0376965399 0.023238632 0.234215139
-0.036800485 0.0232189119 0.23497039
-0.035905972 0.0231992261 0.235724329
-0.035012997 0.0231795745 0.236476957
-0.034116636 0.0231566562 0.237354695
-0.033220094 0.0231324228 0.238282799
-0.0323254537 0.0231082408 0.239208936
-0.0314327113 0.0230841117 0.240133046
-0.0305417858 0.0230599795 0.241057276
-0.0296520049 0.0230353274 0.242001413
-0.028759162 0.0230067815 0.243094682
-0.0278685594 0.0229783056 0.244185268
-0.0269807886 0.022950404 0.24525386
-0.0260952364 0.0229226004 0.246318697
-0.0234599795 0.0213211458 0.307652115
-0.0225909625 0.0212495989 0.31039226
-0.021744967 0.0211950329 0.312482058
-0.0209357303 0.0211731075 0.313321768
-0.0201353083 0.0211586229 0.313876509
-0.0193381148 0.0211464478 0.314342796
-0.0185418885 0.0211343273 0.314806997
-0.017749229 0.0211253302 0.315151571
-0.0169575743 0.0211167347 0.315480768
-0.0161679889 0.0211099756 0.315739631
-0.015379586 0.0211041301 0.315963506
-0.0145936885 0.0211012416 0.316074132
-0.0138089401 0.0210997631 0.316130756
-0.0130240863 0.0210979359 0.316200732
-0.0122393704 0.0210961088 0.316270708
-0.0114549218 0.0210945183 0.316331624
-0.01067074 0.0210932156 0.316381513
-0.00988656612 0.0210917216 0.316438734
-0.00910250436 0.021090226 0.316496014
-0.00831856595 0.0210887568 0.31655228
-0.00753497332 0.0210879428 0.316583454
-0.0067514496 0.0210871522 0.316613733
-0.00596798555 0.0210863616 0.316644012
-0.00518458155 0.0210855726 0.316674232
-0.00440124486 0.0210848209 0.316703021
-0.00361799396 0.0210842404 0.316725253
-0.00283482758 0.021083968 0.316735684
-0.00205168176 0.0210836957 0.316746115
-0.0012685564 0.0210834217 0.316756605
-0.000485449389 0.0210830249 0.316771804
0.000297629222 0.0210827105 0.316783845
0.00108070613 0.0210827852 0.316780983
0.00186378868 0.0210828599 0.316778122
0.00264687707 0.0210829362 0.316775202
0.00342994558 0.0210828615 0.316778063
0.00421304204 0.0210829486 0.316774725
0.00499627182 0.0210835525 0.316751598
0.00577954717 0.0210841563 0.316728472
0.0065628681 0.0210847602 0.316705345
0.00734614589 0.0210851166 0.316691696
0.00812958008 0.0210857998 0.316665529
0.0089133326 0.0210870978 0.316615819
0.00969718456 0.0210883988 0.31656599
0.0104811347 0.0210896999 0.31651616
0.0112649642 0.021090601 0.316481649
0.0120491257 0.0210919535 0.316429853
0.012833584 0.0210936187 0.316366076
0.013618168 0.021095284 0.316302299
0.0144028788 0.0210969508 0.316238462
0.0151887953 0.0211000852 0.316118418
0.0159787793 0.0211081718 0.315808713
0.0167693775 0.0211162631 0.315498828
0.0175606259 0.0211244011 0.315187155
0.0183549244 0.021135286 0.31477028
0.0191501078 0.0211462393 0.314350783
0.0199468621 0.0211579661 0.313901662
0.0207470974 0.0211722889 0.31335312
0.0215484347 0.0211866319 0.312803804
0.0223814277 0.0212294026 0.311165749
0.0232246046 0.0212784218 0.309288382
0.0241003379 0.0213525133 0.306450783
0.0267117721 0.0228820911 0.247870146
0.0275904984 0.0229047199 0.247003495
0.0284678595 0.0229249178 0.246229946
0.0293467915 0.0229451514 0.245455026
0.0302266063 0.0229649042 0.244698523
0.0311064607 0.0229836033 0.243982374
0.0319877705 0.0230023336 0.243265032
0.032870539 0.0230210949 0.242546498
0.0337524246 0.023038314 0.241887032
0.0346330718 0.0230538725 0.241291164
0.0355184176 0.0230716814 0.240609108
0.0364060409 0.0230900724 0.23990476
0.0372951033 0.0231084945 0.23919922
0.0381847015 0.0231264077 0.238513171
0.0390753336 0.0231441357 0.237834214
0.0399650207 0.0231605626 0.237205087
0.0408559921 0.0231770144 0.236575006
0.0417476099 0.0231931409 0.235957383
0.042639907 0.0232089795 0.235350787
0.0435334351 0.0232248368 0.234743475
0.0444282113 0.0232407206 0.23413515
0.0453242264 0.0232566246 0.23352605
0.0462227834 0.0232731931 0.232891499
0.0471244506 0.0232906659 0.232222318
0.0480274918 0.0233081651 0.231552123
0.0489319101 0.0233256907 0.230880915
0.0498374654 0.0233431308 0.230212985
0.0507439075 0.0233603763 0.229552506
0.0516568647 0.0233799439 0.228803097
0.0525732921 0.0234003845 0.22802025
0.0534913451 0.023420861 0.227236031
0.0544103894 0.0234411024 0.226460813
0.055330868 0.0234613049 0.225687086
0.0562571443 0.023483263 0.224846124
0.0572232029 0.0235206457 0.22341442
0.0581923679 0.023558142 0.221978365
0.0591646681 0.0235957581 0.220537721
0.060140121 0.0236334957 0.219092428
0.0612559823 0.0237236841 0.215638338
0.0624062957 0.0238242641 0.211786269
0.0637868584 0.0240073677 0.204773663
0.0658645445 0.0244402303 0.188195645
-0.0599249057 0.0229341017 0.21193093
-0.0587451841 0.0228216195 0.216407775
-0.0577200417 0.0227658823 0.218626141
-0.0567669325 0.0227368951 0.219779848
-0.0558168315 0.0227082028 0.220921813
-0.0548691681 0.0226795869 0.222060739
-0.0539239188 0.0226510414 0.223196863
-0.0530054603 0.0226328443 0.223921119
-0.0520939781 0.0226170253 0.224550723
-0.0511837813 0.0226012257 0.225179552
-0.0502748776 0.0225854502 0.225807427
-0.0493672644 0.0225696985 0.226434349
-0.0484618579 0.0225543932 0.227043509
-0.0475576903 0.0225391058 0.227651953
-0.0466527328 0.0225228705 0.228298127
-0.0457499612 0.0225070785 0.228926658
-0.0448488881 0.0224915141 0.229546129
-0.043949086 0.0224759751 0.230164587
-0.0430505405 0.0224604556 0.230782269
-0.042153255 0.0224449586 0.231399058
-0.0412544734 0.0224280059 0.232073783
-0.0403528458 0.0224087634 0.232839643
-0.0394527836 0.0223895524 0.233604251
-0.0385542909 0.0223703773 0.234367429
-0.0376573557 0.0223512336 0.235129355
-0.036762239 0.0223322802 0.235883712
-0.0358679679 0.0223129329 0.236653744
-0.0349688493 0.022289578 0.237583279
-0.0340718152 0.0222663864 0.238506316
-0.0331775702 0.0222438372 0.239403783
-0.0322851619 0.0222213345 0.240299403
-0.0313945851 0.0221988782 0.241193174
-0.030503153 0.0221745424 0.24216175
-0.0296099602 0.0221474945 0.243238269
-0.0287189813 0.022120517 0.244311987
-0.0278301985 0.0220936024 0.245383202
-0.0269436876 0.0220668181 0.246449231
-0.0242733547 0.0205468878 0.306943177
-0.0233876284 0.0204665348 0.310141265
-0.0225349529 0.0204101147 0.31238681
-0.0217225453 0.0203869306 0.313309549
-0.02091928 0.0203707941 0.313951789
-0.0201204163 0.0203577936 0.314469217
-0.0193237118 0.0203459791 0.314939438
-0.0185286282 0.0203349179 0.315379678
-0.0177365449 0.0203262739 0.315723716
-0.0169460688 0.020318732 0.316023885
-0.0161614311 0.0203177166 0.316064297
-0.0153767596 0.020316553 0.31611061
-0.014592024 0.0203151752 0.316165446
-0.0138075753 0.020314058 0.316209911
-0.0130228004 0.0203123014 0.316279828
-0.0122381624 0.0203105432 0.316349804
-0.0114539834 0.0203093496 0.316397308
-0.0106698655 0.0203080947 0.316447257
-0.00988575566 0.0203066555 0.316504537
-0.00910175874 0.0203052163 0.316561817
-0.00831797643 0.0203040242 0.316609263
-0.00753443994 0.020303241 0.316640436
-0.00675097287 0.0203024817 0.316670655
-0.0059675649 0.0203017209 0.316700934
-0.00518421661 0.0203009602 0.316731214
-0.00440094284 0.0203002683 0.316758751
-0.00361774633 0.0202997067 0.316781103
-0.00283463498 0.0202994446 0.316791534
-0.00205154418 0.0202991825 0.316801964
-0.00126847385 0.0202989189 0.316812455
-0.000485420495 0.0202984667 0.316830455
0.000297600239 0.0202981597 0.316842674
0.00108061927 0.020298233 0.316839754
0.00186364391 0.0202983049 0.316836893
0.00264667439 0.0202983783 0.316833972
0.00342966967 0.0202982196 0.31684029
0.00421270385 0.0202982989 0.316837131
0.00499587214 0.02029888 0.316814005
0.00577908644 0.0202994626 0.316790818
0.00656234594 0.0203000436 0.316767692
0.00734549702 0.0203002114 0.316761016
0.00812886044 0.0203008628 0.316735088
0.00891254578 0.0203021148 0.316685258
0.00969632785 0.0203033638 0.316635548
0.0104802087 0.0203046143 0.316585778
0.0112637669 0.0203051249 0.316565453
0.0120478385 0.0203064144 0.316514134
0.0128322138 0.0203080168 0.316450357
0.0136167148 0.0203096192 0.31638658
0.0144013425 0.0203112231 0.316322743
0.0151856757 0.0203122774 0.316280781
0.0159706551 0.0203140326 0.316210925
0.0167574843 0.0203178185 0.316060244
0.0175481373 0.0203256014 0.315750479
0.0183405725 0.0203346558 0.315390109
0.0191351321 0.0203451824 0.314971148
0.0199305564 0.0203557479 0.314550637
0.0207293149 0.0203687244 0.314034163
0.0215299553 0.0203825022 0.3134858
0.0223340297 0.0203983856 0.312853633
0.0231697188 0.0204405202 0.311176657
0.0240146685 0.0204876343 0.309301495
0.0248929517 0.0205587412 0.306471407
0.0275570486 0.0220266468 0.248048066
0.0284375199 0.0220492334 0.247149109
0.0293155726 0.022068723 0.246373414
0.0301940947 0.0220874518 0.245627998
0.0310729776 0.0221054064 0.244913398
0.0319533149 0.0221233924 0.244197546
0.0328371024 0.0221427292 0.243427931
0.0337238656 0.022163008 0.242620825
0.0346091962 0.0221813834 0.241889476
0.0354947811 0.0221990295 0.241187154
0.0363817974 0.022216704 0.2404837
0.037270034 0.0222342811 0.239784121
0.038158865 0.022251409 0.239102422
0.0390490876 0.0222685639 0.238419651
0.0399404371 0.0222855989 0.237741648
0.0408308436 0.0223014105 0.237112342
0.0417215589 0.0223167323 0.236502527
0.042613281 0.0223319537 0.235896706
0.0435072707 0.0223477173 0.235269307
0.0444053125 0.0223648752 0.234586417
0.0453046692 0.022382018 0.233904122
0.04620494 0.0223989557 0.233229994
0.0471062448 0.0224157557 0.232561349
0.0480089227 0.022432581 0.231891691
0.0489129765 0.0224494319 0.231221019
0.0498179739 0.022466115 0.230557024
0.0507240529 0.0224826993 0.229896962
0.0516321665 0.022499598 0.229224383
0.0525481325 0.0225192479 0.22844231
0.0534657264 0.0225389336 0.227658807
0.0543841779 0.0225583393 0.22688645
0.0553041924 0.0225777615 0.226113438
0.0562258174 0.0225972182 0.225339054
0.0571692676 0.0226245776 0.224250137
0.0581374374 0.022660593 0.222816705
0.0591087292 0.0226967208 0.221378802
0.0600831684 0.0227329654 0.219936251
0.0611001852 0.022783789 0.217913448
0.0622468699 0.0228800718 0.214081346
0.0634034576 0.0229771933 0.210215866
0.064973304 0.0232169883 0.20067191
-0.0608408675 0.022058295 0.211492716
-0.0596494331 0.0219477303 0.216072856
-0.0585985725 0.0218856307 0.218645333
-0.057639714 0.0218560478 0.219870805
-0.0566880167 0.0218282677 0.221021592
-0.0557393406 0.0218007784 0.222160338
-0.0547930884 0.0217733595 0.223296165
-0.0538735446 0.0217556889 0.224028169
-0.0529615546 0.0217404931 0.224657654
-0.0520508575 0.0217253189 0.225286244
-0.0511417083 0.0217102742 0.225909471
-0.0502343783 0.0216954814 0.226522266
-0.0493283023 0.0216807086 0.227134227
-0.0484230313 0.0216657589 0.227753519
-0.0475181197 0.0216504221 0.228388845
-0.0466145072 0.0216351069 0.229023277
-0.0457125951 0.0216200018 0.229649006
-0.0448122881 0.0216050736 0.230267405
-0.0439132442 0.0215901671 0.230884909
-0.0430154607 0.0215752821 0.231501519
-0.0421148392 0.0215583496 0.232202946
-0.0412125899 0.0215398646 0.232968687
-0.0403119151 0.0215214142 0.233732997
-0.0394128053 0.0215029953 0.234495997
-0.0385164169 0.021485247 0.23523122
-0.0376217277 0.0214676397 0.235960602
-0.0367263718 0.0214488195 0.236740231
-0.035827122 0.0214267935 0.237652658
-0.0349297487 0.0214048149 0.238563119
-0.0340342392 0.0213828795 0.239471792
-0.0331410178 0.0213612607 0.240367352
-0.0322496317 0.0213396879 0.241261004
-0.0313557644 0.0213152676 0.242272615
-0.0304616326 0.0212892891 0.243348776
-0.0295706631 0.0212640501 0.244394301
-0.028681921 0.0212389334 0.24543476
-0.0277953114 0.0212138785 0.246472656
-0.025092541 0.0197746658 0.306092023
-0.0241871588 0.0196848797 0.309811412
-0.0233326907 0.0196312909 0.312031328
-0.0225100605 0.0196013109 0.31327325
-0.0217056939 0.0195854216 0.313931464
-0.0209028546 0.0195697452 0.314580857
-0.0201055468 0.0195581538 0.315061032
-0.0193093333 0.0195467106 0.315535068
-0.0185153872 0.0195366573 0.315951525
-0.0177285279 0.019533427 0.316085338
-0.0169438957 0.0195324342 0.316126465
-0.0161595878 0.0195317321 0.316155552
-0.015375004 0.0195306112 0.316201984
-0.0145903595 0.0195292889 0.316256761
-0.0138062114 0.0195285105 0.316289007
-0.0130215136 0.0195268212 0.316358983
-0.0122369545 0.0195251335 0.316428899
-0.0114530458 0.0195243119 0.316462933
-0.0106689902 0.0195231018 0.316513061
-0.00988494594 0.0195217205 0.316570281
-0.00910101379 0.0195203377 0.316627561
-0.00831738691 0.0195194039 0.316666245
-0.00753390657 0.0195186514 0.316697418
-0.00675049564 0.0195179219 0.316727637
-0.00596714426 0.0195171924 0.316757857
-0.00518385549 0.0195164744 0.3167876
-0.00440064018 0.0195158226 0.316814601
-0.00361749897 0.0195152845 0.316836893
-0.00283444238 0.0195150312 0.316847383
-0.00205140661 0.0195147794 0.316857814
-0.00126838743 0.0195144629 0.316870927
-0.0004853916 0.019514024 0.316889106
0.000297571315 0.0195137276 0.316901385
0.00108053241 0.0195137967 0.316898524
0.00186349929 0.0195138672 0.316895603
0.00264646 0.0195138543 0.31689614
0.00342939349 0.0195136989 0.316902577
0.00421236598 0.0195137737 0.316899478
0.00499547284 0.019514332 0.316876351
0.00577862528 0.0195148902 0.316853224
0.00656177536 0.0195153104 0.31683582
0.00734484816 0.0195154428 0.316830336
0.00812814142 0.0195160643 0.316804587
0.00891175761 0.0195172658 0.316754817
0.00969547187 0.0195184672 0.316705047
0.01047917 0.0195194615 0.31666386
0.0112625704 0.0195198154 0.316649198
0.0120465504 0.0195210399 0.316598474
0.0128308426 0.0195225795 0.316534697
0.0136152615 0.0195241205 0.316470861
0.0143997801 0.019525627 0.316408455
0.0151836018 0.0195261032 0.316388725
0.0159684748 0.0195277896 0.316318869
0.016753488 0.0195294788 0.316248893
0.0175386364 0.0195311651 0.316179036
0.0183264026 0.0195354371 0.31600207
0.0191201809 0.0195453724 0.3155905
0.0199149785 0.0195555077 0.315170645
0.0207115651 0.0195665323 0.314713954
0.0215115099 0.0195797467 0.314166545
0.0223134874 0.0195937813 0.313585161
0.0231210701 0.0196115196 0.312850355
0.0239579491 0.0196516277 0.311188876
0.0248112074 0.0197019287 0.309105157
0.0257286556 0.0197975235 0.305145144
0.0284019804 0.0211715574 0.248225807
0.0292831481 0.0211932482 0.247327267
0.0301632927 0.0212130109 0.246508597
0.0310446927 0.0212325333 0.245699882
0.0319277436 0.0212520932 0.244889616
0.0328124477 0.021271689 0.24407786
0.0336981646 0.0212909207 0.243281185
0.0345852445 0.0213100273 0.242489695
0.0354711763 0.0213275353 0.241764425
0.0363575839 0.0213444937 0.241061925
0.0372448547 0.0213611585 0.240371584
0.0381330652 0.0213775917 0.239690839
0.0390226652 0.0213940508 0.239009022
0.039913658 0.0214105358 0.238326131
0.0408056533 0.0214268438 0.237650572
0.0416991509 0.0214432382 0.236971437
0.042594039 0.0214596584 0.236291229
0.0434903181 0.0214761031 0.235610007
0.044387994 0.0214925737 0.234927713
0.0452868602 0.0215089724 0.234248399
0.0461869646 0.021525325 0.233570992
0.0470880519 0.0215415193 0.232900142
0.0479903666 0.0215576719 0.23223102
0.0488940562 0.021573849 0.231560885
0.0497985026 0.0215897858 0.230900704
0.0507042086 0.0216057053 0.230241238
0.0516112771 0.0216216507 0.229580699
0.0525229979 0.021638953 0.228863954
0.0534400427 0.0216578135 0.228082656
0.0543579921 0.0216764251 0.22731167
0.0552775429 0.0216950684 0.226539372
0.0561986989 0.0217137433 0.225765764
0.0571214679 0.0217324514 0.224990784
0.0580826084 0.0217647336 0.223653494
0.0590528973 0.0217993798 0.222218274
0.0600278731 0.0218346908 0.220755517
0.0610089478 0.0218711356 0.21924579
0.0621107296 0.0219484943 0.216041206
0.0632679688 0.022042692 0.212139069
0.0645968418 0.0221922914 0.205941915
0.0663800528 0.0224892658 0.193639754
-0.061789938 0.0211925277 0.210583626
-0.0605943984 0.021086923 0.215144455
-0.0594919312 0.0210105923 0.218441009
-0.0585316209 0.0209822017 0.219667136
-0.05757395 0.0209538911 0.220889806
-0.0566188968 0.0209256564 0.222109198
-0.0556663435 0.0208974576 0.22332704
-0.0547427466 0.0208792441 0.224113642
-0.0538310766 0.0208649956 0.224729001
-0.0529206726 0.0208507679 0.225343465
-0.0520115318 0.0208365609 0.225957035
-0.0511036448 0.0208223718 0.22656983
-0.0501970161 0.0208082034 0.227181732
-0.0492913078 0.0207939163 0.227798759
-0.0483858148 0.0207792055 0.228434085
-0.0474816282 0.0207645182 0.229068398
-0.0465787324 0.0207498488 0.229701935
-0.0456771375 0.0207352029 0.23033446
-0.0447768344 0.0207205776 0.23096609
-0.0438778205 0.0207059731 0.231596827
-0.042976436 0.0206896531 0.232301652
-0.0420750334 0.0206726513 0.233035921
-0.0411751364 0.0206556785 0.233768939
-0.0402767384 0.0206387333 0.234500765
-0.0393798388 0.020621817 0.235231339
-0.0384844284 0.020604927 0.235960781
-0.0375878702 0.0205866403 0.236750542
-0.036687734 0.0205655147 0.237662911
-0.0357894713 0.0205444319 0.238573431
-0.034893079 0.0205233932 0.239482044
-0.0339991338 0.0205027451 0.240373789
-0.0331076942 0.0204825538 0.241245805
-0.0322129473 0.0204592131 0.242253839
-0.0313183563 0.0204346937 0.243312775
-0.0304259416 0.0204102337 0.244369148
-0.0295358781 0.0203859572 0.245417594
-0.028648227 0.0203619237 0.246455549
-0.0259170119 0.019003375 0.305128216
-0.02499379 0.0189073871 0.309273719
-0.0241323882 0.0188527368 0.311633944
-0.0233009928 0.0188182847 0.313121854
-0.0224915218 0.0187994928 0.313933431
-0.0216883273 0.0187846979 0.314572393
-0.0208864557 0.0187699595 0.315208911
-0.0200899494 0.0187590095 0.315681814
-0.0192966627 0.018750254 0.316059946
-0.018511055 0.0187484322 0.316138624
-0.0177259419 0.0187469651 0.316201984
-0.016941724 0.0187463399 0.316228985
-0.0161578084 0.0187460004 0.316243648
-0.0153732506 0.0187448522 0.316293239
-0.0145889394 0.018743893 0.316334664
-0.0138048476 0.0187431187 0.316368102
-0.0130202286 0.0187414998 0.316438018
-0.0122358075 0.018739972 0.316504001
-0.0114521091 0.0187394048 0.316528498
-0.0106681157 0.01873824 0.316578805
-0.00988413548 0.0187369137 0.316636085
-0.00910028572 0.0187356233 0.316691815
-0.00831679801 0.0187348973 0.316723167
-0.00753337375 0.0187341755 0.31675434
-0.0067500189 0.0187334758 0.31678456
-0.00596672317 0.0187327747 0.316814839
-0.00518349818 0.0187321136 0.31684339
-0.00440033817 0.0187314898 0.316870331
-0.00361725107 0.0187309695 0.316892802
-0.00283424998 0.0187307293 0.316903173
-0.00205126904 0.0187304864 0.316913664
-0.00126830075 0.0187301179 0.316929578
-0.000485362705 0.018729697 0.316947757
0.000297542391 0.0187294113 0.316960096
0.00108044555 0.0187294762 0.316957294
0.00186335452 0.0187295438 0.316954374
0.0026462452 0.0187294499 0.316958427
0.00342911758 0.0187293023 0.316964804
0.00421202811 0.0187293713 0.316961824
0.00499507354 0.0187299068 0.316938697
0.00577816411 0.0187304409 0.31691563
0.00656119529 0.0187306852 0.31690508
0.00734419985 0.0187308121 0.316899597
0.0081274224 0.0187314028 0.316874086
0.00891096944 0.0187325538 0.316824376
0.00969461516 0.0187337063 0.316774606
0.0104780561 0.0187343315 0.316747605
0.0112613731 0.0187346696 0.316733002
0.0120452642 0.0187358344 0.316682696
0.0128294724 0.0187373098 0.316618978
0.0136138073 0.0187387865 0.316555201
0.0143978364 0.0187397153 0.316515087
0.0151815301 0.0187401446 0.31649655
0.0159662968 0.0187417621 0.316426694
0.0167512025 0.018743381 0.316356777
0.0175362447 0.0187449985 0.316286921
0.0183213955 0.018746587 0.316218316
0.0191067463 0.0187482376 0.316147029
0.0198994245 0.0187565115 0.315789699
0.0206944332 0.0187662276 0.315370082
0.0214930951 0.0187783589 0.314846157
0.0222943662 0.0187917903 0.314266085
0.0230998088 0.0188076342 0.313581823
0.0239081206 0.0188246498 0.312846958
0.0247586426 0.0188720752 0.310798763
0.0256229256 0.0189265323 0.308446883
0.026564805 0.0190321714 0.303884565
0.0292554141 0.0203228481 0.248143136
0.0301396794 0.020345064 0.24718368
0.0310214453 0.0203644535 0.246346294
0.031903813 0.0203831859 0.24553728
0.0327877252 0.0204018881 0.244729578
0.0336724984 0.0204201554 0.243940651
0.0345588809 0.0204384546 0.243150353
0.0354468818 0.0204567882 0.242358564
0.0363334054 0.0204734422 0.241639315
0.0372197062 0.0204892102 0.240958332
0.0381073724 0.0205049906 0.240276813
0.0389993692 0.0205223139 0.239528655
0.0398929004 0.0205396677 0.238779186
0.0407880006 0.0205570669 0.238027751
0.0416829295 0.0205736657 0.237310885
0.0425774599 0.0205894047 0.236631154
0.0434733773 0.0206051658 0.235950469
0.0443706936 0.0206209531 0.235268652
0.0452690667 0.020636612 0.234592377
0.0461688007 0.0206522834 0.233915567
0.0470698749 0.0206679575 0.233238637
0.0479718268 0.0206834384 0.232570051
0.0488750563 0.0206989027 0.231902181
0.0497790414 0.020714138 0.231244206
0.0506843815 0.0207293967 0.230585217
0.0515910762 0.0207446774 0.229925274
0.0524991317 0.0207599817 0.229264318
0.0534143481 0.0207775245 0.228506683
0.0543318284 0.0207953571 0.227736532
0.0552509158 0.0208132229 0.22696495
0.0561733798 0.0208317649 0.226164161
0.0570984605 0.0208506796 0.22534728
0.0580412299 0.0208752762 0.224285006
0.059015055 0.0209099561 0.22278726
0.0599921776 0.0209447546 0.221284389
0.0609726128 0.0209796719 0.219776391
0.0620139355 0.0210338944 0.217434644
0.0631689451 0.0211239657 0.213544666
0.0643548725 0.0212215739 0.209329187
0.0659496596 0.0214472497 0.199582755
0.0687682587 0.0220529011 0.173426031
-0.0627409158 0.020325006 0.209672867
-0.0615418871 0.0202245109 0.21420592
-0.0603856885 0.0201351499 0.218236744
-0.0594239371 0.0201079569 0.219463348
-0.0584645014 0.0200807294 0.220691501
-0.0575074089 0.0200534756 0.221920847
-0.0565529474 0.0200262944 0.223146915
-0.0556200481 0.0200058973 0.224066972
-0.0547060116 0.019991638 0.224710166
-0.0537933041 0.0199774013 0.225352346
-0.0528819153 0.0199631844 0.225993632
-0.0519728212 0.0199493572 0.226617335
-0.0510656363 0.0199357917 0.227229237
-0.0501594986 0.0199221642 0.227843939
-0.0492534274 0.0199080807 0.228479206
-0.0483486602 0.0198940183 0.229113518
-0.0474458056 0.0198802295 0.229735493
-0.0465447234 0.0198666707 0.230347096
-0.0456448926 0.0198531316 0.230957805
-0.0447463107 0.0198396124 0.23156762
-0.0438451372 0.0198244031 0.23225367
-0.0429424057 0.019807871 0.232999384
-0.0420411978 0.0197913641 0.233743965
-0.0411415214 0.0197748876 0.234487175
-0.0402433641 0.0197584375 0.235229193
-0.0393471314 0.019742216 0.2359609
-0.0384493482 0.0197244815 0.236760854
-0.0375490284 0.0197046195 0.237656771
-0.0366512477 0.0196851672 0.238534211
-0.0357552645 0.0196657519 0.239409982
-0.0348610807 0.0196463775 0.240283906
-0.0339686841 0.0196270402 0.24115616
-0.0330731293 0.0196048526 0.242156982
-0.0321773906 0.0195813713 0.243216156
-0.0312838292 0.0195579455 0.244272827
-0.0303930318 0.0195349519 0.245310008
-0.0295048335 0.0195123203 0.246330856
-0.0286134489 0.0194861975 0.247509181
-0.0258022786 0.0181293873 0.308711111
-0.024939057 0.0180778197 0.311037182
-0.0240925333 0.0180351887 0.312960147
-0.0232817949 0.0180169613 0.313782334
-0.0224730148 0.0179990009 0.31459248
-0.0216702161 0.017984628 0.3152408
-0.0208700832 0.0179714338 0.315835952
-0.0200793509 0.0179654994 0.316103636
-0.0192934167 0.0179634869 0.316194414
-0.0185083541 0.0179621378 0.316255271
-0.0177233573 0.0179607345 0.316318571
-0.0169395522 0.0179604477 0.316331505
-0.016156029 0.0179604424 0.316331743
-0.0153714962 0.0179592717 0.316384553
-0.0145875205 0.0179586519 0.316412508
-0.0138034828 0.0179578815 0.316447257
-0.0130189427 0.0179563329 0.316517114
-0.0122348053 0.0179551687 0.316569626
-0.0114511715 0.0179546256 0.316594123
-0.0106672412 0.0179535077 0.316644549
-0.00988332575 0.0179522379 0.316701829
-0.00909964073 0.0179511979 0.316748738
-0.0083162091 0.0179505029 0.31678009
-0.00753284093 0.0179498118 0.316811263
-0.00674954167 0.0179491405 0.316841542
-0.00596630297 0.0179484719 0.316871702
-0.00518314125 0.017947864 0.31689912
-0.00440003583 0.0179472654 0.316926121
-0.0036170037 0.0179467673 0.316948592
-0.00283405738 0.017946536 0.316959023
-0.00205113014 0.0179462916 0.31697005
-0.00126821406 0.0179458885 0.316988229
-0.00048533384 0.0179454868 0.317006349
0.000297513408 0.017945208 0.317018925
0.00108035878 0.0179452728 0.317016005
0.00186320697 0.0179453111 0.317014276
0.0026460306 0.0179451697 0.317020654
0.00342884168 0.0179450283 0.317027032
0.00421169025 0.0179450917 0.317024171
0.00499467424 0.0179456044 0.317001044
0.00577768972 0.0179460748 0.316979825
0.00656061523 0.0179461964 0.316974341
0.00734355154 0.017946318 0.316968857
0.00812670338 0.0179468783 0.316943585
0.00891018194 0.0179479803 0.316893875
0.00969373643 0.0179490427 0.316845953
0.010476943 0.0179493678 0.31683129
0.0112601775 0.0179496915 0.316816687
0.0120439779 0.0179507949 0.316766917
0.0128281032 0.0179522075 0.3167032
0.013612355 0.0179536214 0.316639423
0.0143958938 0.0179540151 0.31662166
0.0151794584 0.0179543983 0.316604375
0.0159641189 0.017955947 0.316534518
0.0167489171 0.0179574957 0.316464662
0.0175338516 0.0179590431 0.316394865
0.0183181964 0.017959894 0.316356479
0.0191033319 0.0179614018 0.31628847
0.0198893682 0.017963586 0.316189944
0.0206782771 0.0179680444 0.315988838
0.021474711 0.0179783355 0.315524637
0.0222753437 0.0179912191 0.314943492
0.0230785822 0.0180052167 0.3143121
0.023886135 0.0180214792 0.313578545
0.0247062997 0.0180457176 0.312485217
0.0255686405 0.0180976631 0.310142099
0.0264540038 0.0181619704 0.307241379
0.029228979 0.0194549028 0.248920797
0.0301124217 0.0194761377 0.247962951
0.0309978249 0.0194974175 0.247003078
0.0318799176 0.0195155762 0.246183991
0.032762797 0.0195332512 0.245386719
0.0336468739 0.0195507135 0.244599043
0.0345325602 0.0195682075 0.243809938
0.0354203011 0.0195859724 0.243008613
0.0363118051 0.0196048935 0.242155134
0.0372004794 0.0196214811 0.241406917
0.0380905393 0.0196380236 0.240660726
0.0389821311 0.0196545966 0.239913165
0.0398752533 0.0196711974 0.239164352
0.0407699684 0.0196878536 0.238413035
0.0416662353 0.0197045429 0.237660228
0.0425608925 0.0197198262 0.236970841
0.0434564514 0.019734906 0.236290633
0.0443533025 0.0197499647 0.235611378
0.0452512855 0.0197649348 0.234936117
0.0461506557 0.0197799287 0.234259783
0.0470514099 0.0197949438 0.233582496
0.0479533033 0.0198098796 0.232908784
0.0488559767 0.0198245973 0.232244908
0.0497595971 0.0198391737 0.231587409
0.0506645681 0.0198537712 0.230928957
0.0515708996 0.0198683924 0.230269431
0.0524796003 0.0198834115 0.229591965
0.0533925832 0.0198995088 0.228865861
0.054312279 0.0199175075 0.228053986
0.0552336678 0.0199355394 0.227240621
0.056156758 0.0199536055 0.226425706
0.0570815464 0.0199717034 0.225609361
0.058006889 0.0199894445 0.224809109
0.0589800431 0.0200225971 0.223313688
0.0599565223 0.0200558739 0.221812665
0.0609362779 0.0200892538 0.220306992
0.0619190709 0.0201226561 0.218800305
0.0630702322 0.020208107 0.214945852
0.0642364702 0.0202958797 0.210986673
0.0656977138 0.0204715716 0.203061699
0.0677214662 0.0208124319 0.187686442
-0.0625212307 0.0193693998 0.21283543
-0.0613227181 0.0192725669 0.217406451
-0.0603178216 0.0192336766 0.219242274
-0.0593543098 0.0192068159 0.220510244
-0.0583957962 0.0191807632 0.221740066
-0.0574399177 0.01915478 0.222966611
-0.0564977218 0.0191325519 0.224015891
-0.0555830013 0.0191189264 0.224659084
-0.0546696034 0.0191053199 0.225301384
-0.0537575253 0.0190917323 0.22594279
-0.0528467716 0.0190781662 0.226583182
-0.0519373742 0.0190646341 0.227221965
-0.051029349 0.0190511438 0.227858781
-0.0501235141 0.0190380031 0.228479087
-0.0492192832 0.0190250077 0.229092538
-0.0483163166 0.0190120338 0.229704975
-0.0474146017 0.0189990775 0.230316579
-0.046514136 0.018986139 0.230927347
-0.0456149171 0.0189732181 0.231537282
-0.0447142022 0.0189591708 0.232200383
-0.0438106775 0.0189433711 0.232946216
-0.0429086835 0.0189275978 0.233690797
-0.0420082139 0.0189118497 0.234434187
-0.0411095327 0.0188962482 0.235170662
-0.0402133434 0.0188811277 0.235884427
-0.0393166794 0.0188651183 0.236640155
-0.0384155303 0.0188462225 0.237532138
-0.0375162182 0.0188273657 0.238422274
-0.0366187351 0.0188085469 0.239310621
-0.0357232024 0.0187898316 0.240194081
-0.0348298531 0.0187713512 0.241066455
-0.0339335021 0.0187503012 0.242060124
-0.0330377504 0.0187284923 0.243089615
-0.0321441552 0.0187067567 0.24411565
-0.0312526676 0.0186850716 0.2451393
-0.0303632827 0.0186634383 0.246160506
-0.029471402 0.0186389955 0.247314333
-0.0266419794 0.0173695989 0.307236492
-0.0257495834 0.0173035006 0.310356676
-0.0248871748 0.0172536731 0.312708794
-0.0240714075 0.0172334565 0.313663124
-0.0232610326 0.0172157993 0.314496636
-0.022454538 0.0171998303 0.315250456
-0.0216521357 0.0171858993 0.315908074
-0.0208622612 0.0171810809 0.316135525
-0.0200753973 0.017178423 0.316260993
-0.0192901706 0.0171769848 0.316328882
-0.0185056546 0.0171760745 0.316371857
-0.0177211624 0.017175106 0.316417574
-0.0169373816 0.0171747588 0.316433965
-0.0161542255 0.0171750328 0.316421031
-0.0153697428 0.0171738724 0.316475808
-0.0145861005 0.017173563 0.316490411
-0.0138021199 0.0171728029 0.316526293
-0.0130176568 0.0171713218 0.316596209
-0.012233803 0.0171704947 0.31663525
-0.0114502339 0.0171699758 0.316659748
-0.0106663667 0.017168905 0.316710293
-0.00988251676 0.0171676929 0.316767513
-0.00909899574 0.0171668847 0.31680566
-0.0083156202 0.0171662206 0.316837012
-0.00753230811 0.0171655602 0.316868185
-0.00674906544 0.01716492 0.316898405
-0.00596588716 0.0171642937 0.316927969
-0.00518278395 0.017163723 0.31695491
-0.00439973382 0.0171631523 0.316981851
-0.00361675607 0.0171626737 0.317004441
-0.00283386478 0.0171624528 0.317014872
-0.00205098582 0.0171621611 0.317028641
-0.00126812747 0.017161776 0.31704682
-0.000485304945 0.0171613909 0.317065
0.000297484484 0.0171611232 0.317077636
0.00108027192 0.0171611838 0.317074775
0.00186305368 0.0171611472 0.317076503
0.00264581621 0.0171610133 0.317082822
0.00342856577 0.017160877 0.317089259
0.00421135238 0.017160935 0.317086517
0.00499427495 0.017161425 0.31706339
0.0057771779 0.017161728 0.317049085
0.00656003566 0.0171618454 0.317043542
0.00734290323 0.0171619603 0.317038118
0.00812598498 0.0171624919 0.317013025
0.00890939512 0.017163545 0.316963314
0.00969270574 0.0171642584 0.316929638
0.0104758298 0.017164569 0.316914975
0.0112589819 0.0171648784 0.316900372
0.0120426917 0.0171659213 0.316851138
0.012826734 0.0171672711 0.316787421
0.0136106181 0.0171682724 0.316740154
0.0143939501 0.0171685237 0.316728293
0.0151773878 0.0171688659 0.31671214
0.0159619422 0.0171703457 0.316642284
0.0167466329 0.0171718243 0.316572487
0.0175314625 0.0171733042 0.31650263
0.018315 0.0171734759 0.316494524
0.0190999175 0.0171748446 0.316429912
0.0198858144 0.0171769318 0.316331386
0.020671907 0.0171790203 0.3162328
0.0214581923 0.0171811075 0.316134273
0.0222563564 0.0171920094 0.315619647
0.0230576206 0.0172044315 0.315033256
0.0238641924 0.0172197805 0.314308702
0.0246788851 0.0172396979 0.313368499
0.0255145768 0.0172722811 0.311830401
0.0263805049 0.0173223245 0.30946809
0.0273182511 0.0174142229 0.305130004
0.0300852099 0.0186087748 0.248740911
0.0309697843 0.0186290722 0.247782766
0.0318560575 0.018649261 0.246829747
0.0327393429 0.0186667326 0.246004998
0.0336250841 0.0186846562 0.24515891
0.0345125544 0.0187026126 0.244311272
0.0354017658 0.0187206057 0.243461906
0.0362928906 0.01873872 0.242606818
0.037184068 0.0187560274 0.241789817
0.0380737218 0.0187718209 0.241044282
0.0389649036 0.0187876421 0.240297436
0.0398576363 0.0188035 0.239548861
0.040751953 0.0188194071 0.238797962
0.0416478064 0.0188353395 0.23804587
0.0425443395 0.0188509234 0.23731023
0.0434395374 0.0188653216 0.236630558
0.0443359023 0.0188796479 0.235954284
0.0452335166 0.01889394 0.235279619
0.0461325201 0.0189082562 0.234603821
0.0470329097 0.0189225938 0.233927011
0.0479346918 0.0189369542 0.233249127
0.0488371892 0.0189510784 0.232582389
0.0497425065 0.0189657658 0.231889068
0.050649252 0.0189804759 0.231194674
0.0515574323 0.01899521 0.230499148
0.0524670507 0.0190099681 0.229802488
0.0533776049 0.0190245734 0.229113042
0.0542962386 0.0190414906 0.228314459
0.055217341 0.0190587109 0.22750157
0.05614014 0.0190759628 0.226687192
0.0570643399 0.0190931478 0.225875973
0.0579893769 0.0191100865 0.225076377
0.0589450709 0.0191362881 0.223839521
0.0599209154 0.0191680494 0.222340225
0.0608999878 0.0191998952 0.220836937
0.0618821344 0.0192317751 0.219332039
0.0629718215 0.0192951005 0.216342746
0.0641352142 0.0193785365 0.212404131
0.06545084 0.0195042328 0.206470608
0.0672354613 0.0197619022 0.194307267
-0.0635396899 0.0185220286 0.210948049
-0.0623329547 0.018429159 0.215545832
-0.0612329052 0.0183650852 0.218717992
-0.0602637856 0.018338324 0.220042884
-0.0592975266 0.0183116387 0.221364021
-0.0583341327 0.018285034 0.222681164
-0.0573760271 0.018259272 0.223956584
-0.0564602242 0.0182461563 0.224605917
-0.0555462231 0.0182332091 0.225246905
-0.0546335474 0.0182202824 0.225886881
-0.0537221871 0.0182073737 0.226525962
-0.0528121395 0.0181944831 0.227164149
-0.0519034054 0.0181816118 0.227801382
-0.0509967104 0.0181690149 0.228425025
-0.0500914773 0.0181565012 0.229044556
-0.0491875149 0.0181440055 0.229663192
-0.048284814 0.0181315254 0.230281054
-0.0473834362 0.0181190851 0.230896949
-0.0464835895 0.0181067664 0.231506824
-0.0455833721 0.0180938336 0.232147097
-0.044679054 0.0180787663 0.232893049
-0.0437773091 0.0180641468 0.233616828
-0.0428773568 0.0180496791 0.234333097
-0.041978873 0.0180352354 0.235048174
-0.0410818513 0.0180208146 0.235762119
-0.040186242 0.0180063962 0.236475944
-0.0392840389 0.0179883732 0.237368225
-0.0383836725 0.0179703863 0.238258719
-0.0374851376 0.0179524355 0.239147424
-0.0365884314 0.0179345221 0.240034281
-0.035694689 0.0179172094 0.240891396
-0.0347994913 0.0178983051 0.241827308
-0.0339020341 0.0178772711 0.242868661
-0.0330067241 0.0178562876 0.24390751
-0.0321135559 0.0178353558 0.244943797
-0.0312225177 0.0178144735 0.245977639
-0.0303303708 0.0177917744 0.247101425
-0.0274965627 0.0166140211 0.30540955
-0.02656899 0.0165324541 0.309447765
-0.0256993657 0.0164824195 0.311924874
-0.0248652231 0.0164522993 0.313416063
-0.0240503193 0.0164331349 0.31436485
-0.0232403066 0.0164160702 0.315209686
-0.0224349331 0.016401145 0.315948605
-0.0216452297 0.0163968156 0.316162943
-0.020858151 0.0163941898 0.316292941
-0.0200716788 0.0163918457 0.316408991
-0.019286926 0.016390749 0.316463291
-0.0185029564 0.0163902421 0.316488384
-0.0177189742 0.0163896786 0.316516279
-0.0169352111 0.0163892717 0.316536426
-0.0161523822 0.0163897593 0.316512286
-0.0153679895 0.0163886529 0.316567063
-0.0145846815 0.0163886288 0.316568255
-0.0138007571 0.01638788 0.316605329
-0.0130163709 0.0163864665 0.316675305
-0.0122328026 0.0163859524 0.316700756
-0.0114492964 0.0163854552 0.316725373
-0.0106654922 0.0163844319 0.316776037
-0.00988173199 0.016383317 0.31683123
-0.00909835075 0.0163826837 0.316862582
-0.00831503129 0.0163820505 0.316893935
-0.00753177529 0.0163814208 0.316925108
-0.00674858871 0.0163808104 0.316955327
-0.00596547533 0.0163802373 0.316983699
-0.00518242702 0.0163796932 0.31701064
-0.0043994318 0.016379149 0.317037582
-0.00361650871 0.0163786915 0.317060231
-0.00283367238 0.0163784808 0.317070662
-0.00205084134 0.0163781449 0.317087292
-0.00126804078 0.0163777777 0.317105471
-0.000485276051 0.0163774105 0.317123651
0.00029745556 0.016377154 0.317136347
0.00108018523 0.016377213 0.317133426
0.00186290055 0.0163771071 0.317138671
0.00264560162 0.0163769783 0.317145049
0.00342828986 0.0163768482 0.317151486
0.00421101451 0.0163769012 0.317148864
0.00499387565 0.0163773683 0.317125737
0.00577666652 0.0163775188 0.317118286
0.0065594551 0.0163776284 0.317112862
0.00734225548 0.0163777404 0.317107319
0.00812526596 0.0163782412 0.317082524
0.00890860762 0.0163792453 0.317032813
0.00969167504 0.016379639 0.317013323
0.0104747159 0.0163799339 0.316998719
0.0112577863 0.0163802301 0.316984057
0.0120414054 0.0163812137 0.31693536
0.0128253647 0.0163825007 0.316871642
0.0136087805 0.016383004 0.316846728
0.0143920074 0.0163832436 0.316834866
0.0151753173 0.0163835458 0.316819906
0.0159597642 0.0163849556 0.316750108
0.0167443488 0.0163863654 0.316680311
0.0175284696 0.0163872274 0.316637635
0.0183118036 0.0163873298 0.316632568
0.0190965059 0.0163885686 0.316571235
0.0198822621 0.0163905575 0.316472768
0.0206682139 0.0163925476 0.316374242
0.0214536218 0.0163939876 0.316302954
0.0222413025 0.0163969613 0.316155731
0.0230379705 0.0164059788 0.315709292
0.0238424701 0.0164196688 0.315031528
0.0246550946 0.0164377773 0.314135014
0.0254749982 0.0164593628 0.313066363
0.0263319057 0.0165023038 0.310940444
0.0272194783 0.0165609766 0.308035671
0.0300611191 0.0177447472 0.249429642
0.0309469313 0.0177651769 0.248418211
0.0318349305 0.0177857125 0.247401535
0.0327222674 0.0178048287 0.246455132
0.0336075302 0.0178219006 0.245609938
0.0344945205 0.0178390038 0.244763195
0.0353832915 0.0178561623 0.243913709
0.0362739985 0.0178734473 0.243057965
0.0371664634 0.017890766 0.242200553
0.0380569174 0.0179063799 0.24142754
0.0389476948 0.0179214533 0.24068129
0.0398400466 0.0179365724 0.239932775
0.0407339516 0.0179517252 0.239182591
0.0416293975 0.0179669045 0.238431095
0.0425263854 0.0179821091 0.237678348
0.0434226352 0.0179964119 0.236970245
0.0443185142 0.0180100116 0.236296951
0.0452157662 0.0180236294 0.235622763
0.0461159114 0.0180378467 0.234918892
0.0470177831 0.0180521917 0.234208702
0.0479211357 0.0180665668 0.233497023
0.0488255456 0.0180808166 0.232791542
0.0497306367 0.0180948136 0.232098579
0.0506371586 0.0181088335 0.231404483
0.0515451147 0.0181228763 0.230709254
0.052454359 0.0181368914 0.230015396
0.0533646132 0.0181507873 0.229327439
0.0542802093 0.0181659906 0.228574752
0.0552010253 0.0181824004 0.227762341
0.0561235409 0.0181988414 0.22694838
0.0570471372 0.0182151187 0.226142525
0.0579718803 0.0182312599 0.225343405
0.0589101383 0.0182510274 0.224364757
0.0598853446 0.0182812753 0.22286725
0.0608637426 0.0183115941 0.221366226
0.0618452435 0.0183419551 0.219863116
0.0628737217 0.0183849358 0.21773523
0.0640342819 0.0184640781 0.213817059
0.0652116756 0.0185457619 0.209773063
0.0668225547 0.0187445339 0.199932276
0.0693724722 0.0191930105 0.177729129
-0.0647031779 0.0177089454 0.207082509
-0.0633474037 0.0175822334 0.213677465
-0.0621490716 0.0174954744 0.218192994
-0.0611780149 0.0174699865 0.219519555
-0.0602088765 0.0174443006 0.220856427
-0.0592415837 0.0174183867 0.222205161
-0.0582772064 0.0173925484 0.223549961
-0.057346234 0.0173758661 0.224418222
-0.056428367 0.0173626286 0.225107192
-0.0555119248 0.0173494117 0.225795089
-0.0545977595 0.0173364823 0.226468026
-0.0536870187 0.0173242182 0.227106332
-0.0527775962 0.0173119736 0.227743625
-0.0518700167 0.0172999214 0.228370904
-0.050964113 0.0172880157 0.228990554
-0.0500594844 0.0172761284 0.22960925
-0.0491561182 0.017264256 0.230227172
-0.0482541914 0.0172524615 0.23084104
-0.0473537686 0.0172407723 0.231449424
-0.0464544914 0.0172290636 0.232058822
-0.0455507912 0.0172152661 0.232776939
-0.0446485636 0.0172014904 0.233493923
-0.0437477785 0.017187726 0.234210312
-0.0428484575 0.0171739823 0.234925627
-0.0419506059 0.0171602627 0.235639691
-0.0410542145 0.0171465648 0.236352622
-0.0401528731 0.017130202 0.237204253
-0.0392514518 0.0171130857 0.238095104
-0.0383528993 0.0170964572 0.238960563
-0.0374563537 0.0170799638 0.239818989
-0.0365615646 0.0170635003 0.240675866
-0.035667365 0.0170465202 0.241559624
-0.0347685966 0.0170265019 0.242601513
-0.0338719742 0.0170065294 0.243641018
-0.0329775767 0.0169866462 0.244675874
-0.0320861632 0.0169672543 0.245685159
-0.0311954975 0.0169471994 0.246728956
-0.0303003277 0.0169235404 0.247960328
-0.0273991312 0.0157646713 0.308275759
-0.0265185414 0.0157127875 0.310976147
-0.025661818 0.0156720305 0.313097417
-0.0248417822 0.0156513972 0.314171314
-0.0240290967 0.0156341103 0.315071046
-0.0232196188 0.0156177715 0.315921425
-0.0224283183 0.0156127234 0.316184162
-0.0216402296 0.0156095855 0.316347479
-0.0208540438 0.0156076112 0.316450238
-0.0200684665 0.0156059472 0.316536843
-0.0192836842 0.0156047802 0.31659758
-0.0185002582 0.0156046394 0.316604912
-0.0177167873 0.015604447 0.316614925
-0.0169331504 0.0156040862 0.316633701
-0.016150539 0.0156046657 0.316603541
-0.0153663828 0.0156037598 0.316650688
-0.0145832636 0.0156038492 0.316646039
-0.0137993933 0.0156031116 0.316684424
-0.0130152895 0.0156020088 0.316741823
-0.0122318004 0.015601537 0.316766381
-0.0114483596 0.0156010651 0.316790938
-0.0106646177 0.0156000883 0.31684178
-0.00988103092 0.0155991973 0.316888153
-0.00909770576 0.0155985949 0.316919505
-0.00831444239 0.0155979925 0.316950857
-0.00753124303 0.0155973947 0.316981971
-0.00674811197 0.015596813 0.31701225
-0.00596506393 0.0155962919 0.31703937
-0.00518207048 0.0155957743 0.317066311
-0.00439912979 0.0155952555 0.317093312
-0.00361626134 0.0155948192 0.317116021
-0.00283347567 0.0155945947 0.317127704
-0.00205069702 0.0155942454 0.317145883
-0.00126795419 0.0155938961 0.317164063
-0.000485247185 0.0155935468 0.317182242
0.000297426666 0.0155933018 0.317194998
0.00108009494 0.0155933109 0.317194521
0.00186274741 0.0155931895 0.317200839
0.00264538702 0.0155930658 0.317207276
0.00342801395 0.0155929422 0.317213713
0.00421067664 0.0155929903 0.31721121
0.00499344505 0.0155933407 0.317192971
0.00577615513 0.015593446 0.317187487
0.00655887553 0.0155935503 0.317182063
0.00734160717 0.0155936556 0.31717658
0.00812454756 0.0155941286 0.317151963
0.00890771409 0.0155949028 0.31711167
0.00969064435 0.0155951845 0.317097008
0.0104736035 0.0155954662 0.317082345
0.0112565907 0.0155957468 0.317067742
0.0120401192 0.0155966721 0.317019581
0.0128238453 0.0155977188 0.316965102
0.0136069429 0.0155979456 0.316953301
0.0143900659 0.0155981746 0.31694138
0.0151732467 0.015598438 0.316927671
0.0159575875 0.0155997791 0.316857874
0.0167420658 0.0156011201 0.316788077
0.0175254105 0.0156013595 0.316775619
0.01830861 0.015601458 0.316770493
0.0190930944 0.0156025711 0.316712558
0.0198787113 0.015604463 0.316614091
0.0206645223 0.0156063549 0.316515624
0.0214489317 0.0156071153 0.316476046
0.0222362276 0.0156097974 0.316336452
0.0230246043 0.015613012 0.316169142
0.0238209269 0.0156210961 0.315748393
0.0246326879 0.0156382239 0.314856946
0.0254504352 0.0156578894 0.313833415
0.0262834855 0.0156852887 0.312407374
0.027164288 0.0157380898 0.309659242
0.0280968779 0.0158163628 0.305585384
0.0309268865 0.016904034 0.248975574
0.0318144157 0.0169236091 0.247956752
0.0327041042 0.016943261 0.246933936
0.0335899926 0.0169600418 0.246060549
0.0344765055 0.0169762946 0.24521464
0.0353648975 0.0169926471 0.244363546
0.0362551239 0.0170090718 0.243508696
0.0371471064 0.0170255285 0.242652177
0.0380401313 0.0170417023 0.241810381
0.0389305074 0.01705603 0.241064667
0.0398224706 0.017070407 0.24031639
0.0407159668 0.0170848081 0.239566862
0.041611 0.0170992332 0.238816082
0.0425086144 0.0171140923 0.238042711
0.0434082511 0.0171291438 0.237259328
0.0443055238 0.0171427158 0.236552953
0.0452042502 0.0171563106 0.235845386
0.0461044306 0.0171699272 0.235136687
0.0470060716 0.0171835666 0.234426796
0.0479092517 0.0171972554 0.233714341
0.0488139088 0.0172109693 0.233000576
0.0497187736 0.0172242766 0.23230797
0.050625072 0.0172376069 0.231614172
0.0515328005 0.0172509578 0.230919301
0.052441607 0.0172642148 0.230229317
0.0533516287 0.017277426 0.229541718
0.0542641873 0.0172910059 0.228834926
0.0551847172 0.017306606 0.228022992
0.0561069456 0.0173222358 0.227209508
0.0570299423 0.0173376172 0.226408958
0.0579543916 0.0173529619 0.225610315
0.0588805099 0.0173683341 0.224810242
0.0598498221 0.0173955535 0.223393559
0.0608275383 0.0174243475 0.221894919
0.061808394 0.0174531932 0.220393597
0.0627925694 0.0174821373 0.21888715
0.0639336646 0.0175524888 0.215225577
0.0651087467 0.017629943 0.211194336
0.0665635933 0.0177785446 0.203460097
0.0685683994 0.0180652519 0.188537895
-0.0644060693 0.0167419693 0.211241662
-0.0631905665 0.0166569889 0.215903699
-0.0620985588 0.0166020041 0.218920171
-0.0611185655 0.0165752538 0.220387697
-0.0601484722 0.0165503962 0.221751391
-0.0591822395 0.0165258601 0.223097443
-0.0582352655 0.0165059438 0.224190056
-0.0573164717 0.0164933786 0.224879383
-0.0563991046 0.016480833 0.225567638
-0.0554831608 0.0164683069 0.22625482
-0.0545686372 0.0164558004 0.226940929
-0.0536553357 0.0164432548 0.227629184
-0.05274446 0.0164310362 0.228299498
-0.0518379034 0.0164197498 0.228918671
-0.0509330307 0.0164086101 0.229529797
-0.0500294164 0.0163974878 0.23013997
-0.0491270476 0.0163863796 0.230749368
-0.0482259253 0.0163752866 0.231357931
-0.0473260503 0.0163642099 0.231965601
-0.0464229677 0.0163516099 0.232656836
-0.0455199091 0.0163385384 0.233373939
-0.0446183212 0.0163254876 0.23408991
-0.0437182004 0.0163124574 0.234804749
-0.0428195465 0.0162994489 0.235518395
-0.0419223531 0.0162864611 0.236230909
-0.041022926 0.0162720565 0.237021148
-0.0401217573 0.0162563394 0.237883388
-0.0392223599 0.0162406517 0.23874402
-0.0383247342 0.0162249955 0.239602923
-0.0374288701 0.0162093686 0.240460216
-0.0365347703 0.0161937743 0.241315722
-0.0356356904 0.0161752085 0.242334246
-0.0347383394 0.0161565155 0.243359744
-0.0338435196 0.0161380616 0.244372129
-0.0329507853 0.0161196511 0.245382129
-0.0320601294 0.0161012841 0.246389746
-0.0311645824 0.0160794317 0.247588574
-0.0282718451 0.0150155612 0.305952668
-0.027346119 0.0149447888 0.309835255
-0.0264705797 0.0148975061 0.312429189
-0.0256382704 0.0148719216 0.313832759
-0.0248183876 0.0148520107 0.314925074
-0.0240064949 0.0148356406 0.315823137
-0.0232128031 0.0148295748 0.31615591
-0.0224231045 0.0148256754 0.316369831
-0.021635231 0.0148227202 0.316531956
-0.0208499383 0.0148213436 0.316607475
-0.0200652571 0.0148203028 0.316664576
-0.0192806827 0.0148192576 0.316721916
-0.0184975601 0.0148192663 0.316721439
-0.0177146003 0.0148194097 0.316713571
-0.0169312867 0.0148192619 0.316721677
-0.0161486969 0.014819753 0.316694736
-0.0153648883 0.014819138 0.316728472
-0.0145818458 0.0148192228 0.316723823
-0.0137980305 0.0148185003 0.31676346
-0.0130142226 0.0148176985 0.316807448
-0.012230799 0.0148172519 0.316831946
-0.0114474238 0.0148168054 0.316856443
-0.0106637439 0.0148158753 0.316907465
-0.00988033057 0.0148151909 0.316945016
-0.00909706145 0.0148146194 0.316976368
-0.00831385348 0.0148140468 0.317007779
-0.00753070965 0.0148134786 0.317038953
-0.00674764323 0.0148129451 0.317068219
-0.00596465165 0.014812454 0.31709516
-0.00518171317 0.0148119629 0.317122101
-0.00439882778 0.0148114718 0.317149042
-0.00361601371 0.0148110557 0.317171871
-0.00283327361 0.0148107928 0.317186295
-0.00205055269 0.0148104614 0.317204475
-0.00126786759 0.01481013 0.317222654
-0.00048521832 0.0148097986 0.317240834
0.000297397712 0.0148095629 0.317253768
0.00108000306 0.0148095096 0.317256688
0.00186259413 0.0148093934 0.317263066
0.00264517243 0.014809276 0.317269503
0.00342773857 0.0148091609 0.317275822
0.00421033877 0.0148092022 0.317273557
0.00499300147 0.0148094086 0.317262232
0.00577564375 0.0148095096 0.317256688
0.00655829596 0.0148096085 0.317251264
0.00734095942 0.0148097085 0.317245781
0.00812382916 0.0148101528 0.317221402
0.00890676653 0.0148106287 0.317195296
0.00968961439 0.014810896 0.317180633
0.0104724904 0.0148111622 0.31716603
0.011255396 0.0148114294 0.317151367
0.0120388338 0.0148122975 0.317103743
0.0128221127 0.0148128821 0.317071676
0.0136051073 0.0148130994 0.317059755
0.0143881243 0.0148133156 0.317047893
0.0151711785 0.0148135448 0.317035317
0.015955412 0.014814816 0.316965579
0.0167393006 0.0148156722 0.316918611
0.0175223528 0.0148157645 0.316913544
0.0183054164 0.014815858 0.316908418
0.0190896857 0.0148168543 0.316853761
0.0198751621 0.014818648 0.316755354
0.0206603701 0.0148201191 0.316674649
0.0214442432 0.0148205852 0.316649079
0.0222311544 0.0148229907 0.316517114
0.0230193513 0.0148260394 0.316349863
0.02380755 0.0148288892 0.31619352
0.0246104273 0.0148401789 0.315574169
0.02542592 0.0148579548 0.314598977
0.0262535965 0.0148813979 0.313312888
0.0271145845 0.0149213446 0.311121404
0.0279985446 0.0149710121 0.308396637
0.0309069402 0.0160440395 0.249530196
0.0317939318 0.0160626151 0.248511135
0.0326830221 0.0160812342 0.24748969
0.0335724735 0.0160990797 0.246510684
0.0344585239 0.0161144903 0.245665252
0.0353465206 0.016130026 0.244812965
0.0362362668 0.016145592 0.243959009
0.0371277724 0.0161611907 0.243103265
0.0380210322 0.0161768175 0.242245971
0.03891425 0.0161917404 0.241427302
0.0398072977 0.0162059538 0.240647554
0.040701949 0.0162201932 0.239866375
0.0415982023 0.0162344566 0.239083885
0.0424960674 0.016248746 0.238299965
0.0433961416 0.0162632788 0.237502693
0.0442945144 0.016276636 0.236769914
0.0451930086 0.0162895272 0.236062705
0.046092956 0.0163024389 0.235354363
0.0469943665 0.0163153735 0.23464477
0.0478973742 0.0163283744 0.233931541
0.0488018505 0.0163413959 0.233217179
0.0497069172 0.0163541545 0.232517242
0.0506129888 0.0163667946 0.231823801
0.0515204828 0.0163794521 0.231129407
0.0524288584 0.0163919608 0.230443179
0.0533386513 0.0164044891 0.229755878
0.0542498647 0.0164170369 0.229067504
0.0551684202 0.0164313285 0.228283464
0.0560902669 0.0164461209 0.227471947
0.0570127589 0.016460644 0.226675212
0.0579369107 0.016475192 0.225877105
0.0588627344 0.0164897671 0.225077509
0.0598143357 0.0165108786 0.223919331
0.0607913788 0.0165381548 0.222422957
0.0617715901 0.0165654885 0.220923423
0.0627551133 0.0165929146 0.219418823
0.0638333624 0.0166437555 0.216629683
0.065006146 0.0167170073 0.212611078
0.0663066315 0.0168200038 0.206960677
0.0680849829 0.0170373646 0.195036232
-0.0657328636 0.0159596023 0.205169737
-0.0642934832 0.015827729 0.212817728
-0.0630850636 0.0157486958 0.217401265
-0.0620646655 0.0157140923 0.219408094
-0.0610852591 0.0156888147 0.22087407
-0.0601090675 0.0156636203 0.222335219
-0.0591357592 0.015638427 0.223796307
-0.058206615 0.015624098 0.224627315
-0.0572853054 0.0156114248 0.2253623
-0.0563681981 0.0155994987 0.226053953
-0.0554525209 0.0155875911 0.226744532
-0.0545382707 0.0155757021 0.227434038
-0.0536257476 0.0155639178 0.228117465
-0.0527174173 0.0155529568 0.228753149
-0.0518103922 0.0155420113 0.229387938
-0.0509046729 0.0155310821 0.230021774
-0.0500002533 0.0155201684 0.230654716
-0.0490982656 0.0155096216 0.231266379
-0.0481976952 0.0154991416 0.231874167
-0.0472953873 0.0154877191 0.232536613
-0.0463914912 0.0154753501 0.233253955
-0.0454891412 0.0154630252 0.233968734
-0.0445889922 0.0154509697 0.234667897
-0.0436902743 0.0154389326 0.235365986
-0.0427929874 0.0154269151 0.236062943
-0.041895288 0.0154142531 0.236797272
-0.040992985 0.015399362 0.237660884
-0.0400924602 0.0153844997 0.238522827
-0.0391937116 0.0153696671 0.239383041
-0.0382967338 0.0153548644 0.240241527
-0.0374017314 0.0153401757 0.241093396
-0.0365047012 0.0153239608 0.242033779
-0.0356063874 0.0153064232 0.243050873
-0.0347101753 0.0152889277 0.244065522
-0.0338160533 0.0152714724 0.245077848
-0.0329240369 0.0152540673 0.246087252
-0.0320298891 0.0152347394 0.247208177
-0.0311346834 0.0152138451 0.24841994
-0.028181524 0.0141772921 0.30853486
-0.0272996655 0.0141313062 0.31120181
-0.0264393429 0.014093825 0.313375532
-0.0256143164 0.0140730428 0.314580798
-0.0247950374 0.0140541342 0.315677404
-0.0239971483 0.0140462585 0.316134154
-0.023206625 0.0140422184 0.31636846
-0.0224180614 0.0140390981 0.31654942
-0.0216302857 0.0140362523 0.316714465
-0.0208458343 0.0140353869 0.316764652
-0.0200620478 0.01403491 0.316792309
-0.0192779935 0.0140342029 0.316833317
-0.0184948647 0.0140341248 0.316837847
-0.0177124134 0.0140345668 0.316812217
-0.0169294217 0.0140346099 0.316809713
-0.0161468549 0.01403502 0.316785931
-0.0153633938 0.0140346695 0.316806256
-0.014580429 0.0140347507 0.316801547
-0.0137966677 0.0140340447 0.316842496
-0.0130131576 0.0140335195 0.316872954
-0.0122297977 0.014033096 0.316897511
-0.0114464862 0.0140326726 0.316922068
-0.0106629043 0.014031836 0.316970586
-0.0098796295 0.0140312954 0.317001938
-0.00909641578 0.0140307538 0.31703335
-0.00831326458 0.0140302132 0.317064702
-0.00753017739 0.0140296767 0.317095816
-0.00674717648 0.0140291916 0.317123949
-0.00596423982 0.0140287271 0.31715089
-0.00518135624 0.0140282625 0.317177832
-0.00439852609 0.014027799 0.317204713
-0.00361576661 0.0140274043 0.317227601
-0.00283307135 0.0140271053 0.317244946
-0.00205040822 0.0140267918 0.317263126
-0.001267781 0.0140264794 0.317281246
-0.000485189455 0.0140261659 0.317299425
0.000297368818 0.0140259418 0.317312419
0.00107991117 0.0140258309 0.317318856
0.00186244085 0.0140257199 0.317325293
0.00264495824 0.0140256109 0.317331612
0.00342746266 0.0140254999 0.317338049
0.00420999574 0.0140255205 0.317336857
0.00499255827 0.014025614 0.317331433
0.00577513237 0.0140257096 0.317325889
0.00655771639 0.0140258031 0.317320465
0.00734031167 0.0140258977 0.317314982
0.00812308301 0.0140262676 0.317293524
0.00890581964 0.0140265205 0.317278861
0.00968858443 0.0140267723 0.317264258
0.010471378 0.0140270241 0.317249655
0.0112542004 0.0140272759 0.317235052
0.0120375175 0.0140280539 0.317189931
0.012820382 0.0140282574 0.31717813
0.0136032717 0.0140284629 0.317166209
0.0143861839 0.0140286675 0.317154347
0.0151691194 0.014028872 0.317142486
0.0159532365 0.0140300652 0.317073285
0.0167363788 0.014030354 0.317056536
0.0175192964 0.0140304424 0.31705141
0.0183022228 0.0140305297 0.317046344
0.0190862771 0.0140314157 0.316994964
0.0198716128 0.0140331115 0.316896617
0.0206558536 0.0140339563 0.316847622
0.0214395547 0.0140343962 0.316822111
0.0222260845 0.0140365421 0.316697657
0.0230141001 0.0140394239 0.316530525
0.0238009511 0.0140414486 0.316413104
0.0245935852 0.0140465576 0.316116809
0.0254014505 0.0140595535 0.315363109
0.02622826 0.0140816698 0.314080476
0.0270647392 0.0141074089 0.312587737
0.0279472754 0.0141544019 0.309862375
0.0288928988 0.0142290672 0.305532157
0.0317734721 0.0152027248 0.249064862
0.0326619648 0.0152203138 0.248044788
0.033552565 0.015237946 0.247022211
0.0344407111 0.015253647 0.246111631
0.0353295037 0.0152688639 0.245229124
0.0362201103 0.0152841117 0.24434483
0.0371125386 0.0152993913 0.243458688
0.0380068543 0.0153147264 0.242569327
0.0389028104 0.0153300184 0.241682469
0.0397955822 0.0153434542 0.240903258
0.0406899592 0.0153569158 0.240122556
0.0415859401 0.0153704009 0.239340483
0.0424837821 0.0153839991 0.238551854
0.0433836556 0.0153977628 0.237753629
0.0442835142 0.0154109869 0.236986696
0.0451817762 0.0154231751 0.236279845
0.0460814908 0.0154353828 0.235571861
0.0469827287 0.0154476315 0.234861492
0.0478855033 0.0154599235 0.234148621
0.0487897457 0.0154722349 0.233434617
0.0496950676 0.0154844467 0.232726394
0.0506009125 0.0154963975 0.232033312
0.051507973 0.015508304 0.231342792
0.0524161134 0.0155201293 0.230656981
0.0533256776 0.0155319752 0.229969978
0.0542366617 0.0155438396 0.229281902
0.0551521306 0.0155565663 0.228543817
0.0560733837 0.0155704677 0.227737605
0.056995587 0.0155841985 0.226941287
0.0579194454 0.0155979519 0.226143657
0.0588449747 0.015611731 0.225344538
0.0597788977 0.0156272522 0.224444389
0.0607552602 0.0156530128 0.222950398
0.0617348275 0.0156788383 0.221452653
0.0627177033 0.015704751 0.219949841
0.0637333711 0.0157378643 0.218029439
0.0649038646 0.0158069396 0.214023411
0.0660848996 0.0158766368 0.209981322
0.0676947877 0.0160438905 0.200281441
0.0701209061 0.0163934904 0.180006384
-0.0654040309 0.0149927358 0.209710359
-0.0641835796 0.0149172051 0.214356243
-0.0630128471 0.0148510352 0.218426346
-0.0620308054 0.0148271497 0.219895541
-0.0610519895 0.0148033427 0.221359908
-0.0600756409 0.0147794349 0.222830474
-0.0591136469 0.0147583276 0.224128782
-0.0581891926 0.0147458998 0.224893212
-0.0572663332 0.0147334944 0.22565627
-0.0563450609 0.0147211102 0.226418018
-0.0554253717 0.0147087474 0.227178454
-0.0545078858 0.0146965706 0.227927446
-0.0535982435 0.0146861022 0.228571355
-0.052690428 0.014675786 0.229205906
-0.0517839328 0.0146654891 0.229839265
-0.0508787372 0.0146552068 0.23047173
-0.0499748387 0.014644939 0.2311033
-0.0490722378 0.0146346867 0.231733918
-0.048169817 0.0146241185 0.232383966
-0.0472655021 0.014612589 0.233093142
-0.0463629241 0.0146011642 0.233795881
-0.0454618974 0.0145897918 0.234495401
-0.0445623097 0.0145784386 0.235193729
-0.0436641515 0.014567103 0.235890984
-0.0427674225 0.0145557857 0.236587107
-0.0418647052 0.0145419645 0.237437248
-0.0409630913 0.0145279447 0.238299608
-0.0400636001 0.014514075 0.239152729
-0.0391664929 0.0145004602 0.239990174
-0.0382711091 0.0144868725 0.24082595
-0.0373756453 0.0144726298 0.24170202
-0.0364759724 0.0144560827 0.242719828
-0.0355784028 0.0144395744 0.243735253
-0.0346829293 0.0144231048 0.244748294
-0.0337904845 0.0144070665 0.24573481
-0.032898618 0.0143904429 0.246757328
-0.032001686 0.0143707038 0.247971475
-0.0290762071 0.0134328712 0.305657446
-0.0281367658 0.0133652885 0.309814453
-0.0272542129 0.0133209953 0.312538921
-0.0264151437 0.0132954751 0.314108669
-0.0255897744 0.0132753397 0.315347194
-0.0247823614 0.0132633315 0.316085815
-0.0239903058 0.0132588439 0.316361844
-0.0232004521 0.0132552838 0.316580831
-0.02241302 0.0132528757 0.316728949
-0.0216261916 0.0132506547 0.316865563
-0.0208417318 0.0132497409 0.31692177
-0.0200588385 0.013249769 0.316920041
-0.0192753043 0.0132493678 0.316944718
-0.0184923418 0.0132493339 0.316946804
-0.0177102278 0.0132499192 0.316910803
-0.0169275593 0.0132501334 0.31689763
-0.0161450141 0.0132504677 0.316877067
-0.0153619004 0.0132503553 0.316883981
-0.0145790111 0.0132504309 0.316879332
-0.0137954344 0.0132498669 0.316914021
-0.0130120917 0.0132494686 0.316938519
-0.0122287973 0.0132490704 0.316963016
-0.0114455503 0.0132486711 0.316987574
-0.0106621464 0.0132480209 0.317027568
-0.00987892842 0.0132475122 0.317058861
-0.00909577146 0.0132470025 0.317090213
-0.00831267629 0.0132464928 0.317121565
-0.00752964513 0.0132459869 0.317152678
-0.00674671023 0.0132455489 0.31717962
-0.00596382842 0.0132451109 0.317206561
-0.0051809997 0.0132446729 0.317233502
-0.00439822407 0.0132442349 0.317260444
-0.00361552453 0.0132438812 0.317282199
-0.00283289704 0.0132436651 0.317295491
-0.0020502959 0.01324345 0.317308723
-0.00126772083 0.0132432349 0.317321956
-0.000485171836 0.0132430198 0.317335188
0.000297351698 0.013242825 0.317347168
0.00107986096 0.0132427329 0.317352831
0.00186235907 0.0132426409 0.317358493
0.00264484581 0.0132425478 0.317364215
0.00342732154 0.0132424558 0.317369878
0.00420979483 0.0132423899 0.317373931
0.00499229411 0.0132424102 0.317372679
0.00577479541 0.0132424296 0.317371487
0.00655729907 0.013242449 0.317370295
0.00733980563 0.0132424694 0.317369043
0.00812232082 0.0132424994 0.317367196
0.00890487208 0.0132425759 0.317362487
0.00968755447 0.0132428134 0.317347884
0.0104702664 0.0132430517 0.317333221
0.0112530064 0.0132432892 0.317318618
0.0120358908 0.0132436496 0.317296445
0.0128186523 0.0132438434 0.317284524
0.0136014351 0.0132440353 0.317272722
0.0143842434 0.0132442291 0.317260801
0.015167074 0.0132444219 0.31724894
0.0159506889 0.0132452272 0.317199408
0.0167334595 0.0132453096 0.317194342
0.01751624 0.0132453919 0.317189276
0.0182990319 0.0132454753 0.31718415
0.0190828684 0.0132462553 0.317136168
0.0198678583 0.0132477205 0.317046046
0.0206513403 0.0132481362 0.317020475
0.0214348695 0.01324855 0.316995024
0.022221018 0.0132504512 0.31687808
0.0230088541 0.0132531674 0.316711008
0.0237947427 0.0132546519 0.316619694
0.02458677 0.0132592577 0.316336393
0.0253797506 0.0132640641 0.316040754
0.0262037951 0.0132838836 0.31482166
0.0270370418 0.0133069551 0.313402533
0.0279022357 0.0133435755 0.311150014
0.0288129358 0.0133987606 0.307755589
0.0317554548 0.0143450004 0.249552488
0.0326446495 0.0143620911 0.248501241
0.0335360295 0.0143792293 0.247447073
0.034428319 0.0143958917 0.246422171
0.0353167788 0.0144102284 0.24554032
0.0362070538 0.0144245952 0.244656622
0.0370991468 0.014438991 0.243771135
0.0379935885 0.0144536107 0.24287188
0.0388902673 0.014468399 0.241962253
0.0397838748 0.0144814615 0.241158783
0.0406779805 0.014494147 0.240378498
0.0415736865 0.0145068538 0.239596903
0.0424715752 0.0145197748 0.238802134
0.0433711784 0.0145327443 0.238004386
0.0442724262 0.0145457369 0.237205207
0.0451705438 0.0145572509 0.236496984
0.0460700288 0.0145687561 0.235789298
0.0469710972 0.0145803186 0.235078096
0.0478736388 0.0145919023 0.234365582
0.0487776476 0.0146035044 0.233651935
0.0496831302 0.014615126 0.232937097
0.0505888465 0.0146264161 0.232242643
0.0514954631 0.0146375763 0.231556177
0.0524033827 0.014648723 0.230870544
0.0533127112 0.0146598852 0.230183958
0.0542234624 0.0146710659 0.22949624
0.055135856 0.0146823211 0.228803932
0.0560565119 0.0146953409 0.228003084
0.0569784189 0.0147082784 0.227207302
0.0579019879 0.0147212391 0.22641009
0.058827223 0.0147342231 0.225611448
0.0597550538 0.0147474532 0.224797665
0.060723362 0.0147699123 0.223416209
0.0617046275 0.0147947668 0.221887409
0.0626892753 0.0148197066 0.220353364
0.0636768311 0.0148446203 0.218820929
0.0648331893 0.0149067503 0.214999317
0.0660145096 0.0149727409 0.210940241
0.0675037826 0.0151042842 0.20284903
0.0694859704 0.0153387031 0.188429951
-0.0669872936 0.014248695 0.200246631
-0.0652896113 0.0140800334 0.211290299
-0.0640792282 0.0140109 0.215817034
-0.0629784311 0.0139635892 0.218914866
-0.0619965892 0.0139410894 0.220388114
-0.0610175729 0.0139185723 0.221862494
-0.060041788 0.0138961289 0.223332047
-0.0590959427 0.0138798956 0.224394977
-0.058171782 0.0138682284 0.225158929
-0.0572492114 0.0138565811 0.225921571
-0.0563282345 0.0138449557 0.226682782
-0.0554088509 0.0138333531 0.227442502
-0.0544919886 0.0138220044 0.228185593
-0.0535797004 0.0138114395 0.228877365
-0.0526688393 0.013800891 0.229568064
-0.0517593988 0.0137903579 0.230257749
-0.0508534474 0.0137803893 0.230910479
-0.0499500217 0.0137707547 0.231541335
-0.049047723 0.0137610883 0.232174277
-0.0481424832 0.0137502521 0.23288381
-0.0472387024 0.0137394332 0.233592212
-0.0463363773 0.0137286316 0.23429948
-0.0454355077 0.0137178483 0.235005557
-0.0445360808 0.0137070804 0.23571062
-0.0436381027 0.0136963307 0.236414492
-0.0427373662 0.0136842829 0.237203359
-0.0418356833 0.0136714359 0.238044559
-0.040935739 0.0136586153 0.238884031
-0.04003752 0.0136458183 0.239721953
-0.0391410244 0.013633046 0.240558266
-0.0382462474 0.0136202982 0.24139297
-0.0373462227 0.0136050944 0.242388486
-0.0364478552 0.0135897796 0.243391275
-0.0355520049 0.0135746668 0.244380831
-0.0346581903 0.0135595869 0.245368242
-0.033766412 0.0135445424 0.246353328
-0.0328697646 0.0135267561 0.247517943
-0.0319741017 0.0135084282 0.248718023
-0.0289958561 0.012604714 0.307891666
-0.0280958689 0.0125574924 0.310983657
-0.0272242401 0.012520274 0.313420653
-0.0263906316 0.0124984251 0.314851283
-0.0255681566 0.0124805414 0.316022276
-0.0247751725 0.0124760336 0.316317439
-0.0239840562 0.0124721794 0.316569805
-0.0231942809 0.0124687685 0.316793143
-0.0224079803 0.012467008 0.316908419
-0.0216220974 0.0124653549 0.317016661
-0.0208376294 0.0124644046 0.317078888
-0.0200556321 0.0124648816 0.317047655
-0.0192726165 0.0124647532 0.317056059
-0.0184900591 0.0124649161 0.31704539
-0.0177080435 0.0124654669 0.317009329
-0.0169256956 0.0124658292 0.316985607
-0.0161432106 0.0124661232 0.316966354
-0.015360407 0.0124661942 0.316961705
-0.0145775944 0.0124662652 0.316957056
-0.0137943039 0.0124659211 0.316979587
-0.0130110258 0.012465547 0.317004084
-0.012227796 0.0124651728 0.317028582
-0.0114446144 0.0124647987 0.317053079
-0.01066139 0.0124643199 0.317084431
-0.0098783169 0.0124639521 0.317108511
-0.00909531018 0.0124636099 0.317130923
-0.00831234638 0.0124632658 0.317153453
-0.0075294493 0.0124629581 0.3171736
-0.00674659891 0.0124626632 0.317192912
-0.00596378702 0.0124623691 0.317212164
-0.00518101268 0.0124620742 0.317231476
-0.0043982764 0.0124617793 0.317250788
-0.00361558505 0.012461508 0.31726855
-0.00283294411 0.012461305 0.317281842
-0.00205032952 0.0124611029 0.317295074
-0.00126774091 0.0124608999 0.317308366
-0.000485178531 0.0124606978 0.317321598
0.000297357777 0.0124604957 0.31733483
0.00107987911 0.0124604084 0.317340552
0.00186238931 0.0124603219 0.317346215
0.00264488836 0.0124602354 0.317351877
0.00342737598 0.012460148 0.317357599
0.00420985749 0.0124600752 0.317362368
0.00499236778 0.0124600934 0.317361175
0.00577488042 0.0124601116 0.317359983
0.00655739591 0.0124601307 0.317358732
0.00733991275 0.012460148 0.317357599
0.00812242134 0.0124601498 0.31735748
0.00890496933 0.0124602044 0.317353904
0.00968752437 0.0124602591 0.317350327
0.0104700857 0.0124603128 0.317346811
0.0112526539 0.0124603665 0.317343294
0.0120350352 0.0124602263 0.317352473
0.0128173576 0.0124600479 0.317364156
0.0135996571 0.0124598695 0.317375838
0.0143823029 0.0124600005 0.317367255
0.0151650298 0.0124601826 0.317355334
0.0159479066 0.0124604602 0.317337155
0.0167305414 0.0124605376 0.317332088
0.0175131862 0.012460615 0.317327022
0.0182958424 0.0124606933 0.317321896
0.0190794641 0.012461376 0.317277193
0.0198635168 0.0124622672 0.31721884
0.020646827 0.0124626568 0.317193329
0.0214301874 0.0124630464 0.317167818
0.0222159532 0.0124647168 0.317058443
0.0230029237 0.012466907 0.316915035
0.0237885826 0.012468287 0.316824674
0.0245799565 0.0124723915 0.316555917
0.0253720949 0.012476608 0.316279828
0.0261793755 0.0124875789 0.315561473
0.0270106532 0.012508695 0.314178824
0.0278616828 0.0125372456 0.312309384
0.0287604881 0.01258452 0.309213936
0.0297379032 0.012661765 0.304156064
0.0326298328 0.0135057738 0.24889183
0.0335211968 0.013522018 0.247828185
0.034415192 0.0135384671 0.246751129
0.0353040661 0.0135522107 0.245851218
0.0361940098 0.0135656977 0.244968116
0.037085847 0.0135792392 0.244081437
0.0379803305 0.013593094 0.243174254
0.0388766846 0.0136069769 0.242265224
0.0397721756 0.013619975 0.241414129
0.0406660046 0.0136318835 0.240634381
0.0415616807 0.0136438912 0.239848136
0.0424593742 0.0136560455 0.239052295
0.0433587071 0.0136682216 0.238255023
0.0442596868 0.0136804205 0.237456262
0.0451593207 0.0136917574 0.236713945
0.0460586265 0.0137025753 0.236005604
0.046959469 0.0137134333 0.235294639
0.0478617809 0.0137243105 0.234582424
0.0487655561 0.013735204 0.233869135
0.0496708045 0.0137461157 0.233154654
0.0505766912 0.0137568235 0.232453524
0.0514829637 0.0137672719 0.231769382
0.0523906519 0.0137777376 0.231084108
0.0532998783 0.0137882506 0.230395734
0.0542114119 0.0137989994 0.229691922
0.0551244071 0.0138097664 0.228986918
0.056043894 0.0138217595 0.228201627
0.0569668864 0.013834216 0.227385997
0.0578915798 0.0138466944 0.226568937
0.0588179864 0.0138591964 0.225750327
0.0597457688 0.0138716447 0.224935233
0.0607056149 0.0138908856 0.22367537
0.0616865588 0.0139142193 0.222147524
0.0626708873 0.0139376339 0.220614373
0.063657394 0.0139608683 0.219093024
0.0647811874 0.0140124221 0.215717375
0.0659613234 0.014074314 0.211664795
0.067370389 0.0141815652 0.204642176
0.0692447672 0.0143802911 0.191629946
-0.0665985999 0.0132751456 0.205541789
-0.0651899674 0.0131733594 0.212666213
-0.0639831072 0.0131091197 0.217162609
-0.0629445274 0.0130772098 0.219396114
-0.0619615615 0.0130558329 0.220892369
-0.0609831522 0.0130347915 0.22236514
-0.0600079752 0.0130138199 0.223833024
-0.0590782465 0.0130019899 0.224661052
-0.0581543987 0.0129910865 0.22542423
-0.0572321395 0.0129802017 0.226186096
-0.0563114612 0.0129693349 0.226946711
-0.0553923675 0.0129584876 0.227705955
-0.0544772293 0.0129482109 0.228425264
-0.0535651989 0.0129383327 0.229116678
-0.0526545985 0.0129284707 0.229806959
-0.0517454143 0.0129186223 0.230496287
-0.050837671 0.0129087944 0.231184184
-0.0499316445 0.0128990576 0.231865704
-0.0490245156 0.0128886931 0.232591152
-0.0481175484 0.0128779974 0.233339786
-0.0472136855 0.0128677352 0.234058082
-0.0463120865 0.0128577029 0.234760284
-0.0454119299 0.0128476868 0.235461354
-0.0445132123 0.0128376868 0.236161291
-0.0436133738 0.012826969 0.236911475
-0.0427104204 0.0128149057 0.237755835
-0.041809205 0.0128028645 0.238598644
-0.0409097313 0.012790848 0.239439725
-0.040012079 0.0127788826 0.24027723
-0.0391166516 0.0127671004 0.24110192
-0.0382188978 0.0127540305 0.242016732
-0.0373195771 0.0127398374 0.243010163
-0.0364223064 0.0127256759 0.244001388
-0.035527084 0.0127115475 0.244990289
-0.0346339841 0.0126974813 0.245974838
-0.0337401844 0.012682446 0.247027218
-0.0328433576 0.0126654896 0.248214065
-0.029922317 0.0118649352 0.304248094
-0.0289453828 0.0117928287 0.309295117
-0.0280540108 0.0117516078 0.31218034
-0.0272002889 0.0117238211 0.314125239
-0.0263647029 0.0117022254 0.315636813
-0.0255606726 0.0116933793 0.316255986
-0.0247679872 0.0116891938 0.316548943
-0.0239778101 0.0116859264 0.316777646
-0.0231887057 0.0116829646 0.316984951
-0.0224028251 0.0116814352 0.317092001
-0.0216180049 0.0116803537 0.317167699
-0.0208342817 0.0116797908 0.317207098
-0.0200524258 0.0116802456 0.317175269
-0.0192699287 0.011680358 0.317167401
-0.0184877791 0.0116806943 0.317143857
-0.0177058051 0.0116811738 0.3171103
-0.0169238319 0.0116816983 0.317073583
-0.0161417105 0.0116821692 0.317040622
-0.0153591725 0.0116823787 0.317025959
-0.0145766067 0.0116825891 0.317011237
-0.0137936975 0.0116825388 0.317014753
-0.0130106101 0.0116823259 0.317029654
-0.0122275511 0.0116821122 0.317044615
-0.0114445335 0.0116819104 0.317058742
-0.0106614994 0.0116816609 0.317076206
-0.00987843877 0.0116813407 0.317098617
-0.00909542094 0.0116810188 0.317121148
-0.00831244813 0.0116806977 0.317143619
-0.00752957595 0.0116804627 0.317160069
-0.00674671223 0.0116801868 0.317179381
-0.00596388656 0.0116799109 0.317198693
-0.00518109895 0.011679635 0.317218005
-0.0043983494 0.0116793591 0.317237317
-0.0036156453 0.011679107 0.31725496
-0.00283299119 0.011678918 0.317268192
-0.002050363 0.0116787281 0.317281484
-0.00126776109 0.011678539 0.317294716
-0.000485185226 0.0116783491 0.317308008
0.000297363796 0.0116781405 0.317322611
0.00107989726 0.0116780596 0.317328274
0.00186241941 0.0116779778 0.317333996
0.00264493049 0.0116778969 0.317339658
0.00342743042 0.011677816 0.317345321
0.00420991983 0.0116777368 0.317350864
0.00499244146 0.0116777539 0.317349672
0.00577496543 0.0116777709 0.31734848
0.00655749176 0.0116777879 0.317347288
0.0073400182 0.0116778016 0.317346334
0.00812252247 0.011677782 0.317347705
0.00890507942 0.0116778322 0.317344188
0.00968764404 0.0116778833 0.317340612
0.0104702149 0.0116779335 0.317337095
0.0112527646 0.0116779557 0.317335546
0.0120351098 0.0116777837 0.317347586
0.0128174361 0.0116776159 0.317359328
0.0135997414 0.0116774499 0.317370951
0.0143820215 0.0116772821 0.317382693
0.015164219 0.0116770701 0.317397534
0.0159459249 0.011676531 0.317435264
0.0167276234 0.0116760371 0.317469835
0.0175101338 0.0116761103 0.317464709
0.0182926529 0.0116761827 0.317459642
0.0190760597 0.0116767746 0.317418217
0.0198591768 0.0116771552 0.317391574
0.0206423168 0.0116775197 0.317366063
0.0214255054 0.0116778833 0.317340612
0.02221089 0.0116793386 0.317238748
0.0229969673 0.0116810358 0.317119956
0.0237824226 0.0116823259 0.317029654
0.0245731487 0.0116859604 0.316775262
0.0253644429 0.0116896247 0.316518783
0.026163465 0.0116964151 0.316043496
0.0269843173 0.0117119869 0.314953565
0.0278314729 0.0117374249 0.313173055
0.0287188721 0.0117774562 0.3103711
0.0296578879 0.0118353109 0.30632162
0.0326150296 0.0126502312 0.249282062
0.0335063779 0.0126655629 0.248208939
0.0343999599 0.0126809371 0.247132837
0.0352913607 0.0126948082 0.246161937
0.0361809708 0.0127074157 0.24527949
0.0370729253 0.012720225 0.244382917
0.037967083 0.0127331765 0.24347639
0.03886311 0.0127461544 0.242568016
0.0397604819 0.0127589934 0.241669356
0.0406540399 0.0127701277 0.240890026
0.0415497546 0.0127814476 0.240097701
0.042447179 0.0127928109 0.239302337
0.0433462448 0.0128041955 0.238505482
0.0442469505 0.0128155997 0.237707257
0.0451481038 0.0128266931 0.236930787
0.0460472368 0.0128368242 0.236221671
0.0469478471 0.0128469765 0.235511064
0.047850086 0.0128571885 0.234796285
0.0487545165 0.0128676015 0.234067439
0.0496604542 0.0128780324 0.233337342
0.0505675112 0.012888384 0.232612788
0.0514745737 0.0128983891 0.231912493
0.0523830909 0.012908412 0.231210946
0.0532930484 0.0129184486 0.230508446
0.0542044636 0.0129285022 0.229804754
0.0551172618 0.012938555 0.229101121
0.0560355338 0.0129495266 0.228333175
0.0569583812 0.012961176 0.227517783
0.0578829292 0.0129728459 0.226700961
0.0588091899 0.0129845379 0.225882589
0.0597363552 0.0129960801 0.225074708
0.0606878719 0.0130123705 0.223934471
0.0616684984 0.013034186 0.222407519
0.0626525077 0.0130560773 0.220875263
0.0636379739 0.013077656 0.219364881
0.0647292719 0.0131195258 0.21643424
0.065908089 0.0131773056 0.212390005
0.0672375231 0.013262481 0.206428229
0.0690052264 0.0134285001 0.194807887
0.0720328161 0.0138259548 0.166988432
-0.0684180651 0.012548181 0.193083465
-0.066391906 0.0123450106 0.208357572
-0.065126777 0.0122760923 0.213538765
-0.0639278148 0.0122175935 0.217936634
-0.0629245606 0.0121944101 0.219679534
-0.0619408471 0.0121743108 0.221190571
-0.0609604623 0.0121542798 0.222696483
-0.0599902783 0.0121356742 0.224095225
-0.0590637256 0.0121252437 0.224879384
-0.058138812 0.0121148321 0.225662112
-0.0572155254 0.012104438 0.226443529
-0.0562946992 0.0120942365 0.227210462
-0.0553758915 0.0120841429 0.227969288
-0.054462481 0.0120748921 0.228664755
-0.0535510188 0.0120657681 0.229350686
-0.0526410008 0.0120566647 0.230035066
-0.0517323908 0.0120475748 0.230718433
-0.0508251927 0.0120385 0.231400668
-0.0499193897 0.012029437 0.232082009
-0.0490111367 0.0120194679 0.232831478
-0.048104429 0.0120095154 0.233579695
-0.0471992663 0.0119995803 0.234326601
-0.0462956413 0.0119896619 0.235072255
-0.0453935536 0.0119797609 0.235816597
-0.0444932503 0.0119699432 0.236554682
-0.0435884609 0.0119585375 0.237412154
-0.0426856869 0.0119472205 0.238262951
-0.0417856548 0.0119362 0.239091455
-0.0408873279 0.0119252002 0.23991841
-0.0399907043 0.0119142217 0.240743756
-0.0390942348 0.0119028065 0.241601943
-0.0381934847 0.0118895795 0.242596328
-0.0372955807 0.0118766277 0.243570029
-0.0363997876 0.011863737 0.244539141
-0.0355059921 0.0118508747 0.245506107
-0.0346141876 0.0118380411 0.246470928
-0.0337157778 0.0118223 0.247654318
-0.0328202269 0.0118067438 0.248823821
-0.0298650761 0.0110489042 0.305797278
-0.0289156295 0.0109913727 0.31012243
-0.0280231817 0.0109522755 0.313061714
-0.0271755091 0.0109284324 0.314854204
-0.0263481372 0.0109113468 0.316138684
-0.0255531943 0.0109066801 0.316489517
-0.0247608075 0.0109028126 0.316780269
-0.0239715659 0.0109000837 0.316985428
-0.0231834926 0.0108977044 0.317164301
-0.0223976548 0.010896217 0.31727612
-0.021613914 0.0108956509 0.317318677
-0.0208309512 0.0108954384 0.317334651
-0.0200490712 0.0108957825 0.317308783
-0.0192672424 0.0108961829 0.317278683
-0.0184862375 0.0108970907 0.317210435
-0.0177051444 0.0108980263 0.317140102
-0.0169235642 0.010898743 0.317086219
-0.0161417273 0.0108993606 0.317039787
-0.0153591885 0.0108995557 0.317025125
-0.0145766209 0.0108997507 0.317010462
-0.0137937766 0.0108997547 0.317010164
-0.0130106827 0.0108995549 0.317025184
-0.0122276203 0.0108993567 0.317040085
-0.0114446749 0.0108992401 0.317048847
-0.0106616302 0.010899007 0.317066371
-0.00987855916 0.0108987081 0.317088842
-0.0090955317 0.0108984084 0.317111372
-0.00831254926 0.0108981095 0.317133843
-0.0075297026 0.0108979406 0.317146539
-0.00674682555 0.0108976838 0.317165851
-0.00596398655 0.0108974269 0.317185163
-0.00518118561 0.01089717 0.317204475
-0.00439842305 0.0108969139 0.317223727
-0.00361570582 0.01089668 0.317241311
-0.00283303826 0.010896504 0.317254543
-0.00205039662 0.0108963272 0.317267835
-0.00126778126 0.0108961512 0.317281067
-0.000485191452 0.0108959609 0.317295372
0.000297369845 0.0108957619 0.317310333
0.00107991532 0.0108956858 0.317316055
0.00186244966 0.0108956105 0.317321717
0.00264497263 0.0108955344 0.317327439
0.00342748169 0.0108954503 0.317333757
0.00420998217 0.0108953758 0.31733936
0.00499251513 0.0108953917 0.317338168
0.00577505044 0.0108954075 0.317336976
0.0065575881 0.0108954234 0.317335784
0.00734010914 0.0108954123 0.317336618
0.00812262298 0.0108953941 0.317337989
0.00890518951 0.0108954408 0.317334473
0.0096877637 0.0108954884 0.317330896
0.0104703441 0.0108955352 0.31732738
0.0112528344 0.0108954916 0.317330658
0.0120351835 0.0108953306 0.317342758
0.0128175156 0.0108951752 0.31735444
0.0135998246 0.0108950198 0.317366123
0.0143821106 0.0108948644 0.317377805
0.0151641606 0.0108945616 0.317400574
0.0159458647 0.0108940605 0.317438244
0.0167274921 0.0108935578 0.317476034
0.0175090463 0.010893056 0.317513763
0.0182905248 0.0108925533 0.317551553
0.0190719187 0.0108920451 0.317589759
0.0198548383 0.0108923844 0.317564249
0.0206378081 0.0108927238 0.317538738
0.0214208282 0.0108930631 0.317513227
0.0222058285 0.0108943166 0.317418992
0.0229910162 0.0108955709 0.317324698
0.0237762679 0.0108967712 0.317234456
0.0245663445 0.0108999632 0.316994488
0.0253567967 0.0109031147 0.316757559
0.0261547985 0.0109091205 0.316306054
0.0269583806 0.0109169616 0.315716564
0.0278056225 0.010940964 0.313912093
0.0286772497 0.0109726704 0.311528444
0.0295787073 0.0110134247 0.308464586
0.0326006243 0.0117955972 0.249661803
0.033491573 0.0118098628 0.248589336
0.0343847421 0.011824164 0.247514188
0.0352786651 0.0118380212 0.246472418
0.0361680441 0.011849783 0.245588183
0.0370600112 0.0118618072 0.244684219
0.0379538407 0.011873856 0.243778407
0.0388495434 0.0118859309 0.242870628
0.0397471196 0.0118980304 0.241961002
0.0406423123 0.011908943 0.241140604
0.0415378343 0.0119194973 0.240347146
0.0424351262 0.0119301078 0.239549458
0.0433347701 0.0119409269 0.238736093
0.0442360894 0.011951765 0.237921297
0.0451394614 0.0119627181 0.237097859
0.0460393095 0.0119723725 0.236372053
0.0469406103 0.0119820324 0.23564583
0.0478434106 0.011991709 0.234918355
0.0487477109 0.0120014015 0.234189689
0.0496536227 0.0120111352 0.233457922
0.0505610522 0.0120208863 0.232724845
0.0514679938 0.012030199 0.232024729
0.0523763826 0.0120395267 0.23132348
0.0532862256 0.0120488703 0.230621039
0.0541975042 0.012058225 0.229917764
0.0551101127 0.0120675678 0.229215383
0.0560271737 0.0120775528 0.228464722
0.0569498761 0.0120883957 0.227649569
0.0578742825 0.0120992584 0.226832926
0.0588001911 0.0121100996 0.226017892
0.0597269375 0.0121207895 0.225214242
0.0606701411 0.0121343684 0.224193394
0.0616504505 0.0121546675 0.222667336
0.062634082 0.012175026 0.221136808
0.0636185624 0.0121949809 0.219636619
0.0646774384 0.0122280574 0.217149972
0.065854754 0.012281708 0.213116586
0.067105176 0.0123470093 0.208207309
0.0687673389 0.0124832634 0.197963893
0.0712473873 0.0127584711 0.177274107
-0.0680111358 0.011575853 0.198553621
-0.0662797537 0.0114362871 0.209885418
-0.0650637074 0.0113805652 0.214409649
-0.0638913122 0.0113308322 0.218447625
-0.0629046063 0.0113121712 0.219962775
-0.0619212382 0.0112935725 0.221472859
-0.0609418948 0.0112751625 0.222967624
-0.0599796618 0.0112593373 0.224252522
-0.0590532839 0.011249683 0.225036382
-0.0581285367 0.0112400449 0.225818932
-0.0572054277 0.0112304251 0.226599991
-0.0562839412 0.0112208215 0.227379739
-0.0553650281 0.011211422 0.228142917
-0.0544514986 0.0112027984 0.228843092
-0.053539414 0.011194188 0.229542195
-0.0526287745 0.0111855916 0.230240166
-0.0517196887 0.0111770326 0.230935096
-0.0508127213 0.0111686336 0.231617033
-0.0499057638 0.0111599447 0.232322514
-0.0489978341 0.0111507331 0.233070433
-0.0480918117 0.0111416191 0.233810424
-0.0471873115 0.0111325199 0.234549224
-0.0462843364 0.0111234367 0.235286712
-0.0453828762 0.0111143683 0.236023008
-0.0444808376 0.0111048072 0.236799299
-0.043576313 0.0110942522 0.237656295
-0.0426735644 0.0110837192 0.238511502
-0.041772578 0.011073206 0.2393651
-0.0408735108 0.0110627552 0.240213632
-0.0399763234 0.0110523602 0.241057634
-0.0390767534 0.0110408538 0.241991877
-0.0381769808 0.0110287733 0.242972731
-0.0372792382 0.0110167207 0.24395132
-0.0363835163 0.0110046952 0.244927704
-0.0354898355 0.010992705 0.245901227
-0.0345947718 0.0109796959 0.24695748
-0.033697709 0.0109653954 0.248118579
-0.0328030518 0.0109511331 0.249276578
-0.0298064124 0.0102354519 0.307384967
-0.0288854689 0.0101914075 0.310961067
-0.0280025747 0.0101582793 0.313650846
-0.0271485411 0.0101336874 0.315647542
-0.026339878 0.0101245566 0.316388905
-0.0255457256 0.0101204448 0.31672275
-0.0247537092 0.0101169196 0.317008972
-0.0239653288 0.0101146534 0.317192971
-0.0231782829 0.0101127991 0.317343533
-0.0223927272 0.0101114681 0.317451596
-0.0216098247 0.0101112464 0.317469596
-0.0208278572 0.010111449 0.317453146
-0.0200475137 0.0101124636 0.317370772
-0.0192668654 0.0101134054 0.317294299
-0.0184861119 0.0101143715 0.317215859
-0.0177051087 0.0101152848 0.317141711
-0.0169235314 0.0101159491 0.317087769
-0.016141743 0.0101165496 0.317039012
-0.0153592034 0.0101167302 0.31702435
-0.0145766763 0.0101169387 0.317007422
-0.0137938537 0.01011696 0.317005693
-0.0130107574 0.0101167765 0.317020595
-0.0122276885 0.0101165915 0.317035615
-0.0114448171 0.0101165511 0.317038893
-0.0106617603 0.0101163331 0.317056596
-0.00987867955 0.0101160563 0.317079067
-0.00909564247 0.0101157788 0.317101597
-0.00831267197 0.0101155277 0.317121982
-0.00752982981 0.0101153927 0.317132949
-0.00674693886 0.0101151541 0.317152321
-0.00596408653 0.0101149162 0.317171633
-0.00518127226 0.0101146784 0.317190945
-0.00439849702 0.0101144427 0.317210078
-0.00361576634 0.0101142262 0.317227661
-0.00283308512 0.0101140625 0.317240953
-0.00205043024 0.0101138995 0.317254185
-0.00126780135 0.0101137358 0.317267477
-0.00048519753 0.0101135442 0.317283034
0.000297375895 0.0101133592 0.317298054
0.00107993355 0.0101132894 0.317303717
0.0018624799 0.010113219 0.317309439
0.00264501518 0.0101131492 0.317315101
0.00342753296 0.0101130619 0.317322194
0.00421004451 0.0101129921 0.317327857
0.00499258881 0.0101130068 0.317326664
0.00577513545 0.0101130215 0.317325472
0.00655768495 0.0101130369 0.317324221
0.0073402012 0.0101130053 0.317326784
0.0081227235 0.010112987 0.317328274
0.00890529959 0.0101130303 0.317324757
0.00968788262 0.0101130736 0.31732124
0.0104704742 0.0101131184 0.317317605
0.0112529034 0.0101130171 0.31732583
0.0120352573 0.0101128681 0.31733793
0.0128175941 0.0101127242 0.317349612
0.0135999089 0.010112581 0.317361235
0.0143821986 0.0101124364 0.317372977
0.0151641022 0.0101120591 0.317403614
0.0159458033 0.0101115951 0.317441284
0.0167274277 0.0101111297 0.317479074
0.0175089802 0.0101106657 0.317516744
0.0182904558 0.0101102003 0.317554533
0.019071559 0.0101095829 0.317604661
0.0198528645 0.0101091131 0.317642808
0.0206340963 0.010108644 0.317680895
0.0214161511 0.0101085831 0.317685842
0.0222001962 0.0101093994 0.317619562
0.0229850668 0.0101105101 0.31752938
0.023770115 0.0101116208 0.317439198
0.024559422 0.010114351 0.317217528
0.0253491543 0.0101170767 0.316996216
0.0261461359 0.0101223447 0.316568493
0.0269469612 0.0101286999 0.316052496
0.0277806581 0.0101462715 0.314625799
0.0286362596 0.0101703819 0.312668204
0.0295358696 0.0102078758 0.309623956
0.0305126547 0.0102684787 0.304703414
0.033476782 0.0109549167 0.248969376
0.0343695386 0.0109681468 0.247895181
0.0352645193 0.0109814093 0.246818363
0.0361554619 0.0109928599 0.24588865
0.0370474037 0.0110040712 0.244978368
0.0379417353 0.0110154499 0.244054496
0.0388379756 0.0110268529 0.243128657
0.0397361278 0.0110382793 0.242200911
0.0406339518 0.0110491382 0.241319239
0.0415300867 0.011059114 0.240509271
0.0424278963 0.0110691097 0.239697694
0.0433273793 0.0110791237 0.238884627
0.0442285462 0.0110891575 0.238069951
0.0451323298 0.0110994321 0.237235724
0.0460329029 0.0111085725 0.236493587
0.0469340744 0.0111175147 0.235767543
0.047836745 0.0111264723 0.235040247
0.048740912 0.0111354438 0.234311819
0.0496469533 0.0111445108 0.233575642
0.0505545725 0.011153605 0.232837259
0.0514614139 0.01116223 0.232136964
0.0523696815 0.0111708646 0.231435894
0.0532794029 0.0111795139 0.230733633
0.0541904824 0.011188158 0.230031788
0.0551029711 0.0111968073 0.229329526
0.0560188173 0.0112058391 0.22859621
0.0569413748 0.0112158758 0.227781295
0.0578656357 0.0112259309 0.22696489
0.0587909347 0.0112358803 0.226157069
0.0597175278 0.0112457754 0.225353658
0.0606524226 0.0112568788 0.224452137
0.0616324149 0.0112756632 0.222926974
0.0626150138 0.0112943778 0.221407473
0.0635991593 0.0113128429 0.219908237
0.064625687 0.0113380133 0.217864573
0.0658014977 0.0113875554 0.213842093
0.0669847298 0.0114370138 0.209826409
0.0686050916 0.0115566054 0.200116395
0.0708743513 0.0117777714 0.182159245
-0.0700832778 0.010852556 0.182997286
-0.0678096575 0.0106455984 0.201261997
-0.0662153054 0.010537938 0.210763394
-0.065006189 0.0104876229 0.215203881
-0.0638710236 0.0104476498 0.218731641
-0.0628846647 0.0104304924 0.220245838
-0.0619018321 0.0104134235 0.221752226
-0.0609244375 0.0103967632 0.223222553
-0.0599690493 0.010383311 0.224409759
-0.0590428422 0.0103744318 0.225193381
-0.0581182731 0.0103655687 0.225975573
-0.0571953338 0.0103567213 0.226756393
-0.0562743689 0.0103479514 0.22753036
-0.0553562493 0.0103394207 0.228283226
-0.0544428728 0.0103314897 0.228983163
-0.0535309442 0.0103235716 0.229681968
-0.0526204532 0.0103156649 0.23037976
-0.051711407 0.0103077717 0.231076359
-0.0508038573 0.0102999028 0.231770813
-0.0498959877 0.0102916963 0.232495069
-0.0489880687 0.0102831892 0.233245849
-0.0480817008 0.010274697 0.233995318
-0.0471768804 0.0102662196 0.234743475
-0.046273597 0.0102577557 0.235490441
-0.045372279 0.0102493999 0.23622787
-0.0444684612 0.0102401614 0.237043201
-0.0435645179 0.0102305284 0.237893343
-0.0426623314 0.0102209144 0.238741815
-0.0417618967 0.0102113192 0.239588618
-0.0408632032 0.0102017417 0.240433871
-0.0399662545 0.0101921837 0.241277396
-0.0390650253 0.0101811236 0.242253482
-0.0381655496 0.0101700197 0.243233442
-0.0372681507 0.0101589543 0.244210004
-0.0363727686 0.0101479138 0.245184362
-0.0354793943 0.0101368977 0.246156573
-0.0345824153 0.010124314 0.247267127
-0.0336856878 0.0101111664 0.24842745
-0.0327913214 0.010098041 0.249585807
-0.0297568907 0.00942793175 0.308725237
-0.0288542001 0.00939274577 0.31183052
-0.0279819949 0.00936545297 0.314239204
-0.0271337299 0.00934455804 0.316083252
-0.0263317762 0.00933831347 0.316634357
-0.0255382664 0.0093346725 0.316955685
-0.0247472658 0.00933171635 0.317216575
-0.023959072 0.0093296247 0.31740117
-0.023173075 0.0093282476 0.317522704
-0.0223890901 0.00932758573 0.317581117
-0.021607856 0.00932802608 0.317542255
-0.0208273545 0.00932881762 0.317472398
-0.0200472306 0.0093298415 0.317382037
-0.019266592 0.00933070734 0.317305624
-0.0184859863 0.009331663 0.317221284
-0.0177050744 0.00933254707 0.317143261
-0.016923496 0.00933315694 0.317089438
-0.0161417598 0.00933373777 0.317038178
-0.0153592195 0.00933390391 0.317023515
-0.0145767675 0.009334143 0.317002415
-0.0137939308 0.00933415651 0.317001223
-0.01301083 0.00933398766 0.317016124
-0.0122277577 0.00933381814 0.317031085
-0.0114449585 0.00933384178 0.317028999
-0.0106618911 0.00933364051 0.317046761
-0.00987879995 0.00933338522 0.317069292
-0.0090957539 0.0093331306 0.317091763
-0.00831281195 0.0093329415 0.317108452
-0.0075299559 0.00933281655 0.317119479
-0.00674705218 0.00933259773 0.317138791
-0.00596418696 0.00933237958 0.317158043
-0.00518135892 0.00933216008 0.317177415
-0.00439857098 0.00933194463 0.317196428
-0.00361582686 0.0093317454 0.317214012
-0.00283313219 0.00933159479 0.317227304
-0.00205046386 0.00933144485 0.317240536
-0.00126782152 0.00933129424 0.317253828
-0.000485203579 0.00933110243 0.317270755
0.000297381944 0.00933093224 0.317285776
0.00107995161 0.0093308674 0.317291498
0.00186251015 0.00933080324 0.31729716
0.00264505732 0.0093307384 0.317302882
0.00342758397 0.00933064993 0.31731069
0.00421010685 0.00933058577 0.317316353
0.00499266248 0.00933059928 0.317315161
0.0057752209 0.00933061346 0.317313909
0.00655778129 0.00933062697 0.317312717
0.00734029214 0.00933057766 0.317317068
0.00812282401 0.00933056078 0.317318558
0.00890541036 0.0093306013 0.317314982
0.00968800302 0.00933064115 0.317311465
0.010470601 0.00933067965 0.317308068
0.0112529732 0.00933053376 0.317320942
0.0120353319 0.00933039666 0.317333042
0.0128176726 0.00933026361 0.317344784
0.0135999921 0.00933013191 0.317356407
0.0143822616 0.00932998333 0.31736952
0.0151640438 0.00932956257 0.317406654
0.0159457419 0.00932913573 0.317444324
0.0167273645 0.00932870821 0.317482054
0.0175089115 0.00932828002 0.317519843
0.0182903426 0.00932783157 0.317559421
0.0190712252 0.00932716226 0.317618489
0.019852517 0.00932673002 0.317656636
0.0206337337 0.00932629778 0.317694783
0.0214148784 0.00932586688 0.317732811
0.0221962378 0.00932555283 0.317760527
0.0229791191 0.00932585338 0.317734003
0.0237639675 0.0093268759 0.317643761
0.024552024 0.0093290047 0.317455887
0.0253415176 0.00933151104 0.317234695
0.0261374773 0.00933608742 0.316830813
0.0269375173 0.00934175859 0.316330313
0.0277558397 0.00935303272 0.315335333
0.0286096468 0.00937486912 0.313408196
0.0295028764 0.00940763049 0.310516893
0.0304603179 0.00945787003 0.306083083
0.0334647724 0.0101015294 0.249277949
0.0343580575 0.0101139375 0.248182892
0.0352537905 0.0101264259 0.247080743
0.03614733 0.0101377331 0.246082842
0.0370395608 0.0101481745 0.245161354
0.0379336937 0.0101586382 0.244237899
0.0388297346 0.0101691242 0.243312478
0.0397282928 0.0101797817 0.242371916
0.0406270419 0.0101900366 0.241466879
0.04152302 0.0101992117 0.24065715
0.0424206693 0.0102084043 0.239845871
0.0433199914 0.0102176138 0.239033103
0.0442215655 0.0102269685 0.238207519
0.0451252013 0.0102364184 0.23737353
0.0460264964 0.010245012 0.236615121
0.0469275385 0.0102532367 0.235889256
0.0478300795 0.0102614757 0.235162139
0.0487343055 0.010269766 0.234430491
0.0496402772 0.0102781171 0.23369348
0.0505477734 0.0102864823 0.232955217
0.051454834 0.0102944822 0.2322492
0.0523629839 0.0103024247 0.231548249
0.0532725548 0.0103103746 0.230846643
0.0541834643 0.0103183164 0.230145752
0.0550958258 0.010326271 0.229443728
0.0560104685 0.0103343857 0.228727579
0.0569328773 0.0103436162 0.227912962
0.0578569226 0.010352852 0.227097868
0.0587816822 0.0103619359 0.226296186
0.0597081222 0.0103710366 0.225493013
0.0606362429 0.0103801536 0.22468841
0.0616143876 0.0103971718 0.223186492
0.0625959582 0.010414265 0.221677959
0.0635797734 0.0104312428 0.220179617
0.0645740175 0.0104493902 0.21857804
0.065748329 0.010494846 0.214566409
0.0669303685 0.0105402749 0.210557162
0.0684695449 0.010638203 0.201914668
0.0705140276 0.0108085847 0.186877906
-0.0696309955 0.0098755845 0.188997626
-0.0676179076 0.00972203392 0.2038396
-0.066150984 0.00964133704 0.211639642
-0.0649541742 0.00959703185 0.215922117
-0.0638507519 0.00956502948 0.219015419
-0.0628647357 0.00954937331 0.220528721
-0.0618840823 0.00953407172 0.222007751
-0.0609069966 0.00951886879 0.223477244
-0.0599584408 0.00950759516 0.224566936
-0.0590324084 0.00949949113 0.22535026
-0.0581080095 0.00949140127 0.226132214
-0.0571856285 0.00948338789 0.226906776
-0.0562648647 0.0094753893 0.227679908
-0.055347478 0.00946769719 0.228423416
-0.0544342543 0.00946045831 0.229123115
-0.0535224709 0.00945322992 0.229821801
-0.0526121318 0.00944601325 0.230519354
-0.0517033595 0.00943883049 0.231213629
-0.0507960722 0.0094316687 0.231905877
-0.0498879439 0.00942410423 0.232637047
-0.0489801813 0.00941633997 0.233387529
-0.0480739629 0.00940858804 0.234136819
-0.0471692946 0.0094008503 0.234884739
-0.0462661662 0.0093931255 0.235631406
-0.0453646603 0.00938543092 0.236375153
-0.0444599138 0.00937677683 0.237211644
-0.0435557836 0.00936790815 0.238068878
-0.042653427 0.00935905735 0.238924384
-0.041752836 0.00935022381 0.23977822
-0.0408540058 0.00934140755 0.240630388
-0.0399555849 0.00933230453 0.241510272
-0.0390541309 0.00932210142 0.24249649
-0.0381547169 0.00931192111 0.243480503
-0.0372573366 0.00930176363 0.244462311
-0.0363620584 0.00929164746 0.245440125
-0.0354688654 0.00928157137 0.246414065
-0.034570009 0.0092695294 0.247578024
-0.0336735576 0.00925751702 0.248739123
-0.030728253 0.0086861048 0.303970992
-0.0297350413 0.00863080101 0.309316575
-0.0288270942 0.00859699493 0.312584221
-0.0279598451 0.00857332168 0.314872443
-0.0271215143 0.00855707722 0.316442608
-0.0263238219 0.00855260033 0.316875338
-0.0255308111 0.00854936044 0.317188501
-0.0247408261 0.00854692344 0.317424059
-0.0239536106 0.00854528006 0.317582905
-0.0231705906 0.0085450186 0.317608177
-0.022388295 0.00854500565 0.317609429
-0.0216070888 0.00854540771 0.317570567
-0.0208268503 0.00854622354 0.31749171
-0.0200469461 0.00854724101 0.317393362
-0.0192663316 0.00854803711 0.317316413
-0.0184858607 0.00854896517 0.317226708
-0.0177050374 0.00854981122 0.31714493
-0.0169234632 0.00855036929 0.317090988
-0.0161417755 0.00855092366 0.317037403
-0.0153592343 0.00855107535 0.31702274
-0.0145768588 0.00855133743 0.316997409
-0.0137940099 0.00855134545 0.316996634
-0.0130109027 0.00855119005 0.317011654
-0.0122278397 0.00855104452 0.317025721
-0.0114451007 0.00855111358 0.317019045
-0.0106620211 0.00855092797 0.317036986
-0.00987892034 0.00855069488 0.317059517
-0.00909586467 0.0085504624 0.317081987
-0.00831295194 0.00855032859 0.317094922
-0.00753008255 0.00855021451 0.317105949
-0.0067471655 0.00855001471 0.31712526
-0.00596428651 0.00854981492 0.317144572
-0.00518144557 0.00854961512 0.317163884
-0.00439864463 0.00854941903 0.317182839
-0.00361588712 0.00854923711 0.317200422
-0.00283317927 0.00854910022 0.317213654
-0.00205049734 0.0085489627 0.317226946
-0.00126784117 0.00854882211 0.317240536
-0.000485209628 0.00854863649 0.317258477
0.000297387993 0.0085484811 0.317273497
0.00107996984 0.00854842252 0.31727916
0.00186254039 0.00854836332 0.317284882
0.00264509863 0.00854830104 0.317290902
0.00342763524 0.00854821594 0.317299127
0.0042101692 0.00854815674 0.317304849
0.00499273654 0.00854816969 0.317303598
0.00577530591 0.00854818202 0.317302405
0.00655786715 0.00854818141 0.317302465
0.00734038364 0.00854813146 0.317307293
0.00812292514 0.00854811604 0.317308783
0.00890552045 0.00854815242 0.317305266
0.00968812268 0.00854818881 0.31730175
0.0104706652 0.00854817339 0.31730324
0.0112530431 0.00854804081 0.317316055
0.0120354057 0.00854791501 0.317328214
0.012817752 0.00854779415 0.317339897
0.0136000754 0.00854767329 0.317351579
0.0143822051 0.00854745561 0.31737262
0.0151639865 0.00854707267 0.317409634
0.0159456805 0.00854668233 0.317447364
0.0167273001 0.00854629199 0.317485094
0.0175088441 0.00854590103 0.317522883
0.0182900362 0.00854538612 0.317572653
0.0190708899 0.00854476824 0.317632377
0.0198521696 0.0085443742 0.317670464
0.0206333742 0.00854398016 0.317708552
0.0214145021 0.0085435855 0.317746698
0.0221955013 0.00854317111 0.317786753
0.0229777036 0.00854321304 0.3177827
0.0237599121 0.00854325436 0.317778706
0.0245446297 0.00854412939 0.317694127
0.0253338829 0.00854641593 0.317473113
0.0261288266 0.00855034955 0.317092895
0.0269280815 0.00855536725 0.316607892
0.0277446022 0.00856520901 0.315656602
0.0285915568 0.00858326642 0.313911199
0.0294765409 0.00861100896 0.311229646
0.0304081596 0.00865002882 0.307458043
0.0334559386 0.00924959428 0.249504923
0.034348981 0.00926091847 0.248410344
0.0352449847 0.00927244616 0.247296095
0.0361396873 0.00928310992 0.246265351
0.0370317204 0.00929263903 0.245344281
0.0379256548 0.0093021885 0.244421243
0.0388216727 0.00931179902 0.243492305
0.039720518 0.00932163461 0.242541611
0.0406201348 0.00933122663 0.241614461
0.0415159532 0.00933960076 0.240805029
0.0424134422 0.00934799092 0.239994049
0.043312823 0.00935644213 0.239177167
0.0442145879 0.0093650512 0.238345027
0.0451180727 0.00937367631 0.237511336
0.046020093 0.00938169155 0.236736595
0.0469210058 0.00938919928 0.236010909
0.0478234334 0.00939672305 0.235283672
0.0487277587 0.00940433315 0.234548091
0.0496336078 0.00941195681 0.233811199
0.0505409743 0.00941959219 0.233073175
0.0514482541 0.00942695563 0.232361435
0.0523562827 0.0094342056 0.231660664
0.0532656598 0.00944145003 0.230960428
0.0541764462 0.00944869938 0.230259716
0.0550886842 0.00945596046 0.229557871
0.0560023773 0.00946323324 0.228854894
0.0569243837 0.00947161662 0.228044569
0.0578478229 0.0094799741 0.227236747
0.0587724337 0.00948826622 0.226435244
0.0596987166 0.00949657252 0.225632369
0.0606266837 0.00950489423 0.224828004
0.0615963687 0.00951919315 0.223445892
0.062576911 0.00953468652 0.221948325
0.0635603916 0.00955017804 0.220450937
0.0645471943 0.0095657226 0.218948423
0.0656952521 0.00960357699 0.215289473
0.066876087 0.009644987 0.211286842
0.0683345372 0.00972341831 0.203705787
0.0702527582 0.00986211683 0.190299391
-0.0722580801 0.0091772081 0.166498005
-0.0693310674 0.00892935709 0.192976713
-0.0674681835 0.00880883687 0.20585227
-0.0660911823 0.00874703913 0.212454319
-0.0649022414 0.00870786682 0.21663922
-0.0638304846 0.00868296896 0.219299137
-0.0628463477 0.00866901643 0.22078973
-0.0618663366 0.00865522402 0.222263217
-0.0608895597 0.00864147681 0.223731875
-0.0599478323 0.00863218907 0.224724114
-0.0590219944 0.00862486243 0.225506842
-0.0580981716 0.0086176033 0.226282358
-0.0571759654 0.008610357 0.227056503
-0.0562553682 0.00860312297 0.227829337
-0.0553387067 0.00859624992 0.228563606
-0.0544256359 0.0085897027 0.229263067
-0.0535140048 0.00858316496 0.229961514
-0.0526039952 0.00857666572 0.230655849
-0.0516954273 0.0085701782 0.231348931
-0.050788287 0.00856370072 0.232040941
-0.0498799068 0.00855679308 0.232778906
-0.0489722973 0.0085497705 0.23352915
-0.0480662347 0.00854275965 0.234278142
-0.0471617441 0.00853576553 0.235025346
-0.0462588673 0.00852879652 0.235769868
-0.0453575225 0.00852183922 0.236513137
-0.0444522557 0.00851388826 0.237362563
-0.043548289 0.00850586701 0.238219499
-0.0426460954 0.00849786194 0.239074707
-0.0417456667 0.00848987248 0.239928245
-0.0408469341 0.00848188582 0.240781486
-0.0399479002 0.00847349411 0.241677999
-0.0390466247 0.00846426551 0.24266392
-0.0381473941 0.00845505867 0.243647515
-0.0372501937 0.00844587191 0.244628965
-0.0363549922 0.00843669966 0.245608866
-0.0354605178 0.0084272518 0.246618211
-0.0345616794 0.00841631373 0.24778676
-0.0336652666 0.00840540522 0.24895215
-0.0306894508 0.00788083294 0.304993868
-0.0297150903 0.0078353165 0.309856534
-0.0288130279 0.00780612319 0.312975347
-0.0279449132 0.00778436979 0.315299332
-0.0271118738 0.00777101368 0.316726207
-0.0263158715 0.00776736319 0.317116201
-0.0255233596 0.0077645083 0.317421198
-0.024736869 0.00776328812 0.317551553
-0.0239525322 0.00776265878 0.317618787
-0.0231695494 0.00776242278 0.317644
-0.0223874983 0.00776248081 0.317637801
-0.0216064105 0.00776287582 0.317595601
-0.0208263476 0.00776366807 0.317510962
-0.0200466631 0.0077646634 0.317404627
-0.0192662467 0.00776545621 0.317319929
-0.0184857379 0.00776627915 0.317232012
-0.017705003 0.00776707976 0.31714648
-0.0169234291 0.00776758413 0.317092597
-0.0161417923 0.00776810857 0.317036569
-0.0153592504 0.00776824582 0.317021906
-0.0145769501 0.00776852199 0.316992402
-0.013794087 0.00776852423 0.316992163
-0.0130109773 0.00776838475 0.317007064
-0.0122279899 0.00776830217 0.317015886
-0.011445242 0.00776836522 0.317009151
-0.0106621511 0.00776819617 0.317027211
-0.00987904074 0.00776798527 0.317049741
-0.0090959761 0.00776777549 0.317072153
-0.00831309192 0.00776768902 0.317081391
-0.00753020919 0.0077675858 0.317092418
-0.00674727882 0.00776740503 0.31711173
-0.00596438649 0.00776722427 0.317131042
-0.00518153261 0.00776704406 0.317150294
-0.0043987186 0.0077668672 0.317169189
-0.00361594764 0.00776670261 0.317186772
-0.00283322634 0.00776657875 0.317200005
-0.00205053096 0.00776645433 0.317213297
-0.00126785931 0.00776631429 0.317228257
-0.000485215707 0.00776614692 0.317246139
0.000297394042 0.00776600576 0.317261219
0.0010799879 0.0077659522 0.317266941
0.00186257064 0.0077658992 0.317272603
0.00264513851 0.00776583615 0.317279339
0.00342768624 0.0077657586 0.317287624
0.00421023186 0.0077657056 0.317293286
0.00499280983 0.0077657162 0.317292154
0.00577539048 0.00776572736 0.317290961
0.00655794852 0.00776571062 0.31729275
0.00734047514 0.00776566599 0.317297518
0.00812302566 0.00776565148 0.317299068
0.00890563053 0.0077656844 0.317295551
0.00968824234 0.00776571732 0.317292034
0.0104707303 0.00776565818 0.317298352
0.0112531129 0.00776553822 0.317311167
0.0120354803 0.00776542441 0.317323327
0.0128178305 0.0077653145 0.317335069
0.0136001597 0.0077652057 0.317346692
0.0143821497 0.00776493455 0.31737566
0.0151639281 0.00776458808 0.317412674
0.0159456191 0.00776423492 0.317450404
0.0167272357 0.00776388175 0.317488134
0.0175087767 0.00776352803 0.317525923
0.0182897312 0.00776296732 0.317585826
0.0190705575 0.0077624027 0.317646145
0.0198518221 0.00776204563 0.317684292
0.0206330131 0.00776168912 0.31772238
0.0214139611 0.00776127458 0.317766666
0.0221947648 0.00776084107 0.317812979
0.0229769413 0.00776087901 0.317808926
0.023759124 0.00776091639 0.317804932
0.0245421988 0.00776122046 0.317772448
0.0253269276 0.00776198928 0.317690313
0.0261196899 0.00776499034 0.317369699
0.0269186498 0.00776952402 0.316885352
0.0277335691 0.00777807307 0.31597203
0.0285757713 0.00779325471 0.314350128
0.0294502494 0.00781580315 0.311941206
0.0303629926 0.00784662224 0.308648705
0.0334471141 0.00839810871 0.24973166
0.0343402043 0.00840841801 0.248630285
0.0352361862 0.00841889245 0.247511267
0.0361320471 0.0084288469 0.246447801
0.0370238825 0.00843746458 0.245527148
0.0379176211 0.00844610122 0.244604468
0.0388140864 0.00845492756 0.243661523
0.0397127486 0.00846382307 0.242711186
0.0406132249 0.00847270688 0.241762101
0.0415088893 0.00848028179 0.240952849
0.0424062181 0.0084878701 0.240142166
0.0433059957 0.00849561853 0.239314377
0.0442076133 0.00850340546 0.238482475
0.0451109504 0.00851120689 0.237649023
0.0460136928 0.00851861108 0.23685801
0.0469144731 0.00852540156 0.236132562
0.0478170188 0.0085322495 0.235400974
0.0487212185 0.00853913315 0.234665572
0.049626935 0.00854602796 0.233928978
0.0505341786 0.00855293504 0.233191073
0.0514416812 0.00855965131 0.232473552
0.0523495532 0.00856620356 0.231773555
0.0532587685 0.00857275022 0.231074154
0.0541694317 0.00857930749 0.230373621
0.0550815464 0.00858587535 0.229671955
0.0559951157 0.00859245382 0.228969156
0.0569158901 0.00859987642 0.228176176
0.0578387309 0.008607371 0.227375507
0.0587631813 0.00861487004 0.226574361
0.059689315 0.00862238358 0.225771665
0.0606171285 0.00862991052 0.224967539
0.0615780267 0.00864168213 0.223709941
0.0625578805 0.00865564302 0.222218454
0.0635410312 0.00866965079 0.22072196
0.0645274934 0.00868370542 0.219220459
0.065642254 0.00871374286 0.216011464
0.066821903 0.00875114934 0.212015211
0.0682000598 0.00881222904 0.205489874
0.0700159074 0.00892538469 0.193401098
-0.0713173998 0.00814288657 0.178816795
-0.0690883727 0.00799733018 0.196196496
-0.0673191155 0.00789967991 0.207856118
-0.0660381404 0.00785511788 0.213176906
-0.0648503907 0.00782012441 0.217355191
-0.0638112561 0.00780158934 0.219568312
-0.0628283041 0.00778921483 0.221045851
-0.0618486033 0.00777688125 0.222518503
-0.0608721351 0.00776458811 0.223986327
-0.0599372842 0.0077571002 0.224880397
-0.0590120086 0.00775059621 0.225656986
-0.0580883532 0.0077441037 0.226432204
-0.0571663063 0.00773762167 0.22720617
-0.0562458792 0.00773115212 0.227978646
-0.0553299392 0.00772507942 0.228703737
-0.0544170688 0.00771922987 0.229402184
-0.0535057734 0.00771340778 0.230097353
-0.052595919 0.00770759566 0.23079133
-0.0516874985 0.00770179304 0.231484174
-0.0507805053 0.00769599939 0.232175946
-0.0498718664 0.00768976097 0.232920825
-0.04896441 0.00768347962 0.23367083
-0.048058575 0.00767722023 0.234418213
-0.047154312 0.00767097631 0.235163748
-0.0462515811 0.00766474238 0.235908091
-0.0453501751 0.00765848549 0.236655175
-0.0444446005 0.0076512976 0.237513423
-0.0435407974 0.00764412319 0.238370061
-0.0426387462 0.00763695976 0.239225387
-0.0417384063 0.00762980082 0.240080177
-0.0408398317 0.00762265636 0.240933239
-0.0399402154 0.0076150142 0.241845727
-0.039039124 0.00760676054 0.24283123
-0.0381400738 0.00759852584 0.243814468
-0.0372429817 0.00759029513 0.244797229
-0.0363478562 0.00758207042 0.245779276
-0.0354525699 0.00757341639 0.246812582
-0.0345539468 0.00756363469 0.247980535
-0.0336577435 0.00755387845 0.249145448
-0.0306508295 0.00707761672 0.306011975
-0.0296951636 0.00704090152 0.310395837
-0.0287989787 0.0070160262 0.313365996
-0.0279339363 0.0069972061 0.31561315
-0.0271034005 0.00698579653 0.316975474
-0.0263079369 0.00698260469 0.317356586
-0.02552101 0.00698144905 0.317494571
-0.0247356869 0.00698065284 0.31758964
-0.0239514557 0.00698010872 0.317654609
-0.0231685064 0.00697989706 0.317679882
-0.0223867033 0.00698001237 0.317666113
-0.021605905 0.00698044667 0.317614257
-0.0208258434 0.00698115004 0.317530274
-0.0200463785 0.00698210749 0.317415952
-0.0192661618 0.00698288224 0.317323446
-0.0184856123 0.00698360258 0.317237436
-0.0177049673 0.00698435087 0.317148089
-0.0169234657 0.00698483009 0.317090869
-0.016141808 0.00698529135 0.317035794
-0.0153592653 0.00698541415 0.317021131
-0.0145770413 0.00698569669 0.316987395
-0.0137941661 0.0069856952 0.316987574
-0.01301105 0.0069855694 0.317002594
-0.0122281419 0.00698554144 0.317005932
-0.0114453842 0.00698559785 0.316999197
-0.0106622811 0.0069854451 0.317017436
-0.0098791626 0.0069852574 0.317039847
-0.00909612942 0.00698510016 0.317058623
-0.0083132319 0.00698502278 0.317067861
-0.00753033584 0.00698493043 0.317078888
-0.00674739213 0.00698476869 0.3170982
-0.00596448648 0.00698460695 0.317117512
-0.00518162041 0.00698444721 0.317136585
-0.00439879257 0.00698428847 0.31715554
-0.00361600816 0.00698414121 0.317173123
-0.0028332732 0.00698402989 0.317186415
-0.00205056458 0.00698391906 0.317199647
-0.00126787746 0.00698378229 0.317215979
-0.000485221756 0.00698363253 0.31723386
0.000297400091 0.00698350623 0.31724894
0.00108000614 0.00698345881 0.317254603
0.00186260088 0.00698341089 0.317260325
0.00264517818 0.00698334799 0.317267835
0.00342773725 0.0069832786 0.31727612
0.00421029388 0.00698323068 0.317281842
0.00499288351 0.00698324066 0.31728065
0.00577547593 0.00698325114 0.317279398
0.00655803089 0.00698322169 0.317282915
0.00734056608 0.00698318076 0.317287802
0.00812312617 0.00698316778 0.317289352
0.00890574062 0.00698319723 0.317285835
0.009688362 0.00698322668 0.317282319
0.0104707953 0.00698313333 0.317293465
0.0112531819 0.00698302551 0.317306339
0.012035554 0.00698292367 0.317318499
0.01281791 0.00698282583 0.317330181
0.0136002429 0.00698272799 0.317341864
0.0143820943 0.00698241949 0.317378699
0.0151638686 0.00698210899 0.317415774
0.0159455577 0.0069817935 0.317453444
0.0167271714 0.00698147751 0.317491173
0.0175086816 0.00698115054 0.317530214
0.0182894248 0.00698057397 0.317599058
0.0190702237 0.00698006379 0.317659974
0.0198514747 0.00697974431 0.317698121
0.0206326536 0.00697942582 0.317736149
0.0214133118 0.00697896956 0.317790627
0.0221940301 0.00697856322 0.317839145
0.022976179 0.00697859666 0.317835152
0.0237583126 0.00697862362 0.317831933
0.0245410389 0.00697880882 0.31780982
0.0253257289 0.00697949621 0.317727744
0.0261127606 0.0069807367 0.317579627
0.0269092262 0.00698422956 0.317162573
0.0277232531 0.00699173045 0.316266954
0.0285600051 0.00700411245 0.31478852
0.0294240064 0.00702201054 0.312651455
0.0303358779 0.00704954756 0.309363484
0.0313355746 0.00709458931 0.303985417
0.034331644 0.00755639639 0.248844802
0.035227395 0.00756576425 0.247726261
0.0361244069 0.00757494343 0.246630251
0.0370160472 0.00758265098 0.245709955
0.0379099872 0.00759045138 0.244778573
0.0388065028 0.00759839006 0.243830681
0.0397049792 0.00760634571 0.242880761
0.0406054279 0.00761431933 0.241928696
0.0415018254 0.00762125413 0.241100669
0.0423994185 0.00762811404 0.240281582
0.0432991684 0.00763506532 0.239451587
0.0442006387 0.00764203057 0.238619923
0.045103828 0.0076490088 0.23778671
0.0460072925 0.00765576987 0.236979425
0.0469080429 0.00766185954 0.236252308
0.0478106042 0.00766800711 0.235518276
0.0487146784 0.00767416466 0.234783053
0.0496202689 0.0076803322 0.234046638
0.0505273863 0.00768651072 0.233308911
0.0514351048 0.00769256744 0.232585728
0.052342781 0.00769841799 0.231887161
0.0532518807 0.00770427503 0.23118782
0.0541624173 0.00771014005 0.230487525
0.0550744122 0.00771601556 0.229785978
0.055987854 0.00772189956 0.229083419
0.0569070079 0.00772834515 0.228313803
0.057829635 0.00773504083 0.227514326
0.0587539407 0.0077417495 0.226713299
0.0596799174 0.00774846964 0.225910902
0.0606075774 0.00775520227 0.225107014
0.0615593287 0.00776464851 0.223979115
0.0625388543 0.00777713235 0.222488522
0.0635216792 0.00778965861 0.220992863
0.0645085997 0.00780231767 0.219481349
0.0655928349 0.00782573984 0.216684699
0.0667720113 0.00785923024 0.212685883
0.0680749901 0.00790560084 0.207149148
0.0697806497 0.00799493954 0.196481943
0.0723052449 0.00817067619 0.175498664
-0.0709876849 0.007191966 0.183134615
-0.0688562359 0.00707268331 0.199276209
-0.0672117099 0.00699861036 0.209299922
-0.0660017422 0.00696629611 0.213672757
-0.06481613 0.00693558779 0.217828273
-0.0637988274 0.00692144359 0.219742298
-0.0628152238 0.00691043858 0.22123152
-0.0618348986 0.00689947013 0.222715795
-0.0608579391 0.00688854924 0.224193632
-0.0599283372 0.00688249462 0.225012958
-0.0590025738 0.00687668709 0.225798845
-0.0580785348 0.00687089938 0.22658205
-0.0571566548 0.00686518215 0.227355718
-0.0562363902 0.00685947549 0.228127956
-0.0553212835 0.00685419828 0.228842079
-0.0544087036 0.00684905542 0.229538023
-0.0534975601 0.00684392048 0.230232894
-0.0525878499 0.00683879347 0.230926692
-0.0516795733 0.00683367483 0.231619358
-0.0507726926 0.00682856015 0.232311487
-0.0498638462 0.00682301118 0.233062386
-0.0489566487 0.00681748467 0.233810246
-0.0480509935 0.00681196741 0.234556853
-0.0471468799 0.00680645983 0.23530215
-0.0462442979 0.00680096107 0.236046254
-0.045342359 0.00679534471 0.236806273
-0.0444369454 0.00678900422 0.237664282
-0.0435332583 0.00678266901 0.238521576
-0.0426313157 0.00677634218 0.239377737
-0.041731143 0.00677002812 0.240232169
-0.0408327321 0.00676372639 0.241084933
-0.0399325334 0.00675686527 0.242013395
-0.0390316258 0.00674958571 0.242998481
-0.0381326386 0.00674230263 0.243984043
-0.037235665 0.00673503187 0.244967937
-0.0363407252 0.00672777786 0.245949566
-0.0354446269 0.0067199649 0.247006833
-0.0345462142 0.00671133752 0.248174309
-0.0336501787 0.00670272467 0.249339819
-0.0306130336 0.00627656757 0.307008326
-0.0296758645 0.00624767485 0.310918152
-0.0287851996 0.00622675453 0.313749134
-0.0279229657 0.00621066216 0.31592679
-0.0271009813 0.0062023867 0.317046642
-0.0263067663 0.00619983421 0.317392051
-0.025519651 0.006198763 0.317537009
-0.0247345066 0.00619809305 0.317627668
-0.0239503792 0.00619762924 0.317690432
-0.0231675085 0.0061974535 0.317714214
-0.0223859065 0.00619759929 0.317694485
-0.0216053979 0.00619805385 0.317632973
-0.0208253391 0.00619867006 0.317549586
-0.020046094 0.0061995739 0.317427277
-0.0192660769 0.0062003152 0.317326963
-0.0184854867 0.00620093669 0.317242861
-0.0177049316 0.00620162514 0.317149698
-0.0169235074 0.00620207441 0.317088902
-0.0161418248 0.00620247304 0.31703496
-0.0153592996 0.00620258844 0.317019343
-0.0145771326 0.00620286153 0.316982388
-0.0137942432 0.00620285624 0.316983103
-0.0130111246 0.00620274612 0.316998005
-0.012228293 0.00620276066 0.316996038
-0.0114455248 0.00620280999 0.316989362
-0.0106624128 0.00620267565 0.317007541
-0.009879283 0.00620250915 0.317030072
-0.00909628273 0.00620239816 0.317045092
-0.00831337188 0.00620232988 0.317054331
-0.00753046249 0.0062022484 0.317065358
-0.00674750545 0.00620210569 0.31708467
-0.00596458646 0.00620196298 0.317103982
-0.00518170783 0.00620182291 0.317122936
-0.00439886622 0.0062016824 0.31714195
-0.00361606868 0.0062015529 0.317159474
-0.00283332027 0.00620145468 0.317172765
-0.00205059821 0.0062013569 0.317185998
-0.00126789561 0.00620122608 0.3172037
-0.000485227805 0.00620109394 0.317221582
0.00029740614 0.0062009825 0.317236662
0.0010800242 0.00620094022 0.317242384
0.00186263113 0.00620089837 0.317248046
0.00264521806 0.00620083759 0.317256272
0.00342778852 0.00620077637 0.317264557
0.00421035622 0.00620073364 0.317270338
0.00499295757 0.00620074289 0.317269087
0.00577555742 0.00620074818 0.317268371
0.00655811226 0.0062007125 0.317273199
0.00734065758 0.00620067682 0.317278027
0.00812322669 0.00620066493 0.317279637
0.00890585071 0.00620069092 0.31727612
0.00968844202 0.00620069312 0.317275822
0.0104708595 0.00620059842 0.317288637
0.0112532517 0.00620050372 0.317301452
0.0120356287 0.00620041386 0.317313611
0.0128179885 0.00620032709 0.317325353
0.0136001946 0.00620018438 0.317344665
0.01438204 0.00619991085 0.31738168
0.0151638102 0.00619963644 0.317418813
0.0159454975 0.00619935851 0.317456424
0.016727107 0.00619907925 0.317494213
0.0175083882 0.00619871543 0.317543447
0.0182891184 0.00619820669 0.31761229
0.0190698899 0.00619775213 0.317673802
0.0198511288 0.00619747068 0.317711889
0.020632291 0.00619718878 0.317750036
0.0214126658 0.00619671264 0.317814469
0.0221932936 0.00619633648 0.317865371
0.0229754167 0.00619636599 0.317861378
0.023757322 0.00619634 0.317864895
0.0245398771 0.00619647038 0.317847252
0.0253245322 0.00619707734 0.317765116
0.0261111021 0.00619807676 0.317629873
0.0269022907 0.00620002229 0.3173666
0.0277130205 0.00620598662 0.316559493
0.0285442539 0.00621583718 0.315226495
0.0294062467 0.00623131422 0.313132107
0.0303088129 0.00625389112 0.310076952
0.0312825024 0.00628882923 0.305349052
0.0343230884 0.00670479838 0.2490592
0.0352186039 0.00671305973 0.247941255
0.0361164447 0.00672134267 0.24682039
0.037008217 0.0067281985 0.245892644
0.0379025912 0.00673518472 0.244947254
0.0387989219 0.00674218634 0.243999779
0.0396972152 0.00674920339 0.243050217
0.0405974803 0.00675623629 0.24209851
0.0414948497 0.00676253141 0.24124664
0.0423927438 0.00676865166 0.240418434
0.0432923471 0.00677478337 0.239588678
0.0441936671 0.00678092698 0.238757312
0.0450967087 0.00678708247 0.237924337
0.0460008923 0.00679316793 0.237100839
0.0469017598 0.00679857375 0.236369312
0.0478041928 0.00680399632 0.235635519
0.0487081382 0.00680942769 0.234900534
0.0496136029 0.00681486831 0.234164297
0.0505210166 0.00682037279 0.233419418
0.0514293705 0.00682581077 0.232683539
0.0523373412 0.00683102147 0.231978416
0.0532467736 0.00683624098 0.231272101
0.0541576603 0.00684146797 0.230564773
0.0550700229 0.00684670465 0.229856133
0.0559838463 0.00685194883 0.22914648
0.0569026611 0.00685760439 0.228381157
0.0578257296 0.00686356961 0.227573931
0.0587504879 0.00686954583 0.226765215
0.0596769405 0.00687553307 0.225955009
0.0606050876 0.00688153088 0.225143373
0.0615552628 0.00688970194 0.224037647
0.0625355622 0.00690080429 0.222535252
0.0635191841 0.00691194409 0.221027791
0.0645061479 0.00692312176 0.219515204
0.0655849943 0.00694324923 0.21679151
0.0667639945 0.00697279252 0.212793648
0.0680500418 0.00701205819 0.207480132
0.0697270786 0.00708814803 0.19718349
0.0720932806 0.00722814269 0.178239107
-0.0734410919 0.00640461068 0.163241744
-0.0706797671 0.00625138234 0.187166989
-0.0687971246 0.00616880679 0.200060427
-0.0671817313 0.00610705188 0.209702909
-0.0659854179 0.00608020287 0.213895142
-0.064804104 0.00605394976 0.217994332
-0.0637938585 0.00604230949 0.219811856
-0.0628103403 0.00603277335 0.22130084
-0.0618300998 0.0060232689 0.222784877
-0.0608539268 0.00601387133 0.224252224
-0.0599256499 0.00600874423 0.225052774
-0.0589999297 0.00600371143 0.225838601
-0.0580758557 0.00599868817 0.226622939
-0.0571534158 0.00599367369 0.227405905
-0.0562326287 0.00598867028 0.228187144
-0.0553173081 0.00598406884 0.228905618
-0.0544042695 0.00597955748 0.229610026
-0.0534926877 0.00597505338 0.230313301
-0.0525825593 0.00597055654 0.231015444
-0.051673881 0.00596606694 0.231716454
-0.0507662748 0.00596154299 0.232422828
-0.0498572139 0.00595669724 0.23317945
-0.048949717 0.00595185988 0.23393476
-0.0480437803 0.00594703093 0.234688759
-0.047139451 0.00594221648 0.235440492
-0.0462370179 0.00593745241 0.236184358
-0.0453345398 0.0059325013 0.236957431
-0.0444292117 0.0059269982 0.237816691
-0.0435256687 0.00592150693 0.238674104
-0.042623891 0.00591602559 0.239529967
-0.0417238854 0.00591055569 0.240384042
-0.0408256353 0.00590509573 0.241236567
-0.0399248405 0.00589904522 0.242181301
-0.0390239701 0.00589271795 0.243169248
-0.0381251406 0.00588640442 0.244155049
-0.0372283535 0.00588010578 0.245138526
-0.0363335967 0.00587382126 0.246119797
-0.0354366888 0.00586689696 0.247200966
-0.0345384293 0.00585941379 0.248369395
-0.033642579 0.00585194819 0.249535084
-0.0305753303 0.0054774975 0.308002233
-0.029656658 0.00545549348 0.311437964
-0.0287724901 0.00543842837 0.31410253
-0.0279177806 0.00542579559 0.316075027
-0.0271012589 0.00541962521 0.317038476
-0.0263057865 0.00541717065 0.317421734
-0.0255181717 0.00541613653 0.317583203
-0.0247333263 0.00541560821 0.317665696
-0.0239493009 0.00541521998 0.317726314
-0.0231666526 0.0054151089 0.317743659
-0.0223851098 0.00541524212 0.317722857
-0.0216048907 0.00541569791 0.317651689
-0.0208248426 0.00541623005 0.3175686
-0.0200458094 0.00541706262 0.317438602
-0.019265992 0.00541775509 0.317330479
-0.0184854343 0.00541830173 0.317245126
-0.0177048973 0.00541890297 0.317151248
-0.016923549 0.00541931486 0.317086935
-0.0161418405 0.0054196527 0.317034185
-0.0153593958 0.00541977981 0.317014336
-0.014577225 0.00542001687 0.316977322
-0.0137943213 0.00542000886 0.316978574
-0.0130112089 0.00541991762 0.316992819
-0.0122284441 0.00541996038 0.316986143
-0.011445667 0.00542000351 0.316979408
-0.0106625428 0.00541988594 0.316997766
-0.00987940339 0.00541974164 0.317020297
-0.00909643672 0.00541966987 0.317031503
-0.00831351186 0.00541961032 0.317040801
-0.00753058914 0.0054195397 0.317051828
-0.00674761877 0.00541941602 0.31707114
-0.00596468689 0.00541929272 0.317090392
-0.00518179486 0.00541917133 0.317109346
-0.00439894018 0.00541904994 0.3171283
-0.00361612894 0.00541893732 0.317145884
-0.00283336734 0.00541885258 0.317159116
-0.00205062919 0.00541876096 0.317173421
-0.00126791384 0.00541864606 0.317191362
-0.000485233883 0.00541853154 0.317209244
0.00029741216 0.0054184342 0.317224443
0.00108004235 0.00541839793 0.317230105
0.00186265946 0.0054183567 0.317236542
0.00264525773 0.00541830402 0.317244768
0.00342783979 0.00541825134 0.317252993
0.00421041888 0.00541821432 0.317258775
0.00499303124 0.00541822195 0.317257583
0.00577562922 0.00541821508 0.317258656
0.00655819413 0.00541818454 0.317263424
0.00734074908 0.00541815362 0.317268252
0.0081233272 0.00541814293 0.317269921
0.00890596147 0.00541816584 0.317266345
0.00968850221 0.00541813644 0.317270934
0.0104709237 0.00541805399 0.317283809
0.0112533207 0.00541797191 0.317296624
0.0120357024 0.00541789404 0.317308783
0.0128180679 0.00541781922 0.317320466
0.0136001422 0.00541764477 0.317347705
0.0143819846 0.00541740771 0.31738472
0.0151637518 0.00541716989 0.317421853
0.0159454361 0.00541692901 0.317459464
0.0167270426 0.00541668699 0.317497253
0.0175080962 0.00541630678 0.317556619
0.018288812 0.0054158655 0.317625522
0.0190695561 0.00541546773 0.31768763
0.0198507813 0.0054152238 0.317725718
0.0206318443 0.00541495849 0.317767143
0.0214120182 0.00541450232 0.317838371
0.0221925571 0.00541416143 0.317891598
0.0229746561 0.00541418739 0.317887544
0.0237563315 0.00541412135 0.317897856
0.0245387172 0.00541420609 0.317884624
0.0253233335 0.00541473174 0.317802548
0.0261094416 0.00541551544 0.31768018
0.0269005806 0.00541720157 0.317416906
0.0277060361 0.00542141403 0.316759169
0.0285285198 0.00542842804 0.315663993
0.0293894913 0.00544173916 0.313585579
0.0302817932 0.0054596483 0.310789227
0.0312296087 0.00548578574 0.306708097
0.03431454 0.00585362401 0.249273419
0.03520982 0.00586078003 0.24815607
0.0361074242 0.00586795475 0.247035801
0.0370010025 0.00587419804 0.246060967
0.0378951951 0.00588025046 0.245115936
0.0387913463 0.00588631662 0.244168758
0.0396899074 0.00589245875 0.243209719
0.0405905062 0.00589862111 0.242247522
0.0414896059 0.00590432844 0.241356373
0.0423878308 0.0059096903 0.240519166
0.0432877857 0.00591506247 0.23968035
0.0441894751 0.00592044494 0.238839924
0.0450929102 0.00592583849 0.23799777
0.0459981744 0.00593125264 0.237152397
0.0468994617 0.0059359938 0.236412108
0.0478022698 0.00594074221 0.235670686
0.0487066085 0.00594549864 0.234928012
0.0496124852 0.00595026346 0.234184026
0.0505199309 0.00595503974 0.233438253
0.0514285284 0.00595978128 0.232697904
0.0523364849 0.00596429722 0.231992781
0.0532458959 0.00596882002 0.231286585
0.054156772 0.00597335046 0.230579197
0.0550691129 0.00597788815 0.229870677
0.055982941 0.00598243501 0.229160726
0.0569016302 0.00598732542 0.228397131
0.0578246829 0.00599249527 0.227589905
0.0587494215 0.00599767428 0.226781249
0.0596758583 0.00600286321 0.225971043
0.0606038182 0.00600804528 0.22516191
0.0615529359 0.00601503104 0.224071145
0.0625331897 0.00602465193 0.222568929
0.0635167742 0.00603430602 0.221061527
0.0645031738 0.00604394638 0.219556272
0.0655771538 0.00606096912 0.216898322
0.0667559778 0.00608656717 0.212901413
0.0680251159 0.00611916969 0.207810819
0.0696743905 0.00618281306 0.197873473
0.0719986005 0.00630072092 0.179463207
-0.0727779249 0.00542378803 0.171815693
-0.0705670584 0.00533259838 0.188642978
-0.0687492452 0.00526728318 0.200695634
-0.0671650461 0.0052172559 0.209927201
-0.0659691068 0.00519454884 0.214117348
-0.0647925226 0.00517267224 0.218154251
-0.0637888939 0.0051633128 0.219881356
-0.0628054609 0.00515524506 0.221370101
-0.0618254957 0.00514721898 0.222851157
-0.0608502737 0.0051393373 0.22430557
-0.0599229585 0.00513507199 0.225092649
-0.0589972855 0.00513081412 0.225878358
-0.0580732546 0.00512656399 0.226662636
-0.0571508616 0.00512232162 0.227445483
-0.0562301665 0.0051180925 0.228225887
-0.0553149922 0.00511420834 0.228942632
-0.0544019975 0.00511039169 0.229646921
-0.0534904556 0.00510658086 0.230350137
-0.0525803671 0.00510277616 0.23105222
-0.05167169 0.00509897405 0.231753826
-0.0507639145 0.00509512672 0.232463777
-0.0498548974 0.00509102679 0.233220339
-0.0489474474 0.00508693429 0.233975529
-0.0480415508 0.00508284826 0.234729528
-0.0471372169 0.00507876998 0.235482096
-0.0462344163 0.00507469686 0.236233711
-0.0453311914 0.00507042413 0.237022161
-0.0444256064 0.00506573342 0.23788774
-0.0435218102 0.00506105176 0.23875165
-0.0426198008 0.00505637947 0.239613831
-0.041719573 0.00505171654 0.240474283
-0.0408210798 0.00504705814 0.241333902
-0.0399195262 0.00504183738 0.242297292
-0.0390185269 0.00503645415 0.243290663
-0.0381195871 0.00503108352 0.244281709
-0.0372226948 0.00502572484 0.24527055
-0.0363278484 0.00502037875 0.246257067
-0.0354299766 0.00501437406 0.247365117
-0.0345316648 0.00500801308 0.248538911
-0.033635789 0.00500166923 0.249709546
-0.0305556048 0.00468295426 0.308522224
-0.0296421644 0.00466502771 0.311830222
-0.0287654398 0.00465165135 0.31429857
-0.0279148389 0.00464156869 0.316159129
-0.0271026062 0.00463701818 0.316998839
-0.0263048068 0.00463456558 0.317451417
-0.0255166963 0.00463360173 0.317629278
-0.0247321461 0.0046331983 0.317703724
-0.0239482261 0.00463288207 0.317762077
-0.0231657933 0.00463282167 0.317773223
-0.0223843148 0.00463294118 0.317751169
-0.0216043836 0.00463337886 0.317670405
-0.0208245999 0.00463388016 0.317577898
-0.0200455264 0.00463457398 0.317449868
-0.0192659071 0.00463520191 0.317333996
-0.0184854287 0.00463568222 0.317245364
-0.0177048616 0.00463618353 0.317152858
-0.0169235907 0.00463655143 0.317084968
-0.0161418573 0.00463683115 0.31703335
-0.015359492 0.00463696133 0.31700933
-0.0145773162 0.00463716191 0.316972315
-0.0137943994 0.00463715255 0.316974044
-0.0130113707 0.00463710474 0.316982865
-0.0122285961 0.00463714092 0.316976189
-0.0114458083 0.00463717709 0.316969514
-0.0106626728 0.00463707696 0.316987991
-0.00987954654 0.00463696488 0.317008674
-0.00909659003 0.00463691449 0.317017972
-0.00831365245 0.00463686442 0.317027211
-0.00753071579 0.00463680434 0.317038297
-0.00674773209 0.00463669969 0.317057609
-0.00596478732 0.00463659568 0.317076802
-0.00518188228 0.00463649329 0.317095697
-0.00439901448 0.0046363909 0.317114591
-0.00361618946 0.00463629529 0.317132234
-0.00283341421 0.00463622326 0.317145526
-0.00205065943 0.00463613863 0.317161143
-0.00126793199 0.0046360414 0.317179084
-0.000485239932 0.0046359445 0.317196965
0.000297418209 0.00463586213 0.317212164
0.00108006049 0.00463583145 0.317217827
0.00186268795 0.00463579269 0.317224979
0.00264529761 0.00463574811 0.317233205
0.0034278908 0.00463570321 0.31724149
0.00421048122 0.00463567188 0.317247271
0.0049931053 0.00463567867 0.31724602
0.00577570189 0.00463566348 0.317248821
0.00655827599 0.00463563732 0.317253649
0.00734084058 0.00463561116 0.317258477
0.00812342833 0.00463560211 0.317260146
0.00890607156 0.00463562117 0.317256629
0.00968856241 0.00463557014 0.317266047
0.0104709887 0.00463550037 0.317278921
0.0112533897 0.0046354306 0.317291796
0.0120357771 0.00463536503 0.317303896
0.0128181464 0.00463530139 0.317315638
0.0136000908 0.00463511147 0.317350685
0.0143819281 0.00463491023 0.317387819
0.0151636933 0.00463470932 0.317424893
0.0159453747 0.00463450551 0.317462504
0.016726963 0.00463429684 0.317501008
0.0175078028 0.00463392377 0.317569852
0.018288507 0.0046335507 0.317638695
0.0190692223 0.00463321057 0.317701459
0.0198504324 0.00463300385 0.317739606
0.0206312202 0.00463272509 0.317791045
0.0214113705 0.0046323391 0.317862272
0.0221918207 0.00463203806 0.317917824
0.0229738938 0.00463206002 0.31791377
0.0237553391 0.00463196732 0.317930877
0.0245375573 0.00463201545 0.317921996
0.0253220986 0.00463245377 0.317841112
0.026107783 0.00463305359 0.317730427
0.0268988725 0.00463448031 0.317467153
0.0277031882 0.00463787576 0.316840589
0.0285199882 0.00464296634 0.31590122
0.0293787043 0.00465393307 0.313877523
0.0302652422 0.00466830461 0.311225533
0.0312065291 0.0046895717 0.307301104
0.0343095855 0.00500335985 0.249397576
0.0352052258 0.00500947889 0.248268425
0.0361033907 0.00501563669 0.247132122
0.0369981923 0.00502108614 0.246126532
0.0378927882 0.00502626523 0.245170831
0.0387893635 0.00503145595 0.244212985
0.0396879275 0.00503665862 0.243252933
0.0405887961 0.00504190909 0.242284059
0.0414882017 0.00504677712 0.241385758
0.0423863976 0.00505131408 0.240548551
0.0432863205 0.00505585943 0.239709794
0.044187978 0.0050604135 0.238869428
0.0450915443 0.00506499406 0.238024175
0.0459971658 0.00506961467 0.237171531
0.0468984279 0.00507362577 0.23643136
0.047801217 0.00507764365 0.235689938
0.0487055401 0.00508166864 0.234947204
0.049611391 0.00508569976 0.234203338
0.0505190583 0.00508976383 0.233453393
0.0514276827 0.00509377978 0.232712328
0.052335625 0.00509760095 0.232007205
0.0532450218 0.00510142793 0.231301009
0.05415588 0.00510526105 0.230593681
0.0550682179 0.0051091016 0.229884982
0.0559820432 0.00511294991 0.229174852
0.0569006031 0.00511707825 0.228413045
0.0578236401 0.00512145274 0.227605819
0.0587483591 0.00512583465 0.226797223
0.0596747399 0.00513022205 0.225987613
0.0606025406 0.00513459556 0.225180566
0.0615506008 0.00514042551 0.224104762
0.0625308172 0.00514856592 0.222602606
0.0635143557 0.00515673379 0.221095383
0.0645001738 0.00516484999 0.219597697
0.0655693132 0.00517889949 0.217005133
0.066747961 0.00520055418 0.213009178
0.0680002035 0.00522693382 0.208141327
0.0696217798 0.00527884327 0.198562443
0.0719099781 0.00537613582 0.180608988
-0.0724714095 0.00448030615 0.175778568
-0.0705036243 0.0044195841 0.189473688
-0.0687014376 0.00436701555 0.201329887
-0.0671483652 0.00432790217 0.210151434
-0.0659528 0.00430933296 0.214339495
-0.0647809412 0.00429170986 0.218314171
-0.063783925 0.00428445279 0.219950914
-0.0628005773 0.00427785298 0.221439421
-0.0618214133 0.00427133298 0.222909927
-0.0608475431 0.00426496812 0.224345445
-0.0599202712 0.00426147859 0.225132465
-0.0589946414 0.00425799515 0.225918114
-0.0580706536 0.00425451805 0.226702332
-0.0571483573 0.00425105099 0.227484286
-0.0562277005 0.0042475908 0.228264689
-0.0553126763 0.00424442078 0.228979647
-0.0543997217 0.00424129834 0.229683876
-0.0534882199 0.00423818066 0.230387032
-0.0525781677 0.00423506773 0.231089115
-0.0516693592 0.00423194423 0.231793582
-0.0507615611 0.00422879166 0.232504606
-0.0498525842 0.00422543718 0.233261168
-0.0489451778 0.00422208905 0.234016299
-0.0480393279 0.00421874646 0.234770179
-0.047135034 0.00421540969 0.235522747
-0.0462320535 0.00421205865 0.236278534
-0.0453287278 0.00420855036 0.237069785
-0.0444231959 0.00420471305 0.237935245
-0.0435194524 0.00420088313 0.238799035
-0.0426174925 0.00419706062 0.239661157
-0.0417172914 0.00419324366 0.240522027
-0.0408187142 0.00418941982 0.241384446
-0.0399170247 0.00418513033 0.242351889
-0.0390160872 0.00418072667 0.243345082
-0.0381172036 0.00417633278 0.244336068
-0.0372203725 0.00417194921 0.245324731
-0.0363254723 0.00416756378 0.24631381
-0.0354273639 0.00416261915 0.247429013
-0.0345291245 0.00415741578 0.248602569
-0.0336333161 0.00415222589 0.249773085
-0.0305484666 0.00389090696 0.308710396
-0.0296355353 0.00387627866 0.312009632
-0.0287611783 0.00386560448 0.314417064
-0.0279118992 0.0038575078 0.316243172
-0.0271039536 0.00385433303 0.316959202
-0.026303827 0.00385201901 0.3174811
-0.0255154557 0.00385119024 0.317668021
-0.0247309639 0.00385086306 0.317741811
-0.0239471478 0.00385061411 0.317797959
-0.0231649357 0.00385059297 0.317802727
-0.0223835181 0.00385069577 0.317779541
-0.0216038765 0.00385109668 0.317689121
-0.0208243586 0.00385154886 0.317587137
-0.0200452418 0.00385210728 0.317461192
-0.0192658208 0.00385265539 0.317337572
-0.0184854232 0.00385306317 0.317245602
-0.0177048259 0.00385346726 0.317154467
-0.0169236311 0.00385378386 0.317083061
-0.016141873 0.0038540077 0.317032575
-0.0153595882 0.00385413297 0.317004323
-0.0145774075 0.00385429709 0.316967308
-0.0137944775 0.00385428731 0.316969514
-0.0130115316 0.00385427198 0.316972971
-0.0122287472 0.00385430158 0.316966295
-0.0114459497 0.00385433118 0.316959619
-0.0106628028 0.00385424872 0.316978216
-0.00987971318 0.00385417367 0.316995144
-0.00909674334 0.00385413244 0.317004442
-0.00831379243 0.00385409148 0.317013681
-0.00753084244 0.00385404232 0.317024767
-0.0067478454 0.0038539567 0.317044079
-0.00596488863 0.00385387239 0.317063093
-0.0051819697 0.00385378835 0.317082047
-0.00439908812 0.00385370431 0.317101002
-0.00361624998 0.00385362635 0.317118585
-0.00283346128 0.00385356742 0.317131877
-0.00205068982 0.00385349236 0.317148805
-0.00126795014 0.00385341255 0.317166805
-0.000485245981 0.00385333327 0.317184687
0.000297424258 0.00385326588 0.317199886
0.00108007855 0.0038532405 0.317205608
0.00186271643 0.00385320588 0.317213416
0.00264533749 0.00385316941 0.317221641
0.00342794207 0.00385313268 0.317229926
0.00421054356 0.00385310678 0.317235768
0.00499317859 0.00385311207 0.317234576
0.00577577369 0.00385309198 0.317239106
0.00655835736 0.00385307057 0.317243934
0.00734093208 0.00385304943 0.317248702
0.00812352885 0.00385304177 0.31725043
0.00890616544 0.00385305102 0.317248344
0.00968862187 0.00385299393 0.317261219
0.0104710537 0.00385293711 0.317274034
0.0112534595 0.00385288003 0.317286908
0.0120358508 0.00385282612 0.317299068
0.01281813 0.00385274816 0.317316651
0.0136000384 0.00385258377 0.317353725
0.0143818727 0.00385241913 0.317390859
0.0151636361 0.00385225501 0.317427873
0.0159453133 0.00385208799 0.317465544
0.0167266827 0.00385187207 0.317514241
0.0175075095 0.00385156683 0.317583084
0.0182882006 0.00385126159 0.317651927
0.0190688885 0.00385098067 0.317715287
0.0198500864 0.00385081179 0.317753374
0.0206305961 0.00385053879 0.317814946
0.0214107229 0.00385022298 0.317886174
0.0221910842 0.00384996637 0.31794405
0.0229731315 0.00384998434 0.317939997
0.0237543503 0.00384987889 0.317963779
0.0245363955 0.00384989818 0.317959428
0.025320795 0.00385024227 0.317881822
0.0261061245 0.00385069075 0.317780673
0.0268971726 0.00385185912 0.317517161
0.0277003423 0.0038544982 0.316921949
0.028517253 0.00385868674 0.315977275
0.0293738944 0.00386741954 0.314007699
0.0302570639 0.00387879934 0.311441123
0.0311896224 0.00389522949 0.307735503
0.0343072379 0.00415363 0.249456405
0.0352028129 0.00415863569 0.248327434
0.036101364 0.00416372092 0.247180521
0.0369963504 0.0041682036 0.246169507
0.0378909013 0.00417244077 0.245213866
0.0387874315 0.00417668744 0.244256079
0.039686065 0.004180955 0.243293583
0.0405872758 0.00418528704 0.242316544
0.0414868003 0.00418928398 0.241415083
0.0423849645 0.00419299576 0.240577936
0.0432848554 0.00419671442 0.239739239
0.0441864929 0.00420044126 0.238898694
0.0450904435 0.0042042244 0.238045454
0.0459961541 0.00420801414 0.237190723
0.046897394 0.00421129568 0.236450612
0.0478001641 0.00421458303 0.23570919
0.048704465 0.00421787593 0.234966516
0.0496104759 0.00422118812 0.234219491
0.0505181788 0.00422451723 0.233468652
0.0514268406 0.00422780696 0.232726693
0.0523347652 0.0042309331 0.23202163
0.0532441514 0.00423406453 0.231315374
0.0541549918 0.00423720045 0.230608105
0.055067334 0.00424034404 0.229899108
0.0559811417 0.00424349238 0.229189038
0.056899576 0.00424686245 0.22842896
0.0578225935 0.0042504413 0.227621794
0.0587472967 0.00425402649 0.226813197
0.0596734767 0.00425760402 0.226006329
0.0606012631 0.0042611826 0.225199222
0.0615482739 0.00426588675 0.22413826
0.0625284489 0.00427254655 0.222636223
0.0635116137 0.0042792082 0.221133768
0.0644971738 0.00428583523 0.219639122
0.0655614771 0.00429704061 0.217111885
0.0667380554 0.00431464098 0.213142335
0.0679753136 0.00433535058 0.208471536
0.0695833879 0.00437705678 0.199065208
0.0718215678 0.00445382076 0.181752026
-0.0724006979 0.00355514699 0.176692784
-0.0704402993 0.00350821177 0.190302968
-0.0686536885 0.00346800046 0.201963365
-0.0671316977 0.00343899094 0.210375488
-0.0659396741 0.00342470427 0.214518309
-0.0647693728 0.00341106323 0.218473911
-0.0637789603 0.00340573006 0.220020413
-0.0627959835 0.00340061169 0.221504629
-0.061817335 0.003395563 0.222968638
-0.0608448083 0.00339067731 0.224385381
-0.0599175839 0.00338796366 0.225172281
-0.0589919973 0.00338525452 0.22595787
-0.0580680916 0.00338255238 0.226741433
-0.0571458493 0.00337985661 0.227523148
-0.0562252383 0.00337716577 0.228303432
-0.0553103641 0.00337470638 0.229016602
-0.0543974496 0.00337227802 0.229720771
-0.0534859878 0.00336985337 0.230423868
-0.0525757978 0.00336742214 0.231128871
-0.0516670355 0.00336499317 0.231833219
-0.0507592008 0.00336253665 0.232545555
-0.0498502744 0.00335992824 0.233301937
-0.0489429081 0.00335732414 0.234057069
-0.0480371049 0.00335472477 0.234810829
-0.0471326367 0.00335211574 0.235567391
-0.046229697 0.00334950918 0.236323237
-0.0453262643 0.00334677044 0.23711741
-0.0444207823 0.00334378608 0.237982809
-0.0435170916 0.00334080768 0.238846481
-0.0426151785 0.00333783462 0.239708602
-0.0417148703 0.00333485478 0.240572691
-0.0408163486 0.0033318811 0.241434991
-0.0399145259 0.00332853107 0.242406428
-0.0390136448 0.00332510621 0.24339956
-0.0381148228 0.00332168938 0.244390368
-0.0372179507 0.00331827233 0.245381236
-0.0363230736 0.00331485878 0.24637109
-0.035424756 0.00331099056 0.24749279
-0.0345265819 0.00330694372 0.248666286
-0.0336308455 0.00330290797 0.249836564
-0.0305413329 0.00309923089 0.308898449
-0.0296294371 0.00308793269 0.312174678
-0.0287574077 0.00307983818 0.314521909
-0.0279089595 0.00307361252 0.316327214
-0.02710212 0.00307124706 0.317013144
-0.0263028472 0.00306953093 0.317510784
-0.025514236 0.00306885735 0.317706108
-0.0247297855 0.00306860329 0.317779779
-0.0239460731 0.00306841727 0.317833722
-0.0231640781 0.00306842241 0.317832231
-0.0223828101 0.00306851717 0.317804754
-0.021603371 0.0030688516 0.317707777
-0.0208241174 0.00306923577 0.317596376
-0.0200449588 0.0030696631 0.317472458
-0.0192657373 0.00307011634 0.31734103
-0.0184854177 0.0030704446 0.317245841
-0.0177047903 0.00307075416 0.317156076
-0.0169236728 0.00307101274 0.317081094
-0.0161418898 0.00307118293 0.317031741
-0.0153596844 0.00307129475 0.316999316
-0.0145774988 0.0030714224 0.316962302
-0.0137945546 0.00307141294 0.316965043
-0.0130116925 0.00307141972 0.316963076
-0.0122288992 0.00307144295 0.316956341
-0.0114460919 0.00307146597 0.316949665
-0.0106629329 0.00307140122 0.316968441
-0.00987987983 0.0030713558 0.316981614
-0.00909689665 0.00307132373 0.316990912
-0.00831393242 0.00307129187 0.317000151
-0.00753096909 0.00307125364 0.317011237
-0.00674795872 0.00307118704 0.317030549
-0.00596498949 0.00307112188 0.317049444
-0.00518205673 0.00307105631 0.317068457
-0.00439916209 0.00307099115 0.317087352
-0.0036163105 0.00307093052 0.317104936
-0.00283350691 0.00307088324 0.317118645
-0.00205072007 0.00307082158 0.317136526
-0.00126796837 0.00307075971 0.317154467
-0.00048525206 0.00307069804 0.317172348
0.000297430307 0.00307064542 0.317187607
0.00108009626 0.00307062466 0.317193627
0.00186274477 0.00307059609 0.317201912
0.00264537716 0.00307056772 0.317210138
0.00342799334 0.00307053936 0.317218363
0.0042106059 0.00307051901 0.317224264
0.00499324311 0.00307051819 0.317224502
0.00577584593 0.00307050154 0.31722933
0.00655843973 0.00307048509 0.317234099
0.00734102302 0.00307046824 0.317238986
0.00812362936 0.00307046228 0.317240715
0.00890622014 0.00307045262 0.317243516
0.00968868207 0.00307040842 0.317256331
0.010471118 0.00307036402 0.317269206
0.0112535293 0.00307031983 0.317282021
0.0120359254 0.0030702779 0.31729418
0.0128180805 0.00307018992 0.317319691
0.013599986 0.00307006207 0.317356765
0.0143818173 0.00306993402 0.317393899
0.0151635765 0.00306980616 0.317430973
0.0159452519 0.00306967646 0.317468583
0.0167264036 0.00306947359 0.317527413
0.0175072161 0.00306923597 0.317596316
0.0182878942 0.00306899856 0.31766516
0.0190685547 0.00306877801 0.317729115
0.0198497285 0.00306864523 0.31776762
0.0206299721 0.00306839959 0.317838848
0.0214100753 0.00306815396 0.317910075
0.0221903494 0.00306794656 0.317970216
0.0229722202 0.00306794266 0.317971349
0.0237533598 0.0030678551 0.31799674
0.0245352337 0.00306785468 0.317996859
0.0253194894 0.0030681108 0.317922592
0.026104466 0.00306842693 0.31783092
0.0268954767 0.0030693369 0.31756705
0.0276974944 0.00307128077 0.317003369
0.0285145156 0.00307455681 0.31605339
0.0293690867 0.00308116274 0.314137816
0.0302488924 0.00308971953 0.311656535
0.031172732 0.00310174475 0.308169484
0.0343048903 0.00330401608 0.249515235
0.0352008022 0.00330794268 0.248376608
0.0360993347 0.00331190032 0.24722898
0.036994511 0.00331540596 0.246212423
0.037889017 0.00331870131 0.245256841
0.0387854969 0.00332200366 0.244299233
0.0396845821 0.00332536007 0.243325949
0.0405857555 0.00332872901 0.242349028
0.041485396 0.00333184842 0.241444468
0.0423835254 0.00333473494 0.24060744
0.0432833903 0.00333762743 0.239768684
0.0441854162 0.00334055444 0.238919914
0.0450893459 0.00334349687 0.238066673
0.0459950418 0.00334644485 0.237211823
0.0468963634 0.00334900373 0.236469805
0.0477991113 0.00335156035 0.235728443
0.0487034795 0.00335412683 0.234984219
0.0496096181 0.00335671181 0.234234631
0.0505173061 0.00335930111 0.233483791
0.0514259984 0.00336186245 0.232741058
0.0523339089 0.00336429389 0.232035994
0.0532432737 0.00336672903 0.231329858
0.0541541218 0.0033691693 0.230622232
0.0550664502 0.00337161431 0.229913235
0.0559802439 0.00337406301 0.229203164
0.0568985489 0.003376678 0.228444874
0.0578215468 0.00337946134 0.227637768
0.0587461471 0.00338224529 0.226830482
0.0596722216 0.00338502328 0.226024926
0.0605999814 0.00338780621 0.225217938
0.0615459387 0.00339141359 0.224171877
0.0625260722 0.00339659301 0.222669959
0.063508663 0.00340174817 0.221175074
0.0644941737 0.0034069021 0.219680548
0.0655536409 0.00341539209 0.217218637
0.0667280389 0.00342898503 0.213276982
0.0679504461 0.00344441908 0.208801448
0.0695532616 0.00347663433 0.199459731
0.0717333789 0.00353376806 0.182892203
-0.0723301246 0.0026317938 0.177605212
-0.0703770972 0.00259847759 0.191130638
-0.0686067795 0.00257026117 0.202585697
-0.0671150301 0.00255052124 0.210599542
-0.0659278476 0.00254047157 0.21467942
-0.0647604677 0.00253082198 0.218596876
-0.0637739957 0.00252714429 0.220089912
-0.0627918305 0.00252351432 0.221563578
-0.0618132526 0.00251990857 0.223027408
-0.0608420736 0.00251646521 0.224425316
-0.0599148925 0.00251452704 0.225212157
-0.058989369 0.00251259283 0.225997388
-0.0580655413 0.00251066421 0.226780355
-0.057143345 0.00250873896 0.227561951
-0.0562227723 0.00250681694 0.228342235
-0.055308052 0.00250506479 0.229053557
-0.0543951739 0.00250333026 0.229757726
-0.053483604 0.0025015925 0.230463207
-0.0525734278 0.00249985489 0.231168628
-0.0516647082 0.00249812007 0.231872916
-0.050756844 0.00249636249 0.232586443
-0.0498479612 0.00249449949 0.233342767
-0.0489406418 0.00249263972 0.234097779
-0.0480346799 0.00249077408 0.234855175
-0.0471302297 0.00248890932 0.235612214
-0.0462273374 0.00248704765 0.236368
-0.0453238039 0.00248508452 0.237164974
-0.0444183717 0.00248295299 0.238030314
-0.0435147308 0.00248082572 0.238893926
-0.0426127017 0.00247869389 0.239759385
-0.0417124521 0.00247656589 0.240623295
-0.040813983 0.00247444199 0.241485536
-0.0399120217 0.00247203899 0.242461085
-0.0390112025 0.00246959312 0.243454039
-0.0381123583 0.00246714828 0.244446576
-0.037215493 0.00246470475 0.245438576
-0.03632068 0.00246226696 0.246428251
-0.0354221457 0.00245948751 0.247556627
-0.0345240416 0.00245659736 0.248729944
-0.0336283448 0.00245371323 0.249900818
-0.030534197 0.00230792525 0.309086561
-0.0296233432 0.00229991226 0.312339604
-0.0287550926 0.00229437818 0.314586282
-0.0279060177 0.00228988271 0.316411316
-0.027099719 0.00228822628 0.317083776
-0.02630159 0.00228708065 0.317548871
-0.0255130183 0.00228659967 0.317744136
-0.0247286034 0.00228641805 0.317817867
-0.0239450198 0.00228629267 0.317868769
-0.0231632206 0.00228630999 0.317861736
-0.0223822828 0.0022864041 0.317823529
-0.0216028622 0.00228664298 0.317726552
-0.0208238762 0.00228694088 0.317605615
-0.0200447881 0.00228725213 0.317479253
-0.019265651 0.0022875838 0.317344606
-0.0184854122 0.00228782649 0.317246079
-0.0177047678 0.0022880457 0.31715709
-0.0169237157 0.00228823788 0.317079067
-0.0161419055 0.00228835637 0.317030966
-0.0153597806 0.00228844666 0.316994309
-0.01457759 0.00228853784 0.316957295
-0.013794644 0.00228853152 0.316959858
-0.0130118533 0.00228854797 0.316953182
-0.0122290504 0.00228856456 0.316946447
-0.0114462333 0.002288581 0.316939771
-0.0106630645 0.00228853475 0.316958547
-0.00988004647 0.00228851126 0.316968083
-0.00909704996 0.00228848836 0.316977382
-0.0083140724 0.0022884656 0.31698662
-0.00753109574 0.00228843829 0.316997707
-0.00674807304 0.00228839102 0.3170169
-0.00596508992 0.00228834433 0.317035854
-0.00518214415 0.00228829764 0.317054808
-0.00439923606 0.0022882511 0.317073703
-0.00361637075 0.00228820764 0.317091346
-0.00283354926 0.00228817064 0.317106366
-0.00205075031 0.00228812659 0.317124247
-0.00126798661 0.00228808255 0.317142129
-0.000485258109 0.00228803836 0.31716007
0.000297436356 0.00228800077 0.317175329
0.00108011335 0.00228798418 0.317182064
0.00186277325 0.00228796377 0.317190349
0.00264541703 0.00228794351 0.317198574
0.00342804434 0.0022879231 0.31720686
0.00421066824 0.00228790857 0.31721276
0.00499330571 0.00228790372 0.317214727
0.00577591816 0.00228789183 0.317219555
0.0065585211 0.00228787994 0.317224383
0.00734111452 0.00228786804 0.317229211
0.00812373049 0.00228786379 0.31723094
0.00890627552 0.00228784485 0.317238629
0.00968874227 0.00228781328 0.317251444
0.010471183 0.00228778157 0.317264318
0.0112535991 0.00228775 0.317277133
0.0120359992 0.0022877199 0.317289352
0.0128180311 0.00228763768 0.317322731
0.0135999336 0.00228754636 0.317359805
0.0143817619 0.00228745489 0.317396939
0.0151635181 0.00228736357 0.317434013
0.0159451869 0.00228727049 0.317471802
0.0167261233 0.00228710091 0.317540646
0.0175069241 0.00228693133 0.317609489
0.0182875878 0.00228676161 0.317678392
0.0190682208 0.0022866026 0.317742944
0.019849128 0.00228648295 0.317791521
0.020629348 0.0022863075 0.317862749
0.0214094292 0.00228613219 0.317933917
0.022189613 0.00228597818 0.317996442
0.0229712622 0.0022859588 0.31800431
0.0237523692 0.00228589625 0.318029702
0.0245340756 0.00228588524 0.318034172
0.0253181858 0.00228605981 0.317963302
0.0261028074 0.00228626213 0.317881167
0.0268937808 0.00228691298 0.317616939
0.0276946465 0.00228822379 0.317084789
0.0285117761 0.00229057672 0.316129565
0.0293641513 0.00229515383 0.31427139
0.0302407209 0.00230106421 0.311871946
0.031157419 0.00230921506 0.308562934
0.0343027306 0.0024545297 0.249569356
0.035198828 0.00245734879 0.248424888
0.036097308 0.00246017536 0.247277379
0.0369926716 0.00246269288 0.246255338
0.0378871275 0.00246504626 0.245299935
0.0387839791 0.00246742782 0.244333088
0.0396830965 0.00246982877 0.243358374
0.0405842379 0.00247223514 0.242381453
0.0414839947 0.00247447092 0.241473794
0.0423820923 0.00247653256 0.240636825
0.0432821981 0.00247861197 0.239792645
0.0441843394 0.00248070944 0.238941133
0.0450882452 0.00248281102 0.238087952
0.0459939233 0.00248491685 0.237233043
0.0468953328 0.0024867496 0.236488998
0.0477980618 0.00248857575 0.235747635
0.0487026367 0.00249041893 0.234999359
0.049608757 0.00249226519 0.23424983
0.0505164334 0.00249411482 0.233498931
0.0514251563 0.00249594625 0.232755422
0.052333049 0.00249768284 0.232050419
0.0532424105 0.00249942265 0.231344104
0.0541532556 0.00250116614 0.230636299
0.0550655626 0.00250291227 0.229927421
0.0559793424 0.00250466133 0.22921735
0.056897518 0.00250652477 0.228460848
0.0578205001 0.00250851286 0.227653742
0.0587449063 0.00251049478 0.226849139
0.0596709624 0.00251247905 0.226043582
0.0605987039 0.00251446684 0.225236595
0.0615436118 0.00251700697 0.224205375
0.0625235569 0.0025207011 0.222705662
0.0635057166 0.00252436969 0.221216321
0.064491178 0.00252805076 0.219721913
0.0655458091 0.00253395409 0.21732533
0.0667180224 0.00254359443 0.213411629
0.0679255877 0.002554138 0.209131241
0.0695231625 0.00257699021 0.199853897
0.0716454019 0.00261596897 0.184029639
-0.072259685 0.00171024121 0.178515911
-0.0703157203 0.00169040976 0.191934407
-0.0685708284 0.00167396311 0.203062653
-0.0670983803 0.00166249341 0.210823357
-0.0659160212 0.00165655635 0.214840531
-0.0647554173 0.00165090171 0.218666613
-0.0637694185 0.00164870349 0.220153987
-0.0627876818 0.0016465332 0.221622467
-0.0618091743 0.00164437004 0.223086119
-0.060839343 0.00164233188 0.224465191
-0.0599122052 0.00164116908 0.225251973
-0.0589867804 0.0016400099 0.22603631
-0.058062995 0.00163885282 0.226819217
-0.0571408369 0.00163769769 0.227600813
-0.0562203139 0.00163654475 0.228380918
-0.0553057398 0.00163549603 0.229090512
-0.0543927843 0.0016344526 0.229796529
-0.0534811913 0.00163340845 0.230503023
-0.0525710579 0.00163236599 0.231208384
-0.0516623845 0.00163132528 0.231912553
-0.0507544906 0.00163026898 0.232627273
-0.049845648 0.0016291512 0.233383596
-0.0489381963 0.00162803077 0.234141707
-0.0480322255 0.00162690999 0.234900057
-0.0471278196 0.00162579115 0.235657096
-0.0462249746 0.00162467425 0.236412823
-0.0453213403 0.00162349224 0.237212598
-0.0444159611 0.00162221352 0.238077819
-0.0435122099 0.0016209325 0.23894459
-0.0426102277 0.00161965333 0.239810109
-0.0417100338 0.00161837672 0.2406739
-0.0408116202 0.00161710257 0.241536021
-0.0399095229 0.0016156548 0.242515624
-0.0390086986 0.00161418536 0.243509889
-0.0381098389 0.00161271609 0.244504034
-0.0372130354 0.00161125017 0.245495915
-0.0363182813 0.0016097876 0.246485531
-0.0354195354 0.00160811026 0.247620463
-0.0345214799 0.00160637566 0.248794138
-0.0336258325 0.00160464467 0.24996537
-0.0305270701 0.00151699066 0.309274435
-0.0296172493 0.00151221684 0.31250453
-0.0287527775 0.00150904504 0.314650655
-0.0279030801 0.0015063188 0.316495299
-0.027097318 0.00150534469 0.317154407
-0.0263000692 0.00150469362 0.317594945
-0.0255118024 0.00150441701 0.317782104
-0.0247274231 0.00150430795 0.317855895
-0.0239441349 0.00150424541 0.317898214
-0.023162363 0.00150425572 0.31789124
-0.0223817589 0.00150432821 0.317842185
-0.0216023567 0.00150447154 0.317745209
-0.0208236334 0.0015046641 0.317614913
-0.0200447012 0.00150485949 0.31748271
-0.0192655675 0.00150505849 0.317348063
-0.0184854067 0.00150520886 0.317246318
-0.0177048114 0.00150534364 0.317155123
-0.0169237574 0.00150545895 0.3170771
-0.0161420006 0.00150553409 0.317026257
-0.015359878 0.00150558879 0.316989243
-0.0145776824 0.0015056435 0.316952228
-0.0137948147 0.00150564685 0.316949964
-0.0130120151 0.0015056568 0.316943228
-0.0122292015 0.00150566667 0.316936552
-0.0114463755 0.00150567662 0.316929817
-0.0106632413 0.00150565381 0.316945255
-0.00988021385 0.00150564015 0.316954493
-0.00909720328 0.00150562632 0.316963851
-0.00831421238 0.00150561267 0.31697309
-0.00753122239 0.00150559628 0.316984177
-0.00674818685 0.00150556801 0.31700331
-0.00596519079 0.00150554008 0.317022204
-0.00518223195 0.00150551216 0.317041099
-0.00439931003 0.00150548414 0.317060053
-0.00361643101 0.00150545798 0.317077756
-0.00283359181 0.00150543393 0.317094028
-0.00205078056 0.00150540742 0.317111969
-0.00126800475 0.00150538099 0.31712985
-0.000485264158 0.00150535447 0.317147791
0.000297442405 0.00150533192 0.31716305
0.00108013035 0.00150532082 0.31717056
0.00186280159 0.00150530858 0.317178845
0.00264545671 0.00150529642 0.317187071
0.00342809561 0.00150528426 0.317195296
0.00421073091 0.00150527554 0.317201197
0.00499336794 0.00150526991 0.317205012
0.00577598996 0.00150526277 0.31720984
0.00655860297 0.00150525572 0.317214608
0.00734120602 0.00150524859 0.317219436
0.00812383039 0.00150524586 0.317221284
0.0089063309 0.00150522745 0.317233741
0.00968880173 0.00150520842 0.317246616
0.010471248 0.00150518948 0.317259431
0.0112536681 0.00150517045 0.317272305
0.0120360101 0.00150514631 0.317288637
0.0128179817 0.00150509143 0.317325771
0.0135998801 0.00150503655 0.317362904
0.0143817075 0.00150498185 0.317399919
0.0151634597 0.00150492697 0.317437053
0.0159449196 0.00150485605 0.317485034
0.016725843 0.00150475431 0.317553878
0.0175066294 0.00150465248 0.317622781
0.0182872828 0.00150455082 0.317691565
0.0190678885 0.00150445454 0.317756712
0.0198485259 0.00150436768 0.317815483
0.0206287239 0.0015042625 0.317886651
0.0214087816 0.00150415732 0.317957818
0.0221888765 0.00150406148 0.318022668
0.0229703041 0.00150403989 0.318037271
0.0237513787 0.00150400237 0.318062663
0.0245329138 0.00150398915 0.318071604
0.0253168802 0.00150408896 0.318004072
0.0261011489 0.00150419634 0.317931414
0.026892087 0.00150458747 0.317666769
0.0276918027 0.00150532743 0.31716609
0.0285090408 0.00150674693 0.316205621
0.0293591894 0.00150940709 0.31440568
0.0302325585 0.00151283374 0.312087119
0.0311486873 0.00151771063 0.308787286
0.0343008088 0.00160515877 0.249617517
0.0351968538 0.00160685003 0.248473167
0.0360952813 0.00160854578 0.247325778
0.0369908322 0.00161006438 0.246298253
0.0378854653 0.00161148378 0.245337844
0.0387825308 0.00161292099 0.244365394
0.0396816109 0.00161436136 0.243390799
0.0405827148 0.00161580499 0.242413998
0.0414825904 0.00161715111 0.241503179
0.0423807841 0.00161839187 0.240663648
0.0432811422 0.00161964778 0.239813864
0.0441832627 0.00162090625 0.238962352
0.0450871475 0.00162216718 0.238109171
0.0459927985 0.00162343049 0.237254381
0.0468943021 0.0016245333 0.236508191
0.0477972372 0.00162563505 0.235762715
0.0487017939 0.00162674086 0.235014498
0.0496078993 0.0016278486 0.23426497
0.0505155539 0.00162895819 0.23351419
0.0514243107 0.00163005827 0.232769847
0.0523321892 0.00163110021 0.232064843
0.0532415545 0.00163214453 0.23135823
0.054152382 0.00163319052 0.230650485
0.0550646825 0.00163423836 0.229941487
0.0559784446 0.0016352877 0.229231477
0.0568964909 0.0016364031 0.228476763
0.0578193207 0.00163759286 0.227671742
0.0587436695 0.00163878112 0.226867735
0.0596697032 0.00163997158 0.226062238
0.0605974222 0.00164116415 0.22525531
0.0615412807 0.00164266627 0.224238932
0.0625206595 0.00164487154 0.222746789
0.0635027701 0.00164707249 0.221257567
0.064488178 0.00164928084 0.219763339
0.0655379773 0.00165272634 0.217432022
0.0667080104 0.00165846925 0.213546216
0.0679007517 0.00166450726 0.209460735
0.0694930908 0.00167812337 0.200247705
0.0715576417 0.00170041547 0.185164273
-0.0721932148 0.000790508546 0.179375291
-0.0702554494 0.000783932982 0.192723691
-0.0685349133 0.00077860518 0.203539133
-0.067084116 0.000774922437 0.211015105
-0.0659041947 0.000772958626 0.215001643
-0.0647503669 0.000771118869 0.218736351
-0.0637651947 0.000770391399 0.220213115
-0.0627835331 0.000769668128 0.221681356
-0.0618051002 0.000768947235 0.22314477
-0.0608366124 0.000768277138 0.224505067
-0.0599095702 0.000767889972 0.225291014
-0.0589841878 0.000767503629 0.226075292
-0.0580604447 0.00076711799 0.226858139
-0.0571383327 0.000766733026 0.227639616
-0.0562178516 0.000766348767 0.228419662
-0.0553033419 0.00076599942 0.229128838
-0.0543903287 0.000765650865 0.229836404
-0.0534787786 0.000765302868 0.230542839
-0.052568688 0.000764955428 0.23124814
-0.0516600537 0.000764608547 0.23195231
-0.0507521303 0.000764255882 0.232668221
-0.0498431795 0.000763882017 0.233427167
-0.0489356911 0.000763507858 0.234186709
-0.0480297712 0.000763134346 0.23494494
-0.0471254158 0.000762761479 0.235701859
-0.0462226181 0.000762389229 0.236457527
-0.0453188768 0.000761993813 0.237260222
-0.0444133994 0.000761566186 0.238128304
-0.04350968 0.00076113903 0.238995433
-0.0426077538 0.000760712724 0.239860833
-0.0417076127 0.000760287241 0.240724564
-0.0408092546 0.00075986261 0.241586566
-0.039906975 0.000759377552 0.242571235
-0.0390061147 0.000758886768 0.243567526
-0.0381073196 0.000758397129 0.244561493
-0.0372105803 0.000757908606 0.245553195
-0.0363158877 0.000757421169 0.246542692
-0.0354169105 0.000756858625 0.247684658
-0.0345188969 0.000756280196 0.248858869
-0.0315166591 0.000729039093 0.30415833
-0.0305203706 0.000726431846 0.309451044
-0.0296111599 0.00072484648 0.312669337
-0.0287504667 0.00072383881 0.314714909
-0.0279010891 0.00072293373 0.316552222
-0.027094917 0.000722602293 0.317225039
-0.0262985445 0.000722397318 0.317641139
-0.0255105847 0.000722309144 0.317820132
-0.0247262447 0.000722272823 0.317893863
-0.0239432483 0.000722256146 0.317927718
-0.0231615054 0.000722259581 0.317920744
-0.0223812334 0.00072228906 0.317860901
-0.0216018496 0.000722336832 0.317763925
-0.0208233922 0.000722405686 0.317624152
-0.0200446114 0.0007224736 0.317486286
-0.0192654812 0.000722539928 0.317351639
-0.0184853998 0.000722591664 0.317246616
-0.017704855 0.000722637703 0.317153156
-0.0169237978 0.000722676109 0.317075193
-0.0161421017 0.000722702681 0.317021251
-0.0153599742 0.000722720915 0.316984236
-0.0145777747 0.000722739178 0.316947162
-0.0137949863 0.000722742701 0.31694001
-0.013012176 0.00072274599 0.316933334
-0.0122293526 0.000722749278 0.316926658
-0.011446516 0.000722752567 0.316919982
-0.0106634213 0.000722746783 0.316931725
-0.00988038049 0.000722742232 0.316940963
-0.00909735726 0.000722737651 0.316950262
-0.00831435297 0.0007227331 0.3169595
-0.00753134904 0.000722727609 0.316970646
-0.00674830167 0.000722718272 0.316989601
-0.00596529165 0.000722708935 0.317008555
-0.00518231937 0.000722699627 0.31702745
-0.00439938368 0.000722690261 0.317046463
-0.00361649153 0.00072268157 0.317064106
-0.00283363415 0.000722672879 0.317081749
-0.00205081095 0.00072266407 0.317099631
-0.00126802299 0.000722655262 0.317117512
-0.000485270207 0.000722646394 0.317135513
0.000297448454 0.000722638878 0.317150772
0.00108014735 0.000722634796 0.317159057
0.00186283007 0.000722630744 0.317167282
0.00264549638 0.000722626663 0.317175567
0.00342814662 0.000722622611 0.317183793
0.00421078937 0.000722619352 0.317190409
0.00499343054 0.000722616974 0.317195237
0.00577606264 0.000722614625 0.317200005
0.00655868484 0.000722612247 0.317204833
0.00734129752 0.000722609868 0.317209661
0.00812388404 0.000722606697 0.317216098
0.00890638561 0.000722600384 0.317228913
0.00968886119 0.000722594042 0.317241788
0.010471313 0.000722587759 0.317254543
0.0112537379 0.000722581417 0.317267418
0.0120359628 0.000722569437 0.317291737
0.0128179323 0.000722551174 0.317328811
0.0135998277 0.000722532881 0.317365944
0.0143816521 0.000722514648 0.317402959
0.0151634013 0.000722496355 0.317440093
0.0159446535 0.000722467727 0.317498207
0.0167255627 0.000722433785 0.31756711
0.0175063361 0.000722399843 0.317636013
0.0182869765 0.000722365959 0.317704797
0.0190675546 0.000722333573 0.317770541
0.0198479269 0.000722299689 0.317839324
0.0206280998 0.000722264602 0.317910552
0.021408134 0.000722229544 0.31798172
0.0221881417 0.000722196482 0.318048835
0.022969346 0.000722185941 0.318070233
0.0237503899 0.000722173463 0.318095565
0.0245317539 0.000722166856 0.318108976
0.0253155766 0.000722198479 0.318044782
0.0260994904 0.000722229573 0.31798166
0.0268903911 0.000722360116 0.317716658
0.0276890611 0.000722592721 0.31724447
0.0285063056 0.000723067003 0.316281676
0.0293542297 0.000723925016 0.314539909
0.0302243983 0.00072502732 0.312302232
0.0311399626 0.00072664839 0.309011459
0.0342988869 0.000755882754 0.249665678
0.0351948772 0.000756446384 0.248521507
0.036093252 0.000757011542 0.247374237
0.0369890286 0.000757520853 0.246340334
0.0378840514 0.000757998806 0.24537009
0.0387810798 0.000758477786 0.244397759
0.039680128 0.000758957882 0.243423164
0.0405811972 0.000759439035 0.242446423
0.041481189 0.000759889241 0.241532505
0.0423797521 0.000760306826 0.240684807
0.0432800894 0.000760725438 0.239835024
0.044182186 0.000761144873 0.238983572
0.0450860468 0.000761565129 0.23813045
0.0459916768 0.000761986208 0.23727566
0.0468934091 0.00076235608 0.23652482
0.0477964125 0.000762724072 0.235777795
0.0487009544 0.000763092652 0.235029578
0.0496070416 0.000763461848 0.234280109
0.0505146813 0.00076383169 0.233529329
0.0514234685 0.000764198743 0.232784212
0.0523313542 0.000764546212 0.23207885
0.0532407021 0.000764894268 0.231372297
0.0541515157 0.000765242911 0.230664551
0.0550637949 0.000765592111 0.229955673
0.055977543 0.00076594187 0.229245663
0.0568954523 0.000766312711 0.228492856
0.0578181022 0.000766708039 0.227690339
0.0587424287 0.000767104072 0.226886392
0.05966844 0.000767500839 0.226080954
0.0605961406 0.000767898341 0.225274026
0.0615389497 0.000768391708 0.22427249
0.0625177579 0.000769122995 0.222787976
0.0634998194 0.000769856543 0.221298873
0.0644851823 0.000770592587 0.219804704
0.065528986 0.000771701057 0.21755451
0.0666980027 0.000773609315 0.213680744
0.0678771961 0.000775534192 0.209773242
0.0694630418 0.000780032726 0.200641215
0.0714700982 0.000787099279 0.186296105
-0.0721713807 -0.000127814944 0.179657578
-0.0702475389 -0.000121326255 0.192827284
-0.0685442223 -0.000116109396 0.203415632
-0.0670930195 -0.00011242412 0.210895419
-0.0659137766 -0.000110465305 0.214871109
-0.0647544806 -0.000108588895 0.218679547
-0.0637687755 -0.000107858007 0.220162988
-0.0627868042 -0.000107132786 0.221634924
-0.0618080688 -0.000106409945 0.223102033
-0.060838196 -0.000105730067 0.22448194
-0.0599108495 -0.000105340777 0.225272059
-0.0589852819 -0.000104953131 0.226058841
-0.0580613547 -0.000104566161 0.226844251
-0.0571390674 -0.000104179896 0.227628231
-0.0562184161 -0.000103794335 0.22841078
-0.0553035768 -0.0001034424 0.229125083
-0.0543905086 -0.000103093372 0.229833484
-0.0534788978 -0.000102744843 0.230540872
-0.0525687555 -0.000102396931 0.231247008
-0.0516600712 -0.000102049577 0.231952012
-0.0507519825 -0.00010169544 0.232670784
-0.0498429262 -0.000101320569 0.233431637
-0.0489354389 -0.000100946315 0.234191239
-0.0480295267 -0.000100572765 0.23494941
-0.0471251726 -0.000100199803 0.235706389
-0.0462223824 -9.98275164e-05 0.236461997
-0.0453185222 -9.9430855e-05 0.237267077
-0.0444130243 -9.90028884e-05 0.238135695
-0.0435093212 -9.8575744e-05 0.239002645
-0.0426074108 -9.81494513e-05 0.239867866
-0.0417072908 -9.77240396e-05 0.240731299
-0.0408089477 -9.72994208e-05 0.241593123
-0.0399064971 -9.68123675e-05 0.242581666
-0.0390056363 -9.63213791e-05 0.243578196
-0.0381068413 -9.5831536e-05 0.244572401
-0.0372101 -9.53427794e-05 0.245564401
-0.036315411 -9.48551682e-05 0.246554077
-0.0354162475 -9.42901453e-05 0.24770087
-0.0345181881 -9.37108501e-05 0.248876631
-0.0315072477 -6.63545216e-05 0.304400146
-0.0305161854 -6.38115956e-05 0.309561372
-0.0296077044 -6.22342303e-05 0.312762857
-0.0287490883 -6.12535749e-05 0.314753234
-0.0279006408 -6.03609034e-05 0.316565037
-0.0270933974 -6.00136962e-05 0.317269743
-0.0262975981 -5.98165843e-05 0.317669809
-0.0255098288 -5.97308911e-05 0.317843735
-0.0247255195 -5.96946815e-05 0.317917228
-0.0239427037 -5.96805853e-05 0.317945838
-0.0231609735 -5.96839331e-05 0.317939043
-0.0223809187 -5.97169124e-05 0.317872107
-0.0216015476 -5.9764722e-05 0.317775071
-0.0208232848 -5.98370532e-05 0.317628264
-0.0200446129 -5.99070349e-05 0.317486227
-0.0192655071 -5.99738744e-05 0.317350566
-0.0184854522 -6.00262066e-05 0.317244351
-0.0177049184 -6.00725479e-05 0.317150295
-0.0169238521 -6.01108132e-05 0.31707263
-0.0161421993 -6.01385064e-05 0.317016423
-0.0153600704 -6.01568314e-05 0.316979229
-0.014577866 -6.01750978e-05 0.316942155
-0.0137951569 -6.01810299e-05 0.316930115
-0.0130123378 -6.01843484e-05 0.31692338
-0.0122295046 -6.01876375e-05 0.316916704
-0.0114466582 -6.01909266e-05 0.316910028
-0.0106636012 -6.01869033e-05 0.316918194
-0.0098805464 -6.01823221e-05 0.316927493
-0.00909751058 -6.01777702e-05 0.316936731
-0.00831449295 -6.01732183e-05 0.31694597
-0.00753147624 -6.0167756e-05 0.316957057
-0.00674841598 -6.01584466e-05 0.316975951
-0.00596539252 -6.01491079e-05 0.316994905
-0.00518240641 -6.01397692e-05 0.31701386
-0.00439945635 -6.0130313e-05 0.317033052
-0.00361654439 -6.01208861e-05 0.317052186
-0.00283367238 -6.01117823e-05 0.317070663
-0.00205083694 -6.01027079e-05 0.317089081
-0.00126803779 -6.00936335e-05 0.317107499
-0.000485274905 -6.00845297e-05 0.317125976
0.000297452771 -6.00766299e-05 0.31714201
0.00108015969 -6.00723423e-05 0.317150712
0.00186284931 -6.00680253e-05 0.317159474
0.00264552207 -6.00637671e-05 0.317168117
0.00342817754 -6.00594795e-05 0.317176819
0.0042108262 -6.00561317e-05 0.317183614
0.00499347253 -6.00536355e-05 0.31718868
0.00577610933 -6.00511686e-05 0.317193687
0.00655873625 -6.00487018e-05 0.317198694
0.00734135331 -6.0046235e-05 0.317203701
0.00812396236 -6.00438562e-05 0.317208529
0.00890647138 -6.00375423e-05 0.317221344
0.00968895589 -6.00312577e-05 0.317234099
0.0104714145 -6.00249438e-05 0.317246914
0.0112538478 -6.00186299e-05 0.317259729
0.0120361303 -6.00082633e-05 0.317280769
0.0128181038 -5.99897914e-05 0.317318261
0.0136000024 -5.99712901e-05 0.317355812
0.014381827 -5.99527889e-05 0.317393363
0.0151635788 -5.9934317e-05 0.317430854
0.0159448727 -5.9906477e-05 0.317487359
0.0167257572 -5.98717063e-05 0.317557931
0.0175065039 -5.98369651e-05 0.317628443
0.0182871117 -5.98022238e-05 0.317698956
0.0190676611 -5.97691271e-05 0.31776613
0.0198479404 -5.97333286e-05 0.317838788
0.0206280407 -5.96968547e-05 0.317912817
0.0214079935 -5.96603514e-05 0.317986906
0.022187894 -5.96254926e-05 0.318057656
0.0229689267 -5.96121893e-05 0.318084657
0.023749883 -5.95985043e-05 0.318112433
0.0245310565 -5.95891362e-05 0.318131447
0.0253147921 -5.9619766e-05 0.318069279
0.0260986522 -5.96504253e-05 0.318007052
0.0268893476 -5.97783777e-05 0.317747355
0.0276874453 -6.00033884e-05 0.317290664
0.0285046078 -6.04772558e-05 0.316328883
0.0293510187 -6.13158625e-05 0.314626813
0.0302186688 -6.23867629e-05 0.31245327
0.0311337873 -6.40043612e-05 0.309170127
0.034298837 -9.33214718e-05 0.249666929
0.0351949308 -9.38864653e-05 0.248520196
0.0360934093 -9.44529271e-05 0.247370482
0.0369896085 -9.49671449e-05 0.246326804
0.0378847257 -9.54460929e-05 0.245354712
0.0387818574 -9.59261274e-05 0.244380415
0.0396810101 -9.64072485e-05 0.243403912
0.0405821875 -9.68894268e-05 0.242425263
0.0414823882 -9.73416506e-05 0.241507411
0.042381037 -9.77599262e-05 0.240658462
0.0432814418 -9.8179024e-05 0.239807844
0.0441836045 -9.85989147e-05 0.238955617
0.0450875329 -9.90196276e-05 0.238101721
0.0459932321 -9.94411629e-05 0.237246156
0.0468949487 -9.9810689e-05 0.236496151
0.0477979542 -0.000100178512 0.235749602
0.0487025006 -0.000100546951 0.235001802
0.0496085949 -0.000100916037 0.234252691
0.0505162342 -0.00010128571 0.233502388
0.0514249921 -0.000101652358 0.232758224
0.0523328714 -0.000101999624 0.232053399
0.0532422082 -0.000102347448 0.231347442
0.054153006 -0.00010269583 0.230640352
0.055065268 -0.00010304477 0.229932129
0.0559789976 -0.000103394267 0.229222775
0.0568970064 -0.000103765761 0.228468776
0.0578196878 -0.000104161218 0.22766614
0.0587440421 -0.000104557351 0.226862133
0.0596700773 -0.000104954189 0.226056695
0.0605978059 -0.00010535179 0.225249708
0.061541376 -0.000105850472 0.224237561
0.062520185 -0.000106581654 0.222753525
0.063502272 -0.000107315274 0.221264541
0.0644876557 -0.00010805136 0.219770551
0.0655324206 -0.000109166252 0.21750772
0.0667008716 -0.000111070796 0.21364218
0.0678805702 -0.000112999069 0.209728479
0.0694564604 -0.000117433882 0.200727403
0.0714207734 -0.000124229956 0.186933815
-0.0723253392 -0.00104894134 0.177667081
-0.070369164 -0.00102888856 0.191234529
-0.0686348503 -0.00101266189 0.202213287
-0.0671333028 -0.00100062999 0.210353911
-0.0659522356 -0.000994727904 0.214347184
-0.0647825168 -0.000988896825 0.218292415
-0.063782869 -0.000986423704 0.219965696
-0.0628006571 -0.000984247203 0.221438289
-0.0618216824 -0.000982077837 0.222906053
-0.0608470777 -0.000979940362 0.224352241
-0.059918839 -0.000978755822 0.225153685
-0.058993143 -0.00097759269 0.225940645
-0.0580690875 -0.000976431584 0.226726234
-0.0571466725 -0.000975272592 0.227510393
-0.056225886 -0.000974115538 0.22829324
-0.0553103231 -0.000973045435 0.229017258
-0.0543970605 -0.000971996299 0.229727089
-0.0534853376 -0.000970950599 0.230434597
-0.05257508 -0.00096990666 0.231140912
-0.0516662772 -0.000968864308 0.231846154
-0.050758311 -0.000967807771 0.232560992
-0.0498488932 -0.000966676618 0.233326316
-0.0489412955 -0.000965553745 0.234086037
-0.0480352666 -0.000964432811 0.234844446
-0.0471308027 -0.000963313815 0.235601544
-0.0462278967 -0.000962196668 0.236357391
-0.0453243003 -0.000961017238 0.237155378
-0.0444185623 -0.000959729626 0.238026559
-0.0435147427 -0.000958448005 0.238893688
-0.0426127162 -0.000957168938 0.239759088
-0.0417124749 -0.000955892338 0.240622819
-0.0408140165 -0.000954618292 0.241484821
-0.0399117568 -0.000953166821 0.242466867
-0.0390107215 -0.000951691917 0.243464768
-0.0381118016 -0.000950222034 0.244459271
-0.0372149412 -0.000948755587 0.24545145
-0.0363201284 -0.000947292399 0.246441424
-0.0354212366 -0.000945611262 0.247578859
-0.0345229832 -0.000943870748 0.248756468
-0.0315269103 -0.000862375717 0.303894937
-0.0305255643 -0.000854366111 0.309314132
-0.0296162671 -0.000849611389 0.312531114
-0.0287532319 -0.00084649737 0.314638019
-0.0279025276 -0.000843728951 0.316511095
-0.0270966028 -0.000842747032 0.317175448
-0.0262995892 -0.000842105516 0.317609489
-0.0255113615 -0.00084183004 0.317795873
-0.024727005 -0.000841721417 0.317869365
-0.0239438125 -0.000841662922 0.317908943
-0.0231620476 -0.000841673053 0.317902088
-0.022381625 -0.000841754542 0.317846954
-0.0216022307 -0.00084189805 0.317749858
-0.0208236988 -0.0008421012 0.31761241
-0.0200448719 -0.00084230294 0.317475915
-0.0192657574 -0.000842503534 0.317340195
-0.0184856151 -0.000842655588 0.317237318
-0.0177050334 -0.000842791873 0.317145109
-0.0169239619 -0.000842906662 0.317067444
-0.0161422715 -0.000842987358 0.317012847
-0.0153601379 -0.000843042242 0.316975713
-0.0145779323 -0.000843097214 0.31693852
-0.0137951949 -0.000843112895 0.31692791
-0.0130123766 -0.000843123114 0.316920996
-0.0122295437 -0.000843133245 0.316914141
-0.0114466982 -0.000843143464 0.316907227
-0.0106636282 -0.00084313025 0.316916168
-0.00988056989 -0.000843116331 0.316925585
-0.00909752949 -0.000843102323 0.316935062
-0.00831450837 -0.000843088404 0.31694448
-0.00753149186 -0.000843072283 0.316955388
-0.00674842647 -0.000843043739 0.3169747
-0.00596539825 -0.00084301502 0.316994131
-0.00518240793 -0.000842986213 0.317013621
-0.00439945635 -0.000842957493 0.317033052
-0.00361654914 -0.0008429308 0.317051113
-0.00283367773 -0.000842904195 0.317069113
-0.00205084061 -0.000842876885 0.317087591
-0.00126803999 -0.000842849664 0.317106009
-0.000485275669 -0.000842822442 0.317124426
0.000297453769 -0.000842799449 0.317139983
0.00108016356 -0.000842787468 0.317148089
0.00186285591 -0.000842774606 0.317156792
0.00264553112 -0.000842761744 0.317165494
0.00342818917 -0.000842748882 0.317174196
0.00421084332 -0.000842739632 0.317180455
0.00499350116 -0.000842734082 0.31718421
0.00577614236 -0.000842726682 0.317189217
0.00655877369 -0.000842719282 0.317194223
0.0073413946 -0.000842711793 0.31719929
0.00812402896 -0.000842707653 0.317202091
0.00890656729 -0.000842691708 0.31721288
0.0096890594 -0.000842672767 0.317225695
0.0104715263 -0.000842653826 0.31723851
0.0112539687 -0.000842634974 0.317251265
0.0120363624 -0.000842613831 0.31726557
0.0128183499 -0.00084255833 0.317303121
0.0136002635 -0.00084250283 0.317340672
0.0143821041 -0.000842447417 0.317378163
0.0151638709 -0.000842392005 0.317415655
0.0159453747 -0.000842322761 0.317462504
0.016726285 -0.000842218544 0.317533016
0.0175070549 -0.000842114238 0.317603588
0.0182876858 -0.000842009932 0.31767416
0.0190682841 -0.000841912145 0.317740321
0.0198488449 -0.000841819821 0.317802787
0.0206289791 -0.000841710317 0.317876875
0.0214089673 -0.000841600814 0.317950964
0.0221890004 -0.000841501353 0.318018258
0.022970266 -0.000841471313 0.318038583
0.0237512676 -0.00084143026 0.318066359
0.0245327177 -0.000841413169 0.318077922
0.0253165787 -0.000841508401 0.318013489
0.0261007495 -0.000841611826 0.317943513
0.0268917121 -0.000842004558 0.317677796
0.0276913252 -0.000842740689 0.31717974
0.0285086057 -0.000844162559 0.316217721
0.0293580838 -0.000846796544 0.314435601
0.0302301618 -0.000850174235 0.3121503
0.0311456925 -0.00085503106 0.308864236
0.034304222 -0.00094272453 0.249531984
0.0352004634 -0.000944419939 0.248384893
0.0360990901 -0.000946119752 0.247234821
0.0369948303 -0.000947641876 0.246204972
0.0378900937 -0.000949079516 0.245232284
0.0387873567 -0.000950519887 0.244257748
0.0396866412 -0.000951963517 0.243281007
0.0405879565 -0.000953410495 0.242302001
0.041487763 -0.000954751141 0.241394937
0.0423864413 -0.000956003427 0.240547657
0.0432869641 -0.00095726091 0.23969686
0.0441892483 -0.00095852086 0.238844395
0.0450932986 -0.000959783277 0.23799026
0.0459990322 -0.000961045693 0.237136126
0.0469003483 -0.000962140199 0.236395598
0.0478034497 -0.000963243514 0.235649109
0.048708105 -0.000964349032 0.23490113
0.0496143053 -0.000965456399 0.2341519
0.0505220576 -0.000966565705 0.233401358
0.0514307403 -0.00096766118 0.232660174
0.0523387233 -0.000968703092 0.23195523
0.0532481677 -0.000969746766 0.231249094
0.0541590697 -0.000970792026 0.230541885
0.05507144 -0.000971839048 0.229833484
0.0559852782 -0.000972887743 0.22912395
0.0569040882 -0.00097401828 0.228359044
0.0578271043 -0.000975209691 0.22755295
0.058751586 -0.000976398372 0.226748705
0.0596777491 -0.000977589166 0.225943029
0.0606056019 -0.000978782163 0.225135863
0.061554236 -0.000980383485 0.224052429
0.062533765 -0.000982588178 0.222560763
0.0635160887 -0.000984789875 0.221071124
0.0645017105 -0.000986998972 0.219576478
0.065564531 -0.000990703147 0.217070282
0.0667336923 -0.000996421991 0.213200986
0.0679484873 -0.00100288613 0.208827436
0.0695238407 -0.00101616221 0.199845016
0.071534042 -0.00103740948 0.185469389
-0.0724895554 -0.00197431694 0.175543964
-0.0704884905 -0.00193951544 0.189671874
-0.0687242249 -0.00191154277 0.201027572
-0.067174424 -0.00188993071 0.209801138
-0.0659907383 -0.00188002443 0.213822663
-0.064820166 -0.00187029462 0.217772544
-0.0637980993 -0.00186541739 0.219752491
-0.0628145184 -0.00186174941 0.221241534
-0.0618353043 -0.00185813222 0.222709954
-0.0608593187 -0.00185452708 0.224173486
-0.0599274924 -0.00185242837 0.225025475
-0.0590010079 -0.00185046531 0.225822389
-0.0580768203 -0.00184852957 0.226608217
-0.0571542775 -0.0018465975 0.227392554
-0.0562333636 -0.00184466866 0.228175581
-0.055317364 -0.00184287255 0.228904724
-0.0544036455 -0.00184111021 0.229620159
-0.0534917812 -0.00183936593 0.230328262
-0.0525814081 -0.00183762561 0.231034756
-0.0516724902 -0.00183588794 0.231740177
-0.0507646463 -0.00183413675 0.232451081
-0.0498550966 -0.00183225049 0.233216822
-0.0489471521 -0.00183036849 0.233980835
-0.0480410098 -0.00182849985 0.234739423
-0.0471364327 -0.00182663443 0.2354967
-0.0462334171 -0.00182477225 0.236252666
-0.0453301061 -0.00182282506 0.237043142
-0.0444242151 -0.00182067701 0.237915158
-0.0435201672 -0.00181853512 0.238784671
-0.0426180216 -0.00181640278 0.239650309
-0.0417176617 -0.00181427456 0.240514279
-0.040819088 -0.00181215073 0.24137646
-0.0399171557 -0.00180975499 0.242349029
-0.0390158414 -0.00180728789 0.243350566
-0.0381167646 -0.00180483561 0.244346082
-0.0372197798 -0.00180239083 0.245338559
-0.0363248433 -0.00179995148 0.246328831
-0.0354263963 -0.00179718309 0.247452676
-0.0345277997 -0.00179426876 0.248635769
-0.0336318987 -0.00179137748 0.249809504
-0.0305355921 -0.00164544998 0.309049785
-0.0296253341 -0.00163747885 0.312285721
-0.0287573755 -0.00163196821 0.314522803
-0.0279066515 -0.00162736084 0.316393197
-0.0270998081 -0.00162566619 0.317081153
-0.0263015802 -0.00162451332 0.317549169
-0.025512961 -0.00162402865 0.317745924
-0.0247284905 -0.00162384247 0.317821503
-0.0239449213 -0.00162371796 0.317872048
-0.0231631201 -0.00162373485 0.317865193
-0.0223823314 -0.00162384174 0.317821801
-0.0216029123 -0.00162408092 0.317724705
-0.0208241112 -0.00162439644 0.317596614
-0.0200451325 -0.00162471931 0.317465544
-0.0192660049 -0.00162505334 0.317329943
-0.0184857779 -0.00162529883 0.317230284
-0.0177051484 -0.00162552142 0.317139924
-0.0169240705 -0.00162571258 0.317062318
-0.0161423437 -0.00162584326 0.31700927
-0.0153602066 -0.00162593473 0.316972137
-0.0145779974 -0.00162602635 0.316934943
-0.0137952134 -0.00162604632 0.316926837
-0.0130123931 -0.0016260632 0.316919983
-0.012229561 -0.00162608038 0.316913009
-0.0114467135 -0.00162609726 0.316906154
-0.0106636218 -0.00162607142 0.316916645
-0.00988056255 -0.00162604793 0.316926181
-0.00909752341 -0.00162602473 0.316935599
-0.0083145022 -0.00162600139 0.316945076
-0.00753148629 -0.00162597452 0.316955984
-0.00674842647 -0.00162592842 0.3169747
-0.00596539825 -0.00162588055 0.316994131
-0.00518240832 -0.00162583269 0.317013562
-0.00439945668 -0.00162578482 0.317032993
-0.00361654941 -0.00162574033 0.317051053
-0.00283368287 -0.00162569952 0.317067623
-0.00205084443 -0.00162565415 0.317086041
-0.00126804219 -0.00162560863 0.317104518
-0.000485276403 -0.00162556326 0.317122936
0.000297454533 -0.00162552509 0.317138434
0.00108016744 -0.00162550776 0.317145467
0.00186286237 -0.00162548633 0.317154169
0.00264554016 -0.00162546489 0.317162871
0.0034282008 -0.00162544345 0.317171574
0.00421085753 -0.00162542804 0.317177832
0.00499352979 -0.00162542334 0.31717974
0.0057761754 -0.001625411 0.317184746
0.00655881063 -0.00162539852 0.317189813
0.00734143644 -0.00162538619 0.31719482
0.0081240752 -0.00162537929 0.317197621
0.00890666319 -0.00162536255 0.317204416
0.00968916365 -0.00162533098 0.317217231
0.0104716388 -0.00162529942 0.317230046
0.0112540888 -0.00162526785 0.317242861
0.0120364989 -0.00162523393 0.31725663
0.0128185961 -0.0016251567 0.317287982
0.0136005255 -0.00162506435 0.317325473
0.0143823812 -0.001624972 0.317362964
0.0151641617 -0.0016248795 0.317400515
0.0159458491 -0.00162478465 0.31743902
0.0167268115 -0.00162461433 0.317508161
0.017507606 -0.00162444049 0.317578733
0.0182882614 -0.00162426665 0.317649305
0.0190689086 -0.00162410617 0.317714453
0.019849748 -0.00162397711 0.317766845
0.0206299176 -0.00162379461 0.317840934
0.0214099412 -0.0016236121 0.317915022
0.0221901067 -0.00162345485 0.317978859
0.0229716069 -0.00162342138 0.317992449
0.0237526523 -0.00162335281 0.318020284
0.0245343457 -0.00162334004 0.31802547
0.025318369 -0.00162350727 0.31795758
0.0261030416 -0.00162371297 0.317874074
0.0268940767 -0.00162436781 0.317608237
0.0276952969 -0.00162570304 0.317066193
0.0285126078 -0.00162806722 0.316106439
0.0293651511 -0.00163265418 0.31424433
0.0302415575 -0.00163855243 0.311849892
0.0311576023 -0.00164666085 0.308558226
0.0343096069 -0.00179239351 0.24939704
0.035205996 -0.00179522004 0.24824959
0.036104771 -0.00179805391 0.247099161
0.037000042 -0.0018005561 0.246083379
0.0378954591 -0.00180295405 0.245109916
0.038792856 -0.00180535537 0.244135082
0.0396922778 -0.00180776228 0.243157983
0.0405937254 -0.00181017447 0.242178738
0.0414931664 -0.00181238374 0.241281867
0.0423918862 -0.00181446734 0.240436018
0.0432924924 -0.0018165618 0.239585757
0.0441948981 -0.00181866228 0.238733053
0.0450990674 -0.00182076672 0.23787874
0.0460044898 -0.00182285105 0.237032592
0.0469059208 -0.00182467579 0.236291826
0.0478089484 -0.0018265067 0.235548556
0.0487137095 -0.0018283495 0.234800458
0.0496200224 -0.00183019568 0.234050989
0.0505278845 -0.00183204494 0.233300269
0.0514364851 -0.00183386307 0.232562184
0.0523445788 -0.00183560016 0.231857002
0.0532541273 -0.00183733989 0.231150746
0.0541651372 -0.00183908241 0.230443359
0.055077612 -0.00184082772 0.229734838
0.0559915587 -0.00184257596 0.229025126
0.0569109585 -0.00184447896 0.22825259
0.0578345286 -0.00184648151 0.227439642
0.0587591338 -0.00184846306 0.226635218
0.0596854208 -0.00185044814 0.225829363
0.0606134019 -0.00185243703 0.225021958
0.0615667442 -0.00185526884 0.223872364
0.0625473533 -0.00185897485 0.222367883
0.0635299097 -0.00186264577 0.220877647
0.0645157696 -0.00186632917 0.219382346
0.0655970352 -0.00187311528 0.216627479
0.0667665441 -0.00188264364 0.212759376
0.0680165437 -0.00189455335 0.207924545
0.0695913485 -0.00191663349 0.19896096
0.0716476702 -0.00195348628 0.184000313
-0.0726542556 -0.00290389797 0.173414588
-0.0706061376 -0.00285314586 0.188131213
-0.0688118788 -0.00281268152 0.199864686
-0.067248938 -0.00278186877 0.208799482
-0.066029521 -0.00276636773 0.213294327
-0.0648578627 -0.00275271915 0.217252016
-0.0638139982 -0.00274486349 0.219529927
-0.0628283881 -0.00273963975 0.22104466
-0.0618489345 -0.00273457346 0.222513735
-0.0608727065 -0.00272952382 0.223977983
-0.0599362382 -0.00272635829 0.224895895
-0.059009305 -0.00272359338 0.225697637
-0.0580845571 -0.00272086033 0.22649014
-0.0571618825 -0.00271815463 0.227274716
-0.0562408411 -0.00271545365 0.228057921
-0.0553244124 -0.00271292184 0.228792071
-0.0544105682 -0.00271045375 0.229507744
-0.0534982211 -0.0027079906 0.230221987
-0.0525877326 -0.00270555355 0.23092866
-0.0516786997 -0.0027031202 0.231634259
-0.0507709748 -0.00270068192 0.23234129
-0.0498613101 -0.00269804075 0.23310715
-0.048953231 -0.00269540432 0.233871639
-0.0480467594 -0.00269277426 0.23463428
-0.047142066 -0.00269016187 0.235391796
-0.0462389345 -0.00268755401 0.236148
-0.0453359211 -0.00268485467 0.236930728
-0.0444299013 -0.00268184618 0.237803102
-0.0435256925 -0.00267884406 0.238673628
-0.0426233271 -0.00267585099 0.239541531
-0.0417228514 -0.00267287087 0.240405679
-0.0408241596 -0.00266989671 0.241268098
-0.0399225629 -0.00266657598 0.242231012
-0.0390211162 -0.00266312083 0.243232906
-0.0381217458 -0.00265967369 0.244232476
-0.0372246185 -0.00265624854 0.245225668
-0.0363295632 -0.00265283285 0.246216118
-0.0354315584 -0.00264900379 0.247326434
-0.0345328231 -0.00264492251 0.248509884
-0.0336365661 -0.00264085419 0.249689579
-0.0305457262 -0.00243706444 0.308782637
-0.0296344078 -0.0024258305 0.31204015
-0.0287615213 -0.0024176663 0.314407528
-0.0279108567 -0.00241123308 0.316272974
-0.0271030155 -0.00240877136 0.316986799
-0.0263035142 -0.00240703402 0.317490578
-0.0255145815 -0.00240632794 0.31769532
-0.0247299742 -0.00240605764 0.3177737
-0.0239461483 -0.00240585928 0.317831218
-0.0231641942 -0.00240586956 0.317828238
-0.0223830394 -0.00240597871 0.317796588
-0.0216035955 -0.00240631355 0.317699492
-0.0208245267 -0.00240672322 0.3175807
-0.0200454455 -0.00240716331 0.317453086
-0.0192662553 -0.00240762376 0.317319572
-0.0184859394 -0.00240795573 0.317223311
-0.0177053281 -0.00240827125 0.317131817
-0.0169241804 -0.00240852881 0.317057133
-0.0161424485 -0.00240871175 0.317004085
-0.0153602753 -0.00240883426 0.31696856
-0.0145780626 -0.00240896253 0.316931367
-0.0137952319 -0.00240898185 0.316925764
-0.0130124105 -0.00240900549 0.31691891
-0.0122295765 -0.00240902933 0.316911996
-0.011446728 -0.00240905297 0.316905141
-0.0106636139 -0.00240901125 0.316917241
-0.00988055595 -0.00240897856 0.316926718
-0.00909751665 -0.00240894588 0.316936195
-0.00831449665 -0.0024089134 0.316945613
-0.00753148182 -0.00240887599 0.316956461
-0.00674842697 -0.0024088133 0.31697464
-0.00596539825 -0.00240874608 0.316994131
-0.00518240832 -0.00240867907 0.317013562
-0.004399457 -0.00240861227 0.317032933
-0.00361654941 -0.00240854978 0.317051053
-0.00283368821 -0.00240849798 0.317066074
-0.0020508481 -0.00240843426 0.317084551
-0.0012680444 -0.00240837053 0.317103028
-0.000485277137 -0.00240830702 0.317121446
0.000297455267 -0.00240825357 0.317136943
0.00108017131 -0.00240823322 0.317142844
0.00186286883 -0.00240820321 0.317151547
0.0026455492 -0.0024081732 0.317160249
0.00342821242 -0.00240814319 0.317168951
0.00421087206 -0.00240812181 0.31717515
0.00499355842 -0.0024081214 0.317175269
0.00577620843 -0.00240810414 0.317180276
0.00655884807 -0.00240808666 0.317185342
0.00734147829 -0.0024080694 0.317190349
0.00812412145 -0.00240805974 0.317193151
0.00890675977 -0.00240805028 0.317195892
0.00968926863 -0.00240800609 0.317208707
0.0104717514 -0.00240796169 0.317221582
0.0112542097 -0.00240791749 0.317234397
0.0120366273 -0.0024078698 0.317248225
0.0128188441 -0.00240778532 0.317272723
0.0136007876 -0.00240765582 0.317310274
0.0143826571 -0.00240752632 0.317347825
0.0151644526 -0.00240739682 0.317385376
0.0159461549 -0.00240726404 0.31742388
0.016727338 -0.0024070591 0.317483306
0.017508157 -0.00240681572 0.317553878
0.0182888382 -0.00240657255 0.31762439
0.0190695316 -0.00240635097 0.317688644
0.0198506525 -0.00240620543 0.317730844
0.0206308576 -0.00240594993 0.317804933
0.0214109151 -0.00240569422 0.317879081
0.0221912131 -0.00240548599 0.31793946
0.0229729462 -0.00240546215 0.317946375
0.0237540369 -0.00240536616 0.31797421
0.0245359737 -0.00240537027 0.317973018
0.0253201555 -0.0024056159 0.31790179
0.0261053336 -0.00240595096 0.317804635
0.0268964452 -0.00240686855 0.31753856
0.027699327 -0.0024088949 0.316950977
0.0285166099 -0.00241219117 0.315995157
0.0293722206 -0.00241888894 0.314052999
0.0302529623 -0.00242752344 0.311549246
0.0311786336 -0.0024397019 0.30801785
0.0343149943 -0.00264232863 0.249262035
0.035211531 -0.00264628698 0.248114228
0.0361104543 -0.00265025561 0.246963442
0.037005251 -0.00265370974 0.245961845
0.037900801 -0.00265706788 0.244988084
0.0387983607 -0.002660433 0.244012296
0.0396979116 -0.00266380327 0.243035019
0.0405994972 -0.00266718155 0.242055416
0.0414985754 -0.00267023957 0.241168678
0.0423974155 -0.00267315721 0.24032265
0.0432980207 -0.00267608162 0.239474654
0.0442005449 -0.0026790229 0.238621771
0.0451048362 -0.00268196992 0.23776722
0.0460099506 -0.00268486063 0.236929
0.0469114901 -0.00268741567 0.236188114
0.0478145579 -0.00268997502 0.235445976
0.0487193172 -0.00269254856 0.234699726
0.0496257362 -0.0026951336 0.233950138
0.0505337079 -0.00269772317 0.233199239
0.0514422368 -0.00270025848 0.232464075
0.0523504343 -0.0027026908 0.231758773
0.0532600868 -0.00270512682 0.231052399
0.0541712083 -0.00270756716 0.230344772
0.0550837914 -0.00271001119 0.229636073
0.055997843 -0.00271245914 0.228926242
0.0569178365 -0.00271514984 0.228146017
0.0578416834 -0.00271796243 0.227330446
0.0587666777 -0.00272075119 0.22652179
0.0596930966 -0.0027235313 0.225715637
0.0606211979 -0.00272631615 0.224908114
0.0615792606 -0.00273050945 0.223692179
0.0625609459 -0.00273574183 0.222174943
0.0635437434 -0.00274088356 0.220683992
0.0645298416 -0.00274604255 0.219188035
0.0656299419 -0.00275641892 0.216179192
0.0667994269 -0.00276973697 0.212317348
0.0680847304 -0.00278800579 0.207019925
0.0696787554 -0.00281974559 0.197816312
0.071761658 -0.0028724741 0.182526589
-0.0728985422 -0.0038422375 0.170256257
-0.0707383631 -0.00377065883 0.186399639
-0.0689034414 -0.0037163418 0.198649943
-0.0673373217 -0.00367660738 0.207611382
-0.0660698351 -0.00365384469 0.21274513
-0.0648956025 -0.00363617208 0.216730893
-0.0638299055 -0.00362474872 0.219307244
-0.0628440214 -0.00361802906 0.220822752
-0.0618625647 -0.00361140137 0.222317517
-0.0608861025 -0.00360490635 0.223782361
-0.0599449841 -0.00360054356 0.224766314
-0.0590179073 -0.00359698764 0.225568295
-0.0580925047 -0.00359343805 0.226368845
-0.0571694875 -0.00358994397 0.227156878
-0.0562483187 -0.00358647049 0.227940262
-0.055331457 -0.00358319286 0.228679478
-0.0544174909 -0.00358001882 0.22939533
-0.0535050077 -0.00357685007 0.23010999
-0.0525940607 -0.00357369083 0.230822504
-0.0516849162 -0.00357056172 0.231528223
-0.0507772242 -0.00356743736 0.232232869
-0.049867527 -0.0035640474 0.232997418
-0.0489593265 -0.00356065665 0.233762145
-0.048052708 -0.00355727198 0.234525502
-0.0471476993 -0.00355389603 0.235286892
-0.046244455 -0.00355054228 0.236043275
-0.04534173 -0.00354710528 0.236818433
-0.0444355935 -0.0035432367 0.237690926
-0.0435312593 -0.00353937553 0.23856175
-0.0426287313 -0.00353552255 0.239430726
-0.0417280411 -0.00353168119 0.240297079
-0.0408292311 -0.00352785623 0.241159737
-0.0399279646 -0.00352362902 0.242113114
-0.0390263911 -0.00351918563 0.243115246
-0.0381268943 -0.00351475255 0.244115055
-0.0372294648 -0.00351032951 0.245112598
-0.0363342831 -0.00350593633 0.246103406
-0.035436718 -0.00350107299 0.247200251
-0.0345378466 -0.00349582433 0.248383999
-0.0336414307 -0.00349058968 0.249564588
-0.0305558671 -0.00322920613 0.30851531
-0.0296434858 -0.0032146666 0.31179446
-0.0287664901 -0.00320369304 0.314269364
-0.0279150619 -0.00319534223 0.316152752
-0.0271062209 -0.00319206221 0.316892505
-0.0263049917 -0.00318960887 0.317445815
-0.025516202 -0.00318872696 0.317644715
-0.0247314597 -0.00318836727 0.317725837
-0.0239475078 -0.00318810061 0.317785978
-0.0231652666 -0.00318807683 0.317791343
-0.0223838662 -0.00318818413 0.317767143
-0.021604277 -0.00318859561 0.317674339
-0.0208249391 -0.00318908084 0.317564905
-0.0200459233 -0.00318966094 0.317434073
-0.0192665042 -0.00319021435 0.317309261
-0.0184861022 -0.00319062663 0.317216277
-0.0177055329 -0.00319104208 0.317122579
-0.016924289 -0.00319135499 0.317052007
-0.0161425905 -0.00319159866 0.316997051
-0.0153603441 -0.00319174085 0.316964984
-0.0145781267 -0.00319190549 0.31692785
-0.0137952967 -0.00319193139 0.316922009
-0.013012427 -0.00319194963 0.316917896
-0.0122295929 -0.00319198055 0.316910923
-0.0114467434 -0.00319201094 0.316904068
-0.0106636258 -0.0031919565 0.316916347
-0.0098805486 -0.00319190787 0.316927314
-0.00909751058 -0.00319186612 0.316936731
-0.0083144911 -0.00319182436 0.316946149
-0.0075314768 -0.00319177626 0.316956997
-0.00674842697 -0.00319169803 0.31697464
-0.00596539869 -0.00319161188 0.316994071
-0.00518240908 -0.00319152598 0.317013443
-0.004399457 -0.00319143956 0.317032933
-0.00361654941 -0.00319135922 0.317051053
-0.00283369314 -0.00319129896 0.317064643
-0.00205085177 -0.0031912173 0.317083061
-0.0012680466 -0.00319113537 0.317101538
-0.000485277871 -0.00319105371 0.317119956
0.00029745603 -0.00319098526 0.317135394
0.00108017493 -0.00319096306 0.317140401
0.00186287529 -0.00319092527 0.317148924
0.00264555825 -0.00319088668 0.317157626
0.00342822405 -0.0031908481 0.317166329
0.00421088628 -0.00319082061 0.317172527
0.00499358324 -0.00319082563 0.317171395
0.00577624103 -0.00319080581 0.317175865
0.00655888551 -0.00319078361 0.317180872
0.00734152013 -0.00319076141 0.317185879
0.00812416832 -0.00319074926 0.317188621
0.00890685298 -0.00319075348 0.317187667
0.00968937287 -0.00319069772 0.317200244
0.0104718648 -0.0031906409 0.317213059
0.0112543315 -0.00319058408 0.317225874
0.0120367565 -0.0031905225 0.317239762
0.0128190903 -0.00319044348 0.317257583
0.0136010487 -0.00319027698 0.317295134
0.0143829342 -0.00319011075 0.317332626
0.0151647447 -0.00318994425 0.317370176
0.0159464619 -0.00318977352 0.317408681
0.0167278646 -0.00318955285 0.317458451
0.0175087067 -0.00318923967 0.317529082
0.0182894124 -0.00318892702 0.317599595
0.0190701547 -0.00318864662 0.317662835
0.0198514013 -0.00318847721 0.317701042
0.0206317976 -0.0031881762 0.317768932
0.0214118906 -0.00318784743 0.31784308
0.0221923195 -0.00318759477 0.317900062
0.0229742871 -0.00318759398 0.317900241
0.0237554233 -0.00318747056 0.317928076
0.0245376035 -0.00318750412 0.317920506
0.025321944 -0.00318783474 0.317845941
0.0261076256 -0.00318832578 0.317735195
0.0268988118 -0.00318950633 0.317468941
0.0277033571 -0.00319231381 0.316835761
0.0285206142 -0.00319653468 0.315883815
0.0293792989 -0.0032055018 0.31386143
0.0302643717 -0.00321708744 0.311248481
0.0312014209 -0.00323400789 0.307432354
0.0343202152 -0.00349251128 0.249131203
0.0352170684 -0.00349762093 0.247978807
0.0361161402 -0.00350272503 0.246827662
0.0370104626 -0.00350710314 0.245840252
0.0379061481 -0.00351142232 0.244866133
0.0388038467 -0.00351575074 0.243889928
0.0397035509 -0.0035200871 0.242911935
0.0406052661 -0.00352443138 0.241932154
0.0415039816 -0.00352831819 0.241055548
0.0424029448 -0.00353207048 0.240209282
0.0433036617 -0.00353583044 0.239361286
0.0442061948 -0.00353960308 0.23851043
0.0451106081 -0.00354339316 0.23765564
0.0460154114 -0.00354707436 0.236825407
0.0469170625 -0.00355036019 0.236084342
0.0478202424 -0.00355365157 0.235342026
0.0487249548 -0.0035569485 0.234598458
0.0496314533 -0.00356027054 0.233849228
0.0505395347 -0.00356360077 0.233098149
0.051447985 -0.00356684695 0.232366026
0.0523562863 -0.00356997474 0.231660605
0.0532660499 -0.00357310782 0.230953992
0.0541772757 -0.00357624591 0.230246246
0.0550899634 -0.00357938877 0.229537428
0.0560041274 -0.00358253717 0.228827357
0.0569247145 -0.00358603073 0.228039444
0.0578486821 -0.00358964797 0.227223635
0.0587742295 -0.00359326336 0.226408243
0.0597007723 -0.00359683858 0.225601912
0.0606290061 -0.00360042041 0.22479409
0.0615917811 -0.0036061054 0.223511934
0.062573875 -0.00361284726 0.22199142
0.0635575772 -0.00361950296 0.220490337
0.0645439094 -0.00362613858 0.218993783
0.0656628792 -0.00364060781 0.215730488
0.0668323452 -0.00365770348 0.211874843
0.0681530564 -0.00368324908 0.206113458
0.0697712782 -0.00372541041 0.196604669
0.0718760054 -0.00379438669 0.181048215
-0.0708719722 -0.00469168227 0.184649945
-0.0690219785 -0.00462433524 0.197077334
-0.0674259315 -0.00457370376 0.206420243
-0.0661101974 -0.00454240745 0.212195277
-0.0649333856 -0.00452065518 0.216209173
-0.0638458171 -0.00450507308 0.219084501
-0.0628596589 -0.00449685598 0.220600784
-0.061876849 -0.00448866698 0.222111881
-0.0608995026 -0.0044806747 0.223586679
-0.059953738 -0.00447498484 0.224636615
-0.0590265136 -0.0044706371 0.225438893
-0.0581009718 -0.00446629776 0.226239622
-0.0571771002 -0.00446196617 0.22703892
-0.0562558 -0.00445771953 0.227822542
-0.0553385054 -0.00445368608 0.228566826
-0.0544244209 -0.00444980606 0.229282797
-0.0535118124 -0.00444593185 0.229997695
-0.0526006837 -0.00444206411 0.230711401
-0.0516911327 -0.00443821219 0.231422186
-0.0507833294 -0.00443439289 0.232126951
-0.0498737439 -0.00443027029 0.232887686
-0.0489654253 -0.00442612508 0.233652592
-0.0480586858 -0.00442198697 0.234416187
-0.0471535246 -0.0044178563 0.235178411
-0.0462499786 -0.00441373725 0.23593849
-0.045347542 -0.0044095775 0.236706078
-0.0444412826 -0.00440484796 0.237578809
-0.0435368291 -0.00440012778 0.238449812
-0.0426341792 -0.0043954173 0.239319027
-0.0417333191 -0.00439071554 0.240186632
-0.0408343054 -0.0043860296 0.241051316
-0.0399333718 -0.00438091503 0.241995096
-0.0390316686 -0.00437548262 0.242997527
-0.0381320427 -0.0043700628 0.243997634
-0.0372344873 -0.00436465558 0.244995415
-0.0363390055 -0.00435926225 0.245990634
-0.0354418826 -0.00435339151 0.247073949
-0.03454287 -0.00434697423 0.248258114
-0.0336463209 -0.00434057504 0.249438942
-0.0305700869 -0.00402245734 0.308140457
-0.0296528413 -0.00400402757 0.311541259
-0.0287728674 -0.00399020427 0.31409204
-0.0279192671 -0.00397968829 0.316032529
-0.0271063242 -0.00397504435 0.316889465
-0.0263064692 -0.00397227194 0.317401052
-0.0255180668 -0.00397126705 0.317586482
-0.0247329471 -0.00397077155 0.317677915
-0.0239488638 -0.00397043045 0.317740858
-0.0231663408 -0.00397035712 0.317754388
-0.022384847 -0.00397047728 0.317732215
-0.0216049602 -0.00397092756 0.317649126
-0.0208253531 -0.0039714699 0.31754905
-0.0200464025 -0.00397219635 0.317414999
-0.0192667531 -0.00397282526 0.317298949
-0.0184862651 -0.00397331139 0.317209244
-0.0177057364 -0.00397383079 0.3171134
-0.0169243988 -0.0039741916 0.317046821
-0.0161427326 -0.00397449943 0.316990018
-0.0153604116 -0.00397465415 0.316961467
-0.0145781919 -0.00397485571 0.316924274
-0.0137953738 -0.00397489221 0.316917539
-0.0130124454 -0.00397489641 0.316916764
-0.0122296084 -0.00397493356 0.316909909
-0.0114467587 -0.00397497103 0.316902995
-0.010663644 -0.0039749061 0.316914976
-0.009880542 -0.00397483633 0.31692785
-0.0090975045 -0.0039747853 0.316937268
-0.00831448494 -0.00397473394 0.316946745
-0.00753147178 -0.00397467547 0.316957534
-0.00674842297 -0.00397458018 0.316975117
-0.00596539869 -0.00397447746 0.316994071
-0.00518240908 -0.00397437249 0.317013443
-0.00439945732 -0.00397426718 0.317032874
-0.00361654967 -0.00397416899 0.317050994
-0.00283369397 -0.00397409631 0.317064405
-0.00205085544 -0.00397400328 0.317081571
-0.00126804889 -0.00397390347 0.317099989
-0.000485278605 -0.00397380334 0.317118466
0.000297456794 -0.00397372 0.317133844
0.00108017722 -0.00397369287 0.317138851
0.00186288175 -0.00397365249 0.317146301
0.0026455675 -0.00397360566 0.317154944
0.00342823568 -0.00397355817 0.317163706
0.00421090081 -0.0039735249 0.317169845
0.00499360042 -0.00397353104 0.317168713
0.00577627406 -0.0039735165 0.317171395
0.00655892295 -0.00397348937 0.317176402
0.00734156198 -0.00397346224 0.317181409
0.00812421457 -0.00397344738 0.31718415
0.00890690431 -0.00397345287 0.317183137
0.00968947711 -0.00397340603 0.31719178
0.0104719774 -0.00397333659 0.317204595
0.0112544524 -0.00397326714 0.31721741
0.0120368858 -0.00397319188 0.317231298
0.0128192802 -0.00397311274 0.317245901
0.0136013108 -0.0039729283 0.317279935
0.0143832101 -0.0039727248 0.317317486
0.0151650355 -0.0039725213 0.317355037
0.0159467677 -0.00397231264 0.317393542
0.0167283898 -0.00397209525 0.317433655
0.017509259 -0.00397171313 0.317504168
0.0182899879 -0.00397133068 0.31757474
0.0190707791 -0.00397099346 0.317636967
0.0198520513 -0.00397078641 0.317675173
0.0206327345 -0.00397047276 0.31773305
0.0214128644 -0.00397007126 0.317807138
0.0221934258 -0.00396978119 0.317860663
0.0229755501 -0.00396980219 0.317856789
0.0237568079 -0.00396966556 0.317882002
0.0245392315 -0.00396974114 0.317868054
0.0253237324 -0.00397016364 0.317790091
0.0261099157 -0.00397083712 0.317665816
0.0269011783 -0.00397228131 0.317399323
0.0277073913 -0.00397596041 0.316720426
0.0285272615 -0.00398149587 0.315698981
0.0293862847 -0.0039924786 0.313672364
0.0302757946 -0.00400724606 0.310947359
0.0312242407 -0.00402947219 0.306846023
0.0343254146 -0.00434294885 0.249000907
0.0352225352 -0.00434921238 0.247845113
0.0361218285 -0.00435546233 0.246691823
0.0370156768 -0.00436073647 0.245718599
0.0379114926 -0.00436601675 0.244744241
0.0388093273 -0.00437130898 0.243767679
0.0397091875 -0.00437661316 0.242788911
0.0406110406 -0.00438192477 0.241808772
0.0415093934 -0.00438662039 0.2409423
0.0424084799 -0.00439120781 0.240095794
0.0433093145 -0.00439580395 0.23924768
0.0442119051 -0.00440040913 0.238397896
0.0451163831 -0.0044050366 0.237544
0.0460208754 -0.00440949255 0.236721754
0.046922635 -0.0044135092 0.235980571
0.0478259302 -0.00441753328 0.235238016
0.048730755 -0.00442156383 0.234494269
0.0496371704 -0.00442560632 0.233748317
0.0505453616 -0.00442967757 0.23299706
0.0514537368 -0.00443362897 0.232267916
0.0523621489 -0.00443745311 0.231562257
0.0532720167 -0.00444128306 0.230855525
0.0541833468 -0.00444511915 0.23014766
0.0550961428 -0.00444896138 0.229438663
0.0560104117 -0.00445281007 0.228728473
0.0569315925 -0.00445712163 0.227932871
0.0578556807 -0.00446154399 0.227116823
0.0587814721 -0.0044659741 0.226299346
0.0597084521 -0.00447037029 0.225488126
0.0606368062 -0.00447474872 0.224680186
0.0616043099 -0.00448205719 0.223331571
0.0625866193 -0.00449030013 0.22181052
0.0635714195 -0.00449850463 0.220296562
0.06455799 -0.00450661837 0.218799353
0.0656958472 -0.00452568318 0.215281368
0.0668652945 -0.00454654427 0.211431921
0.0682215172 -0.00458028836 0.205205202
0.0698640513 -0.00463348068 0.195389748
0.0719907216 -0.00471923842 0.179565072
-0.071109715 -0.00562488754 0.181536556
-0.0691381435 -0.00553522613 0.195536196
-0.0675115794 -0.00547289241 0.20526892
-0.0661506077 -0.00543205797 0.211644769
-0.064972429 -0.00540627785 0.215670049
-0.0638617372 -0.00538583715 0.21886164
-0.0628753049 -0.00537612108 0.220378697
-0.0618922223 -0.00536643822 0.221890569
-0.0609129109 -0.00535682942 0.223390877
-0.0599624879 -0.00534968132 0.224506974
-0.0590351239 -0.00534454194 0.225309432
-0.058109435 -0.00533941173 0.226110459
-0.0571854207 -0.00533429105 0.226909995
-0.0562632814 -0.00532920054 0.227704823
-0.0553455574 -0.00532440167 0.228454113
-0.0544313436 -0.00531981429 0.229170382
-0.0535186171 -0.00531523493 0.2298854
-0.0526073671 -0.00531066282 0.230599284
-0.0516975903 -0.00530609796 0.231312037
-0.0507894311 -0.00530155677 0.232021094
-0.0498799608 -0.00529670942 0.232777953
-0.0489715242 -0.0052918094 0.233543039
-0.0480646669 -0.00528691777 0.234306813
-0.0471593884 -0.00528203492 0.235069216
-0.0462556814 -0.00527716047 0.235830307
-0.045353357 -0.00527227151 0.236593664
-0.0444469748 -0.00526668053 0.237466634
-0.0435424019 -0.00526110101 0.238337815
-0.0426396271 -0.00525553217 0.239207328
-0.0417387766 -0.00524999158 0.240072429
-0.0408398819 -0.00524448535 0.240932167
-0.0399395163 -0.00523853668 0.241860986
-0.0390378841 -0.00523214558 0.242858887
-0.0381383176 -0.00522576897 0.243854523
-0.0372408128 -0.00521940726 0.244847834
-0.0363453552 -0.00521305929 0.245839
-0.0354488726 -0.00520624483 0.246903003
-0.0345497867 -0.00519867606 0.248084784
-0.0336531573 -0.00519112827 0.249263287
-0.0305889804 -0.0048172363 0.3076424
-0.0296626527 -0.00479396652 0.311275721
-0.0287792446 -0.00477706494 0.313914716
-0.0279234744 -0.00476427165 0.315912247
-0.0271055766 -0.00475787215 0.316911459
-0.0263079448 -0.00475502283 0.317356348
-0.0255199984 -0.00475393525 0.317526162
-0.0247344548 -0.00475327446 0.317629338
-0.0239502233 -0.00475284996 0.317695618
-0.0231674132 -0.00475270986 0.317717493
-0.0223858262 -0.00475283889 0.317697346
-0.0216056433 -0.0047533092 0.317623914
-0.020825792 -0.00475389631 0.317532242
-0.0200468817 -0.00475476936 0.317395926
-0.0192670035 -0.00475545687 0.317288578
-0.0184864279 -0.00475601001 0.317202211
-0.0177059412 -0.00475663798 0.317104161
-0.0169245099 -0.00475703881 0.317041576
-0.0161428747 -0.00475741406 0.316982985
-0.0153604803 -0.00475757477 0.316957891
-0.014578256 -0.0047578126 0.316920758
-0.0137954508 -0.00475786184 0.316913069
-0.0130124628 -0.00475784504 0.316915691
-0.0122296248 -0.00475788894 0.316908837
-0.011446774 -0.00475793323 0.316901922
-0.0106636615 -0.00475785802 0.316913665
-0.00988053466 -0.00475776335 0.316928447
-0.00909749774 -0.00475770304 0.316937864
-0.00831447939 -0.00475764272 0.316947282
-0.00753146732 -0.00475757401 0.31695801
-0.00674841898 -0.00475746139 0.316975594
-0.00596539913 -0.00475734344 0.316994012
-0.00518240908 -0.00475721899 0.317013443
-0.00439945732 -0.00475709454 0.317032874
-0.00361654967 -0.00475697849 0.317050994
-0.00283369397 -0.0047568926 0.317064405
-0.00205085926 -0.00475679258 0.317080021
-0.00126805109 -0.00475667424 0.317098499
-0.000485279369 -0.00475655629 0.317116916
0.000297457557 -0.0047564578 0.317132294
0.00108017951 -0.00475642573 0.317137301
0.00186288821 -0.00475638488 0.317143679
0.00264557654 -0.00475632953 0.317152322
0.00342824731 -0.00475627342 0.317161083
0.00421091535 -0.00475623448 0.317167163
0.00499361721 -0.00475624135 0.31716609
0.0057763071 -0.00475623601 0.317166925
0.00655896039 -0.00475620394 0.317171931
0.00734160382 -0.00475617187 0.317176938
0.00812426082 -0.00475615431 0.31717968
0.00890695496 -0.0047561608 0.317178667
0.00968958136 -0.00475613103 0.317183316
0.01047209 -0.00475604895 0.317196131
0.0112545733 -0.00475596688 0.317208946
0.0120370142 -0.00475587755 0.317222893
0.0128194178 -0.00475578441 0.317237437
0.0136015718 -0.00475560919 0.317264796
0.0143834861 -0.00475536869 0.317302346
0.0151653287 -0.00475512896 0.317339778
0.0159470735 -0.00475488159 0.317378402
0.0167287409 -0.00475463384 0.317417085
0.0175098101 -0.0047542353 0.317479313
0.0182905634 -0.00475378332 0.317549885
0.0190714036 -0.00475339127 0.317611099
0.0198526997 -0.00475314619 0.317649365
0.0206336745 -0.0047528408 0.317697048
0.0214138399 -0.0047523663 0.317771137
0.0221945322 -0.00475204525 0.317821264
0.0229766953 -0.00475207007 0.31781739
0.0237581943 -0.00475195173 0.317835868
0.0245408613 -0.0047520819 0.317815542
0.0253255209 -0.00475260259 0.317734242
0.0261122078 -0.00475348556 0.317596376
0.0269035448 -0.00475519347 0.317329705
0.0277114256 -0.0047598343 0.316605091
0.028534031 -0.00476684306 0.31551075
0.029393275 -0.00477982874 0.313483179
0.0302872243 -0.00479799923 0.310646057
0.0312470953 -0.00482609765 0.306258798
0.0343308472 -0.00519368059 0.24886477
0.0352278825 -0.00520104858 0.247714341
0.0361269578 -0.00520838182 0.246569336
0.0370208909 -0.00521460954 0.245596946
0.0379168396 -0.00522085177 0.24462229
0.0388148052 -0.00522710774 0.243645489
0.0397147967 -0.00523337783 0.242666483
0.0406168152 -0.00523966129 0.241685391
0.0415148025 -0.00524514538 0.24082911
0.042414012 -0.00525056839 0.239982367
0.0433149703 -0.00525600171 0.239134014
0.044217685 -0.00526144572 0.238283992
0.0451221611 -0.00526690042 0.237432301
0.0460263393 -0.005272115 0.236618102
0.0469282107 -0.00527686309 0.235876739
0.0478316179 -0.00528161997 0.235134006
0.0487365519 -0.00528638409 0.23439014
0.049643026 -0.00529115662 0.233644963
0.0505511919 -0.00529595396 0.232895911
0.0514594885 -0.00530060432 0.232169807
0.0523680044 -0.00530512452 0.231464029
0.0532779798 -0.00530965197 0.230757118
0.0541894179 -0.00531418667 0.230049074
0.0551023222 -0.00531872862 0.229339898
0.0560166998 -0.00532327821 0.22862953
0.0569384743 -0.00532842293 0.227826238
0.0578626793 -0.00533365049 0.227010012
0.0587885918 -0.0053388876 0.226192296
0.0597161279 -0.00534412585 0.225374401
0.0606446144 -0.00534930225 0.224566162
0.0616168388 -0.0053583644 0.223151207
0.0625993721 -0.00536811025 0.221629501
0.0635852702 -0.00537788893 0.220102668
0.0645720794 -0.00538748208 0.218604803
0.0657288545 -0.00541164704 0.21483171
0.0668982749 -0.00543626055 0.210988581
0.0682901173 -0.0054791293 0.204295099
0.0699570748 -0.00554396609 0.194171548
0.072117429 -0.00564800577 0.177926898
-0.0716714924 -0.00659558648 0.174179733
-0.0693191526 -0.00645551131 0.193134785
-0.067597276 -0.00637435473 0.204116941
-0.0661910706 -0.00632279861 0.211093545
-0.0650119948 -0.00629301623 0.215123713
-0.0638776658 -0.00626704128 0.218638659
-0.0628909592 -0.00625582471 0.220156491
-0.061907608 -0.00624464691 0.221669078
-0.0609275886 -0.00623350698 0.223176539
-0.0599712418 -0.00622463372 0.224377275
-0.0590437341 -0.00621870191 0.225179971
-0.058117906 -0.00621278111 0.225981176
-0.0571937451 -0.00620687045 0.226781011
-0.0562712551 -0.00620097079 0.227579356
-0.0553526095 -0.00619533938 0.228341401
-0.0544386664 -0.00619009207 0.229051471
-0.0535262055 -0.00618485488 0.22976017
-0.0526152123 -0.0061796265 0.230467677
-0.0517056763 -0.00617440605 0.231174112
-0.0507975942 -0.00616919353 0.231879473
-0.0498883997 -0.00616365462 0.232629001
-0.0489802012 -0.00615805184 0.233387173
-0.0480735652 -0.00615245832 0.234144092
-0.047168488 -0.00614687404 0.23489976
-0.0462649754 -0.00614130033 0.235653997
-0.0453630107 -0.00613573543 0.236407042
-0.044457104 -0.00612938033 0.237267018
-0.0435526013 -0.00612298207 0.238132835
-0.0426499124 -0.0061166001 0.238996446
-0.0417490136 -0.00611023178 0.23985821
-0.0408498855 -0.00610387492 0.240718425
-0.0399503088 -0.00609717229 0.241625428
-0.0390483563 -0.00608978341 0.242625296
-0.0381485335 -0.00608242139 0.243621528
-0.0372507761 -0.006075077 0.244615376
-0.0363550721 -0.00606774934 0.245606959
-0.0354596867 -0.00606012613 0.246638537
-0.0345601119 -0.00605135065 0.24782604
-0.0336631695 -0.00604263066 0.249006033
-0.0306248047 -0.00561629498 0.306698025
-0.0296836586 -0.00558666765 0.310707212
-0.0287918104 -0.00556554668 0.313565314
-0.0279276817 -0.00554909204 0.315791965
-0.0271063485 -0.00554098695 0.31688875
-0.0263094223 -0.00553786226 0.317311585
-0.02552193 -0.00553672232 0.317465842
-0.0247360273 -0.00553588851 0.317578674
-0.0239515829 -0.00553535863 0.317650378
-0.0231684874 -0.00553513575 0.317680538
-0.0223868054 -0.00553526921 0.317662478
-0.0216063249 -0.00553574008 0.31759876
-0.0208264597 -0.0055364206 0.317506671
-0.0200473594 -0.0055373795 0.317376912
-0.0192672524 -0.00553810848 0.317278266
-0.0184867081 -0.00553875994 0.317190111
-0.017706146 -0.00553946337 0.317094922
-0.0169246185 -0.00553989547 0.31703645
-0.0161430167 -0.00554034255 0.316975951
-0.0153605491 -0.00554050244 0.316954315
-0.0145783212 -0.00554077685 0.316917181
-0.0137955279 -0.00554084028 0.316908598
-0.0130124793 -0.00554079535 0.316914678
-0.0122296411 -0.00554084644 0.316907764
-0.0114467893 -0.00554089754 0.31690085
-0.0106636797 -0.00554081297 0.316912294
-0.00988053759 -0.00554069536 0.316928208
-0.00909749166 -0.00554062004 0.316938401
-0.00831447322 -0.00554055001 0.316947878
-0.00753146229 -0.00554047116 0.316958547
-0.00674841449 -0.00554034122 0.31697613
-0.00596539957 -0.00554020952 0.316993952
-0.00518240946 -0.00554006593 0.317013383
-0.00439945732 -0.0055399219 0.317032874
-0.0036165502 -0.00553978888 0.317050874
-0.00283369417 -0.00553968933 0.317064345
-0.00205086278 -0.00553958406 0.317078591
-0.00126805329 -0.00553944795 0.317097008
-0.000485280074 -0.00553931141 0.317115486
0.000297458291 -0.00553919821 0.317130804
0.00108018171 -0.00553916121 0.317135811
0.00186289467 -0.00553912244 0.317141056
0.00264558559 -0.00553905858 0.317149699
0.00342825894 -0.00553899383 0.317158461
0.00421092956 -0.0055389489 0.317164541
0.00499363439 -0.00553895727 0.317163408
0.00577634013 -0.00553896432 0.317162454
0.00655899783 -0.00553892732 0.317167461
0.00734164511 -0.00553888988 0.317172528
0.00812430707 -0.00553887005 0.31717521
0.00890700561 -0.00553887754 0.317174196
0.00968968634 -0.00553887314 0.317174793
0.0104722026 -0.005538778 0.317187667
0.0112546943 -0.0055386833 0.317200482
0.0120371434 -0.00553858023 0.31721443
0.0128195544 -0.00553847231 0.317229033
0.0136018329 -0.00553831991 0.317249656
0.0143837643 -0.00553804329 0.317287088
0.0151656196 -0.0055377658 0.317324639
0.0159473793 -0.00553748037 0.317363262
0.0167290616 -0.00553719451 0.317401946
0.0175103611 -0.00553680645 0.317454458
0.0182911389 -0.00553628494 0.317525029
0.0190720266 -0.00553583962 0.31758529
0.0198533497 -0.00553555728 0.317623496
0.0206345974 -0.00553527494 0.317661703
0.0214148138 -0.00553473184 0.317735195
0.0221956369 -0.00553438651 0.317781925
0.0229778405 -0.00553441558 0.317777992
0.0237595807 -0.00553432881 0.317789734
0.0245424911 -0.00553452614 0.317763031
0.0253272769 -0.00553514412 0.317679405
0.0261144998 -0.00553627084 0.317526937
0.0269059094 -0.00553824239 0.317260146
0.0277156683 -0.00554397951 0.316483796
0.0285489891 -0.00555424378 0.315094829
0.0294099334 -0.00556948536 0.313032329
0.0303114629 -0.00559184141 0.310007096
0.0312841912 -0.00562658435 0.30530566
0.0343437958 -0.0060460725 0.248540283
0.0352410558 -0.00605455683 0.247392178
0.0361383644 -0.00606265046 0.246296943
0.0370321496 -0.00606976449 0.245334268
0.0379279677 -0.00607690143 0.244368494
0.0388257852 -0.00608405422 0.243400574
0.0397256111 -0.00609122331 0.242430449
0.0406268578 -0.00609831487 0.241470814
0.0415239343 -0.00610446912 0.240638018
0.0424228525 -0.00611065376 0.239801109
0.0433235029 -0.00611685073 0.238962531
0.0442258876 -0.00612305959 0.238122344
0.0451300112 -0.00612928035 0.237280548
0.0460330286 -0.00613511349 0.236491204
0.0469344745 -0.00614051629 0.235760093
0.047837423 -0.00614592747 0.23502785
0.0487423554 -0.00615141044 0.234285891
0.0496489423 -0.00615691851 0.233540535
0.0505570737 -0.00616243628 0.232793868
0.0514652438 -0.00616777345 0.232071638
0.0523738635 -0.00617298994 0.231365741
0.0532839465 -0.00617821523 0.230658651
0.0541954927 -0.0061834489 0.229950428
0.0551085017 -0.00618869049 0.229241133
0.0560229841 -0.00619394089 0.228530646
0.05694536 -0.00619993481 0.227719546
0.0578696779 -0.00620596748 0.2269032
0.0587957076 -0.00621201161 0.226085305
0.0597234536 -0.00621806719 0.225265861
0.0606524226 -0.00622408049 0.224452138
0.0616293717 -0.00623502749 0.222970784
0.0626121332 -0.00624627797 0.221448362
0.0635982567 -0.00625756589 0.219920874
0.064602917 -0.00627043818 0.218178988
0.0657618924 -0.00629850008 0.214381635
0.0669312952 -0.00632685445 0.210544706
0.0683588566 -0.00637977736 0.203383148
0.0700503395 -0.00645687545 0.192950189
0.0722573539 -0.00658126416 0.176117838
-0.0696483735 -0.00739699683 0.188767076
-0.0677798741 -0.00728899665 0.201662362
-0.0662618937 -0.00721808944 0.210128725
-0.0650809478 -0.00718422978 0.214171589
-0.0639112219 -0.0071507515 0.218168915
-0.0629171617 -0.00713722022 0.219784558
-0.0619337297 -0.00712458649 0.221293032
-0.0609536092 -0.0071119942 0.22279656
-0.0599869634 -0.00710070631 0.22414434
-0.0590586633 -0.00709391271 0.224955499
-0.0581328952 -0.00708723843 0.225752414
-0.0572087859 -0.00708057562 0.226547957
-0.056286339 -0.00707392529 0.22734201
-0.0553665906 -0.00706742672 0.228117943
-0.0544516014 -0.00706136744 0.228841424
-0.0535389156 -0.00705542947 0.229550422
-0.0526276908 -0.00704950049 0.230258346
-0.051717931 -0.00704358148 0.230965078
-0.0508096258 -0.00703767147 0.231670738
-0.0499006478 -0.00703145644 0.232412815
-0.0489917452 -0.00702503275 0.233179808
-0.0480847941 -0.00701867645 0.233938754
-0.0471794954 -0.00701234461 0.234694779
-0.0462757619 -0.00700602475 0.235449374
-0.0453735771 -0.00699971488 0.236202777
-0.0444683886 -0.0069926642 0.237044633
-0.0435634413 -0.00698537489 0.23791498
-0.0426603866 -0.00697811604 0.238781691
-0.0417592534 -0.00697089463 0.239643932
-0.0408598975 -0.0069636872 0.240504504
-0.0399611314 -0.00695627759 0.241389215
-0.0390589194 -0.00694789853 0.242389679
-0.0381587782 -0.00693953845 0.243387878
-0.0372607472 -0.00693120632 0.244382739
-0.036364789 -0.00692289666 0.245374918
-0.0354705154 -0.00691453158 0.246373713
-0.0345706488 -0.00690457955 0.247561992
-0.0336732537 -0.00689465548 0.248746932
-0.0306686467 -0.00641898482 0.305542291
-0.0297058604 -0.00638076016 0.310106337
-0.0288076088 -0.00635546974 0.313126028
-0.027940045 -0.00633610233 0.315438509
-0.0271087151 -0.00632453938 0.316819132
-0.0263124581 -0.00632118526 0.317219615
-0.0255237069 -0.00631958783 0.31741035
-0.0247375979 -0.00631860191 0.317528069
-0.0239529424 -0.00631795645 0.317605138
-0.0231697642 -0.00631769287 0.317636609
-0.0223877845 -0.00631776825 0.317627609
-0.0216070097 -0.00631822152 0.317573488
-0.0208271289 -0.00631899578 0.317481041
-0.0200478372 -0.00632002712 0.317357898
-0.0192675013 -0.00632078041 0.317267955
-0.0184870186 -0.00632154469 0.3171767
-0.0177063508 -0.00632230696 0.317085684
-0.0169247284 -0.00632276273 0.317031265
-0.0161431588 -0.00632328489 0.316968918
-0.0153606453 -0.00632344913 0.316949308
-0.0145783864 -0.00632374815 0.316913605
-0.013795606 -0.00632382802 0.316904068
-0.0130125491 -0.00632377511 0.316910386
-0.0122296566 -0.00632380556 0.31690675
-0.0114468038 -0.00632386347 0.316899836
-0.0106636972 -0.00632377012 0.316910982
-0.00988055374 -0.00632363683 0.316926897
-0.00909748491 -0.00632353549 0.316938997
-0.00831446767 -0.00632345662 0.316948414
-0.00753145727 -0.00632336726 0.316959083
-0.00674840999 -0.00632322 0.316976667
-0.00596539737 -0.00632307273 0.31699425
-0.00518240946 -0.00632291249 0.317013383
-0.00439945765 -0.00632274975 0.317032814
-0.0036165502 -0.0063225985 0.317050875
-0.00283369417 -0.00632248568 0.317064345
-0.00205086469 -0.00632237286 0.317077816
-0.0012680555 -0.0063222246 0.317095518
-0.000485280837 -0.00632207034 0.317113936
0.000297459055 -0.00632194205 0.317129255
0.001080184 -0.00632190012 0.317134261
0.00186289923 -0.00632185868 0.317139209
0.00264559463 -0.00632179279 0.317147076
0.00342827057 -0.00632171941 0.317155838
0.00421094409 -0.00632166899 0.317161858
0.00499365195 -0.00632167897 0.317160666
0.00577636127 -0.00632168796 0.317159593
0.00655903477 -0.006321659 0.31716305
0.00734168695 -0.00632161707 0.317168057
0.00812435393 -0.00632159511 0.31717068
0.00890705627 -0.00632160309 0.317169726
0.00968976121 -0.00632161158 0.317168713
0.0104723151 -0.00632152372 0.317179203
0.011254816 -0.00632141689 0.317191959
0.0120372736 -0.00632130008 0.317205906
0.012819693 -0.00632117778 0.317220509
0.0136020836 -0.00632105547 0.317235112
0.0143840402 -0.00632074697 0.317271948
0.0151659105 -0.00632043247 0.317309499
0.0159476863 -0.00632010949 0.317348063
0.0167293823 -0.00631978501 0.317386806
0.0175109121 -0.00631942659 0.317429602
0.0182917131 -0.00631883504 0.317500234
0.0190726511 -0.00631833933 0.317559421
0.0198539996 -0.00631801934 0.317597628
0.0206352729 -0.00631769936 0.317635835
0.0214157893 -0.00631716871 0.317699194
0.0221967432 -0.00631680579 0.317742527
0.0229789857 -0.00631683874 0.317738593
0.0237609672 -0.00631679681 0.3177436
0.0245441209 -0.00631707386 0.317710519
0.0253289584 -0.00631777424 0.317626894
0.0261167938 -0.00631919346 0.317457438
0.0269098016 -0.00632180477 0.317145646
0.0277271664 -0.00633010096 0.316155076
0.0285672119 -0.0063432244 0.31458813
0.0294317255 -0.00636119406 0.312442541
0.0303413496 -0.00638818974 0.309219241
0.0334615247 -0.00688950923 0.249361396
0.0343567588 -0.00689910683 0.248215437
0.035254373 -0.00690872939 0.247066498
0.0361502153 -0.00691754474 0.24601394
0.0370442538 -0.00692560231 0.245051861
0.0379403737 -0.00693369533 0.244085551
0.0388384967 -0.00694180681 0.243117035
0.039738632 -0.00694993726 0.242146254
0.0406386858 -0.00695771079 0.24121809
0.0415358717 -0.00696466113 0.240388215
0.0424350535 -0.00697167338 0.239550948
0.0433359742 -0.0069787006 0.238711894
0.04423863 -0.0069857413 0.23787123
0.0451430256 -0.00699279548 0.237028957
0.0460449022 -0.00699918573 0.236265958
0.0469465092 -0.00700529942 0.23553598
0.0478497046 -0.00701143607 0.23480326
0.048754407 -0.00701758221 0.234069407
0.0496606265 -0.00702373883 0.233334303
0.0505683667 -0.00702990593 0.232597947
0.0514758387 -0.00703582743 0.231890917
0.0523840609 -0.00704165857 0.231194675
0.0532937274 -0.0070474997 0.230497241
0.0542048343 -0.00705334981 0.229798735
0.0551173848 -0.00705920891 0.229099155
0.0560320375 -0.00706516335 0.228388191
0.0569544191 -0.00707193898 0.227579177
0.0578783246 -0.00707870562 0.226771236
0.0588039214 -0.00708548474 0.225961805
0.0597312139 -0.00709227634 0.225150884
0.0606622962 -0.00709933601 0.224307955
0.061641913 -0.00711204711 0.222790242
0.0626248943 -0.00712480264 0.221267224
0.0636112474 -0.0071376016 0.21973902
0.0646352655 -0.00715440813 0.217732311
0.065794961 -0.00718624354 0.213931144
0.0669645593 -0.00721835052 0.210097552
0.0684277352 -0.007282238 0.202469349
0.0701438545 -0.0073722191 0.191725552
0.0723847206 -0.00751672769 0.17447114
-0.0700727602 -0.00835890747 0.183136821
-0.067988633 -0.00821176738 0.198856116
-0.0664045681 -0.00812444386 0.208185077
-0.0651649226 -0.00807926118 0.21301204
-0.0639933175 -0.00804174779 0.217019678
-0.0629493942 -0.00802014984 0.219327033
-0.0619639256 -0.00800581612 0.220858336
-0.0609832829 -0.00799172955 0.222363234
-0.0600059436 -0.00797768985 0.223863125
-0.0590760186 -0.00796990732 0.22469455
-0.0581489193 -0.00796229439 0.225507856
-0.057224546 -0.00795484438 0.226303757
-0.0563018244 -0.00794740665 0.227098346
-0.0553810379 -0.00794002414 0.227887035
-0.0544656817 -0.00793323081 0.228612781
-0.0535518242 -0.00792644808 0.229337395
-0.05264018 -0.00791978866 0.230048836
-0.0517301893 -0.0079131694 0.230755985
-0.0508216608 -0.0079065613 0.231461943
-0.0499130377 -0.00789970772 0.232194126
-0.0490038997 -0.00789252495 0.232961476
-0.0480963456 -0.00788535447 0.233727515
-0.0471905091 -0.00787822024 0.23448968
-0.0462865515 -0.00787115297 0.235244692
-0.0453841496 -0.00786409797 0.235998392
-0.0444796792 -0.00785638741 0.236822129
-0.043574489 -0.00784823608 0.237692953
-0.0426710992 -0.00784010093 0.238562048
-0.0417695075 -0.00783198253 0.239429355
-0.0408699122 -0.00782392158 0.240290523
-0.0399719621 -0.00781585004 0.241152823
-0.0390694905 -0.00780647964 0.242153883
-0.0381690961 -0.00779713156 0.243152559
-0.0372707642 -0.00778780412 0.24414903
-0.0363745133 -0.00777850291 0.245142699
-0.0354803546 -0.00776923238 0.246133089
-0.0345811951 -0.00775833103 0.247297705
-0.0336835095 -0.00774723217 0.24848342
-0.030712482 -0.00722395049 0.304386735
-0.0297289078 -0.00717625101 0.309482575
-0.0288240953 -0.00714643757 0.312667609
-0.02795353 -0.0071241093 0.315052986
-0.0271125222 -0.00710862569 0.316707135
-0.0263163241 -0.00710492495 0.317102492
-0.0255251385 -0.0071024617 0.317365647
-0.0247391704 -0.00710141558 0.317477405
-0.0239542984 -0.0071006423 0.317560017
-0.0231710757 -0.00710034771 0.317591489
-0.0223887637 -0.00710033599 0.31759274
-0.0216076977 -0.00710075388 0.317548097
-0.0208277965 -0.0071016209 0.317455471
-0.0200483149 -0.00710271221 0.317338884
-0.0192677517 -0.00710347322 0.317257583
-0.0184873306 -0.00710435642 0.317163229
-0.0177065556 -0.00710516877 0.317076445
-0.0169248723 -0.00710565528 0.31702447
-0.0161432997 -0.00710624054 0.316961944
-0.0153607804 -0.00710642466 0.316942275
-0.0145784516 -0.0071067265 0.316910029
-0.0137956831 -0.00710682414 0.316899598
-0.0130126218 -0.007106765 0.316905916
-0.012229673 -0.00710676723 0.316905678
-0.0114468191 -0.00710683195 0.316898764
-0.0106637154 -0.00710673041 0.316909612
-0.00988057063 -0.00710658144 0.316925526
-0.00909747883 -0.00710645033 0.316939533
-0.0083144615 -0.00710636161 0.31694901
-0.00753145225 -0.0071062623 0.31695962
-0.0067484055 -0.00710609771 0.316977203
-0.0059653934 -0.00710593313 0.316994787
-0.00518240946 -0.00710575905 0.317013383
-0.00439945797 -0.00710557773 0.317032755
-0.0036165502 -0.00710540812 0.317050875
-0.00283369417 -0.00710528202 0.317064345
-0.00205086469 -0.00710515593 0.317077816
-0.00126805779 -0.00710500473 0.317093969
-0.000485281571 -0.00710483178 0.317112446
0.000297459789 -0.00710468839 0.317127765
0.00108018629 -0.00710464208 0.317132712
0.00186290304 -0.00710459577 0.317137659
0.00264560367 -0.00710453217 0.317144454
0.00342828246 -0.00710445071 0.317153156
0.00421095831 -0.0071043938 0.317159236
0.00499366875 -0.00710440496 0.317158044
0.00577638109 -0.00710441556 0.317156911
0.00655907221 -0.00710439994 0.31715858
0.0073417288 -0.00710435307 0.317163587
0.00812440018 -0.00710432853 0.31716621
0.0089071076 -0.00710433801 0.317165196
0.00968981627 -0.00710434694 0.317164243
0.0104724277 -0.00710428612 0.317170739
0.0112549361 -0.00710416617 0.317183554
0.0120374019 -0.00710403561 0.317197502
0.0128198306 -0.00710389948 0.317212046
0.0136022296 -0.00710376279 0.317226649
0.0143843162 -0.00710348048 0.317256809
0.0151662025 -0.00710312954 0.3172943
0.0159479921 -0.007102768 0.317332924
0.0167297043 -0.00710240591 0.317371607
0.0175113389 -0.00710204325 0.31741035
0.01829229 -0.00710143511 0.317475319
0.0190732741 -0.00710088946 0.317533613
0.0198546466 -0.00710053127 0.317571879
0.0206359452 -0.00710017364 0.317610085
0.0214167632 -0.00709967597 0.317663253
0.0221978496 -0.00709930271 0.317703128
0.0229801309 -0.00709933953 0.317699194
0.0237623518 -0.00709935516 0.317697525
0.0245457507 -0.00709972506 0.317658007
0.0253306419 -0.00710050839 0.317574323
0.0261209687 -0.00710278641 0.317330957
0.0269200337 -0.00710733855 0.316844642
0.027738677 -0.00711687353 0.315825999
0.0285854583 -0.00713320966 0.314080775
0.0294607788 -0.00715590449 0.311656237
0.0303712975 -0.00718610569 0.308429778
0.0334741212 -0.00774204344 0.249037743
0.0343697265 -0.00775278243 0.247890473
0.0352676974 -0.00776354542 0.24674064
0.0361620737 -0.00777299839 0.245730758
0.0370564167 -0.00778200948 0.244768083
0.0379527849 -0.00779104792 0.243802488
0.0388512189 -0.00780012038 0.242833257
0.0397516611 -0.00780921293 0.24186188
0.0406505222 -0.0078176064 0.240965188
0.0415479801 -0.00782537889 0.240134836
0.0424472633 -0.00783318765 0.239300609
0.0433484543 -0.00784104606 0.238461078
0.0442513784 -0.00784891898 0.237619996
0.0451560494 -0.00785680809 0.236777187
0.0460568513 -0.00786371523 0.236039281
0.0469585568 -0.00787052642 0.235311628
0.0478619863 -0.00787738725 0.234578669
0.0487669332 -0.00788426037 0.2338444
0.049673398 -0.0078911452 0.233108878
0.0505813774 -0.00789804063 0.232372225
0.0514887329 -0.00790460465 0.231670976
0.0523972713 -0.00791113743 0.230973065
0.0533071742 -0.00791766853 0.230275333
0.0542185218 -0.00792421024 0.229576469
0.0551313175 -0.00793076254 0.228876472
0.0560481252 -0.00793770261 0.22813505
0.0569714948 -0.00794538248 0.227314592
0.0578956923 -0.00795294966 0.226506174
0.058821582 -0.00796053078 0.225696266
0.0597491682 -0.00796812586 0.224884868
0.0606938842 -0.00797784384 0.223846674
0.0616737981 -0.00799202916 0.222331226
0.0626564507 -0.00800618156 0.220819295
0.0636424489 -0.00802038194 0.219302237
0.0647042962 -0.00804399958 0.216779113
0.065862682 -0.00807929354 0.213008583
0.067051666 -0.00811750268 0.208926618
0.0685500103 -0.00819313036 0.200847149
0.0703101434 -0.00829889674 0.189547897
0.0728600716 -0.0084975492 0.168325425
-0.06829859 -0.00915414211 0.194689513
-0.0666032071 -0.00904251612 0.205479026
-0.0652523549 -0.00897707156 0.211804748
-0.0640756175 -0.00893503838 0.215867579
-0.062984398 -0.00890438806 0.218830169
-0.0619950282 -0.00888803741 0.220410586
-0.061012977 -0.00887232191 0.22192961
-0.0600351179 -0.00885679017 0.223430872
-0.0590944284 -0.00884658018 0.224417746
-0.0581662011 -0.00883803085 0.225244105
-0.05724031 -0.00882959499 0.226059497
-0.0563173212 -0.00882137002 0.226854504
-0.0553959924 -0.00881316047 0.22764802
-0.0544798904 -0.00880556634 0.228382051
-0.0535657804 -0.00879806532 0.229107082
-0.0526531737 -0.00879057726 0.229830861
-0.051742458 -0.00878317121 0.230546713
-0.0508337028 -0.00877586383 0.231253028
-0.0499254378 -0.0087683918 0.231975258
-0.0490160609 -0.00876044864 0.232743025
-0.0481082687 -0.00875251905 0.233509481
-0.0472020605 -0.00874460364 0.234274567
-0.0462974291 -0.0087367018 0.23503834
-0.0453947253 -0.00872888444 0.235793949
-0.0444909758 -0.00872055032 0.236599505
-0.0435855455 -0.00871153665 0.237470746
-0.0426819135 -0.00870254024 0.238340319
-0.0417800834 -0.00869356295 0.239208043
-0.0408800414 -0.00868460293 0.240074099
-0.0399818917 -0.00867568484 0.240936101
-0.0390800696 -0.00866552727 0.241917909
-0.0381794165 -0.00865518901 0.24291718
-0.0372808323 -0.00864487481 0.243914128
-0.036384305 -0.00863458343 0.24490887
-0.0354898355 -0.00862431671 0.245901227
-0.0345917463 -0.00861260454 0.247033298
-0.0336937723 -0.00860032999 0.248219729
-0.0327982584 -0.00858808873 0.249402941
-0.029752127 -0.00797301915 0.308854163
-0.0288437651 -0.00793922451 0.312120676
-0.0279682826 -0.00791325092 0.314631224
-0.0271238504 -0.00789522173 0.316373885
-0.0263249374 -0.00789038344 0.316841543
-0.0255314887 -0.00788701279 0.317167342
-0.0247410592 -0.00788443455 0.317416549
-0.0239557368 -0.00788344543 0.317512155
-0.0231723907 -0.0078830927 0.317546249
-0.0223897428 -0.00788297245 0.317557872
-0.0216086425 -0.00788343433 0.317513228
-0.0208284658 -0.00788429703 0.317429841
-0.0200487851 -0.00788543168 0.317320168
-0.0192681359 -0.00788624382 0.317241669
-0.0184876425 -0.0078871947 0.317149759
-0.0177067578 -0.00788804754 0.317067325
-0.0169250668 -0.00788858588 0.317015291
-0.0161434417 -0.00788921055 0.316954911
-0.0153609155 -0.00788941405 0.316935242
-0.0145785168 -0.0078897119 0.316906453
-0.0137957602 -0.00788982906 0.316895128
-0.0130126944 -0.0078897637 0.316901446
-0.0122296894 -0.00788973101 0.316904605
-0.0114468345 -0.00788980254 0.316897691
-0.0106637336 -0.0078896934 0.316908241
-0.00988058604 -0.00788952752 0.316924274
-0.00909747208 -0.00788936348 0.316940129
-0.00831445595 -0.00788926605 0.316949547
-0.00753144779 -0.0078891569 0.316960097
-0.00674840151 -0.00788897499 0.31697768
-0.00596538988 -0.00788879308 0.316995263
-0.00518240984 -0.00788860623 0.317013324
-0.00439945829 -0.00788840582 0.317032695
-0.00361655046 -0.00788821835 0.317050815
-0.00283369438 -0.00788807899 0.317064286
-0.00205086484 -0.00788793962 0.317077756
-0.00126805999 -0.00788778731 0.317092479
-0.000485282305 -0.00788759615 0.317110956
0.000297460552 -0.00788743828 0.317126215
0.00108018858 -0.0078873871 0.317131162
0.00186290686 -0.00788733592 0.317136109
0.00264561272 -0.00788727672 0.317141831
0.00342829409 -0.00788718669 0.317150534
0.00421097284 -0.0078871244 0.317156554
0.00499368592 -0.00788713674 0.317155362
0.00577640047 -0.00788714784 0.317154289
0.00655910965 -0.00788714969 0.31715411
0.00734177064 -0.00788709789 0.317159117
0.00812444643 -0.00788707075 0.317161739
0.00890715825 -0.00788708124 0.317160726
0.00968987207 -0.00788709172 0.317159713
0.0104725403 -0.0078870652 0.317162276
0.011255057 -0.00788693262 0.317175091
0.0120375312 -0.00788678833 0.317189038
0.0128199672 -0.00788663724 0.317203641
0.0136023755 -0.00788648678 0.317218185
0.0143845932 -0.00788624443 0.317241609
0.0151664934 -0.00788585594 0.31727916
0.0159482979 -0.00788545635 0.317317784
0.016730025 -0.00788505614 0.317356468
0.0175116759 -0.00788465593 0.317395151
0.0182928655 -0.00788408367 0.317450464
0.0190738971 -0.00788349045 0.317507804
0.0198552965 -0.00788309517 0.31754601
0.0206366207 -0.00788269989 0.317584217
0.0214177387 -0.00788225466 0.317627252
0.022198956 -0.00788187727 0.31766373
0.022981276 -0.00788191797 0.317659796
0.0237636039 -0.00788195867 0.317655862
0.0245473806 -0.00788247974 0.317605496
0.0253349899 -0.007884207 0.317438543
0.0261308983 -0.00788843233 0.317030132
0.0269303731 -0.00789349817 0.31654048
0.027750198 -0.00790429768 0.315496624
0.0286037283 -0.00792420151 0.313572765
0.0294898892 -0.00795218047 0.310868383
0.0304278331 -0.00799282864 0.306939423
0.0334865692 -0.00859517597 0.248717904
0.0343827085 -0.00860710211 0.247565151
0.0352810341 -0.00861900667 0.246414483
0.0361739371 -0.00862901131 0.245447457
0.0370685899 -0.00863897834 0.244484067
0.0379652301 -0.00864896633 0.243518651
0.0388639464 -0.0086589944 0.24254936
0.0397647012 -0.00866905146 0.241577268
0.0406623642 -0.00867800162 0.240712166
0.0415600942 -0.0086865972 0.239881337
0.042459537 -0.00869520881 0.239048958
0.0433609404 -0.00870388702 0.238210142
0.044264139 -0.00871259422 0.237368524
0.0451683948 -0.00872118116 0.23653853
0.0460688066 -0.00872869266 0.235812486
0.0469707163 -0.00873621711 0.23508519
0.0478742777 -0.00874378287 0.2343539
0.048779466 -0.00875138317 0.233619273
0.0496861762 -0.00875899703 0.232883335
0.0505939485 -0.00876654121 0.232154131
0.0515015433 -0.00877380049 0.231452465
0.0524104853 -0.00878105361 0.230751396
0.0533206283 -0.0087882759 0.230053306
0.0542322167 -0.0087955099 0.229354084
0.0551452501 -0.008802755 0.228653789
0.0560642205 -0.00881074194 0.22788179
0.0569885782 -0.00881934862 0.227049888
0.0579130677 -0.00882771727 0.226240993
0.0588392504 -0.00883610134 0.225430608
0.0597671347 -0.00884450143 0.224618674
0.0607254558 -0.00885725821 0.223385632
0.0617067101 -0.00887306868 0.221857429
0.0626899387 -0.00888872683 0.220343948
0.0636765245 -0.00890443925 0.218825221
0.0647816666 -0.0089366608 0.21571076
0.0659417657 -0.00897576301 0.211931229
0.0671992884 -0.00902737842 0.206942201
0.0687058599 -0.00911182773 0.198779524
0.0705412956 -0.0092386537 0.186520815
-0.0686350979 -0.0101087718 0.190165997
-0.0668065452 -0.00996664633 0.20270896
-0.0653430851 -0.00987777704 0.210551918
-0.0641581432 -0.00983063511 0.214712322
-0.0630194397 -0.0097896115 0.218332768
-0.0620294598 -0.00977168406 0.219914914
-0.0610429772 -0.00975381943 0.221491516
-0.0600643204 -0.00973674702 0.222998202
-0.0591128461 -0.00972379988 0.224140823
-0.0581843186 -0.0097144316 0.224967599
-0.0572575126 -0.00970507953 0.225792945
-0.0563328256 -0.00969581526 0.226610542
-0.0554112302 -0.00968681913 0.227404476
-0.0544941028 -0.00967835722 0.228151262
-0.0535797473 -0.00967013845 0.228876591
-0.0526668887 -0.00966193251 0.229600788
-0.051755527 -0.00965374008 0.230323792
-0.0508457516 -0.00964557939 0.231043995
-0.0499378378 -0.00963750718 0.23175639
-0.0490282254 -0.00962880348 0.232524515
-0.0481201983 -0.00962011464 0.233291328
-0.047213756 -0.00961144134 0.234056771
-0.0463088911 -0.00960278289 0.234820903
-0.0454056 -0.0095941393 0.235583723
-0.0445022786 -0.0095851533 0.236376763
-0.0435969372 -0.00957535142 0.237241805
-0.042693382 -0.00956556846 0.238105178
-0.0417916107 -0.00955580508 0.238966823
-0.0408916183 -0.00954606129 0.239826739
-0.0399933942 -0.00953633573 0.240685046
-0.0390929895 -0.00952563154 0.24162972
-0.0381921362 -0.00951433031 0.242627085
-0.0372934321 -0.00950307771 0.243620158
-0.0363967824 -0.00949185145 0.244610906
-0.0355021778 -0.00948065085 0.24559939
-0.034606153 -0.0094684939 0.246672273
-0.0337077537 -0.00945503009 0.247860492
-0.0328119197 -0.00944163313 0.249042809
-0.0297792136 -0.00877221164 0.308121086
-0.02886593 -0.00873387539 0.311504364
-0.0279900071 -0.00870548217 0.314010144
-0.0271374641 -0.00868323631 0.315973401
-0.0263335547 -0.0086763575 0.316580475
-0.025539572 -0.00867256791 0.316914916
-0.0247481001 -0.00866945438 0.317189694
-0.0239595431 -0.00866723574 0.317385495
-0.0231737057 -0.00866592684 0.317501009
-0.022390722 -0.00866567763 0.317523003
-0.0216095873 -0.00866618349 0.317478359
-0.0208291334 -0.00866702299 0.317404271
-0.020049182 -0.00866815494 0.317304373
-0.0192685949 -0.00866908089 0.317222655
-0.018487953 -0.00867005885 0.317136348
-0.0177069124 -0.00867091997 0.317060352
-0.0169252625 -0.00867153525 0.317006052
-0.0161435838 -0.00867219442 0.316947878
-0.0153610495 -0.00867241663 0.316928268
-0.0145785809 -0.00867270366 0.316902936
-0.0137958383 -0.00867284347 0.316890598
-0.0130127681 -0.00867277188 0.316896916
-0.0122297103 -0.00867270029 0.316903234
-0.0114468489 -0.00867277458 0.316896677
-0.0106637511 -0.00867265841 0.316906929
-0.00988060293 -0.00867247741 0.316922903
-0.00909748694 -0.00867229708 0.316938818
-0.00831444979 -0.00867216876 0.316950143
-0.00753144333 -0.00867205057 0.316960574
-0.00674839702 -0.00867185065 0.316978217
-0.00596538591 -0.00867165141 0.3169958
-0.00518240946 -0.00867145217 0.317013383
-0.00439945829 -0.00867123335 0.317032695
-0.00361655046 -0.00867102803 0.317050815
-0.00283369438 -0.0086708754 0.317064286
-0.00205086484 -0.00867072276 0.317077756
-0.00126806193 -0.0086705708 0.317091167
-0.000485283039 -0.00867036345 0.317109466
0.000297461316 -0.00867019123 0.317124665
0.00108019078 -0.0086701345 0.317129672
0.00186291053 -0.00867007844 0.317134619
0.00264562032 -0.00867002171 0.317139626
0.00342830572 -0.00866992783 0.317147911
0.00421098738 -0.00866986029 0.317153871
0.00499370272 -0.00866987312 0.317152739
0.0057764203 -0.00866988595 0.317151606
0.0065591406 -0.00866989946 0.317150414
0.00734181193 -0.00866985083 0.317154706
0.00812449268 -0.00866982179 0.317157269
0.0089072089 -0.00866983327 0.317156256
0.00968992712 -0.00866984476 0.317155242
0.0104726473 -0.00866985624 0.317154229
0.011255178 -0.00866971576 0.317166627
0.0120376605 -0.00866955772 0.317180574
0.0128201048 -0.00866939225 0.317195177
0.0136025204 -0.00866922678 0.317209781
0.0143848692 -0.00866903767 0.31722647
0.0151667854 -0.00866861285 0.317263961
0.0159486025 -0.00866817385 0.317302704
0.0167303445 -0.00866773553 0.317341388
0.0175120115 -0.00866729788 0.317380011
0.018293441 -0.00866678121 0.317425609
0.0190745216 -0.00866614297 0.317481935
0.0198559465 -0.00866571004 0.317520142
0.0206372961 -0.00866527712 0.317558349
0.0214185688 -0.00866484352 0.317596615
0.022200064 -0.00866453015 0.317624271
0.0229824212 -0.00866457405 0.317620397
0.0237655008 -0.00866488742 0.31759274
0.0245536501 -0.00866703177 0.317403496
0.0253431553 -0.00866952395 0.317183555
0.0261408377 -0.00867467444 0.31672901
0.0269422828 -0.0086807806 0.316190124
0.0277623133 -0.00869256338 0.315150261
0.0286217174 -0.00871610598 0.313072563
0.0295190592 -0.00875002724 0.310078919
0.0304852212 -0.00880274313 0.305426598
0.0334990265 -0.00944894148 0.248397828
0.0343956476 -0.00946205072 0.247240901
0.0352928401 -0.00947468651 0.246125758
0.0361858105 -0.00948558522 0.245163918
0.0370807682 -0.00949650823 0.244199932
0.0379777171 -0.00950745488 0.24323386
0.0388766846 -0.00951843058 0.242265225
0.0397777467 -0.0095294522 0.241292537
0.0406742117 -0.0095388968 0.240459025
0.0415722168 -0.00954831708 0.23962766
0.0424719357 -0.00955775492 0.238794744
0.0433734324 -0.00956722383 0.237959087
0.0442769025 -0.00957676568 0.237116993
0.0451801143 -0.00958588744 0.236311973
0.0460807682 -0.00959411837 0.235585571
0.0469829207 -0.00960236348 0.234857917
0.0478865756 -0.00961062277 0.234129012
0.0487920087 -0.00961895163 0.233393968
0.0496989578 -0.009627294 0.232657731
0.0506065332 -0.00963547427 0.2319358
0.0515143572 -0.00964342761 0.231233895
0.0524236318 -0.00965139379 0.230530858
0.0533340896 -0.00965932214 0.22983116
0.0542459152 -0.00966724847 0.229131639
0.0551591939 -0.00967518831 0.228430927
0.0560803271 -0.00968428238 0.227628351
0.0570052885 -0.00969377087 0.226790965
0.0579304588 -0.00970301015 0.225975574
0.0588569347 -0.0097121981 0.225164712
0.0597851091 -0.00972140293 0.22435236
0.0607570602 -0.00973758653 0.222924114
0.0617396594 -0.00975504795 0.221383095
0.0627234687 -0.00977221558 0.219868005
0.0637162375 -0.00979033078 0.218269289
0.0648592182 -0.0098314557 0.214639903
0.066021042 -0.00987438525 0.210851253
0.0673510433 -0.00994179416 0.204902232
0.0688988062 -0.0100401763 0.196219743
0.0708146994 -0.0101906455 0.182940424
-0.0670139348 -0.0108969151 0.1998837
-0.065436375 -0.0107813867 0.209263742
-0.064246566 -0.0107295252 0.213474513
-0.0630740913 -0.0106792434 0.217557014
-0.0620639244 -0.0106563134 0.219418765
-0.0610768387 -0.0106368747 0.220997036
-0.0600935511 -0.0106175616 0.222565115
-0.0591312836 -0.0106015689 0.223863602
-0.05820244 -0.010591378 0.224691034
-0.0572753346 -0.0105812075 0.225516797
-0.0563499474 -0.0105710547 0.226341129
-0.0554264756 -0.0105609592 0.227160812
-0.0545083226 -0.0105516044 0.227920354
-0.0535937179 -0.0105426665 0.22864604
-0.0526806107 -0.0105337426 0.229370594
-0.0517690013 -0.0105248334 0.230093956
-0.050858917 -0.0105159455 0.23081559
-0.0499509504 -0.0105072088 0.231524945
-0.0490413986 -0.0104978121 0.232287884
-0.0481335849 -0.0104884683 0.233046532
-0.0472273398 -0.0104791414 0.233803809
-0.0463226531 -0.0104698298 0.234559834
-0.045419524 -0.0104605345 0.235314548
-0.0445179487 -0.0104512553 0.236067951
-0.0436122883 -0.0104405974 0.236933291
-0.0427080046 -0.0104298566 0.237805367
-0.0418055221 -0.010419137 0.238675714
-0.0409051089 -0.0104085107 0.239538491
-0.040006579 -0.0103979336 0.240397275
-0.0391080632 -0.0103868954 0.24129349
-0.0382067871 -0.0103745858 0.242292941
-0.037307575 -0.0103623033 0.243290186
-0.036410428 -0.0103500502 0.244285048
-0.0355154242 -0.0103378522 0.245275438
-0.0346217276 -0.0103254552 0.246281982
-0.033722895 -0.0103108052 0.247471452
-0.032826533 -0.0102961963 0.248657585
-0.029828982 -0.00958040938 0.30677414
-0.0288990851 -0.00953350458 0.310582459
-0.028013439 -0.00949953856 0.313340247
-0.0271525589 -0.00947257673 0.315529347
-0.0263424258 -0.00946294074 0.316311717
-0.0255476648 -0.00945862414 0.316662193
-0.0247552743 -0.00945497412 0.316958547
-0.0239663624 -0.00945251043 0.31715858
-0.0231790089 -0.00945054007 0.317318559
-0.0223933197 -0.0094491614 0.317430497
-0.0216105321 -0.00944900136 0.31744349
-0.0208298026 -0.00944980008 0.317378641
-0.0200495819 -0.0094509108 0.317288459
-0.0192690553 -0.00945195618 0.317203582
-0.0184882649 -0.00945295017 0.317122877
-0.0177070697 -0.00945380761 0.317053259
-0.0169254582 -0.00945450282 0.316996813
-0.0161437247 -0.00945519142 0.316940904
-0.0153611846 -0.00945543368 0.316921235
-0.014578645 -0.00945570236 0.316899419
-0.0137959154 -0.00945586607 0.316886127
-0.0130128408 -0.00945578825 0.316892446
-0.0122297786 -0.00945571044 0.316898764
-0.0114468643 -0.00945574935 0.316895605
-0.0106637685 -0.00945562602 0.316905618
-0.00988061981 -0.00945543001 0.316921533
-0.0090975018 -0.00945523326 0.316937507
-0.00831444424 -0.00945507102 0.316950679
-0.00753143775 -0.00945494182 0.31696117
-0.00674839252 -0.00945472526 0.316978753
-0.00596538195 -0.00945450869 0.316996336
-0.00518240603 -0.00945429213 0.31701392
-0.00439945829 -0.00945406088 0.317032695
-0.00361655046 -0.00945383771 0.317050815
-0.00283369438 -0.0094536718 0.317064286
-0.00205086498 -0.00945350663 0.317077697
-0.00126806193 -0.00945334072 0.317091167
-0.000485283803 -0.00945313443 0.317107916
0.00029746205 -0.0094529465 0.317123175
0.00108019307 -0.00945288556 0.317128122
0.00186291435 -0.00945282463 0.317133069
0.00264562567 -0.00945276297 0.317138076
0.00342831734 -0.00945267414 0.317145288
0.00421100159 -0.00945260073 0.317151249
0.0049937199 -0.00945261541 0.317150057
0.00577644012 -0.00945262936 0.317148924
0.00655916257 -0.00945264331 0.317147792
0.00734185377 -0.00945261321 0.317150236
0.00812453954 -0.00945258238 0.317152739
0.00890725956 -0.00945259412 0.317151785
0.00968998218 -0.0094526066 0.317150772
0.0104727068 -0.00945261908 0.317149759
0.0112552997 -0.0094525163 0.317158103
0.0120377888 -0.00945234305 0.31717217
0.0128202424 -0.00945216393 0.317186714
0.0136026664 -0.00945198407 0.317201317
0.0143850615 -0.00945180421 0.31721592
0.0151670763 -0.00945139898 0.317248822
0.0159489095 -0.00945092254 0.317287505
0.0167306652 -0.00945044537 0.317326248
0.0175123458 -0.00944996893 0.317364932
0.0182939516 -0.00944949322 0.317403555
0.0190751446 -0.00944884573 0.317456127
0.019856595 -0.00944837516 0.317494333
0.02063797 -0.0094479046 0.31753254
0.0214192697 -0.00944743403 0.317570746
0.0222024291 -0.0094478121 0.31754005
0.022987118 -0.0094488127 0.317458809
0.0237719689 -0.00944981403 0.317377508
0.0245615661 -0.00945263523 0.317148447
0.0253513264 -0.00945534558 0.316928387
0.026150419 -0.00946137634 0.316438735
0.0269542047 -0.00946875786 0.31583941
0.0277868523 -0.00948588623 0.314448715
0.02864337 -0.00951025076 0.312470496
0.0295482842 -0.00954944809 0.309287966
0.0305424465 -0.00961558596 0.303918064
0.0335140657 -0.0103041548 0.248011411
0.0344102779 -0.0103181603 0.246874273
0.0353051653 -0.0103310917 0.245824337
0.0361976914 -0.0103427201 0.2448802
0.0370929542 -0.0103546002 0.243915618
0.037990212 -0.0103665069 0.24294889
0.0388894736 -0.0103784406 0.241979957
0.0397895059 -0.0103900683 0.241035879
0.0406860704 -0.0104002938 0.240205646
0.0415843451 -0.0104105383 0.239373863
0.0424843344 -0.010420802 0.238540531
0.043386049 -0.0104310862 0.237705529
0.0442896752 -0.010441435 0.236865283
0.0451918369 -0.0104510409 0.236085356
0.0460927361 -0.0104599927 0.235358537
0.0469951315 -0.0104689592 0.234630526
0.04789903 -0.0104779411 0.233901263
0.0488045515 -0.0104869641 0.233168662
0.0497117462 -0.010496037 0.232432008
0.050619118 -0.0105048376 0.231717468
0.051527178 -0.0105134869 0.231015206
0.0524366895 -0.0105221502 0.230311811
0.0533475545 -0.0105308069 0.229608953
0.0542596248 -0.0105394276 0.228909016
0.0551731414 -0.0105480615 0.228208006
0.0560964414 -0.0105583237 0.227374793
0.0570216833 -0.0105686432 0.22653693
0.0579478577 -0.0105788275 0.225710035
0.058874627 -0.0105888203 0.224898696
0.0598072071 -0.0105995817 0.224024952
0.0607886931 -0.0106188295 0.222462178
0.0617726376 -0.0106379671 0.220908344
0.0627570365 -0.0106566488 0.219391525
0.0637924828 -0.0106836166 0.217201949
0.0649369598 -0.0107283932 0.213566423
0.0661005063 -0.0107751673 0.209768713
0.0675034811 -0.0108603429 0.202853084
0.0690986804 -0.0109747012 0.193568051
0.0711003103 -0.0111516617 0.179200173
-0.0673921627 -0.0118637087 0.194731117
-0.0656343938 -0.0117067708 0.206529439
-0.0643357254 -0.0116309916 0.212226391
-0.0631571331 -0.0115757645 0.216378272
-0.0620984346 -0.0115419291 0.21892196
-0.0611107328 -0.0115209108 0.220502079
-0.060126527 -0.0114999678 0.222076536
-0.0591497251 -0.0114798851 0.223586321
-0.0582205809 -0.0114688733 0.22441417
-0.0572935028 -0.0114579511 0.225235284
-0.0563687057 -0.0114471676 0.226045967
-0.0554456068 -0.0114364056 0.22685504
-0.0545253063 -0.0114259035 0.227644563
-0.0536103431 -0.0114162316 0.22837168
-0.0526976372 -0.0114067437 0.229084969
-0.0517864033 -0.0113972708 0.229797125
-0.050876638 -0.011387813 0.230508149
-0.0499683347 -0.0113783694 0.2312181
-0.0490597083 -0.0113685143 0.231958986
-0.0481508894 -0.0113582573 0.232730091
-0.0472436636 -0.0113480185 0.233499826
-0.0463380269 -0.011337798 0.234268189
-0.0454339691 -0.0113275941 0.235035301
-0.0445319856 -0.0113175377 0.235791326
-0.0436282058 -0.0113066028 0.236613393
-0.0427235779 -0.0112949947 0.237486065
-0.0418207494 -0.0112834089 0.238357068
-0.040920357 -0.0112720276 0.239212692
-0.040022268 -0.0112608255 0.240054846
-0.0391259133 -0.0112496457 0.240895331
-0.0382247362 -0.0112365003 0.241883576
-0.0373252817 -0.0112232852 0.242877067
-0.0364278749 -0.0112100986 0.243868411
-0.0355325215 -0.0111969445 0.244857312
-0.0346392002 -0.0111838182 0.245844126
-0.0337415299 -0.0111685409 0.246992648
-0.032844158 -0.0111525746 0.248192966
-0.0298924401 -0.0103961898 0.305056692
-0.028932519 -0.0103350536 0.309652806
-0.0280362184 -0.0102946669 0.312689007
-0.0271787672 -0.010267141 0.314758361
-0.0263513677 -0.0102500821 0.316040814
-0.0255557252 -0.0102451649 0.316410482
-0.0247630349 -0.0102412007 0.316708506
-0.0239731852 -0.0102382339 0.316931546
-0.0231847573 -0.0102357166 0.317120791
-0.0223988867 -0.010234234 0.317232252
-0.0216147845 -0.0102335117 0.317286551
-0.020831955 -0.0102333833 0.317296207
-0.0200505104 -0.0102339779 0.317251504
-0.0192695143 -0.0102348682 0.317184568
-0.0184885754 -0.0102358672 0.317109466
-0.0177072415 -0.010236718 0.31704551
-0.0169256539 -0.0102374886 0.316987575
-0.0161438667 -0.010238203 0.316933871
-0.0153613186 -0.0102384638 0.316914261
-0.014578733 -0.0102387254 0.316894591
-0.0137959925 -0.0102388975 0.316881657
-0.0130129134 -0.0102388134 0.316887975
-0.0122298478 -0.0102387302 0.316894234
-0.0114468788 -0.0102387254 0.316894591
-0.010663786 -0.0102385962 0.316904307
-0.00988063596 -0.0102383845 0.316920221
-0.00909751733 -0.0102381728 0.316936136
-0.00831443807 -0.0102379714 0.316951275
-0.00753143328 -0.0102378335 0.316961647
-0.00674838853 -0.0102375996 0.31697923
-0.00596537842 -0.0102373657 0.316996813
-0.00518240297 -0.0102371318 0.317014397
-0.00439945861 -0.0102368892 0.317032636
-0.00361655073 -0.0102366482 0.317050755
-0.00283369458 -0.010236469 0.317064226
-0.00205086513 -0.0102362906 0.317077637
-0.00126806202 -0.0102361114 0.317091108
-0.000485284537 -0.0102359077 0.317106426
0.000297462813 -0.0102357055 0.317121625
0.00108019536 -0.0102356397 0.317126573
0.00186291817 -0.0102355739 0.31713152
0.00264563101 -0.0102355073 0.317136527
0.00342832897 -0.0102354256 0.317142666
0.00421101613 -0.0102353471 0.317148567
0.00499373708 -0.010235363 0.317147375
0.0057764595 -0.0102353773 0.317146302
0.00655918503 -0.0102353931 0.31714511
0.00734189506 -0.0102353836 0.317145825
0.00812458579 -0.0102353511 0.317148269
0.00890731089 -0.0102353646 0.317147255
0.00969003797 -0.010235378 0.317146242
0.0104727663 -0.0102353907 0.317145288
0.0112554207 -0.0102353329 0.31714964
0.0120379181 -0.0102351457 0.317163706
0.0128203791 -0.0102349515 0.317178309
0.0136028123 -0.010234758 0.317192853
0.0143852158 -0.0102345638 0.317207456
0.0151673672 -0.0102342149 0.317233682
0.0159492153 -0.0102337004 0.317272366
0.0167309872 -0.0102331858 0.317311049
0.0175126815 -0.0102326705 0.317349792
0.0182943008 -0.0102321559 0.317388475
0.0190757691 -0.0102316001 0.317430258
0.0198579832 -0.0102314828 0.31743908
0.0206407418 -0.0102316517 0.317426384
0.021423527 -0.0102318214 0.317413629
0.0222084731 -0.0102330027 0.317324818
0.0229933759 -0.0102340841 0.317243517
0.0237784406 -0.0102351664 0.317162157
0.0245694858 -0.0102387429 0.31689328
0.0253595032 -0.0102416724 0.316673041
0.0261598666 -0.0102485963 0.316152513
0.0269666209 -0.0102576197 0.315474153
0.0278144498 -0.0102817547 0.313659728
0.0286872925 -0.0103138188 0.311249197
0.0295907188 -0.0103551831 0.308139503
0.0326402789 -0.0111469415 0.248616457
0.0335347165 -0.0111620475 0.24748081
0.0344315086 -0.0111771924 0.246342242
0.0353236178 -0.0111900841 0.245373071
0.0362165735 -0.0112026379 0.244429291
0.0371114171 -0.0112152006 0.243484855
0.0380082107 -0.0112277901 0.242538393
0.0389069656 -0.0112404082 0.241589785
0.0398042527 -0.0112520575 0.240714014
0.0407001218 -0.0112628132 0.239905417
0.0415976611 -0.0112735903 0.239095212
0.0424968668 -0.0112843865 0.238283575
0.0433987338 -0.0112954665 0.2374506
0.0443024539 -0.011306602 0.236613453
0.0452035688 -0.0113166433 0.23585856
0.0461047134 -0.0113263168 0.235131324
0.0470073519 -0.0113360054 0.234402955
0.0479114942 -0.0113457106 0.233673335
0.0488171407 -0.0113554316 0.232942522
0.0497245414 -0.0113652264 0.232206166
0.0506317062 -0.0113746319 0.231499076
0.0515400059 -0.0113839788 0.230796397
0.0524497507 -0.0113933391 0.230092705
0.053360958 -0.011402716 0.229387761
0.054273338 -0.0114120462 0.228686333
0.055188797 -0.0114217372 0.227957786
0.0561125632 -0.0114328663 0.227121115
0.0570380858 -0.0114440176 0.226282776
0.0579652644 -0.0114551698 0.225444377
0.0588923311 -0.0114659691 0.224632502
0.0598383124 -0.0114801808 0.223564089
0.0608203668 -0.0115009906 0.221999646
0.0618056572 -0.0115218297 0.220432997
0.0627906336 -0.0115420266 0.218914629
0.063868907 -0.0115790389 0.216132105
0.0650148827 -0.0116274793 0.21249044
0.0662234481 -0.0116859611 0.208093882
0.067656615 -0.0117830543 0.200794578
0.0693166605 -0.0119176467 0.190676153
0.071462318 -0.0121333565 0.174459458
-0.0659312277 -0.0126570374 0.202430666
-0.0644480773 -0.0125395562 0.210653604
-0.0632690229 -0.0124804587 0.214790047
-0.0621435524 -0.0124307056 0.218272448
-0.0611564515 -0.0124083893 0.219834447
-0.0601731569 -0.0123862271 0.221385658
-0.0591932759 -0.0123641415 0.222931505
-0.0582471694 -0.0123487562 0.224008382
-0.0573191337 -0.0123369014 0.224838138
-0.0563939036 -0.0123253098 0.225649477
-0.0554703656 -0.0123137395 0.226459325
-0.0545485152 -0.0123021905 0.227267683
-0.0536320972 -0.0122915467 0.228012682
-0.052718167 -0.0122811473 0.228740573
-0.0518057377 -0.012270764 0.229467333
-0.0508948126 -0.0122603987 0.230192841
-0.0499857393 -0.0122501398 0.230910898
-0.0490782039 -0.0122399124 0.23162675
-0.048169025 -0.0122288871 0.232398451
-0.0472614436 -0.0122178822 0.233168722
-0.0463575324 -0.0122074607 0.233898163
-0.045455367 -0.0121971243 0.234621645
-0.0445546878 -0.0121868049 0.235343934
-0.0436554883 -0.0121765017 0.23606509
-0.0427515295 -0.0121643881 0.236912966
-0.0418485579 -0.0121520701 0.237775148
-0.0409473662 -0.0121397768 0.2386356
-0.0400480094 -0.0121275269 0.239493013
-0.0391510531 -0.0121155036 0.240334571
-0.0382551148 -0.0121032716 0.241190732
-0.0373538664 -0.0120887072 0.24221015
-0.0364547292 -0.0120741776 0.243227125
-0.0355576911 -0.0120596813 0.244241775
-0.0346629212 -0.0120452812 0.245249689
-0.0337709959 -0.0120311962 0.24623555
-0.0328715825 -0.0120135593 0.247470022
-0.0319747338 -0.0119959734 0.248700917
-0.0289652176 -0.0111381425 0.308743597
-0.0280676313 -0.011094605 0.311790944
-0.027207111 -0.0110641221 0.313924552
-0.0263660309 -0.0110402337 0.315596581
-0.0255637895 -0.0110322034 0.316158653
-0.0247707973 -0.0110279209 0.316458405
-0.0239800116 -0.0110244064 0.316704393
-0.0231905075 -0.0110212837 0.316922963
-0.0224044419 -0.0110196913 0.317034424
-0.0216193163 -0.0110184786 0.317119301
-0.0208356419 -0.0110179685 0.317155004
-0.0200540582 -0.0110186072 0.317110301
-0.0192719043 -0.0110189606 0.317085565
-0.0184898631 -0.0110194136 0.317053855
-0.0177077476 -0.011019859 0.317022682
-0.0169258496 -0.0110204926 0.316978336
-0.0161440076 -0.0110212275 0.316926897
-0.0153614538 -0.0110215085 0.316907228
-0.0145788612 -0.0110217895 0.316887558
-0.0137960695 -0.0110219377 0.316877187
-0.0130129871 -0.0110218483 0.316883445
-0.012229916 -0.011021758 0.316889763
-0.0114468949 -0.0110217052 0.316893459
-0.0106638042 -0.0110215698 0.316902936
-0.00988065285 -0.0110213425 0.31691885
-0.00909753286 -0.0110211151 0.316934765
-0.00831444362 -0.0110208869 0.316950739
-0.00753142826 -0.0110207234 0.316962183
-0.00674838404 -0.0110204721 0.316979766
-0.00596537446 -0.0110202209 0.31699735
-0.00518239954 -0.0110199697 0.317014933
-0.00439945861 -0.0110197168 0.317032636
-0.00361655073 -0.0110194579 0.317050756
-0.00283369479 -0.0110192663 0.317064167
-0.00205086513 -0.0110190739 0.317077637
-0.00126806202 -0.0110188814 0.317091108
-0.000485285242 -0.011018683 0.317104996
0.000297463577 -0.0110184675 0.317120076
0.00108019765 -0.0110183969 0.317125023
0.00186292198 -0.0110183262 0.31712997
0.00264563636 -0.0110182546 0.317134977
0.0034283406 -0.0110181823 0.317140043
0.00421103034 -0.011018098 0.317145944
0.00499375387 -0.011018115 0.317144752
0.00577647932 -0.0110181312 0.31714362
0.00655920749 -0.0110181482 0.317142427
0.0073419369 -0.0110181635 0.317141355
0.00812463204 -0.0110181286 0.317143798
0.00890736154 -0.0110181431 0.317142785
0.00969009303 -0.0110181576 0.317141772
0.0104728265 -0.011018172 0.317140759
0.0112555416 -0.0110181661 0.317141176
0.0120380473 -0.0110179651 0.317155242
0.0128205167 -0.0110177565 0.317169846
0.0136029572 -0.0110175478 0.317184449
0.0143853701 -0.0110173401 0.317198992
0.0151676592 -0.0110170616 0.317218483
0.0159495211 -0.0110165081 0.317257226
0.0167314165 -0.0110160286 0.317290783
0.0175138522 -0.0110159401 0.317296982
0.0182962758 -0.0110158515 0.317303181
0.0190795547 -0.0110162764 0.317273438
0.0198624655 -0.0110164587 0.317260683
0.0206454014 -0.0110166409 0.317247928
0.0214283608 -0.0110168223 0.317235232
0.0222144501 -0.0110185834 0.317111969
0.0229996371 -0.0110197815 0.317028106
0.023784916 -0.0110209448 0.316946686
0.024577202 -0.0110252597 0.316644669
0.0253680962 -0.0110286881 0.316404701
0.02616932 -0.0110363829 0.315866113
0.0269922922 -0.0110527723 0.314718962
0.0278421037 -0.0110792009 0.312869132
0.028731275 -0.0111198175 0.310026229
0.0296757268 -0.011179643 0.305838824
0.0326603775 -0.0120047497 0.248086632
0.0335553905 -0.0120209943 0.246949614
0.0344501658 -0.0120363516 0.245874703
0.0353419703 -0.0120499308 0.244924248
0.0362355903 -0.0120634904 0.243975163
0.0371309249 -0.012076998 0.243029714
0.0380282114 -0.0120905346 0.242082239
0.0389274585 -0.012104101 0.241132677
0.039822375 -0.0121157335 0.240318478
0.040718762 -0.0121273251 0.239507139
0.0416167252 -0.0121389099 0.238696278
0.0425163617 -0.0121505169 0.237883866
0.0434176764 -0.0121621459 0.237069905
0.0443199387 -0.0121735902 0.236268879
0.0452189049 -0.0121836882 0.235562087
0.046119176 -0.0121937623 0.234856964
0.0470208974 -0.0122038526 0.234150708
0.0479240724 -0.012213959 0.23344332
0.048829856 -0.0122243772 0.232714117
0.0497372217 -0.0122348319 0.231982351
0.0506443082 -0.01224486 0.231280447
0.0515528407 -0.0122549035 0.230577469
0.0524628261 -0.0122649631 0.22987336
0.053374264 -0.0122750381 0.229168177
0.0542870622 -0.0122851062 0.228463471
0.0552046502 -0.012295951 0.227704406
0.0561287001 -0.0123079122 0.226867199
0.0570544999 -0.0123198955 0.226028443
0.057982058 -0.0123319019 0.225188077
0.0589100472 -0.012343645 0.224366129
0.0598694499 -0.012361695 0.223102749
0.060852065 -0.0123840683 0.221536756
0.0618381552 -0.0124065218 0.21996516
0.0628242686 -0.0124283518 0.218437195
0.0639455227 -0.0124766079 0.215059579
0.0650929999 -0.0125287242 0.211411775
0.0663653919 -0.0126037537 0.206160188
0.0678104407 -0.012709955 0.198726774
0.0695360108 -0.0128665507 0.187766076
-0.0664253724 -0.0136569911 0.195607365
-0.0646485241 -0.0134700542 0.207847596
-0.063409832 -0.013394552 0.212791324
-0.0622383177 -0.0133316774 0.216908217
-0.0612105254 -0.0132990468 0.219044805
-0.0602251976 -0.0132750721 0.220614613
-0.0592443824 -0.0132514234 0.222163082
-0.0582762105 -0.0132300104 0.223565162
-0.057347565 -0.0132172971 0.2243976
-0.0564206622 -0.0132046084 0.225228429
-0.0554954935 -0.0131919434 0.226057709
-0.0545728621 -0.0131795023 0.226872326
-0.0536539524 -0.0131675946 0.227652014
-0.0527396278 -0.013156468 0.228380561
-0.0518268122 -0.0131453605 0.229107857
-0.0509163781 -0.0131345043 0.229818702
-0.0500094791 -0.0131242233 0.230491877
-0.0491039663 -0.0131139587 0.231163979
-0.0481983829 -0.0131033046 0.231861592
-0.0472923307 -0.0130921261 0.232593537
-0.0463877868 -0.0130809667 0.23332423
-0.0454847414 -0.0130698246 0.234053791
-0.0445831972 -0.0130587016 0.2347821
-0.0436831505 -0.0130475978 0.235509158
-0.0427841528 -0.0130363737 0.236244083
-0.0418804851 -0.0130231944 0.237107039
-0.0409787076 -0.0130100769 0.237965942
-0.040078702 -0.0129969859 0.238823116
-0.0391804603 -0.0129839203 0.239678622
-0.0382839776 -0.0129708803 0.240532458
-0.037386278 -0.012956807 0.241453946
-0.0364851627 -0.0129408257 0.242500365
-0.0355873329 -0.0129253014 0.243516863
-0.0346916038 -0.0129098145 0.244530917
-0.0337979635 -0.012894363 0.245542646
-0.0329031401 -0.0128776326 0.24663812
-0.0320041835 -0.0128583014 0.247903884
-0.0290173737 -0.0119512859 0.307293356
-0.0281066018 -0.0118996126 0.310676814
-0.0272328248 -0.0118615647 0.313168109
-0.0263934194 -0.0118371486 0.314766825
-0.0255718556 -0.0118197391 0.315906764
-0.0247785672 -0.0118151375 0.316208065
-0.0239868415 -0.0118110284 0.31647712
-0.0231971846 -0.0118077276 0.316693247
-0.0224099989 -0.0118055393 0.316836536
-0.0216238514 -0.0118037769 0.316951931
-0.0208400712 -0.0118032663 0.316985369
-0.0200576074 -0.0118035157 0.316969038
-0.019274887 -0.0118036231 0.316962004
-0.018492437 -0.011803918 0.316942692
-0.0177102133 -0.011804395 0.316911459
-0.0169275277 -0.0118045835 0.316899121
-0.0161449142 -0.0118048447 0.316882015
-0.0153618168 -0.0118047482 0.316888333
-0.0145789883 -0.0118048666 0.316880584
-0.0137961477 -0.0118049876 0.316872657
-0.0130130598 -0.0118048911 0.316878975
-0.0122299843 -0.0118047947 0.316885293
-0.0114469213 -0.0118046982 0.316891611
-0.0106638224 -0.0118045461 0.316901565
-0.009880669 -0.0118043022 0.316917539
-0.00909754772 -0.0118040591 0.316933454
-0.0083144578 -0.0118038161 0.316949368
-0.00753142324 -0.0118036122 0.316962719
-0.00674837954 -0.0118033436 0.316980303
-0.0059653705 -0.0118030751 0.316997886
-0.0051823961 -0.0118028066 0.31701547
-0.00439945635 -0.011802538 0.317033053
-0.00361655073 -0.0118022677 0.317050756
-0.00283369479 -0.0118020628 0.317064167
-0.00205086513 -0.0118018571 0.317077637
-0.00126806202 -0.0118016514 0.317091108
-0.000485285447 -0.0118014457 0.317104579
0.00029746434 -0.0118012326 0.317118526
0.00108019994 -0.0118011571 0.317123473
0.00186292551 -0.0118010797 0.31712854
0.0026456415 -0.0118010042 0.317133487
0.00342834774 -0.0118009286 0.317138434
0.00421104487 -0.0118008549 0.317143262
0.00499377105 -0.0118008731 0.31714207
0.0057764987 -0.0118008895 0.317140997
0.00655922946 -0.0118009077 0.317139805
0.00734196257 -0.0118009259 0.317138613
0.00812467891 -0.0118009159 0.317139268
0.00890741219 -0.0118009304 0.317138315
0.00969014809 -0.0118009459 0.317137301
0.010472886 -0.0118009614 0.317136288
0.0112556259 -0.0118009769 0.317135275
0.0120381766 -0.0118008012 0.317146779
0.0128206543 -0.0118005781 0.317161382
0.0136033673 -0.0118005891 0.317160667
0.014386135 -0.0118006446 0.317157031
0.0151690014 -0.0118007729 0.317148626
0.0159518014 -0.0118008385 0.317144335
0.0167343863 -0.0118007429 0.317150593
0.0175169602 -0.0118006482 0.317156792
0.0182995218 -0.0118005536 0.317162991
0.019083513 -0.011801371 0.317109466
0.0198669508 -0.0118017879 0.317082167
0.0206500626 -0.0118019827 0.317069412
0.0214331979 -0.0118021766 0.317056716
0.0222197577 -0.0118042193 0.316922963
0.0230059036 -0.0118059061 0.316812516
0.0237918892 -0.0118074009 0.316714645
0.0245845038 -0.0118120625 0.31640941
0.0253772617 -0.0118165057 0.316118479
0.0261850259 -0.0118276268 0.315390289
0.0270180122 -0.0118494349 0.313962341
0.0278781825 -0.0118818836 0.311837674
0.0287753883 -0.0119282816 0.308799625
0.0317868645 -0.0128461061 0.248702407
0.032680501 -0.0128636121 0.247556151
0.0335760901 -0.012880998 0.246417761
0.0344680547 -0.0128961381 0.245426417
0.0353603423 -0.0129106693 0.244474948
0.0362545923 -0.0129252323 0.243521393
0.0371504531 -0.0129396997 0.242574096
0.0380482355 -0.0129541862 0.241625548
0.0389452311 -0.0129677679 0.240736247
0.0398405027 -0.0129801908 0.239922822
0.0407374163 -0.0129926265 0.239108563
0.0416358091 -0.013005022 0.238296927
0.042535877 -0.0130174413 0.23748374
0.0434376215 -0.0130298833 0.236669064
0.0443378531 -0.0130413868 0.23591584
0.0452373306 -0.0130522294 0.235205889
0.0461379809 -0.0130630064 0.23450023
0.0470400857 -0.0130738017 0.233793378
0.047943639 -0.0130846124 0.233085514
0.0488486568 -0.0130954423 0.232376397
0.0497547749 -0.0131061921 0.231672526
0.0506609882 -0.0131165995 0.230991066
0.0515685095 -0.0131269979 0.230310202
0.05247744 -0.0131374136 0.229628206
0.0533877723 -0.0131478438 0.228945256
0.0543007167 -0.0131585881 0.228241742
0.0552205146 -0.0131706669 0.227450848
0.0561448409 -0.0131834594 0.226613224
0.0570709217 -0.0131962764 0.225773991
0.0579987656 -0.013209119 0.224933088
0.0589277711 -0.0132218477 0.224099637
0.0599006156 -0.0132441246 0.222640992
0.0608837999 -0.0132680665 0.22107333
0.0618704585 -0.013292093 0.219500125
0.0628839213 -0.0133212581 0.217590452
0.0640223173 -0.0133763286 0.21398455
0.0651712983 -0.0134321329 0.210330606
0.066507935 -0.0135254816 0.204218329
0.0679999869 -0.013648264 0.196178795
0.0697789437 -0.0138259676 0.184543133
-0.0650053405 -0.0144416695 0.202852607
-0.0635503388 -0.0143125142 0.210796893
-0.0623765033 -0.0142454999 0.214918912
-0.0612655748 -0.0141914919 0.218240917
-0.0602791129 -0.0141658882 0.219815791
-0.0592961232 -0.0141403746 0.221385122
-0.0583172259 -0.0141151091 0.222939194
-0.0573761425 -0.0140985977 0.223954797
-0.0564487503 -0.0140850769 0.224786461
-0.055523094 -0.0140715812 0.225616575
-0.0546005454 -0.0140584741 0.226422787
-0.053681796 -0.01404596 0.227192522
-0.0527687881 -0.0140345981 0.227891386
-0.0518583245 -0.0140235599 0.228570343
-0.0509492607 -0.0140125391 0.229248226
-0.0500416104 -0.0140015406 0.229924739
-0.0491354924 -0.0139906002 0.230597675
-0.0482307493 -0.0139796744 0.231269718
-0.0473255382 -0.0139682059 0.231975139
-0.046420473 -0.0139563537 0.232704163
-0.0455170633 -0.0139445703 0.233428956
-0.0446151393 -0.0139328053 0.234152616
-0.0437147067 -0.0139210616 0.234874964
-0.0428157499 -0.0139093354 0.23559624
-0.041916044 -0.0138968707 0.236362935
-0.0410124789 -0.0138825407 0.237244368
-0.0401107327 -0.0138682398 0.238124014
-0.039211257 -0.0138541336 0.238991678
-0.0383140374 -0.0138402299 0.239846886
-0.0374185772 -0.0138263544 0.240700365
-0.0365198293 -0.0138105495 0.241672516
-0.0356198654 -0.0137934994 0.24272126
-0.0347220727 -0.0137764919 0.243767381
-0.0338268821 -0.0137597103 0.244799615
-0.0329345305 -0.0137432736 0.245810629
-0.0320380774 -0.0137241556 0.246986569
-0.0290965971 -0.0127795231 0.305090488
-0.0281505135 -0.0127091124 0.309421421
-0.0272666413 -0.0126643732 0.312173308
-0.0264208138 -0.0126357015 0.31393689
-0.025592229 -0.0126140194 0.315270544
-0.024786424 -0.012602893 0.315954924
-0.0239940029 -0.0125982775 0.316238821
-0.0232039136 -0.0125946534 0.316461742
-0.0224155592 -0.0125917792 0.31663853
-0.0216283848 -0.0125894041 0.316784621
-0.0208446421 -0.0125889865 0.31681031
-0.0200611582 -0.0125887035 0.316827715
-0.0192778698 -0.0125885291 0.316838444
-0.0184953132 -0.0125888537 0.316818476
-0.0177126803 -0.0125891512 0.316800178
-0.016929702 -0.0125892113 0.316796482
-0.0161470367 -0.0125895291 0.316776932
-0.0153636171 -0.0125892413 0.316794634
-0.0145804855 -0.0125891793 0.316798449
-0.0137970726 -0.012588845 0.316819013
-0.013013708 -0.0125885184 0.316839099
-0.012230383 -0.0125881919 0.316859186
-0.0114470976 -0.0125878653 0.316879273
-0.0106638399 -0.0125875242 0.316900254
-0.00988068588 -0.0125872655 0.316916168
-0.00909756325 -0.0125870067 0.316932083
-0.00831447137 -0.012586747 0.316948057
-0.00753141822 -0.0125864999 0.316963256
-0.00674837505 -0.0125862141 0.316980839
-0.00596536653 -0.0125859282 0.316998423
-0.00518239266 -0.0125856423 0.317016006
-0.00439945345 -0.0125853565 0.317033589
-0.00361655126 -0.0125850793 0.317050636
-0.00283369499 -0.0125848603 0.317064107
-0.00205086528 -0.0125846413 0.317077578
-0.0012680621 -0.0125844223 0.317091048
-0.000485285477 -0.0125842033 0.317104519
0.000297465104 -0.0125840008 0.317116976
0.00108020215 -0.0125839194 0.317121983
0.00186292932 -0.012583838 0.31712699
0.00264564684 -0.0125837576 0.317131937
0.00342835461 -0.0125836771 0.317136884
0.00421105941 -0.0125836171 0.31714058
0.00499378785 -0.0125836355 0.317139447
0.00577651896 -0.0125836549 0.317138255
0.00655925192 -0.0125836733 0.317137123
0.00734198712 -0.0125836917 0.31713599
0.00812481396 -0.0125838506 0.317126215
0.0089076837 -0.0125840434 0.317114354
0.00969057681 -0.0125842363 0.317102492
0.0104734925 -0.0125844281 0.317090691
0.0112564323 -0.012584621 0.317078829
0.0120395147 -0.0125849408 0.31705916
0.0128223753 -0.0125849999 0.317055524
0.0136052419 -0.012585058 0.317051948
0.0143881167 -0.0125851171 0.317048312
0.0151711189 -0.012585278 0.317038417
0.0159546342 -0.0125858361 0.317004085
0.0167373586 -0.0125857354 0.317010284
0.0175200707 -0.0125856346 0.317016483
0.0183027707 -0.0125855338 0.317022682
0.019087008 -0.0125864767 0.316964686
0.0198714376 -0.0125874699 0.316903592
0.0206547253 -0.0125876773 0.316890836
0.0214380382 -0.0125878847 0.316878081
0.0222250652 -0.0125902278 0.316733957
0.0230121718 -0.0125924566 0.316596866
0.0237989556 -0.0125943646 0.316479505
0.0245918056 -0.0125993289 0.31617415
0.025386433 -0.0126048902 0.315832079
0.0262104352 -0.0126245877 0.314620495
0.0270448343 -0.0126481158 0.313173295
0.027921229 -0.0126898374 0.310607017
0.0288440824 -0.0127502748 0.306889535
0.0318061768 -0.0137047575 0.248179734
0.032700577 -0.0137234995 0.247026921
0.0335951541 -0.0137413665 0.24592793
0.0344859649 -0.0137568167 0.244977594
0.0353787338 -0.0137723009 0.244025171
0.0362734669 -0.0137878189 0.243070663
0.0371700043 -0.0138033079 0.242117942
0.0380682754 -0.0138187436 0.2411685
0.0389629529 -0.0138321976 0.240340949
0.0398586468 -0.0138454336 0.239526809
0.0407560175 -0.0138586948 0.238711119
0.0416549102 -0.0138719269 0.237897218
0.0425554068 -0.013885159 0.237083316
0.0434573412 -0.0138983369 0.236272753
0.0443557796 -0.0139098829 0.235562564
0.045255673 -0.0139214463 0.234851301
0.0461568014 -0.0139329584 0.234143198
0.0470592837 -0.0139444579 0.23343587
0.0479632251 -0.0139559768 0.232727349
0.048868629 -0.013967515 0.232017637
0.0497747561 -0.0139788595 0.231319845
0.0506816639 -0.0139900363 0.230632365
0.0515895701 -0.0140011142 0.229950965
0.052498883 -0.0140122096 0.229268492
0.0534096058 -0.0140233225 0.228584946
0.0543225859 -0.0140346756 0.227886618
0.0552453442 -0.014048212 0.227054001
0.0561687509 -0.0140614945 0.226237
0.0570938637 -0.0140748013 0.225418509
0.0580206871 -0.0140881322 0.224598528
0.0589587752 -0.0141038218 0.223633469
0.0599370875 -0.0141287423 0.222100616
0.0609187798 -0.0141537482 0.220562518
0.0619038756 -0.0141788412 0.219019056
0.0629592326 -0.0142194465 0.216521443
0.064099295 -0.0142782095 0.212906957
0.0652540126 -0.0143386635 0.209188462
0.0666510951 -0.0144511728 0.202268065
0.0681939849 -0.014592567 0.193570972
0.0700249945 -0.0147924082 0.181278825
-0.0637240229 -0.015242527 0.208331526
-0.0625143701 -0.0151631634 0.212934197
-0.0613480571 -0.0150924288 0.217036427
-0.0603332777 -0.0150583422 0.219013274
-0.059349307 -0.0150312329 0.220585466
-0.0583739724 -0.0150055811 0.222073138
-0.0574109402 -0.0149824329 0.223415614
-0.0564865888 -0.0149690617 0.22419107
-0.0555638738 -0.0149557203 0.224964798
-0.0546427752 -0.0149424047 0.225737036
-0.0537232779 -0.0149291117 0.226507962
-0.0528053815 -0.0149158422 0.227277518
-0.0518938169 -0.0149039891 0.227964938
-0.050984105 -0.014892285 0.228643716
-0.0500757848 -0.0148805973 0.22932154
-0.0491695303 -0.0148691357 0.229986251
-0.0482647846 -0.0148577368 0.230647326
-0.047361396 -0.0148463554 0.231307388
-0.0464562007 -0.0148339575 0.232026399
-0.0455512537 -0.0148211702 0.232768
-0.0446478346 -0.0148084054 0.23350829
-0.0437464735 -0.0147958482 0.234236539
-0.0428468382 -0.0147833938 0.234958828
-0.0419486861 -0.014770961 0.235679866
-0.0410481721 -0.0147571346 0.236481727
-0.0401456035 -0.0147419402 0.237362922
-0.0392448515 -0.0147267766 0.238242329
-0.0383459083 -0.0147116428 0.239120007
-0.0374487713 -0.0146965399 0.239995897
-0.0365535101 -0.0146814986 0.240868211
-0.0356538114 -0.0146638613 0.241891087
-0.0347551199 -0.0146457881 0.242939234
-0.0338586192 -0.0146277705 0.243984163
-0.0329642794 -0.014609799 0.24502641
-0.0320720859 -0.0145918708 0.246066154
-0.0311738836 -0.0145700792 0.247329951
-0.0282063299 -0.0135269545 0.307825685
-0.0273098955 -0.0134739293 0.310900868
-0.026446522 -0.0134350091 0.313158036
-0.0256180956 -0.0134125114 0.314462782
-0.0247989408 -0.0133937363 0.315551639
-0.0240015296 -0.0133862059 0.315988362
-0.0232106461 -0.0133820373 0.316230119
-0.0224211228 -0.0133784114 0.316440404
-0.0216337775 -0.0133759078 0.316585601
-0.0208492161 -0.0133750537 0.316635132
-0.020064709 -0.0133741698 0.316686392
-0.019280854 -0.0133736796 0.316714824
-0.0184983661 -0.0133741657 0.316686631
-0.0177151461 -0.0133741256 0.316688955
-0.0169318751 -0.0133740403 0.316693903
-0.0161491087 -0.0133743774 0.316674352
-0.0153654162 -0.013373918 0.316700996
-0.0145821935 -0.0133738533 0.316704751
-0.0137985259 -0.0133733363 0.316734732
-0.0130150317 -0.0133729406 0.31675768
-0.0122316256 -0.0133725932 0.316777826
-0.01144826 -0.0133722469 0.316797913
-0.0106647604 -0.0133716755 0.316831053
-0.00988143541 -0.0133712572 0.316855312
-0.00909815827 -0.0133708389 0.316879571
-0.00831492955 -0.0133704216 0.316903771
-0.00753174405 -0.0133699961 0.316928447
-0.00674862565 -0.0133696086 0.316950918
-0.00596555637 -0.0133692325 0.316972733
-0.00518253009 -0.0133688563 0.316994548
-0.0043995468 -0.0133684802 0.317016364
-0.00361661574 -0.01336814 0.317036093
-0.00283374556 -0.0133679097 0.317049444
-0.00205090169 -0.0133676795 0.317062796
-0.00126808413 -0.0133674493 0.317076147
-0.000485292847 -0.0133672181 0.317089558
0.000297473854 -0.0133670516 0.317099214
0.00108023509 -0.0133670433 0.317099691
0.00186299539 -0.0133670351 0.317100168
0.00264575475 -0.0133670269 0.317100645
0.0034285137 -0.0133670207 0.317101002
0.0042112994 -0.0133671019 0.317096294
0.00499412111 -0.0133672551 0.317087412
0.00577696075 -0.0133674092 0.317078472
0.00655981751 -0.0133675624 0.317069591
0.00734269233 -0.0133677165 0.31706065
0.00812572352 -0.0133681019 0.317038298
0.00890867921 -0.0133683054 0.317026497
0.00969165889 -0.01336851 0.317014635
0.010474662 -0.0133687145 0.317002774
0.0112576884 -0.013368919 0.316990913
0.0120411751 -0.0133696169 0.316950441
0.0128241428 -0.0133696795 0.316946805
0.0136071166 -0.0133697412 0.316943229
0.0143900985 -0.0133698039 0.316939593
0.0151732387 -0.0133700023 0.316928089
0.0159574503 -0.0133710958 0.31686467
0.0167403309 -0.0133710043 0.316869975
0.0175231813 -0.0133708974 0.316876174
0.0183060195 -0.0133707906 0.316882373
0.0190905045 -0.0133718687 0.316819847
0.0198759273 -0.0133735059 0.316724897
0.0206593911 -0.0133737258 0.316712142
0.0214428801 -0.0133739458 0.316699386
0.0222303761 -0.0133766108 0.316544831
0.0230184417 -0.013379433 0.316381157
0.0238060256 -0.0133817938 0.316244245
0.0245991129 -0.013387062 0.315938712
0.0254084631 -0.0134007631 0.315144122
0.0262367986 -0.013423564 0.313821793
0.0270771676 -0.013451147 0.312222124
0.0279644089 -0.0135002821 0.309372545
0.0289281397 -0.0135833981 0.304552258
0.0318290525 -0.0145661018 0.247560621
0.0327229751 -0.0145854853 0.246436477
0.033613571 -0.0146024136 0.245454729
0.0345038919 -0.014618387 0.244528354
0.0353971472 -0.0146348281 0.243574858
0.0362923664 -0.0146513041 0.242619336
0.037189558 -0.0146678161 0.241661728
0.0380862428 -0.0146833866 0.240758718
0.0389806908 -0.0146974125 0.239945293
0.0398768072 -0.014711463 0.239130438
0.0407746048 -0.0147255412 0.238313974
0.0416740312 -0.0147396267 0.237497092
0.0425749569 -0.0147536731 0.236682475
0.0434749047 -0.0147668243 0.235919774
0.0443737181 -0.0147790793 0.235209048
0.0452739937 -0.0147913549 0.234497131
0.0461756346 -0.0148036181 0.233785928
0.0470785009 -0.0148158248 0.233078004
0.0479828274 -0.014828052 0.232368887
0.0488883291 -0.0148402104 0.231663764
0.0497947508 -0.014852226 0.230966926
0.0507023568 -0.014864185 0.230273367
0.0516106481 -0.0148759436 0.22959143
0.0525203508 -0.0148877217 0.228908361
0.053431461 -0.0148995173 0.228224278
0.0543497517 -0.014912946 0.227445484
0.0552734183 -0.0149274333 0.226605297
0.0561973201 -0.0149415352 0.225787461
0.0571229259 -0.0149556618 0.224968196
0.0580502515 -0.0149698161 0.22414732
0.0590139133 -0.0149929715 0.222804428
0.0599932356 -0.0150194517 0.221268714
0.0609759435 -0.0150460224 0.219727755
0.0619620606 -0.0150726856 0.218181432
0.063079592 -0.0151307674 0.214812995
0.0642165349 -0.0151919324 0.211265743
0.0654476889 -0.0152738644 0.206514121
0.0668394915 -0.0153913332 0.199701548
0.0684466674 -0.0155556113 0.190174282
0.0704274835 -0.0158010681 0.175939084
-0.0642545735 -0.0162697344 0.200800598
-0.0626904734 -0.0160947717 0.210399032
-0.0615300707 -0.0160222333 0.214378477
-0.0604093957 -0.0159583065 0.217885495
-0.0594323888 -0.0159318614 0.219336272
-0.0584571864 -0.0159051229 0.220803142
-0.0574848131 -0.015878367 0.222270966
-0.0565305488 -0.0158559756 0.223499358
-0.0556070552 -0.0158418436 0.224274636
-0.0546851739 -0.0158277367 0.225048543
-0.0537649007 -0.0158136547 0.225821079
-0.052846228 -0.0157995966 0.226592303
-0.0519308362 -0.0157860861 0.227333487
-0.0510206534 -0.015773761 0.228009642
-0.0501124885 -0.0157616564 0.228673697
-0.0492056886 -0.0157495703 0.229336739
-0.0483002475 -0.0157375016 0.229998828
-0.0473961687 -0.0157254525 0.230659843
-0.0464934428 -0.0157134207 0.231319905
-0.045588256 -0.0157000634 0.232052685
-0.0446840687 -0.0156865464 0.232794226
-0.0437814049 -0.0156730522 0.233534516
-0.042880261 -0.0156595808 0.234273554
-0.0419806333 -0.0156461323 0.23501134
-0.0410824957 -0.0156326978 0.235748351
-0.0401806136 -0.0156171958 0.23659879
-0.039279074 -0.0156011516 0.237478972
-0.0383793446 -0.015585139 0.238357425
-0.0374814231 -0.0155691589 0.239234091
-0.0365853039 -0.0155532114 0.240108968
-0.0356905579 -0.0155371075 0.240992428
-0.0347897798 -0.0155174529 0.242070676
-0.0338916299 -0.0154980341 0.243135989
-0.0329963774 -0.0154789988 0.244180263
-0.0321032754 -0.0154600091 0.245222033
-0.0312111244 -0.015440461 0.24629444
-0.0282908571 -0.0143629033 0.305409134
-0.0273583853 -0.0142888004 0.309474409
-0.0264826439 -0.0142416023 0.312063695
-0.0256440175 -0.0142126267 0.313653291
-0.0248233474 -0.0141923572 0.314765275
-0.0240105073 -0.0141755079 0.315689624
-0.0232173838 -0.014169881 0.315998316
-0.0224268203 -0.0141655209 0.31623751
-0.0216392815 -0.0141628786 0.316382468
-0.0208536501 -0.0141613684 0.316465319
-0.0200682613 -0.0141599157 0.31654501
-0.0192843562 -0.0141594648 0.316569746
-0.0185014217 -0.0141597397 0.316554666
-0.0177176131 -0.0141593203 0.316577674
-0.0169340494 -0.0141590726 0.316591263
-0.0161511819 -0.014159429 0.316571713
-0.0153672165 -0.0141587803 0.316607297
-0.0145839014 -0.0141587119 0.316611052
-0.0138001754 -0.0141582013 0.316639066
-0.0130163545 -0.0141575222 0.316676319
-0.0122328691 -0.014157156 0.316696406
-0.0114494224 -0.0141567888 0.316716552
-0.01066573 -0.0141560304 0.316758156
-0.00988231928 -0.0141555676 0.316783548
-0.00909897143 -0.0141551254 0.316807807
-0.00831567138 -0.0141546832 0.316832066
-0.00753241523 -0.0141542334 0.316856743
-0.00674920422 -0.014153776 0.316881836
-0.00596606688 -0.0141533783 0.316903651
-0.00518297252 -0.0141529807 0.316925467
-0.00439992116 -0.014152583 0.316947282
-0.00361692389 -0.014152231 0.316966594
-0.00283398749 -0.0141519996 0.31697929
-0.0020510745 -0.0141517562 0.316992641
-0.0012681879 -0.0141515139 0.317005933
-0.000485327439 -0.0141512695 0.317019344
0.000297508739 -0.0141511043 0.317028404
0.00108034098 -0.0141511108 0.317028046
0.00186317188 -0.0141511021 0.317028523
0.00264600203 -0.0141510945 0.31702894
0.00342883111 -0.0141510858 0.317029417
0.00421169445 -0.0141511956 0.317023397
0.00499460973 -0.0141514194 0.317011119
0.00577752411 -0.0141515813 0.317002237
0.00656045598 -0.0141517432 0.316993356
0.00734340536 -0.014151905 0.316984475
0.00812652579 -0.0141523375 0.316960753
0.00890967608 -0.0141527427 0.31693852
0.00969274244 -0.0141529589 0.316926659
0.0104758322 -0.0141531752 0.316914797
0.0112589444 -0.0141533903 0.316902996
0.0120425706 -0.014154191 0.316859067
0.0128259103 -0.0141545735 0.316838086
0.0136089922 -0.0141546397 0.31683445
0.0143920802 -0.0141547049 0.316830874
0.0151753574 -0.0141549429 0.316817821
0.01595968 -0.0141561011 0.316754282
0.0167433045 -0.0141565509 0.316729606
0.0175262932 -0.0141564379 0.316735805
0.0183092697 -0.0141563249 0.316742004
0.0190940009 -0.0141575461 0.316675008
0.0198795904 -0.0141592943 0.316579104
0.0206640585 -0.0141601276 0.316533387
0.0214477236 -0.0141603601 0.316520632
0.022235692 -0.0141633697 0.316355527
0.0230241382 -0.0141664749 0.316185177
0.023813101 -0.0141696898 0.316008807
0.0246146433 -0.0141800886 0.315438331
0.0254331291 -0.0141994922 0.314373851
0.0262636303 -0.0142243728 0.313008905
0.0271288527 -0.0142664296 0.310701669
0.0280234193 -0.0143214092 0.307685495
0.0309634928 -0.0154101426 0.247957707
0.0318558769 -0.0154306142 0.246834636
0.0327478152 -0.0154498081 0.245781661
0.0336373373 -0.0154668986 0.24484408
0.0345280933 -0.0154837087 0.243921877
0.0354207496 -0.0155005558 0.242997647
0.0363153095 -0.0155174388 0.24207145
0.0372117789 -0.0155343576 0.241143287
0.0381046701 -0.0155490284 0.240338445
0.038998442 -0.0155634124 0.23954934
0.0398949841 -0.01557828 0.23873371
0.0407932088 -0.0155931768 0.23791647
0.0416931123 -0.0156080997 0.2370978
0.0425945245 -0.0156229835 0.236281276
0.0434924831 -0.0156360127 0.235566498
0.0443916779 -0.0156489799 0.234855116
0.04529233 -0.0156619667 0.234142662
0.0461944457 -0.0156749742 0.233429075
0.0470977373 -0.0156879034 0.23271978
0.0480024461 -0.0157008391 0.232010127
0.0489079594 -0.0157135804 0.231311143
0.0498147658 -0.0157262945 0.23061365
0.0507230085 -0.0157390281 0.229915083
0.0516317437 -0.0157514869 0.229231597
0.0525418329 -0.0157639478 0.228547991
0.0534536665 -0.0157765283 0.227857829
0.0543769432 -0.0157920933 0.227003933
0.0553015185 -0.0158075464 0.226156176
0.0562259121 -0.0158224683 0.225337566
0.0571520188 -0.0158374184 0.224517406
0.0580900288 -0.0158552303 0.223540247
0.0590691545 -0.0158837832 0.221973837
0.0600494843 -0.0159118276 0.220435322
0.0610332133 -0.0159399699 0.218891443
0.0620780454 -0.0159833479 0.216511727
0.0632032519 -0.0160463089 0.213057698
0.0643429207 -0.0161112233 0.209496499
0.0656656632 -0.0162204513 0.203504265
0.0670940601 -0.0163529833 0.196233571
0.0687913207 -0.0165478853 0.185541273
-0.0631454777 -0.0171085188 0.20384884
-0.0617411457 -0.0169654296 0.211296142
-0.0605930748 -0.016891113 0.215164066
-0.0595119148 -0.0168339243 0.218140543
-0.0585366434 -0.0168060657 0.219590486
-0.057564537 -0.0167782988 0.22103566
-0.0565955739 -0.0167506211 0.222476185
-0.0556505499 -0.0167294232 0.223579467
-0.054729595 -0.0167150564 0.224327207
-0.0538101894 -0.0167007137 0.225073696
-0.052892333 -0.0166863962 0.225818873
-0.051976015 -0.0166721016 0.226562858
-0.0510617678 -0.0166580085 0.227296353
-0.0501521977 -0.0166450115 0.227972806
-0.0492440203 -0.016632035 0.228648186
-0.0483372293 -0.016619078 0.229322553
-0.0474318216 -0.0166061405 0.229995907
-0.0465277974 -0.0165932236 0.230668188
-0.04562532 -0.0165803891 0.231336177
-0.044720348 -0.0165661117 0.232079268
-0.0438168819 -0.0165518503 0.232821525
-0.0429149367 -0.0165376118 0.233562589
-0.0420145173 -0.0165233997 0.234302283
-0.0411156085 -0.0165092093 0.235040844
-0.0402182126 -0.0164950429 0.235778154
-0.0393157709 -0.0164780914 0.236660422
-0.0384139597 -0.0164606543 0.237567962
-0.0375141923 -0.0164433318 0.238469542
-0.0366172525 -0.0164264913 0.239346028
-0.0357221154 -0.0164096864 0.240220667
-0.034826849 -0.0163919894 0.241141737
-0.0339272967 -0.0163712804 0.242219568
-0.0330299678 -0.0163506218 0.243294776
-0.0321348569 -0.0163300148 0.244367302
-0.0312426591 -0.0163098349 0.245417596
-0.0303496934 -0.0162880964 0.246549011
-0.0274229526 -0.0151155699 0.307574988
-0.0265303381 -0.0150570882 0.310618759
-0.02566926 -0.0150139295 0.31286502
-0.0248475652 -0.0149924109 0.313984991
-0.0240343594 -0.0149749085 0.314895929
-0.0232241233 -0.0149581826 0.315766454
-0.0224333296 -0.0149535857 0.316005707
-0.0216447856 -0.0149502497 0.316179336
-0.0208580265 -0.0149479753 0.316297711
-0.020071866 -0.0149459803 0.316401542
-0.0192880109 -0.0149456574 0.31641835
-0.0185044414 -0.014945544 0.316424251
-0.0177200815 -0.0149447355 0.316466332
-0.0169364775 -0.0149445373 0.316476644
-0.0161532551 -0.0149446828 0.316469074
-0.0153690294 -0.0149438399 0.316512943
-0.0145856094 -0.0149437552 0.316517354
-0.013801826 -0.0149432558 0.316543341
-0.0130176781 -0.0149422652 0.316594899
-0.0122341125 -0.0149418793 0.316614986
-0.0114505856 -0.0149414922 0.316635133
-0.0106668194 -0.014940702 0.31667626
-0.00988320169 -0.0149400172 0.316711903
-0.00909978324 -0.0149395511 0.316736162
-0.00831641322 -0.0149390861 0.316760362
-0.00753308642 -0.014938612 0.316785038
-0.00674978278 -0.0149380795 0.316812754
-0.00596657782 -0.0149376615 0.31683451
-0.00518341496 -0.0149372412 0.316856385
-0.00440029553 -0.014936822 0.3168782
-0.00361723046 -0.0149364521 0.316897453
-0.00283422943 -0.0149362276 0.316909135
-0.00205124731 -0.0149359711 0.316922486
-0.00126829159 -0.0149357157 0.316935778
-0.00048536203 -0.0149354592 0.31694913
0.00029754336 -0.0149352863 0.31695813
0.00108044687 -0.0149353195 0.316956402
0.00186334836 -0.0149353103 0.316956878
0.00264624911 -0.0149353023 0.316957296
0.00342914903 -0.0149352943 0.316957713
0.00421208335 -0.0149354111 0.316951633
0.00499509836 -0.0149357341 0.316934825
0.0057780879 -0.0149359047 0.316925944
0.00656109495 -0.0149360753 0.316917062
0.00734411951 -0.014936246 0.316908181
0.00812731634 -0.0149367041 0.31688434
0.00891067294 -0.0149373534 0.316850544
0.00969382599 -0.0149375813 0.316838682
0.0104770016 -0.014937808 0.316826881
0.0112602014 -0.0149380359 0.316815019
0.0120439233 -0.0149388914 0.316770495
0.0128276788 -0.0149396828 0.316729308
0.0136108668 -0.0149397515 0.316725732
0.0143940631 -0.0149398213 0.316722096
0.0151774783 -0.0149401031 0.316707433
0.0159619085 -0.0149413227 0.316643954
0.0167462806 -0.0149423763 0.316589118
0.0175294051 -0.0149422549 0.316595436
0.0183125199 -0.0149421358 0.316601635
0.0190975002 -0.0149435112 0.31653005
0.0198832311 -0.0149453527 0.316434205
0.0206687275 -0.0149468828 0.316354573
0.0214527109 -0.0149472286 0.316336573
0.0222410079 -0.0149505016 0.316166223
0.0230296441 -0.014953777 0.315995753
0.0238255411 -0.0149614797 0.315594853
0.0246371296 -0.0149784072 0.314713836
0.0254578428 -0.0149997678 0.313602091
0.026300181 -0.0150324408 0.31190157
0.0271806512 -0.0150847727 0.309177876
0.028128051 -0.0151709205 0.304694176
0.0309895805 -0.0162749676 0.247232319
0.0318824151 -0.0162964084 0.2461164
0.0327706858 -0.0163144238 0.24517876
0.0336608855 -0.0163324793 0.244239033
0.0345525469 -0.016350347 0.243309081
0.035445863 -0.0163681311 0.242383481
0.0363410805 -0.0163859506 0.241456033
0.0372349552 -0.016402349 0.240602554
0.0381279219 -0.0164176125 0.239808143
0.0390219758 -0.0164326709 0.239024401
0.0399176369 -0.0164477557 0.238239289
0.0408149121 -0.016462868 0.237452746
0.0417138056 -0.0164780078 0.236664773
0.0426120106 -0.0164922646 0.235922755
0.0435100763 -0.016505903 0.235212923
0.0444096467 -0.0165195815 0.234501005
0.0453106785 -0.0165332817 0.233787955
0.0462131752 -0.0165470037 0.233073772
0.0471169833 -0.0165606914 0.232361377
0.0480218627 -0.0165742622 0.231655062
0.0489276097 -0.0165876521 0.230958164
0.0498347909 -0.0166010626 0.230260194
0.0507434162 -0.016614496 0.229561032
0.0516528532 -0.0166277439 0.228871525
0.0525633327 -0.0166408898 0.228187323
0.0534803977 -0.0166556963 0.227416695
0.0544041641 -0.0166721199 0.226561905
0.0553296485 -0.0166885538 0.225706578
0.0562545419 -0.0167042994 0.224887074
0.0571811464 -0.0167200736 0.224066079
0.0581443462 -0.0167461044 0.222711266
0.0591244988 -0.0167762614 0.221141697
0.0601058416 -0.0168058768 0.219600321
0.0610932872 -0.0168363521 0.218014181
0.0621964026 -0.0168979568 0.214807869
0.0633273948 -0.0169654411 0.211295546
0.0645278519 -0.0170497474 0.20690769
0.0658850965 -0.0171733565 0.200474263
0.0674054989 -0.017336353 0.191990853
0.0692200034 -0.0175709921 0.179778696
-0.0620437848 -0.0179417081 0.206876696
-0.0607937106 -0.017834357 0.212191404
-0.0596539285 -0.0177573213 0.216005267
-0.0586170688 -0.0177096968 0.218363047
-0.0576476421 -0.0176817231 0.219747961
-0.0566812173 -0.0176538361 0.221128584
-0.0557177779 -0.0176260345 0.222504974
-0.054778597 -0.0176053002 0.223531485
-0.053857927 -0.0175900618 0.224285901
-0.0529388218 -0.0175748499 0.225039006
-0.0520214244 -0.0175597151 0.225788296
-0.0511058093 -0.0175446875 0.226532281
-0.0501926261 -0.0175300041 0.227259219
-0.0492836859 -0.0175163405 0.227935673
-0.0483761309 -0.0175026962 0.228611172
-0.0474700927 -0.0174891217 0.229283214
-0.04656547 -0.0174755821 0.229953528
-0.0456622206 -0.017462063 0.230622829
-0.044759658 -0.0174482923 0.231304587
-0.0438541207 -0.0174327686 0.232073129
-0.0429501589 -0.0174172702 0.23284042
-0.0420484412 -0.0174020812 0.233592392
-0.04114878 -0.0173871402 0.234332085
-0.0402506311 -0.0173722233 0.235070587
-0.0393539936 -0.0173573317 0.235807837
-0.0384513919 -0.0173390233 0.236714245
-0.0375505356 -0.0173206956 0.237621606
-0.0366515473 -0.0173024065 0.23852706
-0.0357544187 -0.0172841546 0.239430667
-0.0348591494 -0.0172659425 0.240332306
-0.0339634391 -0.0172465794 0.241290928
-0.0330651093 -0.0172248157 0.242368401
-0.0321690394 -0.0172031266 0.243442179
-0.0312755206 -0.0171816819 0.244503856
-0.0303841857 -0.0171602902 0.245562912
-0.0275183113 -0.0159643787 0.304769755
-0.0265813022 -0.0158774225 0.30907476
-0.0257127953 -0.0158283243 0.311505497
-0.0248718293 -0.0157940323 0.313203216
-0.0240580717 -0.0157757793 0.314106882
-0.023246062 -0.0157575034 0.315011681
-0.0224405419 -0.015742613 0.315748871
-0.0216502929 -0.0157380235 0.315976084
-0.0208624044 -0.0157349137 0.316130043
-0.0200762719 -0.0157329717 0.316226185
-0.0192916656 -0.0157321482 0.316266955
-0.0185073079 -0.0157314716 0.316300452
-0.0177225512 -0.0157303712 0.316354931
-0.0169389549 -0.0157302749 0.316359699
-0.0161553307 -0.0157301413 0.316366316
-0.0153710793 -0.0157293346 0.316406251
-0.0145873184 -0.0157289843 0.316423596
-0.0138034766 -0.0157284991 0.316447616
-0.0130190077 -0.0157271759 0.316513122
-0.012235356 -0.015726763 0.316533566
-0.0114517489 -0.0157263561 0.316553713
-0.0106679095 -0.0157255362 0.316594303
-0.00988408482 -0.0157246091 0.316640199
-0.0091005964 -0.0157241203 0.316664398
-0.00831715443 -0.0157236291 0.316688717
-0.0075337576 -0.0157231319 0.316713334
-0.00675037333 -0.015722548 0.316742242
-0.00596708832 -0.0157220796 0.316765428
-0.00518385739 -0.0157216378 0.316787303
-0.0044006699 -0.0157211971 0.316809118
-0.00361753676 -0.0157208083 0.316828371
-0.00283447157 -0.0157205952 0.316838921
-0.00205142026 -0.0157203255 0.316852272
-0.00126839527 -0.0157200558 0.316865624
-0.000485396592 -0.0157197861 0.316878975
0.000297577981 -0.0157196067 0.316887856
0.00108055276 -0.0157196693 0.316884757
0.00186352498 -0.0157196609 0.316885174
0.00264649618 -0.0157196513 0.316885651
0.00342946644 -0.0157196416 0.316886128
0.00421247193 -0.0157197669 0.316879929
0.00499558278 -0.0157201858 0.316859186
0.00577865126 -0.0157203773 0.316849709
0.00656173393 -0.0157205579 0.316840769
0.00734483309 -0.015720736 0.316831947
0.00812810812 -0.0157212236 0.316807807
0.00891163334 -0.0157220724 0.316765786
0.00969490881 -0.0157223758 0.316750766
0.0104781719 -0.0157226154 0.316738904
0.0112614583 -0.015722855 0.316727043
0.012045276 -0.0157237664 0.316681922
0.0128293368 -0.0157248692 0.316627324
0.0136127435 -0.0157250799 0.316616894
0.0143960459 -0.0157251521 0.316613317
0.0151795981 -0.0157254796 0.316597105
0.0159641394 -0.0157267642 0.316533507
0.0167488047 -0.0157280476 0.316469968
0.017532521 -0.0157283522 0.316454888
0.0183157729 -0.0157282258 0.316461147
0.0191009995 -0.015729762 0.316385091
0.0198868762 -0.0157317004 0.316289128
0.0206729404 -0.0157336375 0.316193224
0.0214578419 -0.015734567 0.316147209
0.0222463272 -0.0157380091 0.315976799
0.0230403666 -0.0157450774 0.31562686
0.0238473028 -0.0157603507 0.314870716
0.0246613401 -0.0157792755 0.31393379
0.0254826043 -0.0158015943 0.31282884
0.026350846 -0.0158513281 0.310366631
0.0272591118 -0.0159219613 0.306869746
0.0301235841 -0.017118258 0.247643829
0.0310157111 -0.0171412462 0.246505738
0.0319046763 -0.0171612798 0.245513917
0.0327935904 -0.0171802456 0.244574965
0.0336844337 -0.0171992523 0.243633986
0.0345770362 -0.0172182109 0.242695392
0.0354710057 -0.017236931 0.241768599
0.0363654563 -0.0172550023 0.240873934
0.0372574418 -0.017271081 0.240077914
0.0381510639 -0.017287191 0.239280344
0.0390458195 -0.0173031035 0.238492549
0.0399420511 -0.0173189824 0.237706424
0.0408398932 -0.0173348877 0.236918987
0.0417386917 -0.0173505414 0.236144007
0.0426350231 -0.0173645409 0.235450924
0.0435320352 -0.0173782623 0.23477161
0.0444304343 -0.017392003 0.234091342
0.0453302326 -0.0174057665 0.233409942
0.0462319172 -0.0174197383 0.23271823
0.0471362484 -0.0174341929 0.232002617
0.0480411489 -0.0174483368 0.231302381
0.0489472733 -0.0174624242 0.230604947
0.0498548397 -0.0174765357 0.229906321
0.0507638445 -0.0174906688 0.229206622
0.0516739837 -0.0175047176 0.228511096
0.0525848467 -0.0175185474 0.227826417
0.0535071577 -0.0175357433 0.226975084
0.0544314107 -0.017553026 0.226119459
0.0553574504 -0.0175703412 0.225262225
0.0562831945 -0.0175870255 0.224436224
0.0572209987 -0.0176069748 0.223448575
0.058198769 -0.0176386447 0.221880675
0.0591799461 -0.0176704108 0.220308007
0.0601623035 -0.0177016026 0.218763769
0.0612095738 -0.0177510439 0.216316045
0.0623159151 -0.0178162593 0.213087381
0.0634520331 -0.0178881879 0.209526361
0.0647229296 -0.0179962421 0.204176844
0.0661222753 -0.0181371821 0.197199226
0.0677202761 -0.0183290021 0.187702657
0.0699125823 -0.0186771088 0.170468689
-0.0610586008 -0.0188036265 0.208266736
-0.0598926688 -0.0187157354 0.212415636
-0.0587672383 -0.0186382955 0.216071189
-0.0577392255 -0.0185904679 0.218328894
-0.0567708834 -0.0185610475 0.219717682
-0.0558056474 -0.0185317522 0.22110057
-0.0548435329 -0.0185025932 0.22247702
-0.0539068926 -0.0184813917 0.223477841
-0.052986906 -0.0184654074 0.224232376
-0.0520684866 -0.0184494523 0.224985541
-0.0511516855 -0.0184335464 0.22573638
-0.0502372554 -0.0184179738 0.226471485
-0.0493249642 -0.0184026638 0.227194191
-0.0484156062 -0.0183879385 0.2278893
-0.0475088376 -0.0183736943 0.2285617
-0.0466034474 -0.0183594715 0.229233087
-0.0456994326 -0.0183452702 0.22990346
-0.0447967903 -0.0183310903 0.230572821
-0.0438944617 -0.0183164824 0.231262387
-0.0429896342 -0.018300199 0.232031048
-0.0420863841 -0.0182839433 0.232798398
-0.0411847104 -0.0182677166 0.233564378
-0.0402846089 -0.018251519 0.234328986
-0.0393860729 -0.0182353492 0.235092283
-0.0384888974 -0.0182191099 0.235858858
-0.037587137 -0.0181998579 0.23676765
-0.0366877864 -0.0181809191 0.237661661
-0.0357902683 -0.0181620168 0.238553942
-0.0348945846 -0.018143155 0.239444316
-0.0340007251 -0.018124331 0.240332902
-0.0331053404 -0.0181036774 0.241307855
-0.0322071904 -0.0180803368 0.242409647
-0.0313118869 -0.018057394 0.243492664
-0.0304194681 -0.0180349058 0.244554222
-0.0295292283 -0.0180124718 0.245613218
-0.0266642939 -0.0167213545 0.306560457
-0.0257646716 -0.0166509161 0.309885503
-0.02489944 -0.0165994785 0.312313617
-0.0240807702 -0.0165774903 0.313351572
-0.0232682138 -0.0165584668 0.314249576
-0.0224619027 -0.0165428197 0.314988197
-0.0216577464 -0.0165277194 0.315701009
-0.0208673083 -0.0165226093 0.315942229
-0.0200806778 -0.0165203087 0.316050828
-0.0192953231 -0.01651894 0.31611544
-0.0185101731 -0.016517642 0.316176713
-0.0177252878 -0.0165164816 0.31623149
-0.016941431 -0.0165162417 0.316242815
-0.0161574051 -0.016515801 0.316263617
-0.0153731292 -0.0165150396 0.316299558
-0.0145890275 -0.0165143981 0.316329838
-0.0138051272 -0.016513931 0.316351891
-0.0130205639 -0.0165125433 0.316417397
-0.0122365995 -0.0165118071 0.316452146
-0.011452913 -0.0165113816 0.316472233
-0.0106689989 -0.0165105306 0.316512407
-0.00988500834 -0.0165094118 0.316565216
-0.00910140821 -0.0165088285 0.316592754
-0.00831789627 -0.0165083146 0.316617013
-0.00753442934 -0.0165077944 0.31664157
-0.00675097387 -0.0165071807 0.316670538
-0.00596759882 -0.016506634 0.316696347
-0.00518430021 -0.0165061718 0.316718162
-0.00440104459 -0.0165057097 0.316739977
-0.00361784332 -0.0165053018 0.316759229
-0.00283471042 -0.0165050809 0.31676966
-0.00205159322 -0.0165048182 0.316782058
-0.00126849905 -0.0165045354 0.316795409
-0.000485431183 -0.0165042525 0.316808761
0.000297612602 -0.0165040657 0.316817582
0.0010806568 -0.0165041339 0.316814364
0.00186370146 -0.0165041515 0.316813529
0.00264674346 -0.0165041427 0.316813947
0.00342978436 -0.0165041326 0.316814423
0.00421286115 -0.0165042664 0.316808105
0.0049960424 -0.0165047046 0.316787422
0.00577921506 -0.0165050013 0.316773415
0.0065623724 -0.0165051895 0.316764534
0.00734554779 -0.0165053789 0.316755594
0.00812889929 -0.0165058928 0.316731334
0.00891249985 -0.016506783 0.316689313
0.00969599236 -0.0165073448 0.316662789
0.0104793421 -0.0165075961 0.316650928
0.0112627152 -0.0165078474 0.316639066
0.0120466287 -0.0165088159 0.31659335
0.0128307777 -0.0165099737 0.316538692
0.0136146192 -0.0165106215 0.316508115
0.0143980309 -0.0165106998 0.31650442
0.0151817202 -0.016511076 0.316486657
0.0159663691 -0.0165124221 0.316423119
0.0167511432 -0.0165137681 0.31635958
0.0175356355 -0.0165147252 0.3163144
0.0183190258 -0.0165145926 0.316320658
0.0191045017 -0.016516301 0.316240013
0.0198905198 -0.0165183326 0.31614411
0.0206767301 -0.0165203668 0.316048086
0.0214629745 -0.0165222798 0.315957785
0.022258837 -0.0165313142 0.315531314
0.0230601882 -0.0165437364 0.314944924
0.0238691057 -0.0165606777 0.314145208
0.024685817 -0.0165818629 0.313145161
0.0255270405 -0.0166179603 0.311441184
0.026401633 -0.0166733185 0.308827997
0.0292626738 -0.0179634017 0.247929574
0.0301522742 -0.0179868307 0.24682361
0.0310410743 -0.0180085045 0.245800496
0.0319272723 -0.0180275305 0.244902373
0.0328165244 -0.0180472737 0.243970395
0.0337080144 -0.0180672353 0.243028105
0.0346014446 -0.0180872412 0.242083729
0.0354961899 -0.0181069641 0.241152705
0.0363874134 -0.0181239774 0.240349592
0.037279959 -0.0181408619 0.239552558
0.0381741406 -0.018157778 0.238754035
0.0390696953 -0.0181745994 0.237959982
0.0399664926 -0.0181912717 0.237172962
0.0408649106 -0.0182079757 0.236384452
0.0417610057 -0.0182229611 0.235677064
0.0426578524 -0.0182376675 0.234982849
0.0435555778 -0.0182521655 0.234298468
0.0444544825 -0.0182665929 0.233617426
0.0453547847 -0.0182810429 0.23293531
0.0462564877 -0.0182955157 0.232252122
0.0471596266 -0.0183100238 0.231567264
0.0480632774 -0.0183242075 0.230897725
0.0489680219 -0.0183383053 0.23023224
0.0498748985 -0.0183527099 0.22955227
0.0507842866 -0.018367545 0.228851975
0.0516951141 -0.0183824017 0.228150667
0.0526109869 -0.0183985601 0.227387906
0.0535339395 -0.0184166682 0.226533116
0.0544586793 -0.0184348116 0.225676657
0.055385215 -0.0184529916 0.224818469
0.0563118812 -0.0184706513 0.223984838
0.0572745146 -0.018499578 0.222619356
0.0582532894 -0.0185328533 0.221048594
0.0592354966 -0.0185662359 0.219472767
0.060226059 -0.0186012663 0.217819155
0.0613263012 -0.0186692184 0.214611472
0.0624383175 -0.0187388335 0.211325289
0.0636311256 -0.0188307955 0.206984223
0.0649323136 -0.0189523608 0.201245726
0.0663953162 -0.0191179519 0.193428994
0.0680930918 -0.019346851 0.182623804
-0.0601428062 -0.0196850223 0.208654643
-0.05900334 -0.0196004855 0.21246785
-0.0578860289 -0.0195209779 0.216054202
-0.0568614663 -0.0194713592 0.218292356
-0.0558944492 -0.0194405678 0.219681264
-0.0549304334 -0.0194098716 0.22106588
-0.0539708834 -0.0193798109 0.222421826
-0.0530364824 -0.0193581095 0.223400713
-0.0521180788 -0.019341728 0.224139632
-0.0512011965 -0.0193253717 0.224877418
-0.0502858425 -0.0193090444 0.225613893
-0.0493720061 -0.0192927436 0.226349176
-0.0484602706 -0.019276707 0.227072538
-0.0475514393 -0.0192612809 0.227768362
-0.0466440357 -0.0192458786 0.228463114
-0.0457380598 -0.0192305015 0.229156733
-0.0448335052 -0.0192151481 0.22984928
-0.0439312585 -0.0192002149 0.230522872
-0.0430291822 -0.0191847558 0.231220187
-0.0421250676 -0.0191677136 0.231988908
-0.0412225768 -0.019150723 0.232755304
-0.0403222133 -0.019134031 0.23350823
-0.0394233871 -0.0191173654 0.234259964
-0.0385260997 -0.019100729 0.235010386
-0.0376301532 -0.0190840211 0.235764027
-0.0367285108 -0.0190635116 0.236689151
-0.0358287744 -0.019043047 0.237612248
-0.0349311972 -0.0190227714 0.238526822
-0.0340363618 -0.0190030309 0.239417256
-0.033143349 -0.0189833301 0.240305901
-0.0322494929 -0.0189620727 0.241264761
-0.0313523817 -0.0189376439 0.242366672
-0.03045754 -0.0189132772 0.243465782
-0.0295649574 -0.0188889712 0.24456215
-0.0286746278 -0.0188647274 0.245655716
-0.0258185635 -0.0174780957 0.308202565
-0.0249538863 -0.017425846 0.310559393
-0.02410351 -0.0173807201 0.312594891
-0.0232904055 -0.0173609624 0.3134861
-0.0224827428 -0.0173441145 0.314246059
-0.021677311 -0.0173278665 0.314978958
-0.0208769279 -0.0173146789 0.315573812
-0.0200850867 -0.0173079939 0.315875352
-0.0192989793 -0.017306029 0.315963984
-0.018513041 -0.0173040588 0.316052855
-0.0177282161 -0.0173030268 0.316099406
-0.0169439096 -0.0173024414 0.316125811
-0.0161594795 -0.0173016631 0.316160918
-0.0153751803 -0.0173009561 0.316192807
-0.0145907376 -0.0172999981 0.31623602
-0.0138067788 -0.0172995528 0.316256107
-0.0130221202 -0.0172980992 0.316321672
-0.0122378438 -0.0172970131 0.316370667
-0.0114540762 -0.0172965664 0.316390813
-0.010670089 -0.0172956877 0.31643045
-0.00988601774 -0.0172945169 0.31648326
-0.00910222205 -0.0172936818 0.31652093
-0.00831863872 -0.0172931427 0.316545249
-0.00753510108 -0.0172925982 0.316569806
-0.0067515749 -0.017291956 0.316598774
-0.00596810976 -0.0172913257 0.316627205
-0.00518474303 -0.0172908421 0.31664902
-0.00440141928 -0.0172903585 0.316670836
-0.00361814989 -0.0172899316 0.316690088
-0.00283494865 -0.0172896991 0.316700579
-0.00205176618 -0.0172894493 0.316711844
-0.00126860282 -0.0172891533 0.316725195
-0.000485465775 -0.0172888573 0.316738547
0.000297647252 -0.0172886644 0.316747249
0.00108076075 -0.0172887358 0.31674403
0.00186387809 -0.0172887847 0.316741825
0.00264699074 -0.0172887754 0.316742242
0.00343010256 -0.0172887662 0.316742659
0.00421325006 -0.0172889062 0.316736341
0.00499650201 -0.0172893648 0.316715658
0.00577977886 -0.0172897757 0.316697121
0.00656301137 -0.0172899726 0.31668824
0.00734626138 -0.0172901695 0.316679359
0.00812969107 -0.0172907139 0.316654802
0.00891336705 -0.0172916455 0.316612781
0.00969707664 -0.0172924886 0.316574753
0.0104805131 -0.0172927515 0.316562892
0.0112639721 -0.0172930132 0.31655109
0.0120479814 -0.0172940399 0.316504777
0.0128322177 -0.0172952516 0.31645012
0.0136164969 -0.0172963801 0.316399217
0.0144000148 -0.0172964607 0.316395582
0.0151838423 -0.0172968902 0.31637621
0.0159686 -0.0172982988 0.316312671
0.0167534842 -0.0172997087 0.316249073
0.0175384924 -0.0173011173 0.316185535
0.0183222816 -0.0173012389 0.316180051
0.0191080039 -0.0173031259 0.316094936
0.0198941665 -0.0173052533 0.315998972
0.0206806053 -0.0173074548 0.315899671
0.0214771191 -0.0173177393 0.315435768
0.0222773975 -0.0173302741 0.314870358
0.0230814512 -0.0173448386 0.314213396
0.0238909462 -0.0173624622 0.313418449
0.0247183597 -0.0173917657 0.312096656
0.0255831045 -0.0174451108 0.309690417
0.0264917291 -0.0175247426 0.306098462
0.0292938765 -0.0188346668 0.247011662
0.0301822464 -0.0188578323 0.245966733
0.0310682252 -0.0188782546 0.245045544
0.0319555216 -0.0188983783 0.244137824
0.032844374 -0.0189183659 0.243236245
0.0337350748 -0.0189383944 0.242332817
0.0346276322 -0.0189584652 0.241427482
0.0355180179 -0.0189763914 0.240618885
0.036409398 -0.0189940004 0.239824594
0.0373025018 -0.0190116914 0.239026607
0.0381972434 -0.0190294154 0.23822713
0.0390935979 -0.0190471579 0.237426818
0.0399909669 -0.0190646282 0.236638785
0.0408874228 -0.0190809304 0.235903443
0.0417833454 -0.0190963128 0.235209585
0.0426806847 -0.0191117178 0.234514714
0.0435791471 -0.019127013 0.23382479
0.0444785548 -0.0191421272 0.233143032
0.0453793645 -0.0191572666 0.232460142
0.0462815797 -0.019172431 0.231776119
0.0471852868 -0.0191876549 0.231089414
0.0480897018 -0.0192026172 0.230414511
0.0489949689 -0.0192173892 0.22974819
0.0499016032 -0.0192321823 0.229080916
0.0508096108 -0.0192469979 0.228412629
0.0517192882 -0.0192619469 0.227738322
0.0526397173 -0.0192804003 0.226905943
0.0535612558 -0.0192986595 0.226082326
0.0544859809 -0.0193174816 0.225233317
0.0554130019 -0.0193365244 0.224374355
0.0563517955 -0.0193590834 0.223356784
0.0573281306 -0.0193938495 0.221788586
0.0583079192 -0.0194287386 0.220214845
0.05929115 -0.0194637413 0.218635977
0.0603407206 -0.0195195125 0.216120304
0.0614434817 -0.0195908987 0.212900282
0.0625612002 -0.0196650335 0.209556282
0.063823479 -0.0197825856 0.204253853
0.0651525339 -0.0199176186 0.198162914
0.0666777543 -0.020109028 0.189529003
0.0685598584 -0.0204030828 0.176265062
-0.059232322 -0.0205672603 0.20897317
-0.0581140949 -0.0204851258 0.212520362
-0.0570121689 -0.0204063836 0.215921045
-0.0559898482 -0.0203546217 0.218156517
-0.0550267856 -0.0203234845 0.219501258
-0.0540667125 -0.0202924771 0.220840395
-0.0531095129 -0.0202615607 0.222175599
-0.0521717209 -0.0202372704 0.223224641
-0.0512527175 -0.0202196971 0.223983587
-0.0503352839 -0.0202021542 0.224741221
-0.0494197648 -0.0201847866 0.225491286
-0.0485065158 -0.0201677544 0.226226867
-0.0475953373 -0.0201509899 0.226950885
-0.0466870623 -0.0201348741 0.227646888
-0.0457802143 -0.0201187831 0.228341819
-0.0448747933 -0.0201027184 0.229035617
-0.0439714423 -0.0200869807 0.229715289
-0.0430696313 -0.0200713383 0.230390848
-0.042168243 -0.0200552556 0.231085421
-0.041264184 -0.0200371745 0.231866301
-0.0403617212 -0.0200191223 0.23264593
-0.0394617915 -0.0200015849 0.233403326
-0.0385635973 -0.0199841759 0.234155179
-0.0376669385 -0.0199667959 0.23490578
-0.0367718111 -0.0199494449 0.23565513
-0.0358718748 -0.0199285345 0.2365582
-0.034972907 -0.0199071535 0.237481595
-0.0340758308 -0.0198858152 0.238403142
-0.0331806475 -0.0198645239 0.239322663
-0.0322874436 -0.0198433375 0.240237654
-0.0313949366 -0.0198214389 0.241183401
-0.0304987039 -0.0197958402 0.242288948
-0.0296053467 -0.0197707162 0.243373991
-0.0287142182 -0.0197456557 0.244456292
-0.0259249559 -0.0183465536 0.304880143
-0.0250089634 -0.0182561411 0.308784843
-0.0241504779 -0.0182041087 0.311031998
-0.0233123961 -0.0181648025 0.312729538
-0.0225029135 -0.0181463197 0.313527764
-0.0216969112 -0.0181294669 0.314255596
-0.0208953656 -0.0181152943 0.314867676
-0.0200967065 -0.0181026703 0.31541288
-0.0193026383 -0.0180934192 0.31581241
-0.0185164348 -0.0180912455 0.315906287
-0.0177311456 -0.0180898336 0.315967263
-0.0169463895 -0.0180888731 0.316008747
-0.0161615551 -0.0180877289 0.31605816
-0.0153772314 -0.018087083 0.316086055
-0.0145924477 -0.0180857829 0.316142202
-0.0138084304 -0.0180853634 0.316160322
-0.0130236774 -0.0180838452 0.316225887
-0.0122390882 -0.0180823795 0.316289187
-0.0114552403 -0.018081913 0.316309334
-0.01067118 -0.0180810077 0.316348434
-0.00988702714 -0.0180797835 0.316401304
-0.00910303453 -0.0180786739 0.316449226
-0.00831938056 -0.0180781108 0.316473544
-0.00753577227 -0.0180775422 0.316498102
-0.00675217593 -0.0180768728 0.31652701
-0.00596863568 -0.0180762007 0.316556037
-0.00518518584 -0.0180756486 0.316579879
-0.00440179365 -0.0180751421 0.316601754
-0.00361845645 -0.0180746977 0.316620947
-0.0028351873 -0.0180744562 0.316631378
-0.00205193869 -0.0180742147 0.316641808
-0.0012687066 -0.0180739096 0.316654981
-0.000485500366 -0.0180736005 0.316668332
0.000297681872 -0.0180734004 0.316676975
0.00108086461 -0.0180734749 0.316673756
0.00186405384 -0.0180735508 0.316670478
0.00264723781 -0.0180735481 0.316670597
0.00343042022 -0.0180735384 0.316671015
0.00421363928 -0.0180736888 0.316664518
0.004996962 -0.0180741677 0.316643835
0.00578032548 -0.0180746466 0.316623152
0.00656365034 -0.0180749061 0.316611946
0.00734697608 -0.0180751131 0.316603006
0.00813048286 -0.0180756859 0.31657827
0.00891423424 -0.0180766589 0.316536249
0.00969806843 -0.0180776319 0.316494227
0.0104816841 -0.0180780804 0.316474856
0.0112652307 -0.0180783551 0.316462994
0.0120493351 -0.0180794398 0.316416145
0.0128336586 -0.0180807054 0.316361488
0.0136180899 -0.018081971 0.31630683
0.0144019998 -0.0180824375 0.316286684
0.0151859655 -0.0180829233 0.316265703
0.0159708309 -0.0180843931 0.316202224
0.0167558239 -0.0180858657 0.316138626
0.0175409436 -0.0180873397 0.316074968
0.0183255387 -0.0180881637 0.316039384
0.0191115075 -0.018090238 0.315949798
0.019901626 -0.0180959738 0.315702082
0.0206959942 -0.0181050455 0.3153103
0.0214950348 -0.0181174501 0.314774574
0.0222959914 -0.0181305641 0.31420821
0.0231027541 -0.0181474142 0.313480497
0.0239135086 -0.0181662351 0.312667669
0.0247738567 -0.0182208594 0.310308576
0.0256647832 -0.0182942328 0.307139755
0.0284358535 -0.0196821351 0.247199596
0.0293237298 -0.0197068215 0.246133448
0.0302086222 -0.0197281419 0.245212675
0.0310953997 -0.0197495077 0.244289936
0.0319838239 -0.0197707659 0.243371845
0.0328734897 -0.0197916777 0.242468716
0.0337650095 -0.0198126336 0.241563679
0.0346553015 -0.0198318423 0.240734101
0.0355450568 -0.0198498213 0.239957632
0.0364354486 -0.0198673062 0.2392025
0.0373273872 -0.0198848229 0.238445998
0.0382208689 -0.0199023671 0.237688304
0.0391173214 -0.0199206746 0.236897648
0.0400142915 -0.0199384563 0.236129702
0.0409092907 -0.0199545141 0.235436202
0.041805705 -0.0199705954 0.234741689
0.042703546 -0.0199867043 0.234045983
0.0436027402 -0.020002805 0.233350635
0.0445026544 -0.0200186089 0.232668103
0.045403966 -0.0200344363 0.231984557
0.0463067597 -0.020050323 0.231298448
0.0472109791 -0.0200662414 0.230610968
0.0481161556 -0.0200819915 0.229930759
0.0490219392 -0.0200974366 0.229263724
0.0499290947 -0.0201129051 0.228595675
0.050837625 -0.0201283971 0.227926613
0.0517562902 -0.0201473712 0.227107168
0.0526775223 -0.0201667152 0.226271749
0.0535997543 -0.0201858121 0.225447
0.0545237033 -0.0202049435 0.22462076
0.0554493811 -0.0202241122 0.223792911
0.0564172601 -0.0202580621 0.222326697
0.0573919559 -0.0202934211 0.220799626
0.0583700046 -0.0203289016 0.21926731
0.0593658396 -0.020369523 0.217512966
0.0604564444 -0.0204414708 0.214405716
0.061561103 -0.0205161001 0.211182655
0.0627345502 -0.0206115419 0.207060755
0.0640169997 -0.02074014 0.201506914
0.065421298 -0.0209046864 0.19440055
0.0670196447 -0.0211267982 0.184808076
-0.0584432265 -0.0214940407 0.207420529
-0.0572705989 -0.0213870009 0.211854638
-0.0561714161 -0.0213049267 0.215254546
-0.0551278252 -0.0212420182 0.217860521
-0.0541644957 -0.021209038 0.219226719
-0.0532041072 -0.0211761586 0.220588745
-0.0522476641 -0.0211437986 0.221929253
-0.0513067224 -0.0211168242 0.223046661
-0.0503882745 -0.021098496 0.223805905
-0.0494713991 -0.0210802009 0.224563778
-0.0485560824 -0.0210619345 0.225320459
-0.0476431818 -0.021044084 0.226059915
-0.0467325239 -0.0210265932 0.226784469
-0.045824524 -0.0210096764 0.22748524
-0.044919003 -0.020993282 0.228164376
-0.0440148767 -0.020976915 0.228842379
-0.0431121329 -0.0209605709 0.229519428
-0.0422107775 -0.0209442542 0.230195344
-0.0413108015 -0.020927962 0.230870248
-0.0404076167 -0.0209092784 0.231644214
-0.0395056899 -0.0208904509 0.232424141
-0.0386053575 -0.020871655 0.233202756
-0.0377066208 -0.0208528937 0.233979941
-0.036809473 -0.0208341654 0.234755755
-0.0359140832 -0.0208155725 0.235525967
-0.0350159726 -0.0207944154 0.236402393
-0.0341182506 -0.0207724282 0.237313212
-0.0332225066 -0.0207505575 0.238219202
-0.0323286185 -0.0207287328 0.239123286
-0.0314365805 -0.0207069542 0.240025462
-0.0305463829 -0.0206852187 0.240925849
-0.0296517536 -0.020659076 0.242008806
-0.0287580386 -0.0206320412 0.243128718
-0.027866624 -0.0206050769 0.244245709
-0.0251003164 -0.0191181478 0.305841506
-0.0242042543 -0.0190360463 0.309242547
-0.0233517309 -0.0189845379 0.311376274
-0.0225231227 -0.0189499735 0.312808097
-0.021716547 -0.0189325244 0.313530923
-0.0209131434 -0.0189166912 0.314186812
-0.0201138973 -0.0189036105 0.314728678
-0.0193165952 -0.0188914061 0.315234245
-0.0185224521 -0.0188814563 0.315646411
-0.0177340765 -0.0188769023 0.31583506
-0.0169488694 -0.0188755354 0.315891684
-0.0161638739 -0.0188742879 0.315943361
-0.0153792836 -0.0188734217 0.315979243
-0.0145943708 -0.0188720347 0.316036702
-0.013810083 -0.0188713642 0.316064478
-0.0130252346 -0.01886978 0.316130103
-0.0122405165 -0.0188681972 0.316195668
-0.0114564036 -0.0188674188 0.316227914
-0.0106722709 -0.0188664893 0.316266418
-0.00988803655 -0.0188652116 0.316319347
-0.00910390713 -0.0188639353 0.316372217
-0.00832012301 -0.0188632216 0.31640178
-0.00753644457 -0.0188626303 0.316426278
-0.00675277646 -0.0188619295 0.316455305
-0.005969166 -0.0188612302 0.316484273
-0.00518562866 -0.0188605914 0.316510738
-0.00440216834 -0.0188600633 0.316532613
-0.00361876302 -0.0188596 0.316551805
-0.00283542574 -0.0188593482 0.316562236
-0.00205210886 -0.018859095 0.316572727
-0.00126881046 -0.0188588058 0.316584707
-0.000485534987 -0.0188584835 0.316598059
0.000297716523 -0.0188582763 0.316606642
0.00108096856 -0.018858354 0.316603423
0.00186422709 -0.0188584331 0.316600145
0.00264748529 -0.0188584648 0.316598833
0.00343073842 -0.0188584547 0.316599251
0.00421402851 -0.018858613 0.316592694
0.004997422 -0.0188591122 0.316572011
0.00578085624 -0.0188596115 0.316551329
0.00656429031 -0.0188599928 0.316535533
0.00734769023 -0.0188602058 0.316526712
0.00813127464 -0.0188608087 0.316501737
0.00891510143 -0.0188618231 0.316459716
0.00969901176 -0.0188628389 0.316417635
0.0104828552 -0.0188635828 0.31638682
0.0112664885 -0.0188638691 0.316374958
0.0120506878 -0.018865013 0.316327573
0.0128350996 -0.0188663339 0.316272856
0.0136196182 -0.0188676533 0.316218198
0.0144039848 -0.0188686289 0.316177786
0.0151880876 -0.0188691728 0.316155256
0.0159730642 -0.018870708 0.316091658
0.0167581662 -0.0188722433 0.316028059
0.0175433935 -0.0188737786 0.315964461
0.0183288745 -0.0188754477 0.31589532
0.0191222601 -0.0188848851 0.315504373
0.0199164416 -0.0188943471 0.315112413
0.0207129316 -0.0189052292 0.314661623
0.0215129796 -0.0189184898 0.314112306
0.0223157169 -0.0189331316 0.31350577
0.0231240951 -0.0189514656 0.312746287
0.023964111 -0.0189940114 0.310983837
0.0248285823 -0.0190528767 0.308545352
0.0275822509 -0.0205322863 0.247261048
0.0284678063 -0.0205571384 0.246231557
0.029349624 -0.0205778954 0.2453717
0.0302350459 -0.0205999704 0.244457246
0.0311226278 -0.0206222857 0.243532837
0.0320121019 -0.0206446471 0.242606522
0.0329026597 -0.0206665365 0.241699756
0.0337923483 -0.0206867784 0.240861238
0.0346813416 -0.0207056002 0.24008155
0.0355719299 -0.0207244565 0.239300431
0.0364632288 -0.0207428351 0.238539101
0.0373558671 -0.020761123 0.237781526
0.0382500584 -0.0207794441 0.23702258
0.0391452536 -0.0207975003 0.236274601
0.0400381459 -0.0208135667 0.235609055
0.0409316133 -0.0208292532 0.234959246
0.0418280902 -0.020845813 0.234273256
0.0427264306 -0.0208626261 0.233576776
0.0436261938 -0.0208794637 0.232879282
0.0445267781 -0.020896038 0.232192696
0.0454286475 -0.0209125806 0.231507421
0.0463319679 -0.0209291692 0.23082024
0.0472366969 -0.0209457823 0.230132044
0.0481426419 -0.0209623336 0.229446412
0.0490489426 -0.0209784531 0.228778661
0.0499566165 -0.0209945972 0.228109897
0.0508713768 -0.0210131571 0.227341057
0.051793341 -0.0210340594 0.22647518
0.0527153771 -0.0210542999 0.225636722
0.053638307 -0.0210742382 0.22481078
0.0545629599 -0.0210942139 0.223983289
0.0555195775 -0.0211258934 0.222670973
0.0564929485 -0.0211629542 0.221135736
0.0574690831 -0.0211999171 0.219604553
0.0584485789 -0.0212370067 0.218068124
0.0595188183 -0.0213059339 0.215212823
0.0606127636 -0.0213813274 0.212089659
0.0617198838 -0.0214591958 0.208863975
0.0629706271 -0.0215847668 0.203662218
0.0642474349 -0.0217157565 0.19823599
0.0657401513 -0.0219160951 0.189936996
0.067476969 -0.0221923495 0.178493203
-0.057676754 -0.0224340345 0.205463768
-0.0564166318 -0.0222865098 0.211335302
-0.0553271036 -0.0222038667 0.214624525
-0.0542652297 -0.0221300025 0.217564345
-0.0533029012 -0.0220956537 0.218931438
-0.0523435113 -0.0220614098 0.220294357
-0.0513900368 -0.0220285736 0.221601249
-0.0504448885 -0.0219982878 0.222806633
-0.0495275129 -0.0219794646 0.223555804
-0.048612484 -0.0219610412 0.224289061
-0.0476989737 -0.0219426523 0.225020946
-0.0467869621 -0.0219242903 0.225751759
-0.0458764555 -0.0219059598 0.226481319
-0.0449685268 -0.0218881939 0.227188409
-0.0440622852 -0.0218705762 0.227889598
-0.0431574805 -0.021852987 0.228589655
-0.0422541095 -0.0218354262 0.229288579
-0.0413521661 -0.0218178924 0.22998643
-0.0404520293 -0.0218005953 0.230674864
-0.0395506224 -0.0217818259 0.231421889
-0.0386497912 -0.021762543 0.232189358
-0.0377505899 -0.0217433289 0.232954086
-0.036852953 -0.0217241492 0.233717443
-0.0359568764 -0.021705004 0.234479428
-0.035062349 -0.0216858887 0.235240222
-0.0341682955 -0.0216661115 0.236027361
-0.033270344 -0.0216427252 0.236958147
-0.0323742993 -0.0216193882 0.237886966
-0.0314801558 -0.0215961006 0.238813818
-0.0305879075 -0.0215728625 0.239738704
-0.0296977391 -0.0215498146 0.240656019
-0.0288066614 -0.0215246985 0.241655649
-0.0279130873 -0.021496078 0.242794753
-0.0270222074 -0.0214678214 0.243919374
-0.0242781015 -0.0198882907 0.306785227
-0.0234058422 -0.019819713 0.309514643
-0.0225577581 -0.0197679533 0.311574698
-0.0217355706 -0.0197364424 0.31282884
-0.0209309524 -0.0197194598 0.313504756
-0.0201311166 -0.0197059275 0.314043344
-0.0193322659 -0.0196923159 0.314585091
-0.0185374541 -0.0196819286 0.314998508
-0.0177435192 -0.0196716117 0.315409125
-0.0169514819 -0.0196625857 0.315768362
-0.0161662384 -0.0196611301 0.315826298
-0.015381337 -0.0196599724 0.315872372
-0.0145963178 -0.0196585272 0.315929891
-0.0138117356 -0.0196575538 0.315968634
-0.0130267928 -0.019655905 0.316034258
-0.0122419802 -0.0196542576 0.316099823
-0.0114575685 -0.019653088 0.316146375
-0.0106733619 -0.0196521325 0.316184402
-0.00988904742 -0.0196508042 0.316237272
-0.00910483646 -0.0196494743 0.316290201
-0.00832086608 -0.0196484754 0.316329957
-0.00753711631 -0.0196478584 0.316354514
-0.0067533775 -0.0196471291 0.316383542
-0.00596969677 -0.0196464027 0.31641245
-0.00518607262 -0.0196456749 0.316441418
-0.00440254335 -0.0196451223 0.316463412
-0.00361906985 -0.0196446401 0.316482604
-0.00283566438 -0.019644378 0.316493035
-0.00205227932 -0.0196441144 0.316503526
-0.00126891432 -0.0196438404 0.316514433
-0.000485569578 -0.0196435034 0.316527844
0.000297751173 -0.0196432908 0.316536308
0.00108107251 -0.0196433716 0.31653309
0.00186440019 -0.0196434525 0.316529871
0.00264773278 -0.0196435229 0.316527069
0.00343105635 -0.0196435109 0.316527546
0.00421441774 -0.0196436786 0.316520871
0.00499788199 -0.0196441983 0.316500188
0.005781387 -0.019644718 0.316479505
0.00656492928 -0.0196452271 0.316459239
0.00734840549 -0.0196454518 0.316450299
0.00813206704 -0.0196460838 0.316425146
0.0089159693 -0.0196471396 0.316383124
0.00969995436 -0.0196481954 0.316341103
0.010484023 -0.0196492527 0.316299022
0.0112677463 -0.0196495567 0.316286922
0.0120520423 -0.0196507637 0.316238881
0.0128365405 -0.019652137 0.316184224
0.0136211475 -0.0196535118 0.316129507
0.0144058623 -0.0196548866 0.316074789
0.0151902119 -0.0196556429 0.316044689
0.0159752963 -0.0196572393 0.315981151
0.0167605084 -0.0196588387 0.315917493
0.0175503599 -0.0196655539 0.315650226
0.0183424964 -0.0196741771 0.315307022
0.0191365019 -0.0196840417 0.314914406
0.0199312797 -0.0196939049 0.31452185
0.0207302472 -0.0197070552 0.313998462
0.0215309534 -0.0197208615 0.313448966
0.0223363328 -0.0197378801 0.312771619
0.0231757774 -0.0197831913 0.310968221
0.024024051 -0.0198329128 0.308989287
0.0267340993 -0.021386631 0.24715078
0.0276176457 -0.0214116318 0.24615574
0.0284994543 -0.0214338171 0.245272757
0.0293824233 -0.0214555741 0.24440682
0.0302668049 -0.02147712 0.243549288
0.0311529342 -0.0214987063 0.242690147
0.0320408203 -0.021520336 0.241829277
0.0329296455 -0.021541464 0.240988375
0.0338177384 -0.0215610495 0.240208865
0.0347074221 -0.0215806695 0.239427985
0.0355987056 -0.0216003268 0.238645614
0.0364910515 -0.0216196967 0.237874688
0.037384393 -0.0216387595 0.23711598
0.0382788402 -0.0216575992 0.236366154
0.0391714168 -0.0216745624 0.235691012
0.0400652364 -0.0216914777 0.235017777
0.040959331 -0.0217078284 0.234367014
0.0418547537 -0.0217242031 0.233715297
0.0427515042 -0.0217406002 0.233062686
0.043649603 -0.0217570288 0.232408823
0.0445509533 -0.0217744293 0.231716276
0.0454533723 -0.0217916861 0.231029452
0.0463572013 -0.0218089698 0.230341555
0.0472624436 -0.0218262804 0.229652585
0.0481691055 -0.0218436196 0.228962482
0.0490759758 -0.021860439 0.228293062
0.0499869345 -0.0218784865 0.227574767
0.0509077878 -0.02190023 0.226709367
0.0518304443 -0.0219220155 0.225842298
0.0527532922 -0.0219431615 0.22500068
0.0536769211 -0.0219639436 0.224173547
0.0546217733 -0.0219927198 0.223028244
0.0555942528 -0.0220316841 0.22147745
0.0565688452 -0.0220702755 0.219941498
0.057546422 -0.0221088505 0.218406201
0.0585888402 -0.0221711293 0.215927483
0.059672574 -0.022247171 0.212900997
0.0607698994 -0.0223260522 0.209761501
0.0619658693 -0.0224388568 0.205271841
0.063232391 -0.02257398 0.199893893
0.0646482158 -0.0227585716 0.192547084
0.0662810176 -0.0230143872 0.182365538
-0.0568456419 -0.0233525179 0.204478503
-0.0555671069 -0.0231893595 0.210727216
-0.054492385 -0.0231087172 0.21381569
-0.0534250071 -0.0230286258 0.216883064
-0.052455167 -0.0229892836 0.21838981
-0.0515002316 -0.022955348 0.219689489
-0.0505479587 -0.0229214591 0.220987381
-0.0495984558 -0.0228876698 0.222281457
-0.0486730024 -0.0228641461 0.223182381
-0.0477572717 -0.0228444866 0.223935307
-0.0468430877 -0.0228248583 0.224687041
-0.0459304529 -0.0228052642 0.225437463
-0.0450200257 -0.0227860452 0.226173521
-0.0441120041 -0.0227673274 0.226890386
-0.0432061393 -0.0227490079 0.227591992
-0.0423021186 -0.0227309406 0.228283943
-0.041399877 -0.0227131052 0.228967012
-0.040499028 -0.0226952962 0.229649068
-0.0395995712 -0.0226775152 0.230330051
-0.0387010982 -0.0226595211 0.2310192
-0.0378000465 -0.0226391286 0.2318002
-0.0369005863 -0.0226187688 0.232579948
-0.0360027211 -0.0225984464 0.233358265
-0.0351064445 -0.0225781597 0.234135212
-0.0342117522 -0.0225579089 0.234910787
-0.0333187601 -0.0225377763 0.235681833
-0.0324238144 -0.0225151894 0.236546875
-0.0315281383 -0.0224908346 0.237479628
-0.0306343711 -0.0224665326 0.238410355
-0.0297426649 -0.022442405 0.239334405
-0.0288530197 -0.0224184672 0.240251185
-0.0279652461 -0.0223945824 0.241165937
-0.0270740415 -0.0223662947 0.242249311
-0.0261834636 -0.0223366966 0.243382872
-0.0234733562 -0.0206705964 0.307191909
-0.0226101506 -0.0206048745 0.309708954
-0.0217677892 -0.0205544591 0.311639787
-0.0209487925 -0.0205236035 0.312821508
-0.0201474762 -0.0205087017 0.313392223
-0.019347961 -0.0204945314 0.313934923
-0.0185517992 -0.0204829368 0.314378978
-0.0177572367 -0.0204721951 0.314790369
-0.0169640695 -0.020462174 0.315174163
-0.0161731442 -0.0204540733 0.315484405
-0.0153833904 -0.0204467337 0.315765501
-0.0145982658 -0.0204452319 0.315823019
-0.0138133883 -0.0204439323 0.315872789
-0.013028351 -0.0204422188 0.315938414
-0.0122434431 -0.0204405053 0.316004039
-0.0114587335 -0.0204389179 0.316064836
-0.0106744528 -0.0204379374 0.316102386
-0.00989005683 -0.0204365554 0.316155315
-0.00910576578 -0.0204351749 0.316208185
-0.00832160853 -0.0204338692 0.316258193
-0.00753778861 -0.0204332295 0.31628269
-0.00675397903 -0.0204324716 0.316311718
-0.00597022709 -0.0204317152 0.316340686
-0.00518653223 -0.0204309589 0.316369654
-0.00440291772 -0.0204303145 0.31639433
-0.00361937668 -0.0204298165 0.316413403
-0.00283590282 -0.0204295426 0.316423894
-0.00205244978 -0.0204292702 0.316434325
-0.00126901721 -0.0204289963 0.316444815
-0.000485604199 -0.0204286633 0.316457571
0.000297785823 -0.0204284438 0.316465975
0.00108117646 -0.0204285279 0.316462756
0.00186457344 -0.0204286119 0.316459537
0.00264797718 -0.0204286991 0.3164562
0.00343137454 -0.02042871 0.316455782
0.00421480696 -0.0204288858 0.316449047
0.00499834237 -0.0204294274 0.316428305
0.00578191821 -0.0204299675 0.316407622
0.00656553431 -0.020430506 0.316386999
0.00734911963 -0.0204308452 0.316374005
0.00813285883 -0.0204315082 0.316348613
0.00891683717 -0.020432607 0.316306532
0.0097008977 -0.0204337042 0.316264511
0.0104850418 -0.020434803 0.31622243
0.0112690057 -0.0204354208 0.316198767
0.0120533959 -0.0204366877 0.316150249
0.0128379824 -0.0204381164 0.316095532
0.0136226778 -0.0204395466 0.316040755
0.0144074801 -0.0204409753 0.315986038
0.0151923352 -0.0204423293 0.315934182
0.0159812318 -0.0204487756 0.3156873
0.0167713636 -0.0204561448 0.315405072
0.0175621759 -0.0204636603 0.315117241
0.0183561583 -0.0204741109 0.314716996
0.0191507639 -0.0204843827 0.314323605
0.0199473398 -0.0204958963 0.31388265
0.0207475923 -0.0205102176 0.313334168
0.0215489564 -0.0205245684 0.312784553
0.0223862933 -0.0205713607 0.31099248
0.0232337557 -0.0206240764 0.308973552
0.0258857321 -0.0222411946 0.247040452
0.0267673357 -0.0222662747 0.246079923
0.0276483528 -0.0222893331 0.24519682
0.028531171 -0.0223124398 0.24431187
0.0294152976 -0.0223352119 0.243439735
0.0303006967 -0.0223576509 0.242580355
0.0311878492 -0.0223801335 0.241719307
0.0320738774 -0.0224006225 0.240934611
0.0329594938 -0.0224197637 0.240201534
0.0338457035 -0.0224383337 0.239490331
0.0347335431 -0.0224570531 0.238773407
0.0356255178 -0.0224775109 0.237989903
0.0365189167 -0.0224978941 0.237209261
0.0374126072 -0.0225175177 0.236457706
0.0383044205 -0.0225351415 0.235782743
0.0391976094 -0.0225527917 0.235106767
0.0400921794 -0.0225704699 0.234429718
0.0409870822 -0.0225875895 0.233774067
0.0418831318 -0.0226046296 0.233121456
0.042780511 -0.0226216931 0.23246795
0.0436794302 -0.0226388889 0.231809379
0.0445799254 -0.0226562279 0.231145323
0.0454805051 -0.022672949 0.230504931
0.0463824662 -0.0226897292 0.229862274
0.0472882191 -0.0227077374 0.229172588
0.048195393 -0.0227257752 0.228481771
0.0491030357 -0.0227433943 0.227806986
0.0500227028 -0.0227659422 0.226943434
0.0509442503 -0.0227885711 0.226076783
0.0518676034 -0.0228112436 0.225208462
0.0527912571 -0.0228332982 0.224363805
0.0537246875 -0.0228588484 0.223385275
0.0546952102 -0.022899308 0.221835733
0.0556691258 -0.0229399093 0.220280768
0.0566449427 -0.0229800328 0.2187441
0.0576648134 -0.0230367545 0.216571749
0.0587363266 -0.0231123496 0.213676573
0.0598271305 -0.0231932783 0.210577131
0.060984185 -0.0232974739 0.2065866
0.062223006 -0.0234298483 0.201516868
0.0635665206 -0.0235978204 0.195083798
0.0650848825 -0.0238258976 0.186348797
-0.0561566026 -0.0243363093 0.20115465
-0.0547502373 -0.0241085453 0.209560455
-0.053689024 -0.0240301395 0.212454082
-0.0526237356 -0.0239472148 0.215514482
-0.0516099077 -0.0238856459 0.21778673
-0.0506557701 -0.023850483 0.219084443
-0.0497044022 -0.0238154235 0.22037834
-0.0487557861 -0.0237804642 0.221668542
-0.047818012 -0.0237496926 0.22280419
-0.0469026129 -0.0237292719 0.223557831
-0.0459894358 -0.0237092372 0.224297227
-0.0450784417 -0.0236895902 0.225022317
-0.0441689358 -0.0236699754 0.225746215
-0.0432609146 -0.0236503929 0.226468922
-0.0423553144 -0.0236313757 0.227170766
-0.0414512982 -0.0236124748 0.22786832
-0.040548703 -0.0235936013 0.228564859
-0.0396475312 -0.0235747585 0.229260267
-0.0387477795 -0.0235559464 0.229954542
-0.0378498072 -0.0235373944 0.23063922
-0.0369515268 -0.0235177699 0.231363476
-0.0360525825 -0.0234967597 0.232138873
-0.0351552922 -0.0234758351 0.232911111
-0.0342595817 -0.0234549509 0.233681859
-0.0333654376 -0.0234341007 0.234451355
-0.0324728605 -0.0234132875 0.23521948
-0.0315818464 -0.0233925115 0.235986234
-0.0306879316 -0.0233683181 0.236879111
-0.0297944634 -0.0233430781 0.237810613
-0.0289029194 -0.0233179108 0.238739432
-0.0280132669 -0.0232927951 0.239666344
-0.0271255038 -0.0232677344 0.240591229
-0.0262396206 -0.0232427254 0.241514207
-0.0253493244 -0.023211907 0.242651583
-0.022669578 -0.0214522606 0.307592691
-0.0218200182 -0.0213948294 0.309712232
-0.0209811966 -0.0213442073 0.31158048
-0.0201638179 -0.0213127397 0.312741817
-0.0193636819 -0.0212980573 0.313283683
-0.0185661678 -0.0212851934 0.313758434
-0.0177709727 -0.0212740205 0.314170779
-0.016976676 -0.0212629574 0.314579071
-0.0161851536 -0.0212545365 0.314889849
-0.0153943375 -0.0212462481 0.31519574
-0.0146051194 -0.021239439 0.315447033
-0.0138163975 -0.0212326316 0.315698267
-0.0130299092 -0.0212287216 0.31584257
-0.0122449069 -0.0212269434 0.315908195
-0.0114600347 -0.0212251668 0.31597376
-0.0106755446 -0.0212239055 0.316020311
-0.0098910677 -0.0212224713 0.31607324
-0.00910669511 -0.0212210372 0.316126169
-0.00832242744 -0.0212196046 0.316179038
-0.00753846035 -0.0212187406 0.316210927
-0.00675458106 -0.0212179573 0.316239835
-0.00597075785 -0.0212171707 0.316268862
-0.00518699223 -0.0212163858 0.31629783
-0.00440329274 -0.0212156461 0.316325129
-0.00361968351 -0.0212151293 0.316344203
-0.00283614147 -0.0212148451 0.316354693
-0.00205262024 -0.0212145624 0.316365124
-0.00126911949 -0.0212142782 0.316375614
-0.00048563882 -0.0212139616 0.316387297
0.000297820502 -0.0212137371 0.316395582
0.0010812805 -0.0212138244 0.316392363
0.00186474684 -0.0212139116 0.316389144
0.00264821973 -0.0212140004 0.316385866
0.00343169273 -0.0212140505 0.316384018
0.00421519651 -0.0212142362 0.316377164
0.00499880236 -0.0212147966 0.316356481
0.00578244941 -0.0212153586 0.316335739
0.00656613634 -0.0212159175 0.316315115
0.00734983489 -0.0212163923 0.316297592
0.00813365123 -0.0212170851 0.316272021
0.00891770503 -0.0212182254 0.31622994
0.00970184176 -0.0212193656 0.31618786
0.0104860606 -0.0212205042 0.316145838
0.0112702644 -0.0212214571 0.316110672
0.0120547513 -0.0212227895 0.316061498
0.0128394253 -0.0212242721 0.316006781
0.0136251054 -0.0212271663 0.315899969
0.0144126572 -0.0212325299 0.315702022
0.0152017889 -0.0212395715 0.315442146
0.0159918891 -0.0212472252 0.315159679
0.0167825484 -0.0212548821 0.314877094
0.0175752617 -0.0212643689 0.314526976
0.0183698423 -0.0212752334 0.314126016
0.0191650489 -0.0212859137 0.31373185
0.0199640335 -0.0212998306 0.313218237
0.020764964 -0.0213147165 0.312668861
0.0215988452 -0.0213614706 0.310943366
0.0224434293 -0.0214152711 0.308957816
0.0250419258 -0.0231004298 0.246765734
0.025919547 -0.023123475 0.245915235
0.0267976806 -0.0231455042 0.245102228
0.0276791285 -0.0231689822 0.244235755
0.0285629587 -0.0231930141 0.243348838
0.0294482408 -0.0232168103 0.242470623
0.0303346635 -0.0232401494 0.241609276
0.0312190023 -0.0232606395 0.240853072
0.0321046242 -0.0232809778 0.240102471
0.0329912709 -0.0233009915 0.23936385
0.0338783593 -0.0233202994 0.238651277
0.0347668971 -0.023339638 0.237937571
0.0356568877 -0.0233590073 0.237222732
0.0365479874 -0.0233781828 0.236515046
0.0374376076 -0.0233955413 0.235874415
0.0383300349 -0.0234138544 0.235198558
0.039223842 -0.0234321965 0.234521628
0.0401190296 -0.0234505661 0.233843685
0.0410148725 -0.0234685416 0.233180286
0.0419115499 -0.023486249 0.23252678
0.0428097854 -0.0235041066 0.231867732
0.0437100522 -0.0235223631 0.231193961
0.0446114713 -0.023540526 0.230523647
0.0455127098 -0.0235579023 0.229882361
0.0464152624 -0.0235753044 0.229240121
0.0473191317 -0.0235927324 0.228596927
0.0482243207 -0.0236101863 0.227952779
0.0491389418 -0.0236316131 0.227162005
0.0500585217 -0.0236546663 0.226311208
0.0509807643 -0.0236781831 0.225443305
0.051904815 -0.023701745 0.224573732
0.0528292789 -0.0237247159 0.223725976
0.0537968917 -0.023766234 0.222193719
0.0547688417 -0.0238083318 0.220640064
0.0557441479 -0.0238505573 0.219081701
0.0567421205 -0.0239011374 0.217215003
0.0578098742 -0.0239794705 0.214324058
0.0588860782 -0.0240589423 0.211391092
0.0600101935 -0.0241555788 0.207824648
0.0612228899 -0.0242849555 0.203049899
0.0625002897 -0.0244362114 0.197467686
0.0639625409 -0.0246552815 0.189382733
0.0657731857 -0.0250022216 0.176578642
-0.0553756259 -0.0252870809 0.199239911
-0.0539769532 -0.0250516456 0.20762396
-0.0528637257 -0.0249450225 0.211420895
-0.0518107349 -0.0248641004 0.214302601
-0.0507635039 -0.0247832184 0.217182876
-0.0498110188 -0.0247472656 0.218463184
-0.0488641044 -0.0247128778 0.219687761
-0.0479197824 -0.0246785838 0.220909001
-0.0469780429 -0.0246443835 0.222126902
-0.0460547673 -0.0246189035 0.223034264
-0.0451419874 -0.0245982424 0.223770023
-0.0442307226 -0.0245776181 0.224504472
-0.0433210621 -0.0245570842 0.225235702
-0.0424132101 -0.0245367662 0.225959242
-0.041506968 -0.0245165587 0.226678849
-0.0406031134 -0.0244969453 0.227377297
-0.0397006887 -0.0244773655 0.228074552
-0.0388001162 -0.0244580919 0.228760899
-0.0379009474 -0.0244388518 0.229446055
-0.0370031711 -0.0244196402 0.230130197
-0.0361067869 -0.0244004587 0.230813266
-0.0352099031 -0.0243799784 0.231542588
-0.0343126586 -0.0243582008 0.232318104
-0.0334169967 -0.0243364635 0.23309219
-0.0325229857 -0.0243148215 0.233862878
-0.0316306027 -0.0242932649 0.234630526
-0.0307397784 -0.0242717452 0.235396863
-0.0298505108 -0.0242502639 0.236161829
-0.0289586663 -0.0242253078 0.237050534
-0.0280671874 -0.0241991366 0.237982513
-0.0271773046 -0.0241727479 0.238922239
-0.0262892234 -0.0241463122 0.239863635
-0.0254030563 -0.0241199335 0.240803004
-0.0227788505 -0.022353662 0.303701402
-0.0218809297 -0.0222479964 0.307464243
-0.0210318998 -0.022186937 0.30963862
-0.0201996762 -0.022139872 0.311314643
-0.0193791209 -0.0221025384 0.312644125
-0.018580557 -0.0220886979 0.313136996
-0.0177844655 -0.0220767588 0.313562156
-0.0169893015 -0.0220649386 0.313983084
-0.0161969101 -0.0220558199 0.31430781
-0.0154053934 -0.0220470442 0.314620317
-0.0146156018 -0.0220399775 0.314871968
-0.0138259084 -0.0220322631 0.315146686
-0.0130378368 -0.0220264149 0.315354944
-0.0122501766 -0.0220205684 0.315563143
-0.0114629291 -0.0220147269 0.315771163
-0.0106766355 -0.0220100337 0.315938295
-0.00989207857 -0.022008549 0.315991164
-0.00910762444 -0.022007061 0.316044153
-0.00832327596 -0.0220055764 0.316097022
-0.00753913265 -0.0220043947 0.316139103
-0.00675518209 -0.0220035812 0.316168071
-0.00597128862 -0.0220027678 0.316197039
-0.00518745222 -0.0220019543 0.316226007
-0.00440367292 -0.0220011409 0.316254974
-0.00361999034 -0.0220005785 0.316275002
-0.00283638032 -0.0220002856 0.316285432
-0.00205279071 -0.021999991 0.316295923
-0.00126922177 -0.0219996964 0.316306413
-0.00048567347 -0.0219994001 0.316316963
0.000297855152 -0.0219991675 0.316325248
0.00108138445 -0.0219992579 0.31632203
0.00186492024 -0.0219993499 0.316318751
0.00264846248 -0.021999442 0.316315473
0.00343201066 -0.0219995307 0.316312314
0.00421558606 -0.0219997282 0.316305281
0.00499926274 -0.022000309 0.316284598
0.00578298062 -0.0220008915 0.316263855
0.00656673887 -0.0220014723 0.316243173
0.00735053788 -0.0220020531 0.31622249
0.00813444424 -0.0220028146 0.31619537
0.0089185729 -0.0220039947 0.316153348
0.0097027851 -0.0220051763 0.316111268
0.0104870802 -0.022006358 0.316069187
0.011271804 -0.0220082193 0.316002906
0.0120585791 -0.0220136122 0.31581086
0.0128458296 -0.0220191725 0.315612854
0.0136334703 -0.0220247328 0.315414847
0.0144219738 -0.0220310212 0.315190912
0.0152119332 -0.0220387925 0.314914168
0.0160025596 -0.0220467329 0.314631403
0.0167939933 -0.0220550047 0.314336837
0.0175883687 -0.0220662676 0.313935758
0.0183835456 -0.0220775438 0.313534201
0.0191802505 -0.0220896771 0.313102127
0.0199883813 -0.0221136288 0.312249185
0.0208219065 -0.022163084 0.310488046
0.0216573276 -0.0222109071 0.308785022
0.0241986175 -0.0239612459 0.246454002
0.0250754705 -0.0239848997 0.245611669
0.0259536467 -0.0240082389 0.244780542
0.026832965 -0.0240311295 0.243965388
0.0277139373 -0.0240540619 0.243148745
0.028596572 -0.0240770395 0.242330493
0.0294805234 -0.0240997728 0.241520942
0.0303639685 -0.0241208189 0.240771474
0.0312489378 -0.0241419018 0.240020693
0.0321354305 -0.0241630182 0.239268721
0.0330231112 -0.024183917 0.238524498
0.0339110777 -0.0242039638 0.237810613
0.0348005009 -0.0242240458 0.237095476
0.0356901854 -0.0242433395 0.236408414
0.0365799908 -0.0242618063 0.235750795
0.0374689897 -0.0242788955 0.235142232
0.0383588402 -0.0242957622 0.234541596
0.0392501068 -0.0243127745 0.233935774
0.0401459153 -0.0243318388 0.233256878
0.0410427018 -0.0243506872 0.23258567
0.0419402556 -0.0243692093 0.231926085
0.0428397981 -0.024388128 0.231252373
0.0437407217 -0.0244070768 0.230577589
0.0446430234 -0.0244260525 0.229901851
0.0455449639 -0.0244441092 0.229258836
0.046448178 -0.0244621693 0.228615702
0.0473527105 -0.0244802561 0.227971614
0.0482691545 -0.0245038078 0.227132918
0.0491870123 -0.0245272391 0.226298512
0.0501055385 -0.0245501866 0.225481332
0.0510257644 -0.0245731776 0.224662603
0.0519476945 -0.0245962121 0.223842324
0.052905365 -0.0246353216 0.222449602
0.0538711293 -0.02467691 0.220968605
0.054842675 -0.0247198039 0.219441117
0.0558207513 -0.0247642779 0.217857362
0.0568847584 -0.0248453423 0.21497059
0.057955666 -0.024926934 0.212065042
0.0590388605 -0.0250113376 0.209059359
0.0602447675 -0.0251450524 0.204297663
0.0614718371 -0.0252836681 0.199361445
0.0628808844 -0.0254929188 0.191909851
0.0645239657 -0.025790843 0.181300522
-0.0532265256 -0.0260117861 0.205232502
-0.0520465782 -0.0258670785 0.21021098
-0.0510085059 -0.0257901257 0.21285844
-0.0499765134 -0.0257136233 0.215490402
-0.0489791959 -0.025652795 0.217583121
-0.0480335683 -0.0256177135 0.218790055
-0.0470904919 -0.0255827272 0.219993712
-0.0461494514 -0.0255475521 0.221203865
-0.0452104448 -0.025512176 0.222420932
-0.0442952379 -0.0254893017 0.223207892
-0.0433840965 -0.0254679261 0.223943294
-0.0424749112 -0.0254468588 0.224668087
-0.0415679436 -0.0254262818 0.225376011
-0.0406624203 -0.025405736 0.226082863
-0.0397584529 -0.0253852959 0.226786078
-0.038856394 -0.0253652022 0.227477373
-0.0379557459 -0.0253451415 0.228167535
-0.0370565003 -0.0253251103 0.228856684
-0.036158659 -0.025305112 0.2295447
-0.0352623924 -0.025285273 0.230227233
-0.034367705 -0.0252656091 0.230903746
-0.0334729919 -0.0252449039 0.231616081
-0.0325776939 -0.0252226342 0.232382239
-0.031683955 -0.0252004044 0.233147026
-0.030791769 -0.0251782127 0.233910502
-0.0299009072 -0.0251558668 0.234679283
-0.0290114679 -0.0251334395 0.235450865
-0.0281235911 -0.0251110503 0.236221136
-0.0272340614 -0.0250856916 0.237093569
-0.026344114 -0.025058266 0.23803711
-0.025455941 -0.0250307556 0.238983573
-0.0245694022 -0.025003006 0.23993826
-0.0220473828 -0.023218811 0.30132115
-0.0210956824 -0.0230480533 0.307195843
-0.0202494156 -0.0229858753 0.309334994
-0.0194199414 -0.0229388412 0.310953141
-0.0185957743 -0.0228944665 0.312479795
-0.0177977311 -0.0228803986 0.312963785
-0.0170019446 -0.0228681185 0.313386262
-0.016208557 -0.0228580925 0.313731195
-0.0154164653 -0.0228489986 0.314044059
-0.01462588 -0.0228413236 0.314308108
-0.0138354316 -0.0228330024 0.314594389
-0.013046811 -0.0228269403 0.314802946
-0.0122586032 -0.0228208817 0.315011383
-0.0114705822 -0.0228143675 0.315235497
-0.0106833025 -0.0228085082 0.315437079
-0.00989697436 -0.0228039569 0.315593661
-0.0091109561 -0.022799409 0.315750123
-0.00832524555 -0.0227948595 0.315906645
-0.00753986019 -0.0227903619 0.316061379
-0.00675578362 -0.0227893484 0.316096247
-0.00597181938 -0.0227885064 0.316125215
-0.00518791222 -0.0227876644 0.316154183
-0.00440406214 -0.0227868224 0.316183151
-0.00362029717 -0.022786164 0.316205801
-0.00283661896 -0.0227858608 0.316216231
-0.00205296117 -0.0227855559 0.316226722
-0.00126932413 -0.0227852527 0.316237153
-0.000485707621 -0.0227849478 0.316247643
0.000297889832 -0.0227847382 0.316254855
0.00108148849 -0.0227848317 0.316251637
0.00186509349 -0.0227849253 0.316248418
0.00264870524 -0.0227850223 0.31624508
0.00343232304 -0.0227851158 0.316241861
0.00421597561 -0.0227853619 0.316233398
0.00499972312 -0.022785963 0.316212715
0.00578351182 -0.022786566 0.316191972
0.0065673409 -0.0227871671 0.31617129
0.00735121074 -0.0227877683 0.316150607
0.00813578917 -0.0227902458 0.316065372
0.00892105426 -0.0227940539 0.315934361
0.00970657826 -0.0227978636 0.31580329
0.0104923613 -0.0228016752 0.31567216
0.0112787051 -0.0228061017 0.31551987
0.0120659908 -0.0228117497 0.315325559
0.0128537224 -0.0228175103 0.315127374
0.0136418465 -0.0228232743 0.314929069
0.0144316066 -0.0228310238 0.314662458
0.0152220901 -0.0228390731 0.314385534
0.0160132458 -0.0228473042 0.314102353
0.0168065228 -0.0228576802 0.31374538
0.0176014955 -0.0228693573 0.313343645
0.0183972682 -0.0228810448 0.312941552
0.0192111874 -0.022913628 0.311820568
0.0200440826 -0.0229656085 0.31003225
0.0209095583 -0.0230499348 0.307131113
0.0233542847 -0.0248222362 0.246157409
0.0242306167 -0.0248467373 0.24531448
0.0251086549 -0.0248712834 0.244470001
0.025987836 -0.0248953254 0.243642868
0.02686834 -0.0249190799 0.242825628
0.0277505078 -0.0249428828 0.24200672
0.0286323496 -0.0249649774 0.241246582
0.0295139488 -0.0249855839 0.240537645
0.0303957358 -0.0250051855 0.239863278
0.031278929 -0.0250248494 0.239186765
0.0321662985 -0.0250467501 0.238433303
0.0330550103 -0.0250685415 0.237683595
0.033943861 -0.0250893334 0.23696828
0.0348321709 -0.0251087045 0.23630184
0.0357214432 -0.0251278262 0.235643984
0.0366120542 -0.0251469773 0.234985114
0.0375019454 -0.0251647598 0.234373332
0.0383926032 -0.0251822512 0.233771564
0.0392844816 -0.0251997651 0.23316902
0.0401775855 -0.0252173033 0.232565643
0.0410724922 -0.0252352226 0.231949152
0.0419696591 -0.0252537778 0.231310786
0.0428698545 -0.025273388 0.230636121
0.0437714297 -0.0252930277 0.229960443
0.0446743909 -0.0253126986 0.229283692
0.0455772612 -0.0253315691 0.228634478
0.0464811375 -0.0253502888 0.22799045
0.047397732 -0.0253752057 0.227133216
0.0483164525 -0.0254003548 0.226267995
0.0492351725 -0.0254246134 0.22543341
0.0501546456 -0.0254484146 0.224614562
0.0510758148 -0.0254722573 0.223794283
0.0520386705 -0.0255159668 0.222290517
0.0530037185 -0.0255593002 0.220799686
0.0539714443 -0.025602509 0.219313146
0.0549477374 -0.0256483788 0.217735053
0.0559992985 -0.025727771 0.21500367
0.0570560943 -0.0258070956 0.212274612
0.0581193412 -0.0258869035 0.209528924
0.0592791371 -0.0260071413 0.205392302
0.0604811808 -0.0261422803 0.200743021
0.0618127607 -0.0263292595 0.194310249
0.0633217286 -0.0265861522 0.185472192
-0.0525553525 -0.0270204172 0.201384307
-0.0512462644 -0.0268017126 0.208661855
-0.0502124133 -0.0267238457 0.211252929
-0.0491900143 -0.0266494665 0.213727952
-0.0481669074 -0.0265719614 0.216306986
-0.0471986521 -0.0265228296 0.217941881
-0.0462558058 -0.0264865875 0.219147862
-0.0453175106 -0.0264516333 0.220310987
-0.0443837556 -0.0264180369 0.221428932
-0.0434523432 -0.0263845265 0.222544016
-0.042542101 -0.0263629474 0.223262073
-0.0416334524 -0.0263414831 0.223976315
-0.040726266 -0.0263200545 0.224689366
-0.0398205354 -0.02629866 0.225401283
-0.0389162575 -0.0262772995 0.226112069
-0.0380138502 -0.0262562686 0.226811887
-0.0371137156 -0.0262358789 0.227490367
-0.0362149595 -0.0262155197 0.228167833
-0.0353175812 -0.0261951928 0.228844227
-0.0344215776 -0.0261748981 0.229519547
-0.033526941 -0.026154632 0.230193914
-0.0326336597 -0.0261343875 0.230867566
-0.0317413543 -0.0261138492 0.231550993
-0.0308474248 -0.0260907583 0.232319356
-0.0299550581 -0.0260677105 0.233086289
-0.0290642479 -0.0260447039 0.233851851
-0.0281749865 -0.0260217348 0.234616162
-0.0272867872 -0.0259983359 0.235394777
-0.0264001545 -0.0259749692 0.23617232
-0.0255132731 -0.0259497612 0.237011136
-0.024624836 -0.0259211193 0.237964214
-0.0237383432 -0.0258925509 0.238914849
-0.022853797 -0.0258640666 0.239862682
-0.0203192152 -0.0238597734 0.306556941
-0.0194686151 -0.0237882529 0.308936835
-0.0186423041 -0.0237421698 0.310470284
-0.0178208899 -0.0236986284 0.311919154
-0.0170146092 -0.023672505 0.312788428
-0.0162202221 -0.0236615283 0.313153685
-0.0154275544 -0.0236521154 0.313466908
-0.0146359506 -0.0236434386 0.313755632
-0.0138449682 -0.0236348533 0.314041318
-0.0130557987 -0.0236285786 0.314250113
-0.0122669197 -0.0236220656 0.314466835
-0.0114779866 -0.0236145406 0.314717234
-0.0106902121 -0.0236085185 0.314917625
-0.00990336995 -0.0236038075 0.315074385
-0.00911683734 -0.0235990984 0.315231086
-0.00833061353 -0.0235943892 0.315387786
-0.00754443015 -0.0235888185 0.315573157
-0.00675939181 -0.0235860456 0.315665425
-0.00597453618 -0.0235832764 0.315757574
-0.00518986176 -0.0235805053 0.315849782
-0.00440536969 -0.0235777379 0.315941871
-0.00362110058 -0.0235752517 0.316024603
-0.00283717169 -0.0235743095 0.316055955
-0.00205330444 -0.0235733655 0.316087366
-0.00126949917 -0.0235724233 0.316118718
-0.00048575569 -0.0235714811 0.31615007
0.000297934583 -0.023571062 0.316164018
0.00108165437 -0.0235718017 0.316139401
0.00186542281 -0.0235725433 0.316114725
0.00264923988 -0.0235732849 0.316090048
0.00343310558 -0.0235740264 0.316065372
0.00421711551 -0.0235752982 0.316023053
0.00500143063 -0.0235776107 0.315946103
0.00578589783 -0.023579925 0.315869094
0.00657051679 -0.0235822393 0.315792085
0.00735530646 -0.0235846144 0.315713049
0.00814056762 -0.0235879067 0.315603496
0.00892628915 -0.0235918475 0.315472365
0.00971227056 -0.0235957918 0.315341116
0.0104985875 -0.0235999098 0.315204085
0.0112856497 -0.0236050274 0.315033794
0.0120734116 -0.0236108614 0.314839662
0.0128616257 -0.0236168245 0.314641238
0.0136508394 -0.0236238479 0.314407528
0.0144412535 -0.0236320912 0.314133228
0.0152322608 -0.0236404168 0.313856186
0.0160243041 -0.0236494715 0.313554884
0.0168190725 -0.0236615498 0.31315297
0.0176146408 -0.0236736389 0.312750698
0.0184354689 -0.023717483 0.311291755
0.0192649964 -0.023768578 0.309591533
0.0201842449 -0.023922979 0.304453732
0.0225111416 -0.0256858529 0.245792867
0.0233851821 -0.0257091659 0.245017112
0.024262698 -0.025734562 0.244172038
0.0251419294 -0.0257600101 0.243325235
0.0260221149 -0.0257847435 0.242502214
0.0269031119 -0.0258086923 0.2417053
0.0277838069 -0.025830884 0.240966858
0.0286659984 -0.0258531132 0.240227164
0.0295480894 -0.025873965 0.239533306
0.0304309223 -0.0258942794 0.23885733
0.0313151238 -0.0259146243 0.23818034
0.0322006968 -0.0259349996 0.237502338
0.0330872893 -0.0259551241 0.236832679
0.033973951 -0.0259742832 0.236195148
0.034862685 -0.0259940566 0.235537173
0.035752757 -0.0260138606 0.234878184
0.03664417 -0.0260336949 0.234218181
0.03753496 -0.0260521805 0.233603061
0.0384264211 -0.0260702952 0.23300028
0.0393191075 -0.0260884351 0.232396663
0.040215291 -0.0261080885 0.231742681
0.0411122081 -0.0261273855 0.23110056
0.0420077844 -0.0261450435 0.230512978
0.0429045592 -0.0261627266 0.229924561
0.0438025322 -0.026180433 0.229335369
0.0447058007 -0.026200588 0.228664697
0.0456102337 -0.0262206516 0.227997066
0.0465263101 -0.0262466031 0.227133514
0.0474441746 -0.0262726029 0.226268352
0.0483638385 -0.0262986546 0.225401462
0.0492834322 -0.0263237462 0.22456652
0.0502070858 -0.0263501186 0.223688961
0.0511699481 -0.0263960316 0.222161175
0.0521359818 -0.0264420269 0.220630647
0.053102445 -0.0264867183 0.219143511
0.0540871349 -0.0265389955 0.217403949
0.0551376743 -0.0266217345 0.214650751
0.0561924496 -0.0267039021 0.211916567
0.0572534841 -0.0267864817 0.209168674
0.0584329589 -0.0269216914 0.204669477
0.0596169569 -0.0270549092 0.20023656
0.060956382 -0.02725441 0.193598033
0.0625105387 -0.0275436964 0.183971823
-0.0505645028 -0.027807197 0.20492834
-0.0494004971 -0.0276535444 0.209878923
-0.0483787765 -0.0275764915 0.212361516
-0.0473718769 -0.0275052845 0.214655758
-0.0463753966 -0.0274376165 0.216835977
-0.0454314391 -0.0273994461 0.218065799
-0.0444956943 -0.0273648869 0.219179274
-0.0435622775 -0.0273304128 0.220290006
-0.0426311805 -0.0272960238 0.221397997
-0.0417019824 -0.0272614461 0.222512068
-0.0407927551 -0.0272389098 0.223238171
-0.0398866048 -0.0272175131 0.223927559
-0.03898186 -0.0271961497 0.224615873
-0.0380785176 -0.0271748196 0.225303115
-0.0371765744 -0.0271535228 0.225989283
-0.0362760273 -0.0271322593 0.226674379
-0.0353770324 -0.0271111531 0.227354409
-0.034479431 -0.0270900894 0.228033067
-0.0335831985 -0.0270690516 0.228710891
-0.0326883393 -0.0270480452 0.229387702
-0.0317950667 -0.0270272571 0.230057479
-0.030903187 -0.0270065338 0.23072517
-0.0300125318 -0.0269857273 0.231395544
-0.0291207896 -0.0269626564 0.232138873
-0.0282296342 -0.0269387344 0.232909621
-0.0273400365 -0.0269148514 0.233679117
-0.026452 -0.0268910146 0.234447123
-0.0255654752 -0.0268671759 0.235215188
-0.024680489 -0.026843365 0.23598236
-0.0237970486 -0.026819593 0.236748279
-0.02291078 -0.0267906651 0.237680317
-0.0220264725 -0.0267618907 0.238607408
-0.0195477164 -0.0246807592 0.30566007
-0.0186890974 -0.0245941864 0.308449389
-0.0178660039 -0.024549654 0.309884192
-0.0170464412 -0.0245061521 0.311285795
-0.0162319232 -0.0244661577 0.312574388
-0.0154383882 -0.024455957 0.312903048
-0.0146460354 -0.0244466665 0.313202382
-0.0138545191 -0.0244378199 0.313487412
-0.0130647952 -0.0244313229 0.313696743
-0.0122748493 -0.0244235364 0.313947619
-0.0114853995 -0.0244157536 0.314198376
-0.0106971321 -0.0244095765 0.314397396
-0.00990977434 -0.0244047037 0.314554394
-0.00912272668 -0.0243998328 0.314711333
-0.00833565591 -0.0243939647 0.314900399
-0.00754900514 -0.0243882538 0.315084399
-0.00676348472 -0.0243853882 0.315176726
-0.00597814625 -0.0243825226 0.315269054
-0.00519299048 -0.0243796607 0.315361262
-0.00440796636 -0.0243765121 0.31546271
-0.00362318047 -0.0243736317 0.315555514
-0.00283878917 -0.0243726568 0.315586926
-0.00205445993 -0.0243716837 0.315618278
-0.00127019238 -0.0243707088 0.315649689
-0.000485985732 -0.0243696709 0.315683128
0.00029816069 -0.0243689901 0.315705062
0.00108233286 -0.0243697579 0.315680326
0.00186655364 -0.0243705238 0.31565565
0.00265082324 -0.0243712915 0.315630914
0.00343513446 -0.0243720093 0.315607787
0.00421958363 -0.0243732562 0.315567614
0.00500434826 -0.0243756482 0.315490545
0.00578926432 -0.0243780383 0.315413536
0.00657433314 -0.0243804322 0.315336407
0.0073596382 -0.0243831054 0.315250279
0.00814535162 -0.0243864945 0.315141083
0.0089315308 -0.02439057 0.315009774
0.00971796947 -0.0243946473 0.314878405
0.0105050587 -0.0243996385 0.314717592
0.0112926028 -0.0244049294 0.314547123
0.0120808405 -0.0244109473 0.314353229
0.0128695718 -0.024417178 0.31415248
0.013659969 -0.0244256953 0.31387806
0.0144509113 -0.0244342199 0.313603402
0.0152424452 -0.024442826 0.313326121
0.0160362749 -0.02445412 0.312962235
0.0168442868 -0.0244851421 0.311962725
0.0176650298 -0.0245312302 0.310477794
0.0184885515 -0.0245771205 0.308999241
0.0207999692 -0.0265322767 0.246005417
0.0216726834 -0.0265568628 0.245213271
0.0225457961 -0.0265800669 0.24446565
0.0234204176 -0.0266033117 0.243716718
0.0242965501 -0.0266265953 0.242966534
0.0251752576 -0.02665105 0.24217862
0.0260544592 -0.0266744114 0.241425933
0.0269347185 -0.0266973473 0.240686954
0.0278164741 -0.026720322 0.239946724
0.0286997278 -0.0267433337 0.239205302
0.0295823111 -0.0267643993 0.238526584
0.0304661901 -0.0267854278 0.237849058
0.0313514408 -0.0268064878 0.237170519
0.0322378722 -0.0268274165 0.236496211
0.0331238846 -0.0268469151 0.235867978
0.0340087642 -0.0268645231 0.235300661
0.0348947903 -0.0268821533 0.234732629
0.0357841268 -0.0269014465 0.234111012
0.0366763432 -0.0269219664 0.233449877
0.0375680332 -0.0269411616 0.23283142
0.0384613105 -0.0269606177 0.232204558
0.039357242 -0.0269810561 0.231546046
0.0402545176 -0.027001526 0.23088652
0.0411519994 -0.0270212707 0.23025036
0.0420484674 -0.0270395428 0.229661645
0.0429461363 -0.0270578408 0.229072095
0.0438450056 -0.0270761628 0.228481771
0.0447507001 -0.027097948 0.227779866
0.045662045 -0.0271222936 0.226995469
0.0465740402 -0.0271461119 0.22622806
0.04749071 -0.0271717579 0.22540176
0.0484113223 -0.0271987175 0.224533142
0.0493394697 -0.0272289237 0.223559917
0.0503009775 -0.027276355 0.222031714
0.051265806 -0.0273239527 0.220498146
0.0522331114 -0.0273712619 0.218973876
0.0532258905 -0.0274302702 0.217072667
0.05427417 -0.0275157867 0.214317383
0.0553281177 -0.0276014235 0.211558224
0.0563992163 -0.027692871 0.208611847
0.0575844736 -0.0278372349 0.203960539
0.0587662372 -0.0279755105 0.19950539
0.0601723821 -0.0282159135 0.191759766
0.0619136108 -0.0286055662 0.179205419
-0.0498179 -0.028786377 0.202246012
-0.0486323094 -0.028613642 0.207640172
-0.0475927595 -0.0285231661 0.210465552
-0.0465941516 -0.0284545886 0.212607087
-0.0455984452 -0.028385179 0.21477461
-0.0446064081 -0.0283153818 0.216954233
-0.043668418 -0.0282782501 0.218113781
-0.0427376662 -0.0282444376 0.219169678
-0.0418106969 -0.0282117894 0.220189215
-0.0408858432 -0.0281792156 0.221206428
-0.0399631009 -0.0281467182 0.222221257
-0.0390514663 -0.0281208725 0.223028363
-0.0381464193 -0.0280987603 0.223718883
-0.0372430574 -0.0280768962 0.224401654
-0.0363413554 -0.0280552783 0.225076736
-0.0354410266 -0.0280336948 0.225750746
-0.0345420654 -0.0280121438 0.226423742
-0.0336444553 -0.0279906137 0.227096082
-0.0327481724 -0.0279690855 0.227768363
-0.0318530063 -0.0279473722 0.228446425
-0.0309591347 -0.0279256207 0.22912568
-0.0300666361 -0.0279039017 0.229803921
-0.0291756492 -0.0278823525 0.230476857
-0.028286204 -0.0278610191 0.231143059
-0.0273975593 -0.0278391569 0.23182577
-0.0265079993 -0.0278148859 0.232583703
-0.0256199694 -0.027790655 0.233340384
-0.024733469 -0.0277664681 0.234095694
-0.0238488383 -0.0277427316 0.234836937
-0.0229660013 -0.0277194035 0.235565425
-0.0220846298 -0.0276961136 0.236292721
-0.0212044355 -0.027672484 0.237030627
-0.0187778881 -0.025508267 0.304614724
-0.0179200268 -0.0254175582 0.307447375
-0.0170901587 -0.0253607268 0.309222103
-0.0162734942 -0.0253192834 0.310516299
-0.0154621869 -0.0252825181 0.311664404
-0.0146561343 -0.0252510094 0.312648357
-0.0138640824 -0.0252419011 0.31293279
-0.0130732538 -0.0252340983 0.313176454
-0.012282789 -0.0252260513 0.313427747
-0.0114928218 -0.02521801 0.313678862
-0.0107040599 -0.0252116788 0.31387657
-0.00991618681 -0.0252066456 0.314033748
-0.00912827901 -0.0252006389 0.314221324
-0.00834070507 -0.0251945216 0.314412357
-0.0075535857 -0.0251886714 0.314595045
-0.00676758263 -0.0251857129 0.314687432
-0.00598176117 -0.0251827525 0.314779879
-0.00519607722 -0.0251795688 0.314879299
-0.00441050683 -0.0251758984 0.314993919
-0.003625263 -0.0251729552 0.315085829
-0.00284040892 -0.0251719493 0.315117241
-0.00205561674 -0.0251709435 0.315148653
-0.00127088638 -0.0251699357 0.315180124
-0.000486211956 -0.0251685328 0.315223933
0.000298387119 -0.0251678437 0.315245451
0.00108301206 -0.0251686339 0.315220774
0.00186768578 -0.025169426 0.315196038
0.00265240743 -0.0251702105 0.315171541
0.00343715673 -0.0251708461 0.315151693
0.00422205465 -0.0251721288 0.315111638
0.00500726856 -0.0251745967 0.315034569
0.00579263522 -0.0251770685 0.314957381
0.00657819991 -0.0251797158 0.31487471
0.00736397495 -0.0251825254 0.314786972
0.00815014118 -0.0251860107 0.314678134
0.00893677785 -0.0251902194 0.314546705
0.00972384751 -0.0251948804 0.314401151
0.0105115378 -0.025200345 0.314230503
0.0112995652 -0.0252058115 0.314059795
0.0120882786 -0.0252120109 0.313866199
0.0128781855 -0.0252198098 0.313622655
0.0136691119 -0.0252286108 0.313347818
0.0144605832 -0.0252374176 0.313072802
0.0152555556 -0.0252511563 0.312643768
0.0160728495 -0.0252989424 0.311151506
0.0168930234 -0.0253466369 0.309662105
0.0177841569 -0.025492589 0.305104316
0.0199598772 -0.0274026786 0.245456101
0.0208326644 -0.0274284593 0.244651021
0.0217060752 -0.0274530127 0.243884267
0.0225805565 -0.027477026 0.243134381
0.0234565527 -0.0275010832 0.242383124
0.0243334435 -0.0275244724 0.241652728
0.0252100446 -0.0275459566 0.240981818
0.0260866781 -0.0275660666 0.240353824
0.0269664009 -0.0275880872 0.239666165
0.0278492158 -0.0276118447 0.238924266
0.0287330579 -0.0276351804 0.23819554
0.0296166118 -0.0276568918 0.237517537
0.0305014121 -0.0276785212 0.236842097
0.0313875048 -0.0277001161 0.23616773
0.0322749639 -0.0277217435 0.23549235
0.0331605613 -0.0277406759 0.234901131
0.0340464423 -0.0277588829 0.234332563
0.0349334722 -0.0277771129 0.233763279
0.0358216532 -0.0277953657 0.23319328
0.0367110299 -0.0278136739 0.232621552
0.037603324 -0.0278333201 0.232008041
0.0384988134 -0.0278544169 0.231349231
0.0393956438 -0.0278755442 0.230689467
0.0402938207 -0.027896704 0.23002869
0.0411918659 -0.0279168827 0.22939855
0.0420892302 -0.0279357731 0.228808643
0.0429891263 -0.0279555624 0.228190662
0.0439015755 -0.0279826468 0.227344872
0.044815265 -0.028009462 0.226507486
0.0457270249 -0.0280340613 0.225739301
0.0466403741 -0.0280587064 0.224969686
0.0475553071 -0.0280833915 0.224198819
0.0484967951 -0.0281227373 0.222970129
0.0494491723 -0.0281669541 0.221589328
0.0504045104 -0.0282113065 0.220204295
0.0513628286 -0.0282557981 0.218814911
0.0523640107 -0.0283222073 0.216741086
0.0534100229 -0.0284105035 0.213983775
0.0544625017 -0.0284993456 0.211209418
0.0555477347 -0.0286023769 0.207991959
0.0567294188 -0.028751528 0.203334273
0.0579141525 -0.0288975909 0.198773028
0.0593852328 -0.0291812744 0.189914168
-0.0479628368 -0.0296427262 0.203445078
-0.0467947924 -0.0294683357 0.208728374
-0.045795848 -0.0293971701 0.210884394
-0.0448026797 -0.0293270177 0.213009716
-0.0438276593 -0.0292663128 0.214848818
-0.0428566278 -0.0292058598 0.21668029
-0.0419201842 -0.0291672551 0.217849852
-0.0409928316 -0.0291335393 0.218871297
-0.0400675961 -0.0290999003 0.219890417
-0.0391463577 -0.0290677585 0.220864178
-0.0382281317 -0.0290364588 0.221812428
-0.0373139308 -0.0290068589 0.22270918
-0.036410532 -0.0289845523 0.223384978
-0.0355085053 -0.0289622791 0.224059762
-0.0346078641 -0.0289400531 0.224733116
-0.0337086877 -0.0289179471 0.225402833
-0.0328108707 -0.0288958766 0.226071478
-0.0319144078 -0.0288738394 0.22673911
-0.0310191709 -0.0288517177 0.227409304
-0.0301252364 -0.0288295783 0.228080036
-0.0292326847 -0.0288074999 0.228748919
-0.0283414816 -0.028785453 0.229416849
-0.0274517484 -0.0287635693 0.230079831
-0.0265636225 -0.0287420162 0.2307328
-0.0256771472 -0.0287208762 0.231373252
-0.0247913532 -0.0286990536 0.232034386
-0.023905226 -0.0286752379 0.232755901
-0.0230205549 -0.0286514655 0.233476104
-0.022137333 -0.0286277325 0.234195114
-0.021255561 -0.0286040447 0.234912754
-0.0203754448 -0.0285807012 0.235619963
-0.019496746 -0.0285573932 0.2363261
-0.0171577597 -0.0262565821 0.30603099
-0.0163153095 -0.0261768641 0.30844611
-0.0155026061 -0.0261400733 0.309560717
-0.0146933008 -0.0261054584 0.310609401
-0.0138869089 -0.0260724648 0.311608971
-0.0130847862 -0.0260441398 0.312467099
-0.0122907395 -0.0260296143 0.31290716
-0.0115002552 -0.0260213157 0.313158573
-0.0107109973 -0.0260148311 0.31335503
-0.00992225352 -0.0260086868 0.313541175
-0.0091338185 -0.0260023733 0.313732446
-0.00834576102 -0.0259960618 0.313923658
-0.00755817241 -0.025990075 0.314105035
-0.00677168502 -0.0259870196 0.314197601
-0.00598534437 -0.0259838048 0.314294995
-0.00519908417 -0.0259800155 0.314409794
-0.00441305052 -0.0259762282 0.314524533
-0.00362734817 -0.025973224 0.314615549
-0.00284203051 -0.0259721852 0.31464702
-0.00205677488 -0.0259711464 0.314678491
-0.00127156629 -0.0259697731 0.314720095
-0.000486438503 -0.0259683212 0.314764084
0.000298613784 -0.0259676188 0.314785362
0.00108369215 -0.0259684353 0.314760627
0.00186881925 -0.0259692518 0.314735891
0.00265398195 -0.0259699423 0.314714969
0.00343918138 -0.0259705994 0.314695061
0.00422452825 -0.0259719157 0.314655186
0.00501019305 -0.0259744654 0.314577938
0.00579602417 -0.0259770782 0.314498783
0.00658208416 -0.0259799782 0.314410926
0.00736831728 -0.0259828781 0.314323069
0.00815493566 -0.0259864549 0.314214708
0.00894203166 -0.0259908009 0.314083041
0.00972985181 -0.0259963924 0.313913645
0.0105180248 -0.026002031 0.313742818
0.0113065353 -0.0260076716 0.313571931
0.0120959014 -0.0260144336 0.31336707
0.0128868108 -0.0260235094 0.313092114
0.0136822127 -0.0260401479 0.312588037
0.0144889828 -0.0260755733 0.311514796
0.0152998445 -0.0261143945 0.310338677
0.0161194433 -0.026163706 0.308844746
0.0182517921 -0.0282538808 0.245521249
0.0191187199 -0.0282741885 0.244906009
0.0199912793 -0.0283007959 0.244099916
0.0208652287 -0.0283271319 0.243302049
0.0217395688 -0.0283519155 0.242551209
0.0226148515 -0.0283760204 0.241820933
0.0234913876 -0.028399899 0.241097511
0.0243690765 -0.0284234569 0.240383805
0.0252457047 -0.0284442132 0.239754976
0.026123599 -0.028464999 0.239125253
0.0270027638 -0.0284858163 0.238494576
0.0278832001 -0.0285066632 0.237863005
0.028766325 -0.0285289541 0.237187685
0.0296507301 -0.0285511958 0.236513854
0.0305365006 -0.0285734729 0.235838951
0.0314236375 -0.0285957835 0.235163034
0.0323115844 -0.0286176278 0.234501244
0.0331973172 -0.0286364108 0.233932198
0.0340842016 -0.0286552194 0.233362378
0.0349722374 -0.0286740515 0.232791842
0.0358658089 -0.0286964448 0.232113422
0.0367589003 -0.0287174057 0.231478394
0.0376498325 -0.0287357401 0.230922939
0.0385418907 -0.0287540981 0.230366768
0.0394350743 -0.0287724778 0.229809941
0.040333203 -0.0287936296 0.229169132
0.0412318134 -0.0288142305 0.228545011
0.0421395322 -0.0288402732 0.227756025
0.043051617 -0.0288682185 0.2269094
0.0439654532 -0.0288962189 0.226061107
0.0448790798 -0.0289229955 0.225249888
0.0457921929 -0.0289484245 0.224479498
0.0467221446 -0.0289834466 0.223418475
0.0476769924 -0.0290324866 0.22193277
0.048630912 -0.0290791991 0.220517577
0.0495861305 -0.0291250282 0.219129146
0.050559987 -0.029180122 0.217460038
0.0515882997 -0.0292645166 0.214903237
0.0526128066 -0.0293439316 0.212497295
0.0536428258 -0.0294237736 0.21007842
0.0547441668 -0.0295398693 0.206561209
0.0558781732 -0.0296697586 0.20262611
0.0570863566 -0.0298346896 0.197629393
0.0585949238 -0.0301505201 0.18806106
-0.0472469017 -0.0306549773 0.199988367
-0.0460963362 -0.0304858847 0.204962672
-0.0450068047 -0.0303517919 0.208907367
-0.0440272103 -0.0302889042 0.210757376
-0.0430516262 -0.0302262758 0.212599756
-0.0420800214 -0.0301639008 0.214434685
-0.041114504 -0.0301033593 0.216215671
-0.0401759151 -0.0300605751 0.217474283
-0.0392531089 -0.030028104 0.218429507
-0.0383322668 -0.0299956977 0.219382824
-0.0374133882 -0.0299633603 0.220334114
-0.036496701 -0.0299312863 0.221277655
-0.0355834312 -0.0299005395 0.222182156
-0.0346773605 -0.0298745237 0.22294748
-0.0337765264 -0.029851849 0.223614515
-0.0328770443 -0.0298292088 0.224280537
-0.0319789539 -0.0298066435 0.224944354
-0.031082474 -0.029784372 0.225599529
-0.0301873197 -0.029762135 0.22625369
-0.0292934839 -0.0297399284 0.226906957
-0.0284008133 -0.0297175921 0.227564038
-0.0275097669 -0.0296956164 0.22821051
-0.0266203867 -0.0296740845 0.228843929
-0.0257322807 -0.029652583 0.229476453
-0.024845448 -0.0296311139 0.230108024
-0.0239600666 -0.0296099041 0.230731965
-0.0230760081 -0.0295888159 0.231352331
-0.0221933772 -0.0295680053 0.23196453
-0.0213098147 -0.0295441838 0.232665302
-0.020427444 -0.0295200848 0.233374239
-0.0195464941 -0.0294960222 0.234082104
-0.0186669657 -0.0294720022 0.234788717
-0.0163979446 -0.0271072211 0.304355026
-0.0155605986 -0.0270328654 0.306542398
-0.0147317178 -0.0269662576 0.308501841
-0.0139236049 -0.0269329801 0.309480788
-0.0131193117 -0.0269036556 0.310343446
-0.0123167449 -0.0268743899 0.311204375
-0.0115158781 -0.0268451322 0.312065066
-0.0107182201 -0.0268197405 0.312812032
-0.00992828498 -0.0268116014 0.313051463
-0.00913936407 -0.0268050894 0.313243033
-0.0083508219 -0.0267985814 0.313434483
-0.00756276413 -0.0267924624 0.313614489
-0.00677576994 -0.0267892205 0.313709856
-0.00598881921 -0.0267853141 0.313824774
-0.00520209494 -0.0267814077 0.313939692
-0.00441559713 -0.0267775013 0.31405461
-0.00362943545 -0.0267744357 0.314144791
-0.00284365375 -0.0267733639 0.314176322
-0.00205791495 -0.0267720266 0.314215661
-0.00127224672 -0.0267705293 0.314259709
-0.000486665255 -0.0267690299 0.314303817
0.000298840683 -0.0267683167 0.314324797
0.00108437293 -0.0267691596 0.314300002
0.00186994773 -0.0267699154 0.314277769
0.00265555853 -0.0267705941 0.314257802
0.00344120841 -0.0267712709 0.314237894
0.00422700477 -0.0267726203 0.314198197
0.00501312022 -0.0267752482 0.31412089
0.00579945453 -0.0267781821 0.314034582
0.0065859724 -0.0267811706 0.313946666
0.00737266408 -0.0267841612 0.313858689
0.00815973632 -0.0267878326 0.313750685
0.00894754414 -0.0267930723 0.313596548
0.00973586346 -0.0267988853 0.313425542
0.0105245198 -0.0268046983 0.313254536
0.0113135148 -0.0268105154 0.313083411
0.0121102495 -0.0268328092 0.312427582
0.0129147827 -0.0268687065 0.311371566
0.0137219016 -0.0269055987 0.310286285
0.0145318099 -0.0269437045 0.3091653
0.0165531334 -0.029121178 0.245109142
0.0174193813 -0.0291423046 0.244487645
0.0182866368 -0.0291630828 0.243876399
0.0191551166 -0.0291838914 0.243264259
0.020024822 -0.0292047284 0.242651285
0.0208969253 -0.0292272409 0.241989018
0.0217718643 -0.0292518243 0.241265835
0.0226482579 -0.0292764461 0.240541519
0.0235261127 -0.0293011104 0.239815952
0.0244035747 -0.0293235683 0.239155294
0.0252814653 -0.029345005 0.238524677
0.0261606238 -0.02936647 0.237893225
0.0270420274 -0.0293890312 0.237229527
0.027924863 -0.0294117241 0.236561955
0.0288049711 -0.0294302533 0.236016871
0.0296861776 -0.0294488068 0.235471071
0.0305716683 -0.0294704785 0.23483354
0.0314598516 -0.0294935077 0.234156073
0.0323474186 -0.0295147418 0.233531417
0.0332341568 -0.0295341301 0.23296106
0.0341261203 -0.0295571006 0.232285322
0.0350196081 -0.0295802352 0.231604756
0.0359144784 -0.0296034042 0.230923177
0.0368058048 -0.0296226061 0.230358304
0.0376978994 -0.0296415344 0.229801477
0.0385911253 -0.029660489 0.229243876
0.0394854794 -0.029679466 0.228685619
0.0403910133 -0.0297059214 0.227907361
0.0412959441 -0.0297308249 0.22717476
0.0422023755 -0.0297557688 0.226440967
0.0431142908 -0.0297835271 0.225624384
0.0440295148 -0.0298124464 0.224773647
0.0449489528 -0.0298430656 0.223872901
0.0459003448 -0.0298935168 0.222388746
0.0468549287 -0.0299441402 0.220899524
0.0478106805 -0.0299936452 0.219443203
0.0487680146 -0.0300423499 0.218010427
0.0497962613 -0.0301326311 0.215354563
0.050826142 -0.0302207526 0.212762238
0.0518510544 -0.0303029313 0.210344733
0.052955388 -0.0304283987 0.206653775
0.0540978965 -0.0305714876 0.202444436
0.0552342599 -0.030706476 0.198473395
0.0567575992 -0.0310507557 0.188345493
-0.0454316367 -0.0315398009 0.200369419
-0.0443327158 -0.0313955459 0.204493524
-0.0432390309 -0.0312491747 0.208678128
-0.0422628144 -0.0311844329 0.210529031
-0.0413003279 -0.0311273885 0.212159873
-0.0403422896 -0.0310713073 0.213763179
-0.0393876618 -0.0310154262 0.215360762
-0.038437107 -0.0309602999 0.216936768
-0.0375166968 -0.030927759 0.217867078
-0.0365989389 -0.0308959187 0.21877736
-0.035683127 -0.0308642118 0.219683827
-0.0347691733 -0.0308325696 0.220588447
-0.0338570723 -0.030800992 0.221491219
-0.0329485541 -0.0307711219 0.222345175
-0.0320476758 -0.0307470457 0.223033489
-0.0311495112 -0.0307243267 0.223683001
-0.0302526589 -0.0307016411 0.224331559
-0.0293574349 -0.0306793267 0.224969508
-0.0284640731 -0.0306576731 0.225588561
-0.0275719571 -0.0306360487 0.226206781
-0.0266810862 -0.0306144556 0.226824106
-0.0257913141 -0.0305927207 0.227445485
-0.0249026627 -0.0305708565 0.228070558
-0.0240153787 -0.0305491675 0.228690626
-0.0231294847 -0.0305277037 0.229304255
-0.0222448209 -0.030506269 0.229917051
-0.0213613848 -0.0304848635 0.230529012
-0.020479174 -0.0304634872 0.231140138
-0.019598186 -0.0304421401 0.23175043
-0.0187184184 -0.0304208222 0.232359888
-0.0178378977 -0.0303961206 0.233066083
-0.016958858 -0.0303715815 0.23376763
-0.0148120939 -0.027911726 0.304092408
-0.0139817852 -0.0278412716 0.306106628
-0.0131578849 -0.0277760649 0.307970823
-0.0123491033 -0.0277370714 0.309085609
-0.0115460833 -0.0277068051 0.309950889
-0.0107465499 -0.0276812236 0.310682238
-0.00994908091 -0.0276574122 0.311362983
-0.00915296629 -0.0276336404 0.312042595
-0.00835820325 -0.0276099103 0.312721015
-0.00756735697 -0.0275958206 0.313123823
-0.00677971409 -0.0275917947 0.31323892
-0.00599229802 -0.0275877688 0.313354017
-0.00520510877 -0.0275837429 0.313469113
-0.00441814664 -0.0275797191 0.31358415
-0.00363152538 -0.027576596 0.313673438
-0.00284526014 -0.0275752992 0.313710512
-0.00205905048 -0.0275737543 0.313754679
-0.00127292786 -0.0275722094 0.313798846
-0.000486892301 -0.0275706666 0.313842953
0.000299067876 -0.0275699431 0.313863636
0.00108505257 -0.0275707645 0.313840152
0.00187107503 -0.0275714651 0.313820125
0.00265713675 -0.0275721635 0.313800157
0.00344323782 -0.0275728619 0.31378019
0.00422948419 -0.0275742442 0.313740672
0.00501608595 -0.0275771422 0.313657821
0.00580288886 -0.0275802195 0.313569845
0.00658986563 -0.0275832989 0.313481809
0.00737701589 -0.0275863782 0.313393773
0.00816461467 -0.0275903874 0.313279153
0.0089530789 -0.0275963711 0.313108088
0.0097472466 -0.0276175951 0.312501313
0.0105432879 -0.0276406018 0.311843575
0.0113415467 -0.0276658643 0.311121346
0.0121450148 -0.0276997978 0.310151221
0.0129524615 -0.0277381784 0.309053959
0.0148507765 -0.02998508 0.244817318
0.0157178865 -0.0300102716 0.244097115
0.0165849818 -0.0300328529 0.243451537
0.0174526848 -0.0300542834 0.242838861
0.0183220699 -0.0300764978 0.242203773
0.0191927567 -0.0300987915 0.241566421
0.0200627729 -0.0301181746 0.241012277
0.0209327558 -0.0301359274 0.240504743
0.0218040519 -0.0301541159 0.239984752
0.0226817638 -0.0301795264 0.239258291
0.0235602839 -0.0302041322 0.238554837
0.0244381683 -0.0302262194 0.237923385
0.0253186674 -0.0302499558 0.237244786
0.0262009319 -0.0302741905 0.236551942
0.0270845969 -0.0302984647 0.235857965
0.0279652815 -0.0303179896 0.235299767
0.0288466843 -0.0303371101 0.234753133
0.0297291887 -0.0303562555 0.234205784
0.0306127946 -0.0303754239 0.233657779
0.0314975041 -0.0303946153 0.233109118
0.0323871135 -0.0304174218 0.232457103
0.0332790796 -0.0304412165 0.231776835
0.0341724303 -0.0304650509 0.231095435
0.0350671619 -0.0304889186 0.230413081
0.0359606912 -0.0305106076 0.229793013
0.0368528266 -0.0305301117 0.229235412
0.0377465998 -0.0305500557 0.228665234
0.0386540308 -0.0305799987 0.227809192
0.0395632208 -0.0306099981 0.226951541
0.0404685244 -0.0306357401 0.226215602
0.0413752559 -0.0306614655 0.225480141
0.0422834938 -0.0306872325 0.224743487
0.0432032447 -0.0307202154 0.223800541
0.044145745 -0.0307678841 0.222437741
0.0450884295 -0.0308138286 0.221124233
0.0460339029 -0.0308599087 0.219806851
0.0469884668 -0.0309102981 0.218366267
0.0480005413 -0.0309962995 0.215907575
0.0490289309 -0.0310896375 0.213239135
0.0500603392 -0.0311815683 0.210610928
0.0511447945 -0.0313030522 0.207137824
0.0523160277 -0.031473043 0.20227796
0.0534826891 -0.0316345921 0.197659434
-0.0436439787 -0.0324435199 0.200204195
-0.042561324 -0.0323015808 0.204150917
-0.041507024 -0.0321757937 0.207648517
-0.0405202293 -0.0320986302 0.209794106
-0.0395606584 -0.0320403283 0.211415233
-0.038605631 -0.0319831582 0.213004889
-0.037660051 -0.0319314114 0.214443745
-0.0367174917 -0.0318798276 0.215878071
-0.0357848754 -0.0318346574 0.21713406
-0.0348686066 -0.0318023061 0.218033613
-0.0339556005 -0.0317713673 0.218893887
-0.0330443932 -0.0317405294 0.219751359
-0.0321352079 -0.0317100236 0.220599593
-0.0312277504 -0.0316795758 0.221446218
-0.0303242955 -0.0316515974 0.222224177
-0.0294258401 -0.031627396 0.222897114
-0.0285305185 -0.0316052247 0.223513605
-0.0276364394 -0.0315830855 0.224129201
-0.0267435985 -0.0315609763 0.224743964
-0.0258520089 -0.0315389164 0.225357355
-0.0249620583 -0.0315174074 0.225955428
-0.0240733072 -0.0314959263 0.226552726
-0.0231857565 -0.0314744773 0.22714913
-0.0222991414 -0.0314526854 0.227755071
-0.0214135651 -0.0314306619 0.228367449
-0.0205292162 -0.0314086706 0.228978933
-0.0196460895 -0.0313867072 0.229589642
-0.0187641865 -0.0313647781 0.230199398
-0.0178837776 -0.0313433698 0.23079467
-0.0170046105 -0.0313220902 0.231386365
-0.0161266246 -0.0313008406 0.231977226
-0.0152498154 -0.0312796167 0.232567371
-0.0143729482 -0.0312556919 0.233232619
-0.0124142853 -0.0286812224 0.304817618
-0.0115912906 -0.0286104083 0.306786658
-0.0107753998 -0.02854831 0.308513345
-0.00997533643 -0.0285224924 0.309231223
-0.00917706261 -0.0284978644 0.309916021
-0.00838015059 -0.0284732794 0.310599626
-0.00758503483 -0.0284504199 0.31123525
-0.00679276658 -0.0284344093 0.311680437
-0.00600137958 -0.028418418 0.312125088
-0.00521087149 -0.0284024416 0.312569321
-0.00442124204 -0.0283864867 0.313012959
-0.00363360316 -0.0283795865 0.313204826
-0.00284685152 -0.0283779959 0.313249053
-0.00206018718 -0.0283764075 0.31329322
-0.00127360988 -0.0283748191 0.313337387
-0.000487119583 -0.0283732285 0.313381614
0.000299295304 -0.0283724954 0.313401998
0.00108572975 -0.0283732157 0.313381971
0.00187220366 -0.0283739359 0.313361944
0.00265871662 -0.0283746519 0.313342036
0.00344526934 -0.0283753721 0.313322009
0.0042319762 -0.0283768534 0.313280822
0.00501906503 -0.0283800238 0.313192667
0.00580810002 -0.02839182 0.312864662
0.00659810337 -0.028404999 0.312498213
0.00738892425 -0.0284185444 0.312121571
0.00818181069 -0.0284366901 0.311617018
0.00897742376 -0.0284603341 0.310959579
0.00977469946 -0.0284850499 0.310272337
0.0105738313 -0.0285111227 0.309547366
0.0113744105 -0.0285372426 0.308821083
0.0131622594 -0.0308848559 0.243543984
0.01402394 -0.0308991109 0.243147613
0.0148870307 -0.0309146778 0.242714764
0.0157491979 -0.0309267399 0.242379369
0.0166176571 -0.0309493421 0.241750897
0.0174875486 -0.0309722895 0.24111283
0.0183587165 -0.030995269 0.240473868
0.0192293913 -0.031015406 0.239913942
0.0200999867 -0.031033706 0.239405097
0.0209715993 -0.0310520275 0.238895656
0.0218442292 -0.0310703682 0.238385679
0.0227183949 -0.0310894399 0.237855376
0.0235953643 -0.031110846 0.237260164
0.02447625 -0.0311357655 0.23656726
0.0253585306 -0.0311607214 0.235873343
0.0262422127 -0.031185718 0.235178293
0.027124212 -0.0312071777 0.234581591
0.0280058125 -0.0312268689 0.234034063
0.0288885156 -0.0312465858 0.233485819
0.0297756584 -0.0312698569 0.232838751
0.0306660466 -0.0312951536 0.232135357
0.0315523547 -0.0313149841 0.231583954
0.0324394609 -0.0313345339 0.23104036
0.0333276609 -0.031354105 0.23049617
0.0342188633 -0.0313754597 0.229902388
0.0351144945 -0.0313997511 0.229226948
0.0360104964 -0.0314231979 0.228574993
0.0369163343 -0.0314539887 0.227718831
0.0378239335 -0.0314848417 0.226860942
0.0387332964 -0.0315157547 0.226001383
0.0396393081 -0.0315426205 0.225254358
0.0405463331 -0.0315691263 0.224517347
0.0414797414 -0.0316147895 0.223247649
0.0424256723 -0.0316679939 0.221768261
0.0433666315 -0.0317153827 0.220450582
0.0443102735 -0.0317628336 0.219131173
0.0452785734 -0.0318259179 0.217377068
0.0462885934 -0.0319156044 0.214883269
0.0472913337 -0.0319969716 0.212620796
0.0482991437 -0.0320787482 0.210346939
0.0493736903 -0.0322014677 0.206934632
0.0504970292 -0.032351364 0.202766658
0.0517313412 -0.0325664902 0.196784915
-0.0418889455 -0.0333744 0.199312688
-0.0408338403 -0.0332455917 0.202798785
-0.0397867706 -0.0331177658 0.206258298
-0.0387775681 -0.033016707 0.208993377
-0.0378273891 -0.0329629722 0.21044767
-0.0368802685 -0.0329094113 0.211897255
-0.0359361923 -0.0328560244 0.213342132
-0.0349994662 -0.0328069122 0.214671315
-0.0340672022 -0.032759595 0.215951921
-0.0331435314 -0.0327183473 0.217068256
-0.0322315202 -0.0326868187 0.217921556
-0.0313236319 -0.0326578689 0.21870506
-0.0304173707 -0.0326290094 0.219486119
-0.0295126939 -0.0326002007 0.220265807
-0.0286095975 -0.0325714425 0.221044125
-0.0277083622 -0.0325430742 0.221811892
-0.0268092132 -0.0325154106 0.222560586
-0.0259155243 -0.0324928124 0.223172189
-0.0250233436 -0.0324706128 0.223773004
-0.0241323678 -0.0324484419 0.224373044
-0.0232425963 -0.0324263017 0.22497225
-0.0223540281 -0.0324041947 0.225570561
-0.0214666561 -0.032382114 0.226168157
-0.0205804812 -0.0323600642 0.226764919
-0.0196955443 -0.0323381179 0.227358879
-0.0188120809 -0.0323167001 0.227938534
-0.0179294552 -0.0322947252 0.228533269
-0.0170480153 -0.0322727767 0.229127289
-0.01616776 -0.0322508568 0.229720534
-0.0152886893 -0.0322289699 0.230312885
-0.0144107974 -0.0322071095 0.230904521
-0.0135340851 -0.0321852821 0.231495263
-0.0126585472 -0.0321634812 0.232085289
-0.0117842766 -0.0321419709 0.232667448
-0.0100339112 -0.0294887314 0.304475368
-0.00921782604 -0.0294206285 0.306318523
-0.00840571399 -0.0293537434 0.308128716
-0.00760510619 -0.0293181889 0.309090973
-0.00681070719 -0.0293016603 0.309538306
-0.00601719368 -0.0292851516 0.309985103
-0.00522456444 -0.0292686649 0.310431303
-0.00443281676 -0.0292521936 0.310877086
-0.00364237119 -0.0292392526 0.311227323
-0.00285319977 -0.0292325685 0.311408223
-0.00206438498 -0.0292258866 0.311589064
-0.00127592674 -0.0292192091 0.311769785
-0.000487825505 -0.0292125977 0.311948718
0.000299972038 -0.0292096554 0.31202835
0.00108787738 -0.0292133311 0.31192887
0.00187597861 -0.0292170046 0.311829449
0.00266427617 -0.0292206825 0.311729909
0.00345278046 -0.0292244485 0.311627985
0.00424196688 -0.029231496 0.31143725
0.00503266332 -0.0292450866 0.31106943
0.00582411498 -0.0292588292 0.310697497
0.0066164663 -0.0292733074 0.310305656
0.00740959371 -0.029287801 0.309913398
0.00820462443 -0.0293063315 0.309411885
0.00901092547 -0.0293583904 0.30800295
0.0106108268 -0.0317829236 0.242384793
0.0114711205 -0.0317937987 0.242090465
0.012334021 -0.0318099155 0.241654278
0.0131977875 -0.0318260476 0.241217674
0.0140615509 -0.0318402174 0.240834178
0.0149245613 -0.0318511543 0.240538181
0.0157881582 -0.0318620977 0.240242006
0.0166523422 -0.0318730477 0.239945652
0.0175225786 -0.0318940008 0.239378573
0.0183939046 -0.0319149054 0.238812806
0.0192651114 -0.031933753 0.238302709
0.0201394129 -0.0319559349 0.237702371
0.0210149334 -0.031978172 0.237100543
0.0218909465 -0.0319993893 0.236526312
0.0227650097 -0.032016246 0.236070098
0.0236399848 -0.0320331203 0.235613407
0.0245158716 -0.0320500101 0.235156299
0.0253985203 -0.0320743503 0.234497549
0.0262817631 -0.0320978251 0.233862223
0.0271649685 -0.0321197648 0.233268441
0.0280528312 -0.0321457281 0.232565762
0.028942116 -0.0321717334 0.23186195
0.029832804 -0.0321977562 0.231157662
0.0307192756 -0.0322178591 0.230613591
0.0316068452 -0.0322379885 0.230068804
0.0324955125 -0.0322581421 0.229523362
0.0333856685 -0.0322786988 0.228967012
0.0342872346 -0.032309047 0.22814566
0.0351861903 -0.0323354795 0.227430285
0.0360866045 -0.032361956 0.226713718
0.0369920549 -0.0323916303 0.225910605
0.0379015839 -0.0324234563 0.225049259
0.038813576 -0.0324559276 0.224170448
0.0397540911 -0.0325104796 0.222694041
0.040697734 -0.0325652077 0.221212865
0.0416422287 -0.0326183039 0.219775857
0.0425840323 -0.0326671297 0.218454422
0.0435884711 -0.0327614339 0.215902151
0.044604144 -0.0328603454 0.213225187
0.0456044829 -0.0329442501 0.21095437
0.0466581204 -0.0330630288 0.207739712
0.0477955524 -0.0332361019 0.203055622
0.0489097052 -0.0333868057 0.198976935
-0.0391000696 -0.0341914194 0.201469006
-0.0380812903 -0.0340808238 0.204384448
-0.0370690191 -0.0339709358 0.207281233
-0.0360956248 -0.0338925785 0.209346832
-0.0351558204 -0.0338429933 0.210653962
-0.0342198897 -0.0337947059 0.211926879
-0.0332866018 -0.0337465565 0.21319616
-0.0323581302 -0.033700849 0.214401068
-0.0314360673 -0.0336595167 0.215490641
-0.0305162407 -0.0336182838 0.216577591
-0.0296073701 -0.0335871806 0.217397512
-0.0287016078 -0.0335578455 0.218170823
-0.027797758 -0.0335289852 0.218931617
-0.0268960952 -0.0335009932 0.219669522
-0.0259959229 -0.0334730486 0.220406176
-0.0250972374 -0.0334451516 0.221141578
-0.0242000334 -0.0334172997 0.221875788
-0.0233043059 -0.0333894909 0.222608866
-0.0224121375 -0.0333648746 0.223257782
-0.021522412 -0.0333420876 0.223858477
-0.020634033 -0.0333195673 0.224452139
-0.019747223 -0.0332977299 0.225027801
-0.0188615613 -0.0332759174 0.225602807
-0.0179770495 -0.0332541365 0.226176979
-0.0170936842 -0.0332323851 0.226750375
-0.0162114607 -0.0332106584 0.227323116
-0.0153303792 -0.0331889612 0.227895083
-0.014450202 -0.033166744 0.228480758
-0.0135710506 -0.0331442079 0.229074837
-0.0126930818 -0.0331217035 0.229668082
-0.0118168941 -0.0331009446 0.230215313
-0.010941798 -0.0330802265 0.23076147
-0.0100677863 -0.0330595354 0.231306912
-0.00919485687 -0.0330388715 0.231851639
-0.00832300701 -0.0330182325 0.23239571
-0.00685488407 -0.0302919676 0.304263534
-0.00604862498 -0.0302362707 0.305731775
-0.00524529321 -0.0301807751 0.307194711
-0.0044453282 -0.0301286665 0.30856836
-0.00365193708 -0.0301096419 0.309069873
-0.00286064237 -0.0301028067 0.309250058
-0.00206970289 -0.0300959737 0.309430183
-0.00127911854 -0.0300891453 0.309610189
-0.00048888894 -0.0300823191 0.309790136
0.000301037675 -0.0300794679 0.309865297
0.00109107605 -0.0300832869 0.309764625
0.00188131693 -0.0300871691 0.309662284
0.00267175968 -0.0300910536 0.309559883
0.00346240423 -0.0300949382 0.309457482
0.00425373217 -0.0301021939 0.309266211
0.00504671701 -0.030117031 0.308875085
0.00585611404 -0.030212161 0.306367339
0.00720769939 -0.0327407045 0.239711703
0.0080668765 -0.0327413715 0.23969412
0.00892608889 -0.0327420408 0.239676477
0.00978533536 -0.0327427078 0.239658894
0.0106446165 -0.0327433748 0.23964131
0.0115039339 -0.0327440463 0.239623608
0.0123678939 -0.0327569525 0.239283384
0.0132318645 -0.0327682194 0.238986374
0.0140964243 -0.0327794954 0.238689126
0.0149624413 -0.0327926887 0.238341333
0.0158291709 -0.0328059385 0.23799205
0.0166964559 -0.0328189261 0.237649681
0.0175627024 -0.0328286962 0.237392129
0.018433425 -0.0328455728 0.23694724
0.0193085261 -0.0328684413 0.236344399
0.0201848344 -0.0328913414 0.235740723
0.0210606446 -0.0329115892 0.235206963
0.0219355941 -0.0329289497 0.234749319
0.0228114549 -0.0329463237 0.234291317
0.0236882344 -0.0329637204 0.233832718
0.0245684516 -0.0329845403 0.233283879
0.0254488617 -0.0330042003 0.232765616
0.0263289335 -0.0330221441 0.232292594
0.0272171134 -0.0330488587 0.231588365
0.0281067193 -0.0330756184 0.230882944
0.0289974222 -0.0331020413 0.230186404
0.0298843573 -0.0331227278 0.229641081
0.0307734616 -0.0331446013 0.229064466
0.0316731941 -0.0331764869 0.228223921
0.0325746425 -0.0332084336 0.227381767
0.0334747025 -0.0332373323 0.22661996
0.0343745563 -0.0332645668 0.225902022
0.0352758702 -0.0332918444 0.225182952
0.0361805898 -0.0333209669 0.224415244
0.0371120018 -0.0333728991 0.223046245
0.0380417481 -0.0334209694 0.22177905
0.0389741509 -0.0334691777 0.220508219
0.0399121391 -0.0335199929 0.219168665
0.040882045 -0.0335950491 0.217190088
0.0418927846 -0.0337000418 0.214422347
0.0429098015 -0.0338056879 0.211637379
0.0439177653 -0.0339000242 0.209150554
0.045082414 -0.0341100775 0.203613283
0.0462038232 -0.0342796485 0.199143173
-0.0373878823 -0.0351653992 0.199483217
-0.0363723327 -0.0350513858 0.202412666
-0.0353773723 -0.034952189 0.204961421
-0.0343959589 -0.0348617377 0.207285465
-0.0334384419 -0.0347916335 0.209086718
-0.0325057069 -0.0347445068 0.210297586
-0.0315792526 -0.0347017135 0.211397113
-0.0306555142 -0.0346595489 0.212480487
-0.0297346839 -0.0346182959 0.213540436
-0.0288160244 -0.0345771427 0.214597823
-0.0279009082 -0.0345378198 0.215608181
-0.0269882953 -0.0344991604 0.216601492
-0.0260833503 -0.034468147 0.217398347
-0.0251816442 -0.0344394465 0.218135776
-0.0242814221 -0.0344107901 0.218872072
-0.023382682 -0.03438218 0.219607176
-0.0224854235 -0.034353621 0.220340969
-0.0215897463 -0.03432528 0.221069159
-0.0206961762 -0.0342980688 0.221768321
-0.0198040063 -0.034270897 0.22246647
-0.0189132488 -0.0342437925 0.223162891
-0.0180262535 -0.0342212928 0.223740996
-0.0171404124 -0.0341988232 0.224318327
-0.016255723 -0.0341763838 0.224894883
-0.0153721812 -0.0341539699 0.225470783
-0.0144897878 -0.0341315885 0.226045848
-0.0136085385 -0.034109235 0.226620199
-0.0127290342 -0.0340885517 0.227151634
-0.0118507302 -0.0340683161 0.227671565
-0.0109734581 -0.0340481037 0.2281909
-0.0100970811 -0.0340274505 0.228721561
-0.00922162398 -0.0340063241 0.22926438
-0.00834724328 -0.0339852256 0.229806484
-0.00747393586 -0.0339641502 0.230347992
-0.00660170038 -0.0339431004 0.230888845
-0.00573062806 -0.0339226421 0.231414498
-0.00486103994 -0.0339054037 0.231857421
-0.0039923265 -0.0338881815 0.232299925
-0.00312448671 -0.0338709779 0.232741953
-0.00225751902 -0.0338537905 0.233183564
-0.00139142228 -0.0338366217 0.233624698
-0.000526168535 -0.0338173743 0.234119238
0.000338103644 -0.0337975726 0.234628023
0.00120156348 -0.0337827815 0.235008062
0.00206449934 -0.0337715444 0.235296787
0.00292687549 -0.0337604117 0.23558283
0.00378870222 -0.0337494043 0.235865654
0.00464997291 -0.0337384061 0.23614824
0.00551068749 -0.0337274126 0.236430706
0.00637084677 -0.033716426 0.236712994
0.00723229978 -0.0337140367 0.236774386
0.00809438668 -0.033714786 0.236755134
0.00895651152 -0.0337155352 0.236735882
0.00981863311 -0.033716143 0.236720265
0.0106804962 -0.0337158368 0.236728133
0.0115423438 -0.0337155306 0.236736001
0.0124041751 -0.0337152221 0.236743928
0.0132709264 -0.0337274915 0.23642868
0.0141388754 -0.0337411412 0.236077966
0.0150070891 -0.0337538281 0.235751988
0.0158747186 -0.0337638961 0.235493304
0.01674286 -0.0337739686 0.2352345
0.0176115151 -0.0337840481 0.234975518
0.0184806844 -0.0337941346 0.234716357
0.0193521482 -0.0338073528 0.23437673
0.0202283969 -0.0338274887 0.233859362
0.0211073212 -0.0338502946 0.233273388
0.0219874197 -0.0338731307 0.23268664
0.0228686963 -0.0338959992 0.232099058
0.023750173 -0.0339174921 0.231546821
0.0246303713 -0.0339357049 0.231078865
0.0255115056 -0.0339539362 0.230610432
0.0263935791 -0.0339721883 0.230141462
0.0272765916 -0.033990459 0.229672016
0.028161829 -0.0340103095 0.229161979
0.0290589749 -0.0340430164 0.228321613
0.0299578336 -0.0340757881 0.227479579
0.0308584058 -0.0341086202 0.226635994
0.0317600767 -0.0341408422 0.225808086
0.0326593642 -0.0341688352 0.225088836
0.0335690341 -0.0342060262 0.224133255
0.0344987187 -0.0342613487 0.222711803
0.035429675 -0.0343151796 0.221328677
0.0363588163 -0.0343646887 0.220056595
0.0372906192 -0.0344143417 0.218780817
0.0382696717 -0.0345046166 0.216461302
0.0392567317 -0.034597942 0.214063408
0.0402454039 -0.0346885649 0.211734952
0.0412407675 -0.034780974 0.209360601
0.0423596509 -0.0349722088 0.204447033
0.0434922559 -0.0351667331 0.199448945
-0.0346817304 -0.0360533173 0.199752154
-0.033696983 -0.0359600458 0.20208949
-0.0327172724 -0.0358672524 0.204414846
-0.0317608018 -0.0357957444 0.2062068
-0.0308085857 -0.0357250855 0.207977475
-0.0298769677 -0.0356751103 0.209229829
-0.0289537346 -0.0356325085 0.210297407
-0.0280339242 -0.0355916026 0.211322488
-0.027116802 -0.0355515839 0.212325336
-0.0262017219 -0.0355116556 0.213325919
-0.0252886755 -0.0354718153 0.214324297
-0.0243776579 -0.0354320653 0.21532041
-0.0234686592 -0.035392401 0.216314377
-0.022563665 -0.0353559858 0.217226924
-0.0216652979 -0.0353275529 0.217939438
-0.0207685268 -0.0352994506 0.218643667
-0.0198731711 -0.0352713983 0.219346644
-0.0189792235 -0.0352433888 0.220048548
-0.0180866807 -0.035215422 0.22074938
-0.0171955396 -0.0351874981 0.221449138
-0.0163057992 -0.0351596218 0.222147705
-0.0154174528 -0.0351317859 0.222845258
-0.0145307127 -0.0351045185 0.223528566
-0.0136474046 -0.0350827003 0.224075319
-0.0127655061 -0.0350618097 0.224598827
-0.0118846455 -0.0350409381 0.225121857
-0.0110048252 -0.0350200975 0.225644113
-0.010126055 -0.0349993306 0.226164521
-0.00924835347 -0.0349787302 0.226680757
-0.00837167483 -0.0349581535 0.227196397
-0.0074960173 -0.0349376007 0.227711441
-0.00662137914 -0.0349170716 0.228225888
-0.00574813535 -0.0348989139 0.22868091
-0.00487594812 -0.0348819337 0.229106428
-0.00400458277 -0.0348648035 0.2295357
-0.0031340652 -0.0348476948 0.229964437
-0.00226439325 -0.0348305979 0.230392875
-0.0013955662 -0.0348135177 0.230820896
-0.000527582876 -0.0347964589 0.23124838
0.000339558185 -0.034779412 0.231675567
0.00120600498 -0.0347663492 0.232002915
0.00207196218 -0.0347558052 0.232267143
0.00293739972 -0.0347452731 0.232531072
0.00380231768 -0.0347347457 0.232794882
0.00466671642 -0.0347242231 0.233058573
0.00553059706 -0.03471371 0.233322026
0.00639400742 -0.0347034609 0.233578862
0.00725767991 -0.0346968724 0.233743967
0.00812249998 -0.0346965632 0.233751716
0.008987306 -0.0346962588 0.233759345
0.00985209564 -0.0346959496 0.233767094
0.0107168707 -0.0346956427 0.233774783
0.0115816299 -0.0346953335 0.233782531
0.0124463738 -0.0346950243 0.23379028
0.0133115057 -0.0346957688 0.233771624
0.0141813169 -0.0347079088 0.233467402
0.0150517318 -0.0347200583 0.233162941
0.015922751 -0.0347322173 0.232858242
0.0167943729 -0.0347443811 0.232553424
0.0176664234 -0.0347562048 0.232257129
0.0185385716 -0.0347671127 0.231983782
0.0194112611 -0.0347780254 0.231710316
0.0202844937 -0.0347889452 0.231436671
0.0211643475 -0.034809919 0.230911078
0.0220467662 -0.0348333213 0.230324628
0.0229272792 -0.0348520451 0.22985542
0.0238098393 -0.0348724219 0.229344787
0.0246975165 -0.0348986404 0.228687765
0.0255865161 -0.034924897 0.228029789
0.026476198 -0.0349503377 0.227392258
0.0273661538 -0.0349745154 0.226786377
0.0282573246 -0.0349987193 0.22617984
0.0291497241 -0.0350229636 0.22557229
0.0300433472 -0.0350472388 0.224963965
0.0309558176 -0.0350916483 0.223851086
0.0318816106 -0.0351484071 0.222428741
0.0328103762 -0.035205349 0.221001805
0.0337408276 -0.0352611064 0.219604553
0.0346738725 -0.0353166997 0.218211414
0.0356662834 -0.0354289138 0.215399386
0.0366598706 -0.035536868 0.21269411
0.0376433088 -0.0356300705 0.210358502
0.0387385709 -0.0358230998 0.205521287
0.0398463288 -0.0360188263 0.200616481
-0.0320152237 -0.0369851927 0.198933126
-0.0310564365 -0.0369135057 0.200686278
-0.0301013284 -0.0368420966 0.202432634
-0.0291498755 -0.0367709604 0.204172315
-0.0282037785 -0.0367023639 0.205849888
-0.0272658972 -0.0366404479 0.207364084
-0.0263349013 -0.0365840205 0.208744051
-0.0254177855 -0.0365438448 0.209726574
-0.0245026641 -0.0365037569 0.210706951
-0.0235895307 -0.0364637566 0.211685182
-0.0226783788 -0.0364238441 0.212661268
-0.0217697131 -0.0363848846 0.213614048
-0.020863132 -0.0363462907 0.214557888
-0.0199584531 -0.0363077747 0.21549982
-0.0190556733 -0.0362693417 0.216439726
-0.0181556318 -0.0362327024 0.217335762
-0.0172610321 -0.0362038867 0.218040468
-0.016367843 -0.0361751198 0.218743982
-0.0154760566 -0.0361463919 0.219446541
-0.0145857584 -0.0361179248 0.220142724
-0.0136978006 -0.0360920508 0.220775487
-0.0128111026 -0.0360662135 0.221407355
-0.0119256616 -0.0360404127 0.22203833
-0.011041475 -0.0360146485 0.222668411
-0.0101585403 -0.0359889208 0.223297598
-0.00927715554 -0.0359644191 0.223896803
-0.00839770316 -0.0359432004 0.224415721
-0.00751927885 -0.0359220084 0.224933983
-0.00664188641 -0.035900875 0.225450815
-0.00576616179 -0.0358838873 0.22586626
-0.00489125811 -0.0358669167 0.226281287
-0.00401717361 -0.0358499583 0.226696016
-0.00314390803 -0.0358330194 0.227110268
-0.00227145967 -0.0358160951 0.227524163
-0.00139982745 -0.0357991854 0.2279377
-0.000529010371 -0.0357822928 0.22835082
0.000340999746 -0.0357659924 0.228749456
0.00121038913 -0.0357542522 0.229036571
0.00207934485 -0.0357447054 0.229270043
0.00294783639 -0.03573511 0.229504706
0.00381586628 -0.0357255218 0.229739191
0.00468343409 -0.0357159336 0.229973675
0.00555054097 -0.0357063528 0.230207981
0.00641718745 -0.0356967793 0.230442108
0.00728337305 -0.0356872082 0.230676176
0.00815103395 -0.0356860968 0.230703355
0.00901885033 -0.0356858116 0.230710329
0.00988695284 -0.0356866086 0.230690838
0.0107550945 -0.035687408 0.230671288
0.0116232747 -0.0356882074 0.230651738
0.0124914934 -0.0356890068 0.230632188
0.0133597497 -0.0356898038 0.230612697
0.0142286443 -0.0356921095 0.230556311
0.0151019316 -0.0357045687 0.230251612
0.0159752696 -0.0357157947 0.229977073
0.0168491532 -0.0357270305 0.229702295
0.0177244378 -0.0357400064 0.22938496
0.0186006673 -0.035753599 0.229052545
0.0194775572 -0.0357672013 0.228719892
0.0203554641 -0.0357814422 0.228371622
0.0212344732 -0.0357963874 0.228006126
0.0221163172 -0.0358147741 0.227556469
0.0230045317 -0.0358417496 0.226896764
0.0238940721 -0.0358687642 0.226236107
0.024783962 -0.0358943919 0.225609364
0.0256745516 -0.0359192665 0.225001039
0.0265756705 -0.0359568368 0.224082233
0.0274832898 -0.0360005855 0.22301233
0.0283932311 -0.0360446072 0.221935751
0.029305597 -0.0360890043 0.220849992
0.0302201916 -0.0361335086 0.219761612
0.0311370227 -0.0361781201 0.218670608
0.0320880486 -0.0362591661 0.216688575
0.0330567141 -0.0363554109 0.214334847
0.0340483325 -0.0364713974 0.211498322
0.0350668387 -0.0366097604 0.208114566
0.0362149849 -0.0368741319 0.201649191
-0.0296392793 -0.0383049806 0.188889207
-0.0284467156 -0.0379225135 0.198022606
-0.0274892783 -0.037842602 0.199930908
-0.0265464817 -0.0377783654 0.201464893
-0.0256068519 -0.0377143434 0.202993752
-0.0246703738 -0.0376505361 0.204517485
-0.0237376657 -0.0375879592 0.206011833
-0.0228082153 -0.0375259041 0.207493724
-0.0218854795 -0.0374704308 0.208818437
-0.0209743526 -0.0374312314 0.209754528
-0.0200651126 -0.0373921118 0.210688712
-0.019157754 -0.0373530722 0.211620988
-0.0182522711 -0.0373141123 0.212551357
-0.0173486594 -0.0372752349 0.213479759
-0.016446912 -0.0372364373 0.214406254
-0.0155470232 -0.0371977196 0.215330841
-0.0146495194 -0.0371604521 0.216220798
-0.0137545432 -0.0371253061 0.217060091
-0.0128629206 -0.0370951422 0.217780413
-0.0119739805 -0.0370689543 0.218405785
-0.011086283 -0.0370428014 0.219030322
-0.0101998264 -0.0370166859 0.219653966
-0.00931460742 -0.0369906053 0.220276775
-0.00843062409 -0.0369645623 0.220898689
-0.00754787381 -0.0369385566 0.22151971
-0.00666671247 -0.0369146201 0.222091319
-0.00578721046 -0.036894168 0.222579719
-0.00490867413 -0.0368737409 0.223067524
-0.00403110119 -0.0368533337 0.223554851
-0.00315449064 -0.0368329515 0.224041583
-0.00227904055 -0.0368159913 0.224446596
-0.00140440224 -0.036799418 0.224842371
-0.00053054399 -0.0367828571 0.225237848
0.000342535068 -0.0367663087 0.225633027
0.00121500725 -0.03675463 0.225911917
0.00208704099 -0.0367448408 0.226145686
0.00295861468 -0.036735059 0.226379277
0.00382977483 -0.036725719 0.226602318
0.00470069507 -0.0367179216 0.226788522
0.00557124837 -0.0367101241 0.226974727
0.00644143561 -0.0367023317 0.227160813
0.00731125715 -0.0366945442 0.22734678
0.00818177005 -0.0366914891 0.227419736
0.00905312767 -0.0366924351 0.227397145
0.00992453049 -0.0366933836 0.227374496
0.0107959772 -0.0366943295 0.227351906
0.0116676857 -0.0366959594 0.227312984
0.0125400925 -0.0366994114 0.22723055
0.0134126627 -0.0367028658 0.227148058
0.0142853954 -0.0367063202 0.227065565
0.0151592948 -0.0367122133 0.226924838
0.0160369994 -0.0367262107 0.226590575
0.0169153672 -0.0367402182 0.226256074
0.0177949348 -0.0367553464 0.22589481
0.0186753481 -0.0367707391 0.225527229
0.0195564924 -0.0367861443 0.225159349
0.0204392381 -0.0368031345 0.22475362
0.0213267013 -0.0368269212 0.224185588
0.0222164025 -0.0368525724 0.223573031
0.023108931 -0.036880822 0.222898425
0.0240106041 -0.0369211496 0.221935393
0.02491732 -0.0369661672 0.220860364
0.0258262826 -0.0370113694 0.219780924
0.0267377199 -0.0370570559 0.21868992
0.0276805661 -0.0371422189 0.21665621
0.0286335984 -0.0372354614 0.214429559
0.0295894505 -0.0373267146 0.212250413
0.0305495584 -0.0374179203 0.2100724
0.0315989046 -0.0376108225 0.205465855
0.0326780101 -0.0378278058 0.200284244
-0.025064899 -0.0391682937 0.189957203
-0.0240072635 -0.0389227244 0.19568664
-0.0230178418 -0.0387742598 0.199150504
-0.0220825486 -0.0387097814 0.200654866
-0.0211521438 -0.0386488643 0.202076139
-0.0202249098 -0.0385886625 0.203480722
-0.0193005358 -0.0385286472 0.204880955
-0.0183790079 -0.0384688158 0.206276895
-0.0174603144 -0.0384091709 0.207668485
-0.0165462038 -0.0383538537 0.208959104
-0.0156407536 -0.0383137421 0.209894957
-0.0147376564 -0.0382749718 0.210799517
-0.0138371829 -0.0382385621 0.211649002
-0.0129384055 -0.0382022187 0.212496938
-0.0120413205 -0.0381659443 0.213343264
-0.0111459238 -0.0381297415 0.214187922
-0.0102522092 -0.0380936051 0.215031029
-0.009360172 -0.0380575351 0.215872587
-0.00846980774 -0.0380215315 0.216712596
-0.0075811123 -0.0379855969 0.217550995
-0.00669613128 -0.0379616235 0.218110325
-0.00581292741 -0.0379421668 0.218564274
-0.00493062036 -0.037922728 0.219017805
-0.00404920915 -0.0379033096 0.21947086
-0.0031686926 -0.0378839142 0.219923379
-0.00228906867 -0.0378645342 0.22037554
-0.00141033656 -0.0378451771 0.220827164
-0.000532494644 -0.0378258379 0.221278371
0.000344458354 -0.0378065192 0.221729101
0.00122077473 -0.0377944967 0.222009601
0.00209665669 -0.0377845333 0.222242059
0.00297208117 -0.0377745776 0.222474338
0.00384704793 -0.0377646219 0.222706618
0.00472155824 -0.0377546764 0.222938658
0.00559561167 -0.0377447335 0.22317064
0.00646920884 -0.0377347956 0.223402502
0.00734285578 -0.0377274508 0.223573865
0.00821685573 -0.0377232688 0.223671438
0.0090929808 -0.0377286873 0.223545017
0.00996935702 -0.0377341135 0.223418416
0.0108459813 -0.0377395346 0.223291935
0.0117228563 -0.0377449608 0.223165335
0.0125999809 -0.037750387 0.223038735
0.0134775461 -0.0377563497 0.222899617
0.0143570444 -0.0377666861 0.222658457
0.01523702 -0.0377770276 0.222417177
0.0161196592 -0.0377925143 0.222055854
0.0170070497 -0.0378170114 0.221484305
0.0178955797 -0.0378415366 0.220912101
0.0187860921 -0.0378677914 0.220299544
0.0196792996 -0.0378969228 0.219619872
0.0205738698 -0.0379260977 0.218939187
0.0214748664 -0.0379643008 0.218047859
0.0223864912 -0.0380176381 0.216803433
0.0233051142 -0.0380784377 0.215384902
0.0242281736 -0.0381418329 0.213905813
0.0251607423 -0.0382152937 0.212191881
0.0261118271 -0.0383110776 0.209957124
0.0271471977 -0.0385207914 0.205064239
0.0282104453 -0.0387556871 0.19958383
-0.0196532092 -0.0401519314 0.18823296
-0.0186427126 -0.0399332046 0.193221452
-0.0176515848 -0.0397362452 0.197713496
-0.0167162008 -0.0396520793 0.199633064
-0.0157934454 -0.0395904073 0.201039614
-0.0148735326 -0.0395289261 0.202441813
-0.0139591684 -0.039475442 0.203661622
-0.0130474652 -0.0394227471 0.204863431
-0.0121381731 -0.0393701934 0.206062021
-0.0112312819 -0.0393177782 0.207257451
-0.0103267816 -0.0392654989 0.208449783
-0.00942705986 -0.039223514 0.209407331
-0.00853056803 -0.0391878196 0.210221412
-0.00763569392 -0.0391521958 0.211033882
-0.0067433159 -0.0391218825 0.211725237
-0.00585265263 -0.0390939814 0.212361576
-0.00496324818 -0.0390661195 0.212997021
-0.00407509991 -0.0390382967 0.213631572
-0.00318820518 -0.0390105132 0.214265229
-0.00230256135 -0.0389827689 0.214897992
-0.00141825564 -0.0389577296 0.215469064
-0.000535091727 -0.0389341537 0.216006758
0.000347012947 -0.0389106092 0.216543736
0.00122845569 -0.03889882 0.216812612
0.00210950468 -0.0388894534 0.217026235
0.0029901327 -0.0388800868 0.217239858
0.00387034028 -0.0388707255 0.217453362
0.0047501281 -0.0388613719 0.217666687
0.00562949591 -0.0388520211 0.217879953
0.00650844434 -0.0388426754 0.218093099
0.00738720587 -0.0388345502 0.21827841
0.00826592135 -0.0388279199 0.218429627
0.00914784946 -0.0388361679 0.218241514
0.0100327728 -0.0388545718 0.217821779
0.0109185277 -0.0388729913 0.217401685
0.0118051168 -0.0388914318 0.216981115
0.0126925397 -0.0389098879 0.216560187
0.0135807985 -0.0389283623 0.216138841
0.0144713015 -0.0389506497 0.215630533
0.0153653385 -0.0389793767 0.214975359
0.0162606829 -0.0390081429 0.21431929
0.0171643346 -0.0390529163 0.213298144
0.0180747783 -0.0391080652 0.212040366
0.0189902954 -0.0391685847 0.210660102
0.0199192609 -0.0392503227 0.208795907
0.0208841343 -0.0393931003 0.205539586
0.0218654651 -0.0395541144 0.201867344
-0.0114706928 -0.0410802247 0.187819006
-0.0104998965 -0.0408402477 0.193171861
-0.00955562302 -0.0406694933 0.196980657
-0.0086336821 -0.0405697519 0.19920546
-0.00772486335 -0.0405167841 0.200386943
-0.006819611 -0.0404713278 0.201400878
-0.00591757524 -0.0404344011 0.202224554
-0.00501717071 -0.0403975411 0.203046741
-0.004118393 -0.040360748 0.203867437
-0.0032212375 -0.040324019 0.204686703
-0.00232570028 -0.0402873595 0.205504419
-0.00143184141 -0.0402527308 0.206276836
-0.000539556186 -0.0402227892 0.206944706
0.000351413362 -0.0401928876 0.207611682
0.00124181427 -0.0401856059 0.207774104
0.00213215424 -0.0401830406 0.207831325
0.00302238145 -0.0401804753 0.207888545
0.00391249617 -0.0401779127 0.207945706
0.00480249825 -0.0401753501 0.208002867
0.00569238768 -0.0401727875 0.208060028
0.00658216491 -0.0401702276 0.208117129
0.00747182912 -0.0401676649 0.20817429
0.00836353651 -0.0401754276 0.208001139
0.00926386123 -0.0402190535 0.207028033
0.0101697743 -0.0402772026 0.205730976
0.0110782896 -0.04033552 0.204430165
0.011989419 -0.0403940085 0.203125538
0.0129107886 -0.0404765626 0.201284112
0.0138368174 -0.0405621415 0.199375214
