ply
format ascii 1.0
element vertex 10000
property float x
property float y
property float z
property float nx
property float ny
property float nz
end_header
0.122658848 -0.183609842 0.230000004 0 0 1
0.021092738 0.191554669 0.230000004 0 0 1
-0.287607707 -0.0335623408 0.230000004 0 0 1
-0.291978247 0.0512041168 0.230000004 0 0 1
0.295828361 0.148866848 0.230000004 0 0 1
0.286602367 0.0211289106 0.230000004 0 0 1
-0.214362234 -0.194089721 0.230000004 0 0 1
0.232764166 -0.191766751 0.230000004 0 0 1
-0.150425566 -0.192171585 0.230000004 0 0 1
0.286546663 0.0983199056 0.230000004 0 0 1
0.298188269 -0.023496896 0.230000004 0 0 1
-0.286480195 0.0380987506 0.230000004 0 0 1
0.297525286 -0.00910782219 0.230000004 0 0 1
-0.284560645 0.0248349477 0.230000004 0 0 1
-0.055859557 -0.199894592 0.230000004 0 0 1
-0.267134226 0.191094561 0.230000004 0 0 1
0.298843074 -0.0364944559 0.230000004 0 0 1
-0.0175554989 -0.190780393 0.230000004 0 0 1
0.231245522 0.188622607 0.230000004 0 0 1
-0.296430278 0.011924381 0.230000004 0 0 1
-0.283613764 0.0251848419 0.230000004 0 0 1
0.222481435 0.198950913 0.230000004 0 0 1
0.0551733481 -0.193829805 0.230000004 0 0 1
0.194308017 -0.186371219 0.230000004 0 0 1
0.0207795442 -0.185457477 0.230000004 0 0 1
0.101946513 0.186426121 0.230000004 0 0 1
0.296342414 -0.143859808 0.230000004 0 0 1
0.284061133 0.112112578 0.230000004 0 0 1
0.235522838 -0.194311916 0.230000004 0 0 1
0.102870811 -0.19899092 0.230000004 0 0 1
-0.137579444 -0.197783229 0.230000004 0 0 1
0.12830728 0.183929194 0.230000004 0 0 1
-0.0228678578 0.198918323 0.230000004 0 0 1
0.202098048 -0.199720203 0.230000004 0 0 1
-0.232886226 -0.186394645 0.230000004 0 0 1
0.184416214 0.193388548 0.230000004 0 0 1
-0.297690225 0.0121050304 0.230000004 0 0 1
0.296607855 -0.0356939624 0.230000004 0 0 1
0.291739984 -0.0762487643 0.230000004 0 0 1
0.194652018 0.184393532 0.230000004 0 0 1
0.025229993 -0.189641787 0.230000004 0 0 1
-0.00362407014 0.186129968 0.230000004 0 0 1
-0.138247391 -0.187691259 0.230000004 0 0 1
0.0897704433 0.183761992 0.230000004 0 0 1
0.0452997477 0.187303275 0.230000004 0 0 1
0.293648399 0.0182146658 0.230000004 0 0 1
0.017852285 0.197817003 0.230000004 0 0 1
-0.253240405 -0.192357186 0.230000004 0 0 1
-0.29076016 0.106425897 0.230000004 0 0 1
0.295840906 0.0922526009 0.230000004 0 0 1
0.13138634 -0.192923671 0.230000004 0 0 1
-0.17076068 0.192611972 0.230000004 0 0 1
0.292652503 0.0362934513 0.230000004 0 0 1
-0.284806724 -0.0803299302 0.230000004 0 0 1
0.16173047 0.190594167 0.230000004 0 0 1
-0.248032745 0.195862291 0.230000004 0 0 1
-0.299850942 0.0902372047 0.230000004 0 0 1
0.231889008 -0.191185712 0.230000004 0 0 1
-0.163760525 0.187420725 0.230000004 0 0 1
-0.287007382 0.0960417861 0.230000004 0 0 1
-0.297244718 -2.36922173e-05 0.230000004 0 0 1
-0.205053035 0.197769557 0.230000004 0 0 1
-0.285122518 0.0714443478 0.230000004 0 0 1
-0.0330875927 -0.185935861 0.230000004 0 0 1
0.0607008999 0.187301603 0.230000004 0 0 1
0.0902654397 -0.193927982 0.230000004 0 0 1
-0.0669266752 0.197294171 0.230000004 0 0 1
0.284456502 0.145014091 0.230000004 0 0 1
0.181253452 0.187710911 0.230000004 0 0 1
-0.115300072 0.19472692 0.230000004 0 0 1
-0.105172543 -0.189306565 0.230000004 0 0 1
0.286743799 -0.112650278 0.230000004 0 0 1
-0.295215574 -0.120997236 0.230000004 0 0 1
0.289760575 -0.161984096 0.230000004 0 0 1
-0.295937627 -0.0449867425 0.230000004 0 0 1
-0.292445707 -0.0790502946 0.230000004 0 0 1
-0.0774713793 -0.186262649 0.230000004 0 0 1
0.294004851 -0.176986344 0.230000004 0 0 1
0.297333135 -0.150408961 0.230000004 0 0 1
-0.298977317 -0.135751128 0.230000004 0 0 1
-0.0179524273 -0.196919333 0.230000004 0 0 1
-0.299926197 -0.047108461 0.230000004 0 0 1
-0.214411137 -0.190703854 0.230000004 0 0 1
0.19636142 -0.186349725 0.230000004 0 0 1
-0.293145824 -0.18895297 0.230000004 0 0 1
-0.057861398 -0.194429162 0.230000004 0 0 1
0.198122473 -0.194855261 0.230000004 0 0 1
0.298283541 -0.193757728 0.230000004 0 0 1
-0.122953621 0.192510641 0.230000004 0 0 1
-0.136463672 -0.195242456 0.230000004 0 0 1
0.287548911 0.0533494594 0.230000004 0 0 1
0.287251187 -0.122401478 0.230000004 0 0 1
-0.291214233 0.0190823722 0.230000004 0 0 1
0.289292969 0.144351576 0.230000004 0 0 1
0.287408163 0.0221776288 0.230000004 0 0 1
0.297135178 -0.1445851 0.230000004 0 0 1
0.0673425819 0.196245658 0.230000004 0 0 1
0.292123121 -0.0856273929 0.230000004 0 0 1
0.297893358 -0.000814687413 0.230000004 0 0 1
0.291350654 0.00705918381 0.230000004 0 0 1
-0.28836179 -0.0964881724 0.230000004 0 0 1
-0.292270558 0.194234927 0.230000004 0 0 1
0.295945057 0.0596628092 0.230000004 0 0 1
0.285658327 -0.0527558553 0.230000004 0 0 1
0.180593978 0.183467988 0.230000004 0 0 1
-0.287949456 -0.198250007 0.230000004 0 0 1
-0.297733218 -0.0276219595 0.230000004 0 0 1
0.296302524 -0.126674224 0.230000004 0 0 1
-0.287739143 0.146265155 0.230000004 0 0 1
0.264106205 -0.18610436 0.230000004 0 0 1
-0.292666487 -0.197468444 0.230000004 0 0 1
-0.289051197 -0.0213331552 0.230000004 0 0 1
0.179534254 -0.191012221 0.230000004 0 0 1
-0.292361213 0.169073712 0.230000004 0 0 1
0.0504756216 -0.198650001 0.230000004 0 0 1
-0.264462805 -0.184227925 0.230000004 0 0 1
0.29102737 -0.17470391 0.230000004 0 0 1
-0.288121576 0.166542387 0.230000004 0 0 1
0.299550792 0.0285103852 0.230000004 0 0 1
-0.285857916 0.170339273 0.230000004 0 0 1
0.184542464 0.192175361 0.230000004 0 0 1
-0.297242735 -0.0117086287 0.230000004 0 0 1
0.28709313 -0.0229238474 0.230000004 0 0 1
-0.289045523 -0.191636605 0.230000004 0 0 1
0.0871399183 0.186782101 0.230000004 0 0 1
-0.196148017 0.191033025 0.230000004 0 0 1
0.298716733 0.0576186835 0.230000004 0 0 1
-0.279667911 0.183905021 0.230000004 0 0 1
-0.192849425 0.189030834 0.230000004 0 0 1
-0.0553841633 0.188497337 0.230000004 0 0 1
-0.139155455 -0.195152927 0.230000004 0 0 1
-0.143947565 -0.189927164 0.230000004 0 0 1
0.297951196 -0.147064065 0.230000004 0 0 1
0.167829902 -0.185381509 0.230000004 0 0 1
-0.0981158135 0.186846849 0.230000004 0 0 1
-0.294023928 0.00668724087 0.230000004 0 0 1
0.298942528 -0.147036537 0.230000004 0 0 1
0.085115502 -0.18344408 0.230000004 0 0 1
0.288860672 -0.0103780524 0.230000004 0 0 1
-0.122381054 0.187560421 0.230000004 0 0 1
-0.279466688 -0.19264829 0.230000004 0 0 1
-0.205120837 -0.190871926 0.230000004 0 0 1
0.297596405 0.0924281136 0.230000004 0 0 1
-0.250220625 0.197784851 0.230000004 0 0 1
-0.287971241 -0.186943244 0.230000004 0 0 1
0.284823004 -0.0550086842 0.230000004 0 0 1
-0.287741196 0.0565520314 0.230000004 0 0 1
0.293925201 0.145160816 0.230000004 0 0 1
-0.289096089 -0.177289603 0.230000004 0 0 1
0.289556843 0.117016387 0.230000004 0 0 1
-0.29142169 0.17502157 0.230000004 0 0 1
-0.0346414696 0.188153602 0.230000004 0 0 1
-0.291090969 0.10597603 0.230000004 0 0 1
0.117648816 -0.191326535 0.230000004 0 0 1
0.272718255 0.190037195 0.230000004 0 0 1
0.191392897 -0.187327159 0.230000004 0 0 1
0.284770146 0.0242115265 0.230000004 0 0 1
-0.20012091 0.199881676 0.230000004 0 0 1
0.291881478 0.00827291263 0.230000004 0 0 1
-0.283092996 -0.105366704 0.230000004 0 0 1
0.0205980156 0.186581124 0.230000004 0 0 1
-0.295592014 -0.0121525956 0.230000004 0 0 1
-0.291053886 -0.13871963 0.230000004 0 0 1
0.292466393 -0.0745476946 0.230000004 0 0 1
-0.0336194623 -0.197651341 0.230000004 0 0 1
0.251406874 0.196481068 0.230000004 0 0 1
0.113982004 0.190562087 0.230000004 0 0 1
0.28798848 0.106702563 0.230000004 0 0 1
0.29839259 -0.0784829523 0.230000004 0 0 1
-0.255716736 -0.18417216 0.230000004 0 0 1
0.181412549 0.188153872 0.230000004 0 0 1
0.290135939 -0.109834079 0.230000004 0 0 1
0.0392944523 0.185027126 0.230000004 0 0 1
-0.0273887783 0.195010752 0.230000004 0 0 1
0.293343914 0.010395297 0.230000004 0 0 1
0.292793247 0.024343839 0.230000004 0 0 1
0.141772066 -0.191723715 0.230000004 0 0 1
0.28612066 -0.155086444 0.230000004 0 0 1
0.293679403 -0.182403189 0.230000004 0 0 1
0.181043488 -0.186007016 0.230000004 0 0 1
0.287956194 0.160189923 0.230000004 0 0 1
-0.252445619 0.190195066 0.230000004 0 0 1
-0.23582401 0.192619634 0.230000004 0 0 1
-0.141056535 -0.199804821 0.230000004 0 0 1
-0.107464756 -0.198159775 0.230000004 0 0 1
-0.279648763 0.185462548 0.230000004 0 0 1
-0.194953433 0.183200053 0.230000004 0 0 1
0.284780914 -0.0730559768 0.230000004 0 0 1
-0.168406077 -0.186298727 0.230000004 0 0 1
-0.273249963 -0.197186264 0.230000004 0 0 1
-0.227815566 0.190601003 0.230000004 0 0 1
-0.181222947 -0.190814918 0.230000004 0 0 1
0.104021182 -0.184255198 0.230000004 0 0 1
-0.285573554 -0.0736642164 0.230000004 0 0 1
0.292596853 -0.0899109761 0.230000004 0 0 1
-0.0788729801 -0.187222474 0.230000004 0 0 1
-0.28654153 0.00032826104 0.230000004 0 0 1
0.291055111 -0.192362216 0.230000004 0 0 1
0.289971398 -0.039501543 0.230000004 0 0 1
-0.0689299678 -0.187477659 0.230000004 0 0 1
0.193276204 0.195149709 0.230000004 0 0 1
0.107067283 0.199997802 0.230000004 0 0 1
0.150509087 -0.193320627 0.230000004 0 0 1
-0.150370426 0.193754584 0.230000004 0 0 1
-0.17916295 -0.194810948 0.230000004 0 0 1
-0.157390419 -0.188458062 0.230000004 0 0 1
0.289756634 -0.129869611 0.230000004 0 0 1
-0.294389468 0.170726165 0.230000004 0 0 1
-0.293346151 0.0244911706 0.230000004 0 0 1
0.251961565 -0.18866757 0.230000004 0 0 1
-0.0773594713 0.192232627 0.230000004 0 0 1
0.0514072911 0.192733009 0.230000004 0 0 1
-0.287088842 0.031689954 0.230000004 0 0 1
-0.253570335 -0.198658185 0.230000004 0 0 1
-0.286746075 0.136520133 0.230000004 0 0 1
0.190869564 0.191288016 0.230000004 0 0 1
0.288713866 0.0701052604 0.230000004 0 0 1
-0.29747526 -0.0679802842 0.230000004 0 0 1
0.292674694 -0.190897262 0.230000004 0 0 1
-0.0689069903 -0.19912867 0.230000004 0 0 1
0.283254147 0.0295591054 0.230000004 0 0 1
-0.19544376 0.199968208 0.230000004 0 0 1
-0.293230488 0.152251815 0.230000004 0 0 1
-0.290543964 -0.0087597906 0.230000004 0 0 1
0.294090134 0.0453544356 0.230000004 0 0 1
-0.160101217 -0.188610661 0.230000004 0 0 1
-0.298103096 -0.161895413 0.230000004 0 0 1
-0.0161004764 0.193363101 0.230000004 0 0 1
-0.0232352513 -0.192839695 0.230000004 0 0 1
0.157533309 0.194878173 0.230000004 0 0 1
0.0456283469 -0.196477676 0.230000004 0 0 1
-0.294605812 -0.0868299667 0.230000004 0 0 1
0.042873785 -0.187895461 0.230000004 0 0 1
0.0642911907 -0.192369953 0.230000004 0 0 1
-0.283787434 0.049917934 0.230000004 0 0 1
0.00740930914 -0.18965461 0.230000004 0 0 1
-0.233533604 0.191455365 0.230000004 0 0 1
0.290533515 0.0542288748 0.230000004 0 0 1
-0.292780082 -0.0637220859 0.230000004 0 0 1
0.287949027 -0.163003775 0.230000004 0 0 1
-0.227381822 0.198896295 0.230000004 0 0 1
0.291265755 -0.119639818 0.230000004 0 0 1
0.166202902 -0.189668139 0.230000004 0 0 1
-0.2949254 -0.0484365694 0.230000004 0 0 1
0.293959996 0.0518301493 0.230000004 0 0 1
0.0985550229 -0.183017883 0.230000004 0 0 1
0.28315364 -0.183851832 0.230000004 0 0 1
0.284911495 -0.0176751366 0.230000004 0 0 1
-0.286310172 -0.0775252272 0.230000004 0 0 1
0.295652026 0.105823473 0.230000004 0 0 1
0.0462417697 0.190473165 0.230000004 0 0 1
0.140184645 0.190530576 0.230000004 0 0 1
0.285008061 -0.0765730027 0.230000004 0 0 1
0.12847251 -0.188269434 0.230000004 0 0 1
-0.291102724 -0.012269636 0.230000004 0 0 1
-0.297683226 -0.00222285807 0.230000004 0 0 1
0.294533121 0.0699338349 0.230000004 0 0 1
-0.291005541 0.178957665 0.230000004 0 0 1
0.27623456 -0.190771598 0.230000004 0 0 1
-0.0257780248 -0.198679018 0.230000004 0 0 1
-0.0246071126 -0.197046766 0.230000004 0 0 1
0.248676931 0.183149799 0.230000004 0 0 1
0.134854971 -0.199744331 0.230000004 0 0 1
0.0846731611 0.197989738 0.230000004 0 0 1
-0.00577916088 0.189424325 0.230000004 0 0 1
-0.288191874 -0.129928457 0.230000004 0 0 1
-0.0980634288 -0.190925685 0.230000004 0 0 1
-0.0118922289 0.193414393 0.230000004 0 0 1
-0.294158455 -0.00550174606 0.230000004 0 0 1
-0.287488295 0.0492071468 0.230000004 0 0 1
0.111169129 -0.19406002 0.230000004 0 0 1
0.286718562 0.113254256 0.230000004 0 0 1
-0.286027191 0.18867618 0.230000004 0 0 1
-0.120510563 -0.198786478 0.230000004 0 0 1
0.286748951 0.137323002 0.230000004 0 0 1
0.289353004 -0.0234598171 0.230000004 0 0 1
0.299262952 0.128242938 0.230000004 0 0 1
-0.296178632 -0.103751575 0.230000004 0 0 1
0.28640302 -0.0411568273 0.230000004 0 0 1
0.287767994 -0.155433526 0.230000004 0 0 1
-0.0138446102 -0.190076608 0.230000004 0 0 1
0.150845763 -0.194087772 0.230000004 0 0 1
0.289431329 -0.0612540564 0.230000004 0 0 1
-0.295115692 -0.148251397 0.230000004 0 0 1
0.2989645 -0.110937298 0.230000004 0 0 1
-0.182752174 -0.19749208 0.230000004 0 0 1
-0.0418422884 0.186298991 0.230000004 0 0 1
-0.282471807 -0.199679919 0.230000004 0 0 1
-0.239544413 -0.196295427 0.230000004 0 0 1
-0.287331612 0.0702712943 0.230000004 0 0 1
-0.0629270499 0.183740232 0.230000004 0 0 1
-0.287917954 0.024556281 0.230000004 0 0 1
-0.297671109 -0.0947441921 0.230000004 0 0 1
-0.2949305 -0.0264402872 0.230000004 0 0 1
-0.298179316 -0.177787598 0.230000004 0 0 1
-0.241988214 -0.189022283 0.230000004 0 0 1
-0.241089152 0.198268224 0.230000004 0 0 1
0.294760087 -0.125833048 0.230000004 0 0 1
0.260038242 -0.193516111 0.230000004 0 0 1
0.289253287 0.0547812923 0.230000004 0 0 1
0.297323001 -0.10662489 0.230000004 0 0 1
-0.132369599 -0.193039176 0.230000004 0 0 1
-0.285769529 0.0677523376 0.230000004 0 0 1
-0.172879574 -0.196873861 0.230000004 0 0 1
0.0995861411 -0.184511434 0.230000004 0 0 1
0.296804472 0.111532025 0.230000004 0 0 1
-0.00501708933 -0.187802251 0.230000004 0 0 1
0.292335599 0.0693220038 0.230000004 0 0 1
0.289066689 0.00873269689 0.230000004 0 0 1
-0.0836294609 0.184352857 0.230000004 0 0 1
-0.0600605344 0.195765606 0.230000004 0 0 1
0.00317164211 0.191053424 0.230000004 0 0 1
-0.00715032733 -0.192524833 0.230000004 0 0 1
-0.290490472 -0.0929197421 0.230000004 0 0 1
-0.178003946 -0.18773505 0.230000004 0 0 1
-0.0338616593 0.194225857 0.230000004 0 0 1
0.264418934 -0.188427711 0.230000004 0 0 1
-0.0309939502 0.183847502 0.230000004 0 0 1
0.0349217511 0.193222753 0.230000004 0 0 1
0.289181899 0.115635558 0.230000004 0 0 1
-0.293014325 -0.19316057 0.230000004 0 0 1
-0.294406091 -0.0329759094 0.230000004 0 0 1
0.287980971 0.160312631 0.230000004 0 0 1
-0.294932929 0.147621406 0.230000004 0 0 1
0.0169486509 -0.197825988 0.230000004 0 0 1
-0.0821183162 0.184117649 0.230000004 0 0 1
-0.252437092 0.197808708 0.230000004 0 0 1
0.0371791319 -0.193867293 0.230000004 0 0 1
0.265971868 0.19162196 0.230000004 0 0 1
0.233086317 0.189098716 0.230000004 0 0 1
0.289982143 -0.141421155 0.230000004 0 0 1
-0.241962496 0.191895752 0.230000004 0 0 1
-0.0250263247 -0.191099415 0.230000004 0 0 1
-0.287758761 -0.000529548686 0.230000004 0 0 1
-0.0849258217 0.199094659 0.230000004 0 0 1
0.286846102 0.139531257 0.230000004 0 0 1
0.256981473 -0.198285709 0.230000004 0 0 1
-0.241858768 -0.184931274 0.230000004 0 0 1
-0.175343665 0.191877026 0.230000004 0 0 1
-0.0257135756 -0.186712268 0.230000004 0 0 1
-0.296851923 0.149559805 0.230000004 0 0 1
0.198309537 -0.188324166 0.230000004 0 0 1
0.179028604 -0.197077411 0.230000004 0 0 1
-0.219526503 -0.193462584 0.230000004 0 0 1
-0.0252250544 -0.186296153 0.230000004 0 0 1
-0.290903517 0.183336106 0.230000004 0 0 1
-0.178287592 0.192899539 0.230000004 0 0 1
0.00479682288 -0.184933803 0.230000004 0 0 1
0.239486475 0.197941192 0.230000004 0 0 1
0.285088641 -0.147304628 0.230000004 0 0 1
0.295387577 -0.105066785 0.230000004 0 0 1
-0.183925444 0.191696771 0.230000004 0 0 1
-0.208819904 -0.183970414 0.230000004 0 0 1
0.202089221 -0.195606615 0.230000004 0 0 1
0.0427538626 0.197445588 0.230000004 0 0 1
-0.176003841 0.183068636 0.230000004 0 0 1
0.198243043 -0.199393261 0.230000004 0 0 1
0.296144676 0.0583633768 0.230000004 0 0 1
0.0532642878 0.190672405 0.230000004 0 0 1
0.135156945 0.197571671 0.230000004 0 0 1
0.298471927 0.0636257984 0.230000004 0 0 1
0.0814431123 -0.184668423 0.230000004 0 0 1
-0.284218583 -0.182596896 0.230000004 0 0 1
-0.150037667 0.184437258 0.230000004 0 0 1
-0.289497703 0.108298254 0.230000004 0 0 1
-0.291975139 0.0998486164 0.230000004 0 0 1
-0.237535471 -0.197630912 0.230000004 0 0 1
-0.247923321 0.189457606 0.230000004 0 0 1
0.29019564 0.0128870456 0.230000004 0 0 1
0.0947370845 0.198847312 0.230000004 0 0 1
-0.286338272 -0.162747597 0.230000004 0 0 1
0.128119388 0.187277288 0.230000004 0 0 1
0.117227572 0.197119932 0.230000004 0 0 1
0.199474685 -0.192501806 0.230000004 0 0 1
0.0119245394 -0.186515685 0.230000004 0 0 1
0.0291330924 -0.19404295 0.230000004 0 0 1
-0.283733654 -0.154202856 0.230000004 0 0 1
0.185486221 0.191910867 0.230000004 0 0 1
0.218355335 -0.18408494 0.230000004 0 0 1
-0.297391668 -0.133412057 0.230000004 0 0 1
-0.295598998 0.165293602 0.230000004 0 0 1
-0.236691454 0.195528678 0.230000004 0 0 1
0.294029731 -0.0746054747 0.230000004 0 0 1
0.00382250898 0.197754289 0.230000004 0 0 1
0.285619796 0.145482848 0.230000004 0 0 1
0.298677541 -0.160148351 0.230000004 0 0 1
0.185554818 0.185223568 0.230000004 0 0 1
-0.296466734 0.0766116247 0.230000004 0 0 1
0.294860728 -0.0649622241 0.230000004 0 0 1
0.273523993 -0.193727738 0.230000004 0 0 1
0.290162732 0.152983909 0.230000004 0 0 1
0.00233444203 -0.198560566 0.230000004 0 0 1
0.0966206522 -0.196158662 0.230000004 0 0 1
0.290110833 -0.0387987288 0.230000004 0 0 1
0.294932635 0.115016789 0.230000004 0 0 1
-0.204832918 0.189004392 0.230000004 0 0 1
0.13033602 -0.192125328 0.230000004 0 0 1
-0.291023472 0.0490763001 0.230000004 0 0 1
-0.298359358 -0.125280499 0.230000004 0 0 1
-0.298187204 0.138311417 0.230000004 0 0 1
-0.203977579 0.192419203 0.230000004 0 0 1
0.288576974 0.0529629408 0.230000004 0 0 1
-0.0386555888 0.197776464 0.230000004 0 0 1
-0.284359758 -0.100163478 0.230000004 0 0 1
-0.109739624 0.186670408 0.230000004 0 0 1
0.283996578 0.0784867057 0.230000004 0 0 1
0.0342393461 0.187767375 0.230000004 0 0 1
0.29981183 0.0408799614 0.230000004 0 0 1
-0.146486479 0.187969306 0.230000004 0 0 1
-0.184157955 -0.186297607 0.230000004 0 0 1
0.287811484 0.0683856383 0.230000004 0 0 1
-0.0578451889 -0.194408096 0.230000004 0 0 1
0.284561747 0.0155452548 0.230000004 0 0 1
-0.0233660761 -0.190781186 0.230000004 0 0 1
0.295510075 -0.127730858 0.230000004 0 0 1
0.296505187 -0.0660247823 0.230000004 0 0 1
0.259940435 -0.192909374 0.230000004 0 0 1
0.2988565 -0.0182112735 0.230000004 0 0 1
-0.243700463 -0.187148483 0.230000004 0 0 1
0.114684805 0.191435465 0.230000004 0 0 1
-0.0254411595 -0.189878356 0.230000004 0 0 1
-0.138552358 0.195572352 0.230000004 0 0 1
-0.131010507 -0.195935659 0.230000004 0 0 1
-0.143815179 0.199797779 0.230000004 0 0 1
-0.252217796 -0.194837497 0.230000004 0 0 1
-0.0783261168 -0.188057429 0.230000004 0 0 1
0.1513769 -0.198644325 0.230000004 0 0 1
0.125479132 -0.190513001 0.230000004 0 0 1
-0.178384081 0.190177665 0.230000004 0 0 1
0.167204708 -0.184760443 0.230000004 0 0 1
-0.298197098 -0.0727487101 0.230000004 0 0 1
-0.152152742 -0.185659292 0.230000004 0 0 1
-0.0655385506 -0.193401702 0.230000004 0 0 1
0.079323973 -0.184202202 0.230000004 0 0 1
0.143562476 -0.195864727 0.230000004 0 0 1
-0.13773722 -0.183649211 0.230000004 0 0 1
-0.290460612 -0.0991359552 0.230000004 0 0 1
-0.00579310442 0.187948167 0.230000004 0 0 1
-0.230934843 0.188907938 0.230000004 0 0 1
0.0243656868 -0.192290792 0.230000004 0 0 1
0.104375281 -0.190666148 0.230000004 0 0 1
-0.225707133 0.186475786 0.230000004 0 0 1
0.289639056 -0.073790868 0.230000004 0 0 1
-0.185935904 -0.197952222 0.230000004 0 0 1
0.0959898041 -0.183805295 0.230000004 0 0 1
0.287644989 0.123198604 0.230000004 0 0 1
-0.299178138 0.176732819 0.230000004 0 0 1
-0.298762925 0.141759436 0.230000004 0 0 1
0.203663355 0.186915754 0.230000004 0 0 1
-0.0157484125 0.191048502 0.230000004 0 0 1
-0.00420794886 -0.194458903 0.230000004 0 0 1
0.295716042 0.126248796 0.230000004 0 0 1
0.0708017659 -0.190510961 0.230000004 0 0 1
0.185000109 0.184332651 0.230000004 0 0 1
0.0324222368 -0.188899383 0.230000004 0 0 1
-0.074528829 -0.190926116 0.230000004 0 0 1
0.287176693 0.0605329754 0.230000004 0 0 1
0.117935672 0.186952506 0.230000004 0 0 1
-0.255371207 0.184342556 0.230000004 0 0 1
0.294948496 0.0792371568 0.230000004 0 0 1
0.294063431 -0.0585689897 0.230000004 0 0 1
-0.287853106 0.0478423812 0.230000004 0 0 1
0.189801336 0.198158435 0.230000004 0 0 1
0.125369439 -0.184963283 0.230000004 0 0 1
0.254234654 -0.197051992 0.230000004 0 0 1
0.073692708 -0.183384213 0.230000004 0 0 1
-0.106358527 0.194104484 0.230000004 0 0 1
-0.208362485 0.193076824 0.230000004 0 0 1
0.0319624427 -0.188470728 0.230000004 0 0 1
0.295252653 -0.0587123563 0.230000004 0 0 1
0.229338527 0.199418133 0.230000004 0 0 1
-0.283223623 0.00153094507 0.230000004 0 0 1
-0.179199625 -0.189369607 0.230000004 0 0 1
-0.0535678973 0.197968932 0.230000004 0 0 1
-0.284134943 0.156002953 0.230000004 0 0 1
-0.0259882413 -0.193086996 0.230000004 0 0 1
0.299921026 0.148314999 0.230000004 0 0 1
-0.293713235 -0.0755770407 0.230000004 0 0 1
0.177211977 0.183544899 0.230000004 0 0 1
0.21314246 0.192008356 0.230000004 0 0 1
0.0829410029 0.184841013 0.230000004 0 0 1
-0.250327459 -0.189578415 0.230000004 0 0 1
-0.255628442 -0.196612009 0.230000004 0 0 1
0.208002665 0.188932671 0.230000004 0 0 1
-0.164083809 -0.18655897 0.230000004 0 0 1
0.177418965 -0.194381915 0.230000004 0 0 1
-0.141366538 -0.194257892 0.230000004 0 0 1
0.098452168 0.193158057 0.230000004 0 0 1
-0.261921045 -0.197266336 0.230000004 0 0 1
-0.178029012 -0.186768614 0.230000004 0 0 1
-0.0994508125 0.18583624 0.230000004 0 0 1
0.246814033 0.193371053 0.230000004 0 0 1
-0.23751041 -0.196897729 0.230000004 0 0 1
-0.274734269 -0.198982316 0.230000004 0 0 1
0.0323487046 -0.187989486 0.230000004 0 0 1
0.187691969 0.188261028 0.230000004 0 0 1
-0.260772544 -0.185689415 0.230000004 0 0 1
0.288161376 -0.0248454506 0.230000004 0 0 1
-0.29460241 0.0534577749 0.230000004 0 0 1
0.299691674 -0.167954711 0.230000004 0 0 1
-0.287834961 -0.0111996021 0.230000004 0 0 1
0.291829425 0.0800287347 0.230000004 0 0 1
0.284429575 -0.127078722 0.230000004 0 0 1
0.212986227 0.184037954 0.230000004 0 0 1
-0.29782299 0.153077104 0.230000004 0 0 1
-0.296194341 -0.191297018 0.230000004 0 0 1
-0.151563445 0.190261432 0.230000004 0 0 1
0.290829001 -0.0982306304 0.230000004 0 0 1
0.289806474 0.151152756 0.230000004 0 0 1
0.284844183 0.0793103137 0.230000004 0 0 1
-0.263294877 -0.189154496 0.230000004 0 0 1
-0.190729588 -0.192790348 0.230000004 0 0 1
0.296377004 0.165447558 0.230000004 0 0 1
0.171758565 -0.199559841 0.230000004 0 0 1
0.082248603 0.194263121 0.230000004 0 0 1
0.298574915 -0.179092489 0.230000004 0 0 1
-0.283531807 -0.177144424 0.230000004 0 0 1
-0.0517058478 -0.198729739 0.230000004 0 0 1
0.109026408 -0.185415526 0.230000004 0 0 1
0.0480041869 0.192999763 0.230000004 0 0 1
0.0959655119 0.192093472 0.230000004 0 0 1
-0.224379236 -0.197647293 0.230000004 0 0 1
-0.252405869 0.194524218 0.230000004 0 0 1
-0.283384069 -0.00183705758 0.230000004 0 0 1
-0.297710085 -0.0397550378 0.230000004 0 0 1
0.259804727 -0.186191758 0.230000004 0 0 1
0.0592842783 -0.188114988 0.230000004 0 0 1
0.0171204622 0.188940419 0.230000004 0 0 1
0.266571485 -0.198142719 0.230000004 0 0 1
-0.29432479 -0.0974954472 0.230000004 0 0 1
0.28746226 -0.066957023 0.230000004 0 0 1
0.0596698228 -0.193148783 0.230000004 0 0 1
0.297863163 0.183899787 0.230000004 0 0 1
0.283973582 0.199212174 0.230000004 0 0 1
-0.196683881 0.195574849 0.230000004 0 0 1
-0.193863606 0.190180155 0.230000004 0 0 1
-0.296357238 0.0786670089 0.230000004 0 0 1
-0.151691296 -0.185223363 0.230000004 0 0 1
-0.208979385 0.196165755 0.230000004 0 0 1
0.272761587 -0.187383951 0.230000004 0 0 1
0.295964607 -0.0208569583 0.230000004 0 0 1
0.0515379911 0.191270496 0.230000004 0 0 1
0.0811123278 -0.183448894 0.230000004 0 0 1
0.0429885311 -0.18629006 0.230000004 0 0 1
-0.0593766097 -0.195059119 0.230000004 0 0 1
-0.208773153 0.195653447 0.230000004 0 0 1
0.123611234 0.193173608 0.230000004 0 0 1
0.0228006276 -0.193760223 0.230000004 0 0 1
-0.113205814 -0.186497735 0.230000004 0 0 1
0.291356986 0.129677861 0.230000004 0 0 1
-0.296529198 -0.124437722 0.230000004 0 0 1
-0.29844145 0.122748136 0.230000004 0 0 1
0.13664914 0.190872227 0.230000004 0 0 1
-0.118003385 0.196893766 0.230000004 0 0 1
-0.0177772377 -0.191770814 0.230000004 0 0 1
0.262761286 0.196105332 0.230000004 0 0 1
0.290145503 0.149717688 0.230000004 0 0 1
0.264191788 0.188313613 0.230000004 0 0 1
0.266479848 -0.184283239 0.230000004 0 0 1
-0.220178616 -0.184257806 0.230000004 0 0 1
-0.0696890437 -0.187890764 0.230000004 0 0 1
0.297442139 0.0764612418 0.230000004 0 0 1
-0.0395830285 0.193448934 0.230000004 0 0 1
-0.0121741717 0.194585667 0.230000004 0 0 1
0.0968021395 0.196140714 0.230000004 0 0 1
-0.284176219 0.156160098 0.230000004 0 0 1
-0.248108714 -0.189762797 0.230000004 0 0 1
-0.280134616 0.184941436 0.230000004 0 0 1
0.29779761 0.160966168 0.230000004 0 0 1
-0.284905738 0.174580558 0.230000004 0 0 1
0.293141829 0.198442719 0.230000004 0 0 1
-0.296692777 -0.112598637 0.230000004 0 0 1
-0.291196549 0.196798628 0.230000004 0 0 1
-0.0264371942 0.188807294 0.230000004 0 0 1
-0.0197707727 0.195346755 0.230000004 0 0 1
-0.17758496 0.186052974 0.230000004 0 0 1
0.288498976 0.0341471511 0.230000004 0 0 1
-0.290993293 -0.0550748616 0.230000004 0 0 1
0.25847574 0.183590761 0.230000004 0 0 1
-0.15424926 -0.191380531 0.230000004 0 0 1
-0.213866336 -0.199549282 0.230000004 0 0 1
0.142649387 -0.199018598 0.230000004 0 0 1
-0.288698734 0.104029176 0.230000004 0 0 1
-0.0911293047 -0.184058413 0.230000004 0 0 1
0.162442938 -0.190535675 0.230000004 0 0 1
0.169247951 -0.194242124 0.230000004 0 0 1
-0.0163316686 -0.19070625 0.230000004 0 0 1
-0.0737245033 0.194670976 0.230000004 0 0 1
-0.284432657 -0.137467155 0.230000004 0 0 1
-0.10325693 0.183614733 0.230000004 0 0 1
0.285644325 -0.172411006 0.230000004 0 0 1
-0.296083924 -0.0543599635 0.230000004 0 0 1
0.298897875 0.0776383731 0.230000004 0 0 1
-0.298333438 -0.0904591782 0.230000004 0 0 1
-0.233709141 -0.199020517 0.230000004 0 0 1
-0.299041642 0.122379958 0.230000004 0 0 1
0.00996171831 -0.194209789 0.230000004 0 0 1
0.138563125 0.183276343 0.230000004 0 0 1
0.291202803 0.133221032 0.230000004 0 0 1
-0.0925458898 0.188194986 0.230000004 0 0 1
-0.285197767 0.0193527246 0.230000004 0 0 1
-0.126941638 -0.197738209 0.230000004 0 0 1
-0.160217322 -0.199364807 0.230000004 0 0 1
0.138349924 -0.189808031 0.230000004 0 0 1
0.132726286 -0.188025915 0.230000004 0 0 1
-0.0368945984 -0.187629137 0.230000004 0 0 1
-0.077653708 0.197185269 0.230000004 0 0 1
0.154223882 -0.187871337 0.230000004 0 0 1
-0.290165939 0.0667381061 0.230000004 0 0 1
0.11169029 0.198596904 0.230000004 0 0 1
-0.295676102 -0.147352543 0.230000004 0 0 1
0.22766447 0.192723543 0.230000004 0 0 1
-0.276806382 0.1899072 0.230000004 0 0 1
-0.288179711 -0.0996261332 0.230000004 0 0 1
-0.00205771074 -0.189084755 0.230000004 0 0 1
0.176746668 0.189148136 0.230000004 0 0 1
-0.117467943 -0.196751622 0.230000004 0 0 1
-0.0210330328 0.19283415 0.230000004 0 0 1
-0.201089703 0.194836548 0.230000004 0 0 1
0.147996421 -0.18981099 0.230000004 0 0 1
0.139205551 -0.190909645 0.230000004 0 0 1
-0.289865444 -0.146832476 0.230000004 0 0 1
-0.257161023 0.194062672 0.230000004 0 0 1
0.0647399538 -0.193418464 0.230000004 0 0 1
0.21520671 -0.187428077 0.230000004 0 0 1
0.181365738 0.197263027 0.230000004 0 0 1
0.269006561 -0.186917371 0.230000004 0 0 1
0.100366848 0.187740908 0.230000004 0 0 1
0.284081103 -0.0360414595 0.230000004 0 0 1
0.0089332759 -0.19831679 0.230000004 0 0 1
0.192442731 0.184538829 0.230000004 0 0 1
0.28312349 0.0375775958 0.230000004 0 0 1
-0.283820568 -0.0581808668 0.230000004 0 0 1
-0.17070696 0.195550695 0.230000004 0 0 1
0.0197652984 0.192221072 0.230000004 0 0 1
0.249412288 -0.189407533 0.230000004 0 0 1
-0.172223515 -0.194014395 0.230000004 0 0 1
-0.29435279 -0.188566588 0.230000004 0 0 1
-0.284844305 0.197970197 0.230000004 0 0 1
0.0739203918 -0.192629658 0.230000004 0 0 1
0.0174804251 0.194833343 0.230000004 0 0 1
-0.229331562 0.190333484 0.230000004 0 0 1
0.295577494 0.123966091 0.230000004 0 0 1
-0.294562267 -0.0638520946 0.230000004 0 0 1
0.292580903 0.0352852936 0.230000004 0 0 1
-0.00237098522 -0.188984625 0.230000004 0 0 1
0.0781170233 -0.198640961 0.230000004 0 0 1
0.128618427 0.196824449 0.230000004 0 0 1
-0.0581329529 0.183413608 0.230000004 0 0 1
-0.0155535172 0.186525927 0.230000004 0 0 1
-0.299459441 0.0551738428 0.230000004 0 0 1
-0.292424583 0.0250423073 0.230000004 0 0 1
0.29388108 0.122099202 0.230000004 0 0 1
-0.0177589276 0.196779688 0.230000004 0 0 1
0.295937611 0.0317001047 0.230000004 0 0 1
0.299714556 -0.119887696 0.230000004 0 0 1
-0.287730631 0.124282309 0.230000004 0 0 1
-0.288131753 0.166800143 0.230000004 0 0 1
0.131002238 0.186225676 0.230000004 0 0 1
-0.296222022 0.0155823479 0.230000004 0 0 1
0.286450856 -0.166363884 0.230000004 0 0 1
-0.287164734 -0.0149950525 0.230000004 0 0 1
-0.0165400262 -0.193754622 0.230000004 0 0 1
-0.294769419 -0.022176792 0.230000004 0 0 1
-0.0955531258 0.196016706 0.230000004 0 0 1
-0.194841225 0.184334829 0.230000004 0 0 1
0.121756668 0.187518894 0.230000004 0 0 1
-0.129155925 0.196868897 0.230000004 0 0 1
0.0556876287 0.190887352 0.230000004 0 0 1
-0.285236795 -0.138892586 0.230000004 0 0 1
0.28980566 -0.113264988 0.230000004 0 0 1
-0.299207962 0.151064791 0.230000004 0 0 1
0.284313657 -0.0721327428 0.230000004 0 0 1
-0.288314743 0.0587683434 0.230000004 0 0 1
-0.285129509 -0.00240609042 0.230000004 0 0 1
-0.284347469 -0.0102595259 0.230000004 0 0 1
-0.0552179967 -0.19368945 0.230000004 0 0 1
-0.0482844842 0.194466281 0.230000004 0 0 1
0.10256275 -0.185995154 0.230000004 0 0 1
0.0476346036 -0.194182962 0.230000004 0 0 1
-0.162840071 0.185885605 0.230000004 0 0 1
0.190962101 0.198010579 0.230000004 0 0 1
-0.00677236701 -0.198414975 0.230000004 0 0 1
-0.29134237 -0.14706665 0.230000004 0 0 1
-0.209449177 0.194965739 0.230000004 0 0 1
-0.285608829 0.0201151907 0.230000004 0 0 1
0.198377404 -0.188991615 0.230000004 0 0 1
0.296713112 0.166816077 0.230000004 0 0 1
0.298430472 0.00564950377 0.230000004 0 0 1
-0.162020488 -0.192367683 0.230000004 0 0 1
-0.0102404108 0.1997827 0.230000004 0 0 1
-0.172064285 0.190776264 0.230000004 0 0 1
-0.296401245 -0.188673182 0.230000004 0 0 1
0.296760625 0.0796133275 0.230000004 0 0 1
-0.190948032 -0.199329444 0.230000004 0 0 1
0.0788020694 0.184340375 0.230000004 0 0 1
-0.110945073 -0.19722575 0.230000004 0 0 1
-0.298026302 -0.0225750516 0.230000004 0 0 1
0.292326271 -0.0281577137 0.230000004 0 0 1
-0.285605657 -0.132481374 0.230000004 0 0 1
0.29181408 0.158890375 0.230000004 0 0 1
-0.298178439 0.173059541 0.230000004 0 0 1
0.101896233 -0.19493243 0.230000004 0 0 1
-0.296278566 -0.145690077 0.230000004 0 0 1
-0.298999681 -0.158840467 0.230000004 0 0 1
-0.282618279 0.188863278 0.230000004 0 0 1
0.299418524 -0.190368518 0.230000004 0 0 1
-0.263698542 0.194979137 0.230000004 0 0 1
0.0738477353 -0.183067077 0.230000004 0 0 1
-0.207993823 -0.195117572 0.230000004 0 0 1
0.295569572 -0.0906574458 0.230000004 0 0 1
-0.294347203 -0.0582809907 0.230000004 0 0 1
0.28609311 0.185016204 0.230000004 0 0 1
0.0460603706 -0.184881802 0.230000004 0 0 1
0.291841539 -0.0799125315 0.230000004 0 0 1
-0.0358964428 -0.194361929 0.230000004 0 0 1
0.28841116 -0.164331602 0.230000004 0 0 1
0.292686955 -0.140769491 0.230000004 0 0 1
0.288791412 0.135468851 0.230000004 0 0 1
0.0621343557 0.198757744 0.230000004 0 0 1
-0.197159729 0.188217014 0.230000004 0 0 1
-0.065124486 -0.183908371 0.230000004 0 0 1
0.143195416 0.183507222 0.230000004 0 0 1
0.150205123 0.193416121 0.230000004 0 0 1
0.117631732 0.198468102 0.230000004 0 0 1
0.129461086 -0.192799386 0.230000004 0 0 1
0.297416637 -0.0907481804 0.230000004 0 0 1
0.192813192 0.199847661 0.230000004 0 0 1
0.0929240484 -0.187937873 0.230000004 0 0 1
0.0243113066 0.191675791 0.230000004 0 0 1
0.223058046 -0.191091393 0.230000004 0 0 1
-0.295717223 -0.0692165859 0.230000004 0 0 1
0.288167101 -0.196328449 0.230000004 0 0 1
-0.0288295766 -0.183859983 0.230000004 0 0 1
0.286116488 -0.149158326 0.230000004 0 0 1
-0.294244503 -0.160194631 0.230000004 0 0 1
0.297881839 -0.169139534 0.230000004 0 0 1
-0.287410628 -0.108732035 0.230000004 0 0 1
0.0371359075 0.19538145 0.230000004 0 0 1
-0.149872936 -0.197739436 0.230000004 0 0 1
-0.13477513 0.185070315 0.230000004 0 0 1
0.171617633 -0.185355119 0.230000004 0 0 1
-0.118422216 -0.186551318 0.230000004 0 0 1
-0.100065103 0.193282725 0.230000004 0 0 1
-0.287767552 0.119835462 0.230000004 0 0 1
0.288872515 0.0355128694 0.230000004 0 0 1
0.295454201 0.0237549636 0.230000004 0 0 1
0.1439774 0.197025161 0.230000004 0 0 1
0.293160738 -0.0147491807 0.230000004 0 0 1
-0.190367701 0.185403306 0.230000004 0 0 1
-0.166701589 0.187336983 0.230000004 0 0 1
0.265909517 -0.18673768 0.230000004 0 0 1
0.0449299664 -0.19535516 0.230000004 0 0 1
0.297532128 -0.0914150261 0.230000004 0 0 1
-0.28969869 0.192364486 0.230000004 0 0 1
0.0546102236 -0.194002216 0.230000004 0 0 1
-0.298875847 0.0486109025 0.230000004 0 0 1
-0.0388591199 0.184452924 0.230000004 0 0 1
-0.0493712845 -0.193316462 0.230000004 0 0 1
0.297804909 -0.0640288817 0.230000004 0 0 1
-0.00374615064 0.190031042 0.230000004 0 0 1
-0.217146423 0.192972796 0.230000004 0 0 1
0.291764749 -0.0495105527 0.230000004 0 0 1
0.288196671 -0.0388852286 0.230000004 0 0 1
0.209346031 0.194615025 0.230000004 0 0 1
0.299228853 0.143146125 0.230000004 0 0 1
-0.291832409 0.145994346 0.230000004 0 0 1
0.283559828 -0.104303151 0.230000004 0 0 1
0.0137081719 -0.198240475 0.230000004 0 0 1
-0.165076807 0.187627527 0.230000004 0 0 1
0.104454679 0.18901939 0.230000004 0 0 1
-0.284439618 -0.198665398 0.230000004 0 0 1
0.0393083628 0.183465948 0.230000004 0 0 1
0.176393858 -0.193296133 0.230000004 0 0 1
0.147439282 -0.18363199 0.230000004 0 0 1
-0.0411261544 0.196469297 0.230000004 0 0 1
-0.0392547034 -0.192247413 0.230000004 0 0 1
-0.28454314 -0.0257584072 0.230000004 0 0 1
-0.235075087 0.189822073 0.230000004 0 0 1
0.0581728858 0.196698444 0.230000004 0 0 1
0.19045722 0.190081337 0.230000004 0 0 1
-0.289870421 0.00670583805 0.230000004 0 0 1
0.283223353 -0.0669126005 0.230000004 0 0 1
0.0703788162 0.199906642 0.230000004 0 0 1
0.182716192 0.18842979 0.230000004 0 0 1
0.16650063 0.183712866 0.230000004 0 0 1
0.287213459 0.0564774795 0.230000004 0 0 1
0.157360584 0.193619161 0.230000004 0 0 1
-0.290543962 -0.0760984582 0.230000004 0 0 1
0.263207419 0.183982394 0.230000004 0 0 1
0.284236226 0.155021097 0.230000004 0 0 1
0.0618570397 0.185066444 0.230000004 0 0 1
-0.295905175 0.113599014 0.230000004 0 0 1
-0.0939179076 -0.194997536 0.230000004 0 0 1
0.0275028795 -0.198439655 0.230000004 0 0 1
0.11232526 0.193521768 0.230000004 0 0 1
-0.272886291 0.189507877 0.230000004 0 0 1
-0.29644127 -0.133438178 0.230000004 0 0 1
-0.295031669 0.0782430925 0.230000004 0 0 1
0.285457451 -0.0905985401 0.230000004 0 0 1
0.298622061 -0.0795575842 0.230000004 0 0 1
0.0550628992 -0.186650498 0.230000004 0 0 1
-0.213784148 0.194701388 0.230000004 0 0 1
0.0509316561 -0.192891737 0.230000004 0 0 1
0.0630777024 -0.19950523 0.230000004 0 0 1
-0.288680976 0.0250603756 0.230000004 0 0 1
0.281387086 0.191419329 0.230000004 0 0 1
0.0179753423 0.184719241 0.230000004 0 0 1
-0.282652649 -0.195057649 0.230000004 0 0 1
0.189862206 -0.189775432 0.230000004 0 0 1
-0.21813237 0.19477996 0.230000004 0 0 1
-0.287566673 -0.0839516178 0.230000004 0 0 1
0.283489471 -0.114490714 0.230000004 0 0 1
-0.28571874 0.0672820099 0.230000004 0 0 1
0.0389575126 0.186046951 0.230000004 0 0 1
0.210342384 0.185619923 0.230000004 0 0 1
-0.288962323 -0.096732553 0.230000004 0 0 1
0.288273351 0.172416776 0.230000004 0 0 1
-0.296434635 0.0293523359 0.230000004 0 0 1
0.297718491 0.104967001 0.230000004 0 0 1
-0.262036004 -0.198555045 0.230000004 0 0 1
-0.291939152 -0.0314376701 0.230000004 0 0 1
-0.025365465 0.190446701 0.230000004 0 0 1
0.289627598 0.174858023 0.230000004 0 0 1
-0.00126514147 -0.188350981 0.230000004 0 0 1
-0.289637737 0.190895017 0.230000004 0 0 1
0.17359267 0.19759628 0.230000004 0 0 1
0.00959808921 0.194136731 0.230000004 0 0 1
0.283710477 0.0226233976 0.230000004 0 0 1
-0.299451759 -0.113053789 0.230000004 0 0 1
0.292460259 0.14299269 0.230000004 0 0 1
0.298386872 0.141678018 0.230000004 0 0 1
-0.00757971491 0.199967737 0.230000004 0 0 1
-0.285259118 0.181922915 0.230000004 0 0 1
-0.161030976 0.199464534 0.230000004 0 0 1
0.0851737297 -0.188802754 0.230000004 0 0 1
-0.297256766 0.17468601 0.230000004 0 0 1
-0.117615565 -0.184268375 0.230000004 0 0 1
-0.0622887235 0.194486465 0.230000004 0 0 1
-0.0156481788 -0.196734231 0.230000004 0 0 1
-0.299333805 0.0292383546 0.230000004 0 0 1
-0.0276249546 -0.187143413 0.230000004 0 0 1
0.168413351 0.188999594 0.230000004 0 0 1
-0.297127104 0.00302839572 0.230000004 0 0 1
-0.285868712 -0.0183092066 0.230000004 0 0 1
0.294335723 0.172023398 0.230000004 0 0 1
0.296666548 -0.146132624 0.230000004 0 0 1
0.251181076 -0.193441348 0.230000004 0 0 1
-0.287437398 -0.131304058 0.230000004 0 0 1
0.299300832 -0.0657294438 0.230000004 0 0 1
-0.293024463 0.150814718 0.230000004 0 0 1
0.139628076 -0.18820582 0.230000004 0 0 1
0.266601731 -0.187142434 0.230000004 0 0 1
-0.0686541855 0.184156333 0.230000004 0 0 1
0.28915393 0.186894488 0.230000004 0 0 1
-0.287338077 0.0912990988 0.230000004 0 0 1
0.17175914 -0.183306401 0.230000004 0 0 1
0.0502900523 0.18537478 0.230000004 0 0 1
0.05671829 -0.185765144 0.230000004 0 0 1
0.271952932 0.196460517 0.230000004 0 0 1
-0.166312752 0.193503093 0.230000004 0 0 1
-0.0142057265 -0.185600122 0.230000004 0 0 1
-0.287014671 -0.162189911 0.230000004 0 0 1
-0.266059262 0.192363688 0.230000004 0 0 1
0.299143152 -0.124163983 0.230000004 0 0 1
0.299879588 -0.0466878674 0.230000004 0 0 1
-0.162164543 -0.192765532 0.230000004 0 0 1
0.0215604328 -0.198266589 0.230000004 0 0 1
-0.293258331 -0.132212557 0.230000004 0 0 1
0.107047084 -0.18985848 0.230000004 0 0 1
0.293999457 0.0683450022 0.230000004 0 0 1
0.180873326 -0.186688642 0.230000004 0 0 1
0.0137027868 0.194730347 0.230000004 0 0 1
-0.293935349 0.178940982 0.230000004 0 0 1
0.143537261 -0.188533142 0.230000004 0 0 1
-0.294028982 -0.0383595974 0.230000004 0 0 1
0.2884307 0.06873597 0.230000004 0 0 1
0.296858432 -0.00864213328 0.230000004 0 0 1
-0.0686263161 -0.185050039 0.230000004 0 0 1
0.190965433 0.196549459 0.230000004 0 0 1
0.164121466 -0.188998034 0.230000004 0 0 1
0.227066662 -0.196068617 0.230000004 0 0 1
0.142270889 -0.188596555 0.230000004 0 0 1
0.29363618 0.0316682162 0.230000004 0 0 1
-0.266614428 -0.196240147 0.230000004 0 0 1
-0.00311667659 -0.186882642 0.230000004 0 0 1
0.0667187748 -0.183477045 0.230000004 0 0 1
0.298962222 -0.0571676739 0.230000004 0 0 1
0.125308657 0.188520242 0.230000004 0 0 1
0.29918662 -0.157265904 0.230000004 0 0 1
-0.112695258 -0.189973635 0.230000004 0 0 1
-0.288774186 0.143625576 0.230000004 0 0 1
-0.294114671 0.0225515382 0.230000004 0 0 1
0.0914242884 0.186117553 0.230000004 0 0 1
-0.125252995 -0.190265217 0.230000004 0 0 1
0.287168055 0.184018988 0.230000004 0 0 1
-0.0379694199 0.194948523 0.230000004 0 0 1
-0.295138973 -0.0820231594 0.230000004 0 0 1
-0.251166214 -0.196392528 0.230000004 0 0 1
0.216138887 -0.187759809 0.230000004 0 0 1
0.290326478 -0.0441000854 0.230000004 0 0 1
-0.28029561 -0.190364192 0.230000004 0 0 1
0.287943869 -0.0681147557 0.230000004 0 0 1
-0.0221347073 0.185834443 0.230000004 0 0 1
0.0760722275 -0.196185043 0.230000004 0 0 1
0.28062217 -0.195735052 0.230000004 0 0 1
0.00654808552 -0.190972931 0.230000004 0 0 1
-0.102197692 0.188988193 0.230000004 0 0 1
0.280911013 0.191011617 0.230000004 0 0 1
-0.246496442 0.183359405 0.230000004 0 0 1
0.288514435 -0.0508403269 0.230000004 0 0 1
-0.0668208779 -0.189123507 0.230000004 0 0 1
0.283398244 -0.055980467 0.230000004 0 0 1
-0.128349627 0.187370054 0.230000004 0 0 1
-0.297083373 -0.195071673 0.230000004 0 0 1
0.00378409811 -0.188287969 0.230000004 0 0 1
0.0557133731 0.189991039 0.230000004 0 0 1
-0.288982111 -0.158951858 0.230000004 0 0 1
0.149227763 -0.184080742 0.230000004 0 0 1
-0.283664137 0.044249983 0.230000004 0 0 1
-0.137032164 0.183630527 0.230000004 0 0 1
-0.286538288 0.0511364775 0.230000004 0 0 1
-0.289294148 -0.179384585 0.230000004 0 0 1
-0.254003152 -0.185778003 0.230000004 0 0 1
-0.285502579 -0.0857948766 0.230000004 0 0 1
-0.266531203 0.184877593 0.230000004 0 0 1
0.292283718 0.0626718082 0.230000004 0 0 1
0.29167049 0.0557202327 0.230000004 0 0 1
0.0308965439 0.184265642 0.230000004 0 0 1
0.290844443 0.160685267 0.230000004 0 0 1
0.0902342532 0.189929862 0.230000004 0 0 1
-0.00184282394 -0.194586444 0.230000004 0 0 1
-0.239157243 -0.18561311 0.230000004 0 0 1
-0.295856206 -0.187666595 0.230000004 0 0 1
0.288118004 -0.192028506 0.230000004 0 0 1
-0.291234879 0.17262991 0.230000004 0 0 1
-0.0489891937 0.190868876 0.230000004 0 0 1
-0.0281959303 0.187169563 0.230000004 0 0 1
-0.16024604 -0.199759243 0.230000004 0 0 1
0.159927328 -0.193951774 0.230000004 0 0 1
-0.01244096 -0.196769036 0.230000004 0 0 1
0.186118403 -0.190902875 0.230000004 0 0 1
-0.284914943 0.066929561 0.230000004 0 0 1
-0.259423865 0.198193941 0.230000004 0 0 1
0.298709451 0.134656132 0.230000004 0 0 1
-0.13961093 0.183824276 0.230000004 0 0 1
-0.0401810177 -0.183884054 0.230000004 0 0 1
-0.1293044 -0.185026474 0.230000004 0 0 1
0.0731710735 -0.184628191 0.230000004 0 0 1
-0.295124573 0.156913127 0.230000004 0 0 1
0.0826048225 -0.194409969 0.230000004 0 0 1
-0.107328871 0.191066591 0.230000004 0 0 1
-0.260622048 -0.199291123 0.230000004 0 0 1
-0.293361027 -0.11114635 0.230000004 0 0 1
-0.297489811 0.135519549 0.230000004 0 0 1
0.253363148 -0.18417916 0.230000004 0 0 1
0.275842631 0.193076725 0.230000004 0 0 1
-0.283416778 -0.142054359 0.230000004 0 0 1
0.297389568 -0.180200677 0.230000004 0 0 1
0.131855853 -0.184558396 0.230000004 0 0 1
0.153957972 -0.199459312 0.230000004 0 0 1
0.16041261 -0.186292117 0.230000004 0 0 1
0.287729772 0.172486604 0.230000004 0 0 1
-0.140575437 -0.191238517 0.230000004 0 0 1
-0.143743994 0.197913319 0.230000004 0 0 1
-0.233571748 -0.184002847 0.230000004 0 0 1
-0.259571629 0.191947379 0.230000004 0 0 1
0.292669033 0.0894182465 0.230000004 0 0 1
0.0673725277 -0.198406653 0.230000004 0 0 1
0.285907811 -0.0622863146 0.230000004 0 0 1
-0.280897831 -0.183260874 0.230000004 0 0 1
0.145232692 0.199531895 0.230000004 0 0 1
-0.201063721 -0.190038064 0.230000004 0 0 1
0.1081737 -0.188230242 0.230000004 0 0 1
0.0404751417 -0.198026563 0.230000004 0 0 1
0.0240522579 0.18774828 0.230000004 0 0 1
-0.0493713452 -0.199830941 0.230000004 0 0 1
0.284797515 -0.00700118193 0.230000004 0 0 1
0.175449551 -0.193904068 0.230000004 0 0 1
0.0776629731 0.187775724 0.230000004 0 0 1
0.286415223 0.0443356272 0.230000004 0 0 1
0.29923336 -0.0886748096 0.230000004 0 0 1
0.292189487 0.0313589188 0.230000004 0 0 1
-0.252555977 0.187044727 0.230000004 0 0 1
-0.0298441614 0.185117064 0.230000004 0 0 1
0.091098031 -0.199647106 0.230000004 0 0 1
0.0462698907 0.190234022 0.230000004 0 0 1
-0.28680102 0.0204760594 0.230000004 0 0 1
0.178508969 -0.194667402 0.230000004 0 0 1
-0.0934802638 -0.194949028 0.230000004 0 0 1
-0.104441717 -0.187689597 0.230000004 0 0 1
0.11941859 0.183000152 0.230000004 0 0 1
-0.0885044411 -0.190555702 0.230000004 0 0 1
-0.285620942 -0.010462638 0.230000004 0 0 1
-0.0144655306 -0.188917948 0.230000004 0 0 1
0.292083381 0.165753234 0.230000004 0 0 1
-0.28996274 0.0108255789 0.230000004 0 0 1
0.195909671 0.196454379 0.230000004 0 0 1
0.0157772462 0.193456468 0.230000004 0 0 1
0.273271569 0.193936397 0.230000004 0 0 1
-0.28309868 0.131068269 0.230000004 0 0 1
0.294361111 0.00378307081 0.230000004 0 0 1
-0.290229005 -0.134530389 0.230000004 0 0 1
-0.297116359 0.110887808 0.230000004 0 0 1
-0.134988973 -0.184658021 0.230000004 0 0 1
0.286164689 0.126404998 0.230000004 0 0 1
0.212720317 0.195444767 0.230000004 0 0 1
0.265427946 0.194368262 0.230000004 0 0 1
-0.291025691 0.0258530915 0.230000004 0 0 1
0.213790592 0.188820383 0.230000004 0 0 1
-0.283037666 0.0751767628 0.230000004 0 0 1
-0.288948473 -0.00937138666 0.230000004 0 0 1
-0.167013197 -0.189586131 0.230000004 0 0 1
0.150948518 0.198861113 0.230000004 0 0 1
-0.292994935 0.190284578 0.230000004 0 0 1
0.285596707 0.0505564352 0.230000004 0 0 1
-0.25295206 0.184312115 0.230000004 0 0 1
-0.163265728 0.19384976 0.230000004 0 0 1
0.283253927 0.0269282291 0.230000004 0 0 1
0.0549652477 -0.199855722 0.230000004 0 0 1
0.142742602 -0.196772565 0.230000004 0 0 1
0.00110180273 -0.185476632 0.230000004 0 0 1
-0.295184784 0.142346936 0.230000004 0 0 1
0.297053732 -0.0231628999 0.230000004 0 0 1
-0.298457159 -0.124823955 0.230000004 0 0 1
0.229147957 0.190741974 0.230000004 0 0 1
-0.198697272 0.195893072 0.230000004 0 0 1
-0.144240175 0.192833978 0.230000004 0 0 1
-0.257971776 -0.192694344 0.230000004 0 0 1
0.0353556898 -0.185912525 0.230000004 0 0 1
-0.212293752 -0.1898727 0.230000004 0 0 1
-0.233701944 -0.183681976 0.230000004 0 0 1
0.299558577 0.0653557334 0.230000004 0 0 1
-0.242311773 -0.192920955 0.230000004 0 0 1
0.0563299855 0.187488767 0.230000004 0 0 1
0.255344191 0.185703105 0.230000004 0 0 1
0.16643419 0.1880156 0.230000004 0 0 1
0.00243773843 -0.18651558 0.230000004 0 0 1
-0.0526812681 -0.194322335 0.230000004 0 0 1
-0.295601067 -0.152883301 0.230000004 0 0 1
-0.283030954 -0.000657369818 0.230000004 0 0 1
0.10122296 0.195791243 0.230000004 0 0 1
-0.290257659 0.138097048 0.230000004 0 0 1
0.0650963567 0.189066481 0.230000004 0 0 1
0.171275785 -0.186774982 0.230000004 0 0 1
-0.162109012 -0.186983898 0.230000004 0 0 1
-0.0866235988 -0.194073069 0.230000004 0 0 1
-0.296764408 0.108219249 0.230000004 0 0 1
-0.0835009764 0.192866574 0.230000004 0 0 1
0.229088676 0.194889905 0.230000004 0 0 1
-0.00874932021 -0.184734188 0.230000004 0 0 1
-0.299109431 0.0296788986 0.230000004 0 0 1
-0.298444175 0.199357151 0.230000004 0 0 1
0.29026944 0.0221255874 0.230000004 0 0 1
-0.299957457 -0.137224286 0.230000004 0 0 1
0.297285638 -0.0598648122 0.230000004 0 0 1
0.23575334 0.195103284 0.230000004 0 0 1
0.290627797 -0.135986495 0.230000004 0 0 1
-0.182184057 0.193764952 0.230000004 0 0 1
0.034939122 -0.196734868 0.230000004 0 0 1
-0.283707782 0.120907959 0.230000004 0 0 1
-0.130071295 0.197357859 0.230000004 0 0 1
0.284678689 0.177154119 0.230000004 0 0 1
-0.0717644622 0.18508441 0.230000004 0 0 1
0.294902462 -0.0937248947 0.230000004 0 0 1
0.289433147 -0.149771619 0.230000004 0 0 1
0.180556011 -0.198011991 0.230000004 0 0 1
-0.0109033964 0.188642186 0.230000004 0 0 1
0.294657641 -0.0415613613 0.230000004 0 0 1
-0.298420399 -0.0046860057 0.230000004 0 0 1
-0.232845331 0.186044582 0.230000004 0 0 1
0.294004481 0.0474358689 0.230000004 0 0 1
0.299963358 -0.0776628734 0.230000004 0 0 1
-0.150769894 0.195237738 0.230000004 0 0 1
0.294013596 0.170628581 0.230000004 0 0 1
-0.271721281 -0.186019373 0.230000004 0 0 1
0.144835618 -0.1931253 0.230000004 0 0 1
-0.0354791116 0.18568836 0.230000004 0 0 1
-0.051202296 0.19378582 0.230000004 0 0 1
0.296005625 0.0353001232 0.230000004 0 0 1
-0.0913385635 -0.186391326 0.230000004 0 0 1
-0.191846072 0.19133873 0.230000004 0 0 1
0.243126655 0.188333885 0.230000004 0 0 1
0.296993726 -0.10236708 0.230000004 0 0 1
-0.295125261 -0.110552323 0.230000004 0 0 1
0.064226232 0.192266071 0.230000004 0 0 1
0.0313246502 0.18554687 0.230000004 0 0 1
0.297951461 -0.0605206191 0.230000004 0 0 1
-0.296984902 -0.176525081 0.230000004 0 0 1
0.297647118 -0.171368585 0.230000004 0 0 1
0.251915271 0.195249124 0.230000004 0 0 1
0.0407819738 -0.195446628 0.230000004 0 0 1
-0.0639127814 0.184312183 0.230000004 0 0 1
0.0393889564 -0.193675095 0.230000004 0 0 1
-0.285995387 0.0692832557 0.230000004 0 0 1
-0.122716064 0.19678544 0.230000004 0 0 1
0.21678706 0.19712267 0.230000004 0 0 1
0.298350624 -0.0145175989 0.230000004 0 0 1
0.140982979 0.186312253 0.230000004 0 0 1
-0.293636721 -0.114515796 0.230000004 0 0 1
0.143634335 0.199980087 0.230000004 0 0 1
-0.218417966 -0.188192377 0.230000004 0 0 1
-0.282727808 0.194230483 0.230000004 0 0 1
-0.0156076288 0.197769825 0.230000004 0 0 1
0.172283723 -0.199638271 0.230000004 0 0 1
-0.229551656 0.185133679 0.230000004 0 0 1
-0.284429889 -0.00213654528 0.230000004 0 0 1
0.103546634 -0.184548858 0.230000004 0 0 1
-0.0927388882 0.189234245 0.230000004 0 0 1
-0.293672494 0.0914560239 0.230000004 0 0 1
0.288554336 0.171724629 0.230000004 0 0 1
-0.295496474 0.0176915258 0.230000004 0 0 1
0.293751593 0.183725633 0.230000004 0 0 1
0.165744329 -0.196408673 0.230000004 0 0 1
-0.0815953644 0.193886653 0.230000004 0 0 1
-0.291611836 0.130813448 0.230000004 0 0 1
-0.164574794 0.198849358 0.230000004 0 0 1
-0.290593387 -0.0209533572 0.230000004 0 0 1
0.233702858 0.192318215 0.230000004 0 0 1
0.298366428 0.128081138 0.230000004 0 0 1
-0.294599545 0.00579614297 0.230000004 0 0 1
-0.276713877 -0.19703881 0.230000004 0 0 1
0.286684068 0.194361669 0.230000004 0 0 1
-0.0500274797 -0.199995227 0.230000004 0 0 1
0.176737753 -0.192099998 0.230000004 0 0 1
0.21061473 -0.196133843 0.230000004 0 0 1
0.0558751969 -0.196866486 0.230000004 0 0 1
-0.293476299 0.0323476233 0.230000004 0 0 1
-0.173107073 0.192464201 0.230000004 0 0 1
0.298459026 -0.031729016 0.230000004 0 0 1
0.23321918 0.197686056 0.230000004 0 0 1
-0.163560704 -0.196464989 0.230000004 0 0 1
0.292961111 -0.0510127801 0.230000004 0 0 1
0.262137231 -0.184854731 0.230000004 0 0 1
0.291322114 -0.00664510794 0.230000004 0 0 1
-0.285125716 0.091012751 0.230000004 0 0 1
-0.198856103 -0.193738143 0.230000004 0 0 1
0.234303185 0.198739337 0.230000004 0 0 1
0.287168414 0.166975105 0.230000004 0 0 1
0.285991892 0.111754375 0.230000004 0 0 1
-0.294494542 0.1604566 0.230000004 0 0 1
-0.256168456 0.192322663 0.230000004 0 0 1
0.299833319 0.199067826 0.230000004 0 0 1
0.185805389 -0.188706669 0.230000004 0 0 1
0.283770746 -0.148632888 0.230000004 0 0 1
0.0577310562 -0.197290313 0.230000004 0 0 1
-0.0689457004 -0.185488864 0.230000004 0 0 1
-0.0829896472 -0.183918852 0.230000004 0 0 1
-0.284840501 0.117676536 0.230000004 0 0 1
0.0224279745 -0.199508221 0.230000004 0 0 1
0.253582462 0.190972005 0.230000004 0 0 1
-0.13986015 0.195572696 0.230000004 0 0 1
-0.215006029 -0.195628152 0.230000004 0 0 1
-0.176363893 0.185183353 0.230000004 0 0 1
-0.125102345 -0.183575082 0.230000004 0 0 1
-0.285339361 0.126213871 0.230000004 0 0 1
0.0823004566 0.196987814 0.230000004 0 0 1
-0.101699763 -0.193772907 0.230000004 0 0 1
0.0562008921 -0.186705964 0.230000004 0 0 1
-0.293877218 0.130508695 0.230000004 0 0 1
0.163138408 -0.185402036 0.230000004 0 0 1
0.297977336 -0.122637241 0.230000004 0 0 1
0.254056393 0.184159103 0.230000004 0 0 1
-0.209434427 -0.192614526 0.230000004 0 0 1
0.284597013 -0.127551039 0.230000004 0 0 1
0.147034672 -0.19571887 0.230000004 0 0 1
0.0287458399 0.196008355 0.230000004 0 0 1
0.29229299 -0.170495094 0.230000004 0 0 1
0.177643704 0.185631708 0.230000004 0 0 1
0.287883025 0.131765763 0.230000004 0 0 1
-0.292311677 -0.0900783474 0.230000004 0 0 1
-0.190089551 -0.19933092 0.230000004 0 0 1
0.290788937 -0.0145682622 0.230000004 0 0 1
0.287491381 0.0861179564 0.230000004 0 0 1
0.289304594 0.0860753599 0.230000004 0 0 1
0.253230763 0.192314029 0.230000004 0 0 1
0.28541963 -0.168959528 0.230000004 0 0 1
-0.194050077 0.195233806 0.230000004 0 0 1
-0.0339884021 0.184601546 0.230000004 0 0 1
0.0230238471 -0.186070852 0.230000004 0 0 1
0.137742358 -0.195497097 0.230000004 0 0 1
-0.283914869 -0.0539642974 0.230000004 0 0 1
0.0082281671 0.184933934 0.230000004 0 0 1
0.248761607 0.197119713 0.230000004 0 0 1
0.295753674 -0.102795265 0.230000004 0 0 1
-0.284958134 -0.041102383 0.230000004 0 0 1
0.297040163 -0.0153410028 0.230000004 0 0 1
-0.00781781703 0.188659919 0.230000004 0 0 1
-0.29597267 -0.196217877 0.230000004 0 0 1
0.295301427 -0.155175793 0.230000004 0 0 1
-0.292309676 0.0787486228 0.230000004 0 0 1
-0.211127311 -0.191551558 0.230000004 0 0 1
-0.232475448 0.197700583 0.230000004 0 0 1
0.120599367 -0.198849596 0.230000004 0 0 1
0.286406374 0.113935394 0.230000004 0 0 1
0.122091874 0.19564921 0.230000004 0 0 1
0.286617388 0.118039788 0.230000004 0 0 1
-0.0939994335 0.192779044 0.230000004 0 0 1
-0.283832611 -0.166751157 0.230000004 0 0 1
-0.145074421 0.188623588 0.230000004 0 0 1
0.229189561 0.193512428 0.230000004 0 0 1
0.229139313 0.194738618 0.230000004 0 0 1
0.0323298755 -0.195906624 0.230000004 0 0 1
0.0642407614 0.184405763 0.230000004 0 0 1
-0.00209395884 -0.183696242 0.230000004 0 0 1
0.195162119 -0.192387622 0.230000004 0 0 1
-0.221752938 -0.197901794 0.230000004 0 0 1
-0.225077687 0.183763289 0.230000004 0 0 1
-0.28803493 0.101342089 0.230000004 0 0 1
0.0267608751 0.193359628 0.230000004 0 0 1
-0.18553808 -0.184046432 0.230000004 0 0 1
0.296236391 -0.0627206967 0.230000004 0 0 1
0.0292720234 -0.198097354 0.230000004 0 0 1
-0.114479377 -0.194058636 0.230000004 0 0 1
-0.291479636 0.154594554 0.230000004 0 0 1
-0.298058065 -0.0741070121 0.230000004 0 0 1
0.115764316 0.190511907 0.230000004 0 0 1
0.183554982 0.183585731 0.230000004 0 0 1
0.284855989 -0.00362960562 0.230000004 0 0 1
-0.274930773 0.195253808 0.230000004 0 0 1
-0.293474487 0.0594015074 0.230000004 0 0 1
-0.142248006 0.183658896 0.230000004 0 0 1
0.00751205196 -0.189668824 0.230000004 0 0 1
-0.0502057319 0.187312908 0.230000004 0 0 1
0.235143541 -0.198572861 0.230000004 0 0 1
0.158548946 -0.187873825 0.230000004 0 0 1
-0.295425702 -0.0804489956 0.230000004 0 0 1
0.290597378 0.0872830629 0.230000004 0 0 1
0.141006519 0.192663703 0.230000004 0 0 1
-0.108454275 -0.193895698 0.230000004 0 0 1
-0.04435977 -0.184183703 0.230000004 0 0 1
-0.286173181 0.175696563 0.230000004 0 0 1
0.165153254 0.192741455 0.230000004 0 0 1
-0.194436771 -0.19378379 0.230000004 0 0 1
0.285872248 -0.101273912 0.230000004 0 0 1
-0.0236846495 -0.193690132 0.230000004 0 0 1
-0.294713357 0.0615495902 0.230000004 0 0 1
-0.234248954 0.185959563 0.230000004 0 0 1
-0.263189629 0.183325834 0.230000004 0 0 1
-0.285709211 0.121447764 0.230000004 0 0 1
-0.272419874 -0.185587822 0.230000004 0 0 1
-0.290353286 -0.158248332 0.230000004 0 0 1
0.21416666 -0.194797632 0.230000004 0 0 1
0.145519903 -0.183213735 0.230000004 0 0 1
-0.298382327 0.0194080123 0.230000004 0 0 1
0.205607945 0.188047279 0.230000004 0 0 1
-0.284178854 -0.127975445 0.230000004 0 0 1
0.297306349 -0.195794555 0.230000004 0 0 1
-0.292115021 0.144802108 0.230000004 0 0 1
-0.284450414 -0.0940882331 0.230000004 0 0 1
0.20826485 0.197514804 0.230000004 0 0 1
0.0937137384 0.199802193 0.230000004 0 0 1
0.269063563 -0.199095619 0.230000004 0 0 1
-0.0723544249 0.197486803 0.230000004 0 0 1
0.20303844 0.190795298 0.230000004 0 0 1
-0.290693626 0.130407364 0.230000004 0 0 1
0.295850057 -0.162921423 0.230000004 0 0 1
0.202572892 0.19528959 0.230000004 0 0 1
0.290975774 0.139829223 0.230000004 0 0 1
0.286224789 0.0955609939 0.230000004 0 0 1
0.135412121 -0.189365332 0.230000004 0 0 1
-0.0339908951 0.184416126 0.230000004 0 0 1
-0.296702247 -0.0983556028 0.230000004 0 0 1
0.114758133 -0.192283037 0.230000004 0 0 1
-0.0191051432 -0.195018147 0.230000004 0 0 1
0.294067879 -0.0265590646 0.230000004 0 0 1
-0.0468540002 -0.187881782 0.230000004 0 0 1
0.238027036 -0.194712056 0.230000004 0 0 1
0.149154352 0.193750125 0.230000004 0 0 1
0.0346198992 0.196301771 0.230000004 0 0 1
-0.257942473 -0.198954378 0.230000004 0 0 1
-0.296235554 0.135850349 0.230000004 0 0 1
-0.198037698 -0.198245844 0.230000004 0 0 1
-0.286020719 0.0755024699 0.230000004 0 0 1
0.0826129448 -0.186996681 0.230000004 0 0 1
-0.0703337534 -0.188964324 0.230000004 0 0 1
0.195674616 0.199375649 0.230000004 0 0 1
-0.106460929 -0.186298101 0.230000004 0 0 1
-0.00313440235 -0.197213958 0.230000004 0 0 1
-0.141299882 -0.187695072 0.230000004 0 0 1
-0.130526661 -0.197837374 0.230000004 0 0 1
0.0847500985 -0.190497169 0.230000004 0 0 1
-0.0107405898 0.19407289 0.230000004 0 0 1
0.284149694 0.0440453721 0.230000004 0 0 1
0.175022751 0.185891532 0.230000004 0 0 1
0.156384113 -0.186648307 0.230000004 0 0 1
-0.23968139 0.195359472 0.230000004 0 0 1
0.284488556 -0.103265911 0.230000004 0 0 1
0.2441788 -0.187012591 0.230000004 0 0 1
-0.297671797 -0.140094645 0.230000004 0 0 1
-0.203772538 -0.190343666 0.230000004 0 0 1
-0.284665304 0.163371647 0.230000004 0 0 1
0.113658874 0.196771802 0.230000004 0 0 1
0.28969544 -0.0327696526 0.230000004 0 0 1
-0.289552029 0.059598364 0.230000004 0 0 1
-0.019783571 0.193784016 0.230000004 0 0 1
0.0237351665 -0.187661608 0.230000004 0 0 1
0.0520335384 -0.190739206 0.230000004 0 0 1
0.29819754 0.156230191 0.230000004 0 0 1
0.288139564 0.133675842 0.230000004 0 0 1
0.113832443 -0.192104457 0.230000004 0 0 1
-0.00971055111 0.185938481 0.230000004 0 0 1
-0.165342859 -0.185295977 0.230000004 0 0 1
0.297286729 -0.111380008 0.230000004 0 0 1
-0.110775376 0.198460154 0.230000004 0 0 1
-0.296268721 0.136562991 0.230000004 0 0 1
-0.288189886 -0.120903585 0.230000004 0 0 1
0.109066484 0.191256192 0.230000004 0 0 1
-0.292833414 0.166148831 0.230000004 0 0 1
-0.0550972499 -0.1840134 0.230000004 0 0 1
0.213416142 0.196775405 0.230000004 0 0 1
0.298062445 0.0360568365 0.230000004 0 0 1
0.106151881 0.188585538 0.230000004 0 0 1
0.253224491 -0.196039586 0.230000004 0 0 1
-0.125944232 -0.19080706 0.230000004 0 0 1
0.0661137232 0.190340042 0.230000004 0 0 1
-0.298651949 0.0996555134 0.230000004 0 0 1
-0.108294605 0.185171954 0.230000004 0 0 1
-0.014167734 0.19782535 0.230000004 0 0 1
-0.289579396 0.183109003 0.230000004 0 0 1
-0.284641983 -0.0224331533 0.230000004 0 0 1
-0.143692921 0.199335246 0.230000004 0 0 1
-0.292810416 0.0907107468 0.230000004 0 0 1
-0.095276188 0.194576813 0.230000004 0 0 1
-0.234245196 0.196558384 0.230000004 0 0 1
0.00428111289 0.183625316 0.230000004 0 0 1
-0.254457865 0.185176277 0.230000004 0 0 1
-0.284737723 0.158703087 0.230000004 0 0 1
-0.283077071 0.0245937663 0.230000004 0 0 1
0.287601337 -0.0665710597 0.230000004 0 0 1
0.161740203 0.199379222 0.230000004 0 0 1
-0.286764073 -0.0777844137 0.230000004 0 0 1
-0.194308954 -0.185220485 0.230000004 0 0 1
-0.188570827 -0.184857112 0.230000004 0 0 1
0.0665069367 0.185182987 0.230000004 0 0 1
-0.166488527 -0.196902033 0.230000004 0 0 1
0.287999121 -0.119639984 0.230000004 0 0 1
0.194335201 0.195122777 0.230000004 0 0 1
0.268764891 0.190806996 0.230000004 0 0 1
-0.254508209 -0.189911694 0.230000004 0 0 1
-0.239022588 0.188687318 0.230000004 0 0 1
-0.294747149 0.197280068 0.230000004 0 0 1
0.229168722 0.185253965 0.230000004 0 0 1
0.218983234 -0.186783186 0.230000004 0 0 1
-0.284031478 0.112338706 0.230000004 0 0 1
-0.205138779 0.191576624 0.230000004 0 0 1
0.297364152 -0.133756451 0.230000004 0 0 1
0.212298232 0.195487408 0.230000004 0 0 1
-0.260680903 -0.188443517 0.230000004 0 0 1
-0.284327428 -0.123428503 0.230000004 0 0 1
0.183246518 -0.184449876 0.230000004 0 0 1
-0.285185618 0.00569988591 0.230000004 0 0 1
-0.156529408 0.19127783 0.230000004 0 0 1
-0.294857543 -0.0748175937 0.230000004 0 0 1
-0.063583505 -0.184883909 0.230000004 0 0 1
-0.0623007563 0.192654201 0.230000004 0 0 1
-0.290384773 -0.0170755718 0.230000004 0 0 1
0.239109944 -0.198203926 0.230000004 0 0 1
-0.0954265098 -0.196584379 0.230000004 0 0 1
0.116152262 0.184313498 0.230000004 0 0 1
-0.296020314 -0.0394524062 0.230000004 0 0 1
0.149125946 -0.193674679 0.230000004 0 0 1
0.058147033 0.192515084 0.230000004 0 0 1
0.0451014145 0.199514177 0.230000004 0 0 1
0.283569265 0.0830303763 0.230000004 0 0 1
0.298503565 0.162610207 0.230000004 0 0 1
0.291849064 0.0934511661 0.230000004 0 0 1
-0.288898706 -0.127721552 0.230000004 0 0 1
-0.284877475 -0.113175448 0.230000004 0 0 1
0.0533090569 -0.193752059 0.230000004 0 0 1
-0.080487557 -0.195488909 0.230000004 0 0 1
0.293122797 -0.0952567087 0.230000004 0 0 1
-0.287467667 -0.0739838428 0.230000004 0 0 1
0.293274195 -0.0329871496 0.230000004 0 0 1
0.215002695 0.188807217 0.230000004 0 0 1
0.261888717 -0.185357184 0.230000004 0 0 1
0.295394174 0.151254437 0.230000004 0 0 1
0.237366588 0.186081643 0.230000004 0 0 1
0.285569577 0.0194786068 0.230000004 0 0 1
-0.284221768 -0.0779500111 0.230000004 0 0 1
0.00544977322 0.191541154 0.230000004 0 0 1
-0.292444039 -0.146651715 0.230000004 0 0 1
0.0438425005 -0.198322149 0.230000004 0 0 1
0.286610608 -0.0129739929 0.230000004 0 0 1
0.296087669 -0.0808260476 0.230000004 0 0 1
0.286553306 -0.123047141 0.230000004 0 0 1
-0.29783529 0.0491455001 0.230000004 0 0 1
-0.297536578 -0.0575117225 0.230000004 0 0 1
-0.199063629 -0.18652822 0.230000004 0 0 1
-0.0991347785 -0.199858042 0.230000004 0 0 1
0.287223003 0.140011997 0.230000004 0 0 1
-0.184774963 -0.194468086 0.230000004 0 0 1
0.288280364 -0.136675925 0.230000004 0 0 1
-0.299659817 0.0416782553 0.230000004 0 0 1
-0.1178657 -0.195179266 0.230000004 0 0 1
0.291501004 -0.0982130105 0.230000004 0 0 1
-0.287529768 -0.0233140891 0.230000004 0 0 1
-0.125890126 -0.199876549 0.230000004 0 0 1
0.289329196 0.176474645 0.230000004 0 0 1
0.298678393 0.0475680645 0.230000004 0 0 1
0.299367472 0.0111659181 0.230000004 0 0 1
0.203653846 0.185093492 0.230000004 0 0 1
-0.295293136 -0.160862055 0.230000004 0 0 1
-0.200169598 -0.193317734 0.230000004 0 0 1
0.284063751 0.0941685421 0.230000004 0 0 1
0.21637863 0.18853257 0.230000004 0 0 1
0.11917658 -0.192272874 0.230000004 0 0 1
0.0862307867 -0.196355718 0.230000004 0 0 1
-0.257408124 0.191502814 0.230000004 0 0 1
0.299753842 -0.0398777156 0.230000004 0 0 1
0.251145311 -0.183722844 0.230000004 0 0 1
0.292385893 -0.0879660535 0.230000004 0 0 1
0.292869198 0.139819138 0.230000004 0 0 1
0.28994356 0.012615155 0.230000004 0 0 1
0.0015528801 0.197248776 0.230000004 0 0 1
0.298162202 0.0536715128 0.230000004 0 0 1
0.293940118 -0.0398189425 0.230000004 0 0 1
0.287982729 0.0218179952 0.230000004 0 0 1
0.246399127 -0.184458126 0.230000004 0 0 1
0.28574382 0.190565742 0.230000004 0 0 1
-0.282754804 -0.1924039 0.230000004 0 0 1
-0.171738741 0.199223689 0.230000004 0 0 1
0.291695039 -0.183639768 0.230000004 0 0 1
-0.0476896244 -0.195914091 0.230000004 0 0 1
0.0941196867 0.191282692 0.230000004 0 0 1
0.292795188 -0.0516560521 0.230000004 0 0 1
0.0972638601 -0.191802783 0.230000004 0 0 1
0.212533228 0.183488073 0.230000004 0 0 1
0.285629699 -0.0737612944 0.230000004 0 0 1
0.222357026 0.191734773 0.230000004 0 0 1
0.107238975 0.184607784 0.230000004 0 0 1
-0.284237498 -0.0763994517 0.230000004 0 0 1
-0.0823567754 -0.193929268 0.230000004 0 0 1
-0.18739649 0.186596455 0.230000004 0 0 1
-0.28523076 -0.125853111 0.230000004 0 0 1
0.112461207 -0.199188424 0.230000004 0 0 1
0.283415897 -0.0600812863 0.230000004 0 0 1
-0.28504365 -0.0306950153 0.230000004 0 0 1
-0.132129442 -0.197642148 0.230000004 0 0 1
0.286685352 0.199745284 0.230000004 0 0 1
0.292356231 0.137736177 0.230000004 0 0 1
-0.290946906 0.154914465 0.230000004 0 0 1
-0.0926997809 0.194054661 0.230000004 0 0 1
0.295587253 -0.114155712 0.230000004 0 0 1
-0.133987685 -0.190039993 0.230000004 0 0 1
0.193246855 0.197382739 0.230000004 0 0 1
-0.291138924 0.0584437812 0.230000004 0 0 1
-0.298400993 0.143827313 0.230000004 0 0 1
-0.295478179 -0.173939768 0.230000004 0 0 1
-0.28267157 -0.183279175 0.230000004 0 0 1
0.220146223 -0.186099115 0.230000004 0 0 1
-0.214924397 0.195665172 0.230000004 0 0 1
0.136050636 0.194964471 0.230000004 0 0 1
-0.295530904 0.111246056 0.230000004 0 0 1
0.289667197 0.0137151038 0.230000004 0 0 1
-0.295829485 -0.159800454 0.230000004 0 0 1
0.209672123 -0.189453676 0.230000004 0 0 1
0.262323924 0.190036291 0.230000004 0 0 1
-0.279720881 0.196864717 0.230000004 0 0 1
-0.172506998 0.192646238 0.230000004 0 0 1
-0.293017246 0.14194178 0.230000004 0 0 1
0.246769328 -0.188533027 0.230000004 0 0 1
0.286853041 -0.147339282 0.230000004 0 0 1
-0.291802342 0.0988590013 0.230000004 0 0 1
-0.241589948 0.186048725 0.230000004 0 0 1
0.180716754 -0.194543926 0.230000004 0 0 1
0.118865084 -0.183235201 0.230000004 0 0 1
0.283861001 0.0910764029 0.230000004 0 0 1
0.163641543 0.194948408 0.230000004 0 0 1
-0.291649573 -0.182817449 0.230000004 0 0 1
0.271917668 0.194274812 0.230000004 0 0 1
0.289346612 0.0683405242 0.230000004 0 0 1
-0.143998116 0.188938941 0.230000004 0 0 1
0.221694848 0.187014374 0.230000004 0 0 1
0.00875145917 -0.197987112 0.230000004 0 0 1
0.28939996 -0.0736087169 0.230000004 0 0 1
0.29828944 0.122381357 0.230000004 0 0 1
-0.283626814 -0.100573269 0.230000004 0 0 1
0.299339394 0.159400919 0.230000004 0 0 1
0.239941674 -0.195548205 0.230000004 0 0 1
-0.28643728 -0.121014957 0.230000004 0 0 1
-0.143752956 -0.184595701 0.230000004 0 0 1
-0.292684093 -0.0512203229 0.230000004 0 0 1
-0.284907361 0.0200436192 0.230000004 0 0 1
0.156247718 0.189935661 0.230000004 0 0 1
0.284022478 -0.00205581491 0.230000004 0 0 1
-0.0984511187 -0.193824682 0.230000004 0 0 1
-0.261597118 0.195963991 0.230000004 0 0 1
-0.0783630324 -0.188013568 0.230000004 0 0 1
-0.204054673 -0.191064367 0.230000004 0 0 1
0.294802864 0.0565149026 0.230000004 0 0 1
0.199695572 -0.184402798 0.230000004 0 0 1
-0.0520744669 0.191617748 0.230000004 0 0 1
0.287386104 -0.118112485 0.230000004 0 0 1
0.0891443587 0.192148546 0.230000004 0 0 1
0.256253926 -0.194478992 0.230000004 0 0 1
0.0039121216 -0.191842127 0.230000004 0 0 1
0.292829159 -0.0745308811 0.230000004 0 0 1
-0.0660032115 -0.194363831 0.230000004 0 0 1
0.212643136 0.194223699 0.230000004 0 0 1
-0.291941921 0.0616187336 0.230000004 0 0 1
0.2305533 -0.19000948 0.230000004 0 0 1
-0.296517916 0.183081517 0.230000004 0 0 1
-0.292272818 0.0942351789 0.230000004 0 0 1
-0.291099606 0.00589180294 0.230000004 0 0 1
-0.176828534 -0.194900657 0.230000004 0 0 1
0.0424837651 -0.199295425 0.230000004 0 0 1
-0.295061378 0.115883333 0.230000004 0 0 1
0.233711894 0.190004408 0.230000004 0 0 1
0.0195177933 0.191325797 0.230000004 0 0 1
0.294546888 0.00594352719 0.230000004 0 0 1
-0.14037861 -0.195317636 0.230000004 0 0 1
-0.293026455 -0.10323667 0.230000004 0 0 1
0.285005568 0.0525940737 0.230000004 0 0 1
0.00594904517 -0.195192395 0.230000004 0 0 1
-0.175765291 -0.197337834 0.230000004 0 0 1
0.158789162 -0.198056325 0.230000004 0 0 1
0.0737086861 -0.188556263 0.230000004 0 0 1
-0.291925058 0.000225349448 0.230000004 0 0 1
0.289443386 0.0353627133 0.230000004 0 0 1
-0.0333258301 -0.191468419 0.230000004 0 0 1
-0.29528751 -0.0411050246 0.230000004 0 0 1
-0.285544815 -0.0243891796 0.230000004 0 0 1
-0.157911425 0.194178921 0.230000004 0 0 1
0.283800838 -0.149365293 0.230000004 0 0 1
0.288834673 0.0391723386 0.230000004 0 0 1
-0.288562358 0.0864324243 0.230000004 0 0 1
-0.284699049 0.0391326794 0.230000004 0 0 1
0.257997435 -0.185234988 0.230000004 0 0 1
-0.173477044 0.197995874 0.230000004 0 0 1
-0.00564769722 -0.193064456 0.230000004 0 0 1
0.175194494 0.19962925 0.230000004 0 0 1
-0.28820367 -0.0922636458 0.230000004 0 0 1
0.13636806 0.193052488 0.230000004 0 0 1
-0.218664318 0.193880415 0.230000004 0 0 1
0.0652861621 -0.196256217 0.230000004 0 0 1
0.0725600956 0.184789331 0.230000004 0 0 1
0.291302393 -0.175962372 0.230000004 0 0 1
-0.168948955 0.199481388 0.230000004 0 0 1
0.296205877 -0.0174347143 0.230000004 0 0 1
-0.124817427 0.196972834 0.230000004 0 0 1
-0.201098944 0.183229157 0.230000004 0 0 1
0.287778743 -0.0577267912 0.230000004 0 0 1
-0.290653526 0.0270225484 0.230000004 0 0 1
0.292306031 -0.00416794969 0.230000004 0 0 1
0.00186457981 0.198990317 0.230000004 0 0 1
-0.180008429 -0.195111134 0.230000004 0 0 1
0.283604143 0.152008123 0.230000004 0 0 1
0.227245324 0.199322093 0.230000004 0 0 1
0.241538814 0.185479423 0.230000004 0 0 1
-0.122267912 -0.186129498 0.230000004 0 0 1
-0.0633106801 -0.199561021 0.230000004 0 0 1
-0.12216121 0.187238458 0.230000004 0 0 1
0.191105304 0.198312032 0.230000004 0 0 1
0.290420105 -0.0945982643 0.230000004 0 0 1
-0.287800123 0.0703082003 0.230000004 0 0 1
0.294650045 -0.11349466 0.230000004 0 0 1
-0.236083935 0.186539354 0.230000004 0 0 1
-0.156854054 0.188435658 0.230000004 0 0 1
-0.0481220488 -0.196307622 0.230000004 0 0 1
-0.117291989 -0.199483 0.230000004 0 0 1
0.0361193198 -0.187161374 0.230000004 0 0 1
-0.292981348 0.133399656 0.230000004 0 0 1
0.150640655 0.199955675 0.230000004 0 0 1
-0.207899719 0.198274076 0.230000004 0 0 1
0.286712492 0.139471867 0.230000004 0 0 1
-0.293762682 -0.1833411 0.230000004 0 0 1
-0.207654726 -0.198526195 0.230000004 0 0 1
0.293155794 -0.0491907433 0.230000004 0 0 1
0.0702709935 0.187458082 0.230000004 0 0 1
0.283816246 0.0354450824 0.230000004 0 0 1
0.177478615 -0.189884572 0.230000004 0 0 1
-0.228333642 -0.183172747 0.230000004 0 0 1
-0.293574028 0.0429469685 0.230000004 0 0 1
-0.299126025 0.146566815 0.230000004 0 0 1
0.131562358 0.187546698 0.230000004 0 0 1
0.232202586 0.184952786 0.230000004 0 0 1
-0.28713539 -0.0921817438 0.230000004 0 0 1
-0.297965557 -0.0557591461 0.230000004 0 0 1
0.104516092 0.184833984 0.230000004 0 0 1
-0.285855187 -0.0401286857 0.230000004 0 0 1
0.292729345 -0.174831329 0.230000004 0 0 1
-0.0626786186 -0.189868498 0.230000004 0 0 1
0.179851724 0.186527602 0.230000004 0 0 1
0.289223882 0.0894319387 0.230000004 0 0 1
-0.295609574 0.0900212922 0.230000004 0 0 1
0.29822644 -0.0854895712 0.230000004 0 0 1
-0.269229112 0.191169307 0.230000004 0 0 1
-0.218901715 0.189680799 0.230000004 0 0 1
-0.280632842 0.192771983 0.230000004 0 0 1
0.285370225 0.151648597 0.230000004 0 0 1
0.282750829 -0.185881273 0.230000004 0 0 1
-0.181511225 0.184168456 0.230000004 0 0 1
0.290316114 -0.000935787062 0.230000004 0 0 1
0.299938464 -0.107039415 0.230000004 0 0 1
-0.145712504 0.185617324 0.230000004 0 0 1
-0.180284115 -0.185544207 0.230000004 0 0 1
0.293750275 -0.117074098 0.230000004 0 0 1
0.0403915019 -0.19456132 0.230000004 0 0 1
0.236757282 0.19975795 0.230000004 0 0 1
-0.0194047214 -0.189226187 0.230000004 0 0 1
0.296748935 0.123025949 0.230000004 0 0 1
-0.211621028 -0.190664404 0.230000004 0 0 1
-0.296803291 -0.186233245 0.230000004 0 0 1
0.203184212 -0.188924909 0.230000004 0 0 1
-0.297678289 -0.00365717143 0.230000004 0 0 1
-0.225202056 -0.188299407 0.230000004 0 0 1
-0.284901916 0.180754105 0.230000004 0 0 1
0.140524183 -0.195547275 0.230000004 0 0 1
0.284347662 -0.0286170963 0.230000004 0 0 1
0.298996294 -0.00460452987 0.230000004 0 0 1
0.298311119 -0.0882864565 0.230000004 0 0 1
-0.297873033 -0.00711734145 0.230000004 0 0 1
-0.00195040709 -0.198992809 0.230000004 0 0 1
-0.299227707 0.119157641 0.230000004 0 0 1
0.109588332 0.198322297 0.230000004 0 0 1
-0.287819902 0.159148992 0.230000004 0 0 1
-0.188493516 0.185133619 0.230000004 0 0 1
0.285701756 0.17184177 0.230000004 0 0 1
-0.287304176 -0.126597447 0.230000004 0 0 1
-0.295410653 0.196342226 0.230000004 0 0 1
-0.283088417 0.0412468613 0.230000004 0 0 1
-0.261840494 -0.192039466 0.230000004 0 0 1
0.003841402 0.196912974 0.230000004 0 0 1
-0.27431895 -0.18337776 0.230000004 0 0 1
0.260091989 0.193184323 0.230000004 0 0 1
-0.29502103 -0.00337995373 0.230000004 0 0 1
-0.0867661004 0.19018849 0.230000004 0 0 1
-0.294899353 0.0706218208 0.230000004 0 0 1
-0.0963490661 -0.187487491 0.230000004 0 0 1
-0.0478431932 -0.191335927 0.230000004 0 0 1
-0.175066824 0.196057136 0.230000004 0 0 1
0.290320046 0.127970945 0.230000004 0 0 1
-0.0150706463 -0.193506317 0.230000004 0 0 1
-0.0990613616 0.194381352 0.230000004 0 0 1
0.0664289412 0.196353449 0.230000004 0 0 1
-0.287772574 0.19816564 0.230000004 0 0 1
-0.293424444 -0.0805954207 0.230000004 0 0 1
0.277322046 0.199659353 0.230000004 0 0 1
-0.123093215 0.191586139 0.230000004 0 0 1
-0.257088733 -0.190271088 0.230000004 0 0 1
-0.264699737 0.185152136 0.230000004 0 0 1
0.0364660498 0.193194577 0.230000004 0 0 1
0.290004995 -0.171537637 0.230000004 0 0 1
-0.20662887 0.194744178 0.230000004 0 0 1
-0.283214956 0.184356952 0.230000004 0 0 1
0.291381353 -0.011414684 0.230000004 0 0 1
0.0275816759 -0.199156575 0.230000004 0 0 1
-0.2970524 0.0529744195 0.230000004 0 0 1
0.284212104 -0.0015212858 0.230000004 0 0 1
0.177614249 0.191513543 0.230000004 0 0 1
-0.0410877016 -0.185284544 0.230000004 0 0 1
-0.0786079321 0.191821768 0.230000004 0 0 1
-0.291875064 -0.188578074 0.230000004 0 0 1
-0.279341316 0.189129095 0.230000004 0 0 1
-0.125241609 -0.197731307 0.230000004 0 0 1
-0.153171938 0.199978791 0.230000004 0 0 1
0.293718508 -0.0329652954 0.230000004 0 0 1
0.29824281 0.127903213 0.230000004 0 0 1
-0.206546701 -0.199217341 0.230000004 0 0 1
0.29969477 0.0274465954 0.230000004 0 0 1
0.0304435534 0.189166999 0.230000004 0 0 1
-0.287965127 -0.00184274045 0.230000004 0 0 1
0.288430572 -0.0619136587 0.230000004 0 0 1
-0.15744764 -0.185982711 0.230000004 0 0 1
-0.283284653 -0.128332023 0.230000004 0 0 1
0.238770581 -0.186574475 0.230000004 0 0 1
0.260419052 0.194317887 0.230000004 0 0 1
0.286058949 -0.126402008 0.230000004 0 0 1
0.288662511 -0.102912562 0.230000004 0 0 1
-0.129011865 -0.185468762 0.230000004 0 0 1
0.289732658 -0.0645068475 0.230000004 0 0 1
0.0597430278 0.189383648 0.230000004 0 0 1
0.10044994 0.193813651 0.230000004 0 0 1
0.262790135 -0.18797068 0.230000004 0 0 1
0.0176233887 -0.184223898 0.230000004 0 0 1
-0.285538408 0.118115617 0.230000004 0 0 1
0.183828671 0.196339931 0.230000004 0 0 1
-0.289295877 0.0949468245 0.230000004 0 0 1
0.274617229 0.18535594 0.230000004 0 0 1
-0.292841406 -0.0609781294 0.230000004 0 0 1
0.12414402 0.189499564 0.230000004 0 0 1
0.0137425236 -0.183360546 0.230000004 0 0 1
-0.285315876 0.14737485 0.230000004 0 0 1
0.289021617 0.0290798108 0.230000004 0 0 1
-0.153861928 0.198644708 0.230000004 0 0 1
-0.284518976 0.0211264784 0.230000004 0 0 1
-0.174261744 -0.184437436 0.230000004 0 0 1
-0.0886046398 -0.194683228 0.230000004 0 0 1
0.104369729 0.188286855 0.230000004 0 0 1
0.290693421 -0.117969173 0.230000004 0 0 1
-0.0361919272 0.195157205 0.230000004 0 0 1
-0.101190799 0.194785586 0.230000004 0 0 1
0.295412802 0.163096945 0.230000004 0 0 1
-0.299975502 -0.0219205765 0.230000004 0 0 1
0.0174295146 -0.18626523 0.230000004 0 0 1
-0.00096631284 -0.191983365 0.230000004 0 0 1
-0.296794721 0.0515242941 0.230000004 0 0 1
0.292487552 0.163565836 0.230000004 0 0 1
-0.199553013 0.186135674 0.230000004 0 0 1
-0.287895525 -0.0773388977 0.230000004 0 0 1
-0.240876917 0.199869399 0.230000004 0 0 1
0.0700184611 0.199449087 0.230000004 0 0 1
-0.200388864 -0.18443975 0.230000004 0 0 1
0.0625644262 -0.18648195 0.230000004 0 0 1
0.191027713 0.188379965 0.230000004 0 0 1
-0.286630585 0.0771290535 0.230000004 0 0 1
-0.299400954 -0.197940193 0.230000004 0 0 1
0.152116296 0.186114234 0.230000004 0 0 1
0.288863899 0.00870839218 0.230000004 0 0 1
-0.0235805012 -0.183850057 0.230000004 0 0 1
0.291516153 0.0622289495 0.230000004 0 0 1
0.242499366 -0.192320543 0.230000004 0 0 1
-0.283195715 -0.0467800429 0.230000004 0 0 1
-0.299317623 -0.0147698737 0.230000004 0 0 1
0.286646293 0.0213650599 0.230000004 0 0 1
-0.108014863 -0.184411159 0.230000004 0 0 1
-0.112435648 0.196230807 0.230000004 0 0 1
-0.110370865 -0.194896659 0.230000004 0 0 1
-0.134628912 -0.198715052 0.230000004 0 0 1
-0.131122167 -0.199941563 0.230000004 0 0 1
0.153548809 -0.19840038 0.230000004 0 0 1
0.285676518 0.127904903 0.230000004 0 0 1
-0.298894667 -0.192086906 0.230000004 0 0 1
-0.0641225325 0.185425488 0.230000004 0 0 1
0.296371728 -0.111913549 0.230000004 0 0 1
-0.298238478 0.189935265 0.230000004 0 0 1
0.288932004 -0.151336416 0.230000004 0 0 1
-0.0878209477 0.195989801 0.230000004 0 0 1
0.0679979544 0.188816378 0.230000004 0 0 1
0.298455377 -0.161315614 0.230000004 0 0 1
0.0420254347 0.19379691 0.230000004 0 0 1
0.252993212 0.197273487 0.230000004 0 0 1
0.173462502 -0.190060446 0.230000004 0 0 1
0.202750079 0.194708644 0.230000004 0 0 1
0.286520209 0.170506751 0.230000004 0 0 1
0.281908311 0.189759215 0.230000004 0 0 1
0.0896735177 -0.187299543 0.230000004 0 0 1
0.245988502 0.196599892 0.230000004 0 0 1
0.011425657 0.193221227 0.230000004 0 0 1
0.044613669 0.191009841 0.230000004 0 0 1
0.296305976 0.181937931 0.230000004 0 0 1
0.14448009 0.190149876 0.230000004 0 0 1
-0.00731965413 0.187513239 0.230000004 0 0 1
0.290158932 0.17058314 0.230000004 0 0 1
0.284057974 -0.0383896366 0.230000004 0 0 1
-0.0448766096 -0.189103567 0.230000004 0 0 1
0.145634498 0.19618946 0.230000004 0 0 1
0.174481041 0.195927176 0.230000004 0 0 1
-0.0695587991 -0.193331275 0.230000004 0 0 1
0.19726648 0.183214989 0.230000004 0 0 1
0.288101957 -0.129095091 0.230000004 0 0 1
0.263764007 0.190395056 0.230000004 0 0 1
0.285295002 -0.0196556477 0.230000004 0 0 1
0.206663443 -0.185665533 0.230000004 0 0 1
0.127715867 0.187536385 0.230000004 0 0 1
-0.0830099312 -0.19226597 0.230000004 0 0 1
0.286038556 -0.189926938 0.230000004 0 0 1
0.221985139 0.198577055 0.230000004 0 0 1
0.150258993 0.195118568 0.230000004 0 0 1
-0.291372375 -0.101317841 0.230000004 0 0 1
0.0147785619 0.190370463 0.230000004 0 0 1
0.290807396 -0.0436723432 0.230000004 0 0 1
0.119730806 -0.196024917 0.230000004 0 0 1
-0.133159408 -0.193616985 0.230000004 0 0 1
0.289310709 -0.0945642167 0.230000004 0 0 1
-0.299045269 -0.167904683 0.230000004 0 0 1
0.168192992 -0.191417133 0.230000004 0 0 1
-0.247193365 0.189807246 0.230000004 0 0 1
0.284618636 0.181133013 0.230000004 0 0 1
-0.0566687658 0.189019676 0.230000004 0 0 1
-0.297237292 0.0146671254 0.230000004 0 0 1
-0.295818367 0.167649573 0.230000004 0 0 1
-0.167183633 0.198358407 0.230000004 0 0 1
0.292185493 0.107358746 0.230000004 0 0 1
0.250513176 -0.198169194 0.230000004 0 0 1
-0.283566742 -0.135791738 0.230000004 0 0 1
0.122275493 -0.196337447 0.230000004 0 0 1
-0.226801503 -0.197447222 0.230000004 0 0 1
0.284830483 0.0686760466 0.230000004 0 0 1
0.288747326 0.0328101294 0.230000004 0 0 1
-0.296404097 -0.195362473 0.230000004 0 0 1
-0.0624918923 0.199599086 0.230000004 0 0 1
-0.296603135 -0.182582218 0.230000004 0 0 1
-0.299868285 0.159180132 0.230000004 0 0 1
-0.263165966 -0.193754461 0.230000004 0 0 1
-0.188190505 0.189631608 0.230000004 0 0 1
0.204136371 0.195785711 0.230000004 0 0 1
-0.291182307 0.051971927 0.230000004 0 0 1
0.238939044 -0.193240207 0.230000004 0 0 1
-0.116884695 0.18375417 0.230000004 0 0 1
0.292095194 -0.196378067 0.230000004 0 0 1
-0.112553217 0.184104203 0.230000004 0 0 1
0.292476079 0.0436517088 0.230000004 0 0 1
-0.212649714 0.186707466 0.230000004 0 0 1
0.0988067266 0.19906813 0.230000004 0 0 1
0.138874741 -0.193487694 0.230000004 0 0 1
0.0768941465 0.195088901 0.230000004 0 0 1
-0.0176554753 0.195300277 0.230000004 0 0 1
-0.148888477 -0.18351571 0.230000004 0 0 1
-0.286402884 0.132913733 0.230000004 0 0 1
0.0737117781 -0.185449014 0.230000004 0 0 1
-0.283963642 -0.0481559549 0.230000004 0 0 1
-0.289398335 -0.118446626 0.230000004 0 0 1
-0.28474944 -0.159729711 0.230000004 0 0 1
-0.284534891 0.0175377802 0.230000004 0 0 1
-0.286320722 0.150644766 0.230000004 0 0 1
-0.273354731 -0.192107817 0.230000004 0 0 1
-0.292853476 0.0718452648 0.230000004 0 0 1
0.222136049 -0.191575421 0.230000004 0 0 1
0.176718385 0.18826963 0.230000004 0 0 1
-0.00420043299 0.187056722 0.230000004 0 0 1
0.288160975 0.0185382908 0.230000004 0 0 1
-0.294784239 0.181988208 0.230000004 0 0 1
0.0221801841 -0.188782083 0.230000004 0 0 1
-0.291102817 0.0493897649 0.230000004 0 0 1
-0.0450063504 0.187516716 0.230000004 0 0 1
0.151868414 0.187991202 0.230000004 0 0 1
-0.290762608 0.093731249 0.230000004 0 0 1
0.124054559 -0.19301441 0.230000004 0 0 1
-0.259380525 -0.196153608 0.230000004 0 0 1
-0.2869113 0.182225941 0.230000004 0 0 1
0.284570827 -0.0173218667 0.230000004 0 0 1
-0.265353402 0.185914827 0.230000004 0 0 1
-0.297998097 -0.054420468 0.230000004 0 0 1
-0.294752313 0.133617099 0.230000004 0 0 1
-0.299424936 -0.164449028 0.230000004 0 0 1
-0.287885329 -0.175601047 0.230000004 0 0 1
0.293056414 0.0817058765 0.230000004 0 0 1
0.0196659494 -0.194987564 0.230000004 0 0 1
0.190122534 0.184803074 0.230000004 0 0 1
-0.242532829 0.197849417 0.230000004 0 0 1
-0.296180676 0.13563118 0.230000004 0 0 1
-0.0161801414 0.190254486 0.230000004 0 0 1
-0.287544744 0.0679882405 0.230000004 0 0 1
-0.0553277349 0.198792159 0.230000004 0 0 1
0.157596328 -0.192773871 0.230000004 0 0 1
0.0269703519 0.19280167 0.230000004 0 0 1
0.0370785017 0.19162079 0.230000004 0 0 1
-0.284575894 0.0709420961 0.230000004 0 0 1
0.289838879 0.00671309794 0.230000004 0 0 1
0.292438462 0.0939535009 0.230000004 0 0 1
-0.290444634 0.103493434 0.230000004 0 0 1
0.26823791 -0.191541178 0.230000004 0 0 1
-0.295952292 -0.184317259 0.230000004 0 0 1
0.299081383 0.126758229 0.230000004 0 0 1
-0.239376615 0.187263979 0.230000004 0 0 1
0.18918746 0.199649541 0.230000004 0 0 1
0.284158395 -0.15812891 0.230000004 0 0 1
-0.196743874 0.193512188 0.230000004 0 0 1
-0.291927823 -0.0961179539 0.230000004 0 0 1
-0.0701025511 0.191801677 0.230000004 0 0 1
0.129934983 0.194385496 0.230000004 0 0 1
-0.0581761242 0.184191932 0.230000004 0 0 1
-0.22451704 -0.187586576 0.230000004 0 0 1
-0.0135427248 -0.1906028 0.230000004 0 0 1
0.294152106 -0.185167772 0.230000004 0 0 1
0.294115915 0.0762070128 0.230000004 0 0 1
0.252343377 -0.184249316 0.230000004 0 0 1
0.0551360227 0.186750022 0.230000004 0 0 1
0.271787557 0.19603494 0.230000004 0 0 1
-0.294794196 -0.138469677 0.230000004 0 0 1
-0.105293407 0.185946322 0.230000004 0 0 1
-0.239375833 0.184353205 0.230000004 0 0 1
-0.00298562074 0.196513919 0.230000004 0 0 1
0.0305779006 0.190211214 0.230000004 0 0 1
0.207926536 0.194410856 0.230000004 0 0 1
0.287823296 -0.13780968 0.230000004 0 0 1
-0.185647244 -0.195178431 0.230000004 0 0 1
0.298222274 -0.120982578 0.230000004 0 0 1
-0.25486546 0.198894068 0.230000004 0 0 1
-0.29333826 0.137341598 0.230000004 0 0 1
0.295401047 0.136340101 0.230000004 0 0 1
-0.290992457 -0.0936353997 0.230000004 0 0 1
-0.0742306115 -0.191303208 0.230000004 0 0 1
0.0546146098 0.188320625 0.230000004 0 0 1
-0.298445147 0.0480253807 0.230000004 0 0 1
-0.133634029 0.188975839 0.230000004 0 0 1
0.286505336 -0.0322232307 0.230000004 0 0 1
-0.242950099 -0.188709146 0.230000004 0 0 1
-0.220887805 0.190220662 0.230000004 0 0 1
0.298049763 0.1660677 0.230000004 0 0 1
-0.297102685 0.0379605266 0.230000004 0 0 1
-0.178934274 -0.18944875 0.230000004 0 0 1
-0.0373901608 0.199318397 0.230000004 0 0 1
0.169271657 0.185411969 0.230000004 0 0 1
-0.292186299 -0.0812872949 0.230000004 0 0 1
-0.296152429 0.102320194 0.230000004 0 0 1
0.299778007 -0.078883588 0.230000004 0 0 1
-0.296715472 0.0664927772 0.230000004 0 0 1
0.0407713493 0.187198826 0.230000004 0 0 1
0.208483394 0.187340398 0.230000004 0 0 1
0.0237496664 0.190897572 0.230000004 0 0 1
-0.286732198 -0.132784539 0.230000004 0 0 1
0.172490553 0.185860566 0.230000004 0 0 1
-0.286588513 -0.0874907973 0.230000004 0 0 1
-0.109784258 0.194458289 0.230000004 0 0 1
-0.126969524 -0.190749242 0.230000004 0 0 1
0.282810436 0.186658563 0.230000004 0 0 1
0.17608171 0.189776809 0.230000004 0 0 1
0.0108032836 0.189434474 0.230000004 0 0 1
-0.190968087 0.193524349 0.230000004 0 0 1
-0.262423289 0.197033192 0.230000004 0 0 1
0.283057279 0.191614563 0.230000004 0 0 1
0.299453729 0.167019432 0.230000004 0 0 1
-0.116896164 0.190793811 0.230000004 0 0 1
0.296960606 -0.111957893 0.230000004 0 0 1
0.235312083 -0.193511339 0.230000004 0 0 1
0.286436884 -0.183090547 0.230000004 0 0 1
-0.0908593736 -0.193961822 0.230000004 0 0 1
-0.200596289 0.192629398 0.230000004 0 0 1
0.299847321 -0.197943993 0.230000004 0 0 1
0.291731676 0.123410387 0.230000004 0 0 1
-0.29487173 0.0202565983 0.230000004 0 0 1
-0.294517295 -0.0751848158 0.230000004 0 0 1
-0.286535293 0.0044593154 0.230000004 0 0 1
-0.213288613 0.18965691 0.230000004 0 0 1
-0.0213489218 -0.196483345 0.230000004 0 0 1
-0.00372319909 0.199246282 0.230000004 0 0 1
0.292144129 -0.0866940359 0.230000004 0 0 1
-0.29191348 0.0703826093 0.230000004 0 0 1
0.285175835 -0.0267544091 0.230000004 0 0 1
0.273525178 0.183497494 0.230000004 0 0 1
-0.297250365 -0.17594071 0.230000004 0 0 1
-0.222518054 -0.184274549 0.230000004 0 0 1
0.190951496 0.196768793 0.230000004 0 0 1
-0.0460430037 0.189917488 0.230000004 0 0 1
-0.292508261 0.150502386 0.230000004 0 0 1
0.28996367 0.121128045 0.230000004 0 0 1
0.294985783 -0.15868211 0.230000004 0 0 1
-0.0884659043 0.191683591 0.230000004 0 0 1
0.298349482 0.0928439322 0.230000004 0 0 1
0.249245939 -0.191940039 0.230000004 0 0 1
0.150264845 -0.191113672 0.230000004 0 0 1
0.0189474781 0.186736693 0.230000004 0 0 1
-0.290848543 -0.00312996212 0.230000004 0 0 1
0.00697094395 -0.193485961 0.230000004 0 0 1
0.297401851 -0.187575049 0.230000004 0 0 1
0.0250386181 -0.199342719 0.230000004 0 0 1
0.0892171219 0.195347568 0.230000004 0 0 1
0.0693364787 -0.185193016 0.230000004 0 0 1
-0.193147912 0.190498022 0.230000004 0 0 1
0.160449672 -0.191636563 0.230000004 0 0 1
0.183538842 -0.193136783 0.230000004 0 0 1
-0.295084445 -0.160690907 0.230000004 0 0 1
-0.284543774 -0.0850732165 0.230000004 0 0 1
-0.287727873 -0.0290302047 0.230000004 0 0 1
0.056445455 -0.197551352 0.230000004 0 0 1
0.238551054 -0.184831152 0.230000004 0 0 1
-0.0566368461 -0.188112861 0.230000004 0 0 1
-0.187691519 0.190382197 0.230000004 0 0 1
0.105066811 -0.189348087 0.230000004 0 0 1
0.0304042737 0.198936513 0.230000004 0 0 1
-0.112617729 -0.184617112 0.230000004 0 0 1
0.0259162524 -0.184629239 0.230000004 0 0 1
-0.104185481 0.183619314 0.230000004 0 0 1
-0.173037313 0.198807806 0.230000004 0 0 1
-0.0855150641 -0.196609306 0.230000004 0 0 1
0.202205133 0.197276994 0.230000004 0 0 1
-0.214340435 0.192698571 0.230000004 0 0 1
-0.23639671 -0.190934756 0.230000004 0 0 1
0.160036148 -0.19314314 0.230000004 0 0 1
-0.0995620015 0.194964844 0.230000004 0 0 1
0.0612778424 0.183607542 0.230000004 0 0 1
-0.191883317 0.198070123 0.230000004 0 0 1
0.289856328 -0.0210398569 0.230000004 0 0 1
-0.285617713 -0.0358992217 0.230000004 0 0 1
0.206262966 0.194382096 0.230000004 0 0 1
0.0264692484 0.192825655 0.230000004 0 0 1
-0.29678086 -5.30378192e-05 0.230000004 0 0 1
0.295378843 -0.11714671 0.230000004 0 0 1
0.28548853 -0.190361912 0.230000004 0 0 1
0.0100926188 0.188460138 0.230000004 0 0 1
-0.268903026 0.198736761 0.230000004 0 0 1
-0.237757702 -0.199778077 0.230000004 0 0 1
-0.0789117983 -0.191926714 0.230000004 0 0 1
0.072179281 -0.199119785 0.230000004 0 0 1
-0.293842338 0.183678227 0.230000004 0 0 1
-0.17517952 0.190757165 0.230000004 0 0 1
0.251840984 0.190921805 0.230000004 0 0 1
-0.290409751 -0.0436122446 0.230000004 0 0 1
-0.222687522 -0.186695585 0.230000004 0 0 1
-0.185916669 -0.192530121 0.230000004 0 0 1
-0.00137067064 -0.188742959 0.230000004 0 0 1
-0.0166867763 -0.184608975 0.230000004 0 0 1
-0.298199262 -0.103561832 0.230000004 0 0 1
0.292503981 0.194461274 0.230000004 0 0 1
0.0374877028 -0.186645067 0.230000004 0 0 1
-0.0126304739 0.196845841 0.230000004 0 0 1
0.11114842 -0.198424109 0.230000004 0 0 1
0.294806092 -0.1608171 0.230000004 0 0 1
-0.296987437 0.181666701 0.230000004 0 0 1
0.11291875 -0.190710297 0.230000004 0 0 1
0.0473578567 0.194135152 0.230000004 0 0 1
0.18891066 0.190150214 0.230000004 0 0 1
-0.296161529 0.16250516 0.230000004 0 0 1
0.293722222 -0.111152055 0.230000004 0 0 1
-0.12100178 -0.189827327 0.230000004 0 0 1
-0.284600086 0.0977877675 0.230000004 0 0 1
0.268882076 0.187722012 0.230000004 0 0 1
0.292105333 -0.13175059 0.230000004 0 0 1
-0.28471399 -0.04966963 0.230000004 0 0 1
0.28835072 -0.0923382297 0.230000004 0 0 1
0.229600779 0.194956254 0.230000004 0 0 1
-0.293863267 0.16091961 0.230000004 0 0 1
0.208733449 -0.183383533 0.230000004 0 0 1
0.283873589 0.165572353 0.230000004 0 0 1
0.253434636 0.198251372 0.230000004 0 0 1
-0.241544465 0.183625131 0.230000004 0 0 1
0.0708170884 0.183359149 0.230000004 0 0 1
0.24869474 0.186844844 0.230000004 0 0 1
-0.284334636 -0.0612132491 0.230000004 0 0 1
-0.23022799 -0.193511825 0.230000004 0 0 1
-0.0268048552 0.18988636 0.230000004 0 0 1
-0.11696468 0.197984005 0.230000004 0 0 1
0.0319500893 -0.194386218 0.230000004 0 0 1
0.292981774 0.0460944452 0.230000004 0 0 1
0.295651197 0.0412942873 0.230000004 0 0 1
0.16505868 0.198123931 0.230000004 0 0 1
0.283493571 -0.0385342714 0.230000004 0 0 1
-0.293071154 -0.123236619 0.230000004 0 0 1
0.293178361 -0.182046722 0.230000004 0 0 1
-0.292109186 0.0446475624 0.230000004 0 0 1
0.28953031 -0.041712589 0.230000004 0 0 1
-0.147396174 0.193465864 0.230000004 0 0 1
-0.12452773 -0.195048725 0.230000004 0 0 1
-0.19311207 -0.198257104 0.230000004 0 0 1
0.0931545518 -0.191429848 0.230000004 0 0 1
-0.00815249839 0.191629278 0.230000004 0 0 1
-0.00776691733 -0.198607118 0.230000004 0 0 1
-0.0838618073 -0.190752483 0.230000004 0 0 1
-0.292832481 0.151031537 0.230000004 0 0 1
-0.0172212109 0.198971913 0.230000004 0 0 1
0.243630165 0.18570946 0.230000004 0 0 1
0.289181797 0.130527192 0.230000004 0 0 1
-0.293313491 -0.174778208 0.230000004 0 0 1
0.285125303 0.188267413 0.230000004 0 0 1
0.0967106018 -0.185517398 0.230000004 0 0 1
-0.0615924885 0.187723067 0.230000004 0 0 1
0.161922983 0.190117846 0.230000004 0 0 1
-0.0942230516 0.196504699 0.230000004 0 0 1
0.0373595403 0.185177409 0.230000004 0 0 1
-0.0498782596 0.195956575 0.230000004 0 0 1
-0.128016641 -0.187691292 0.230000004 0 0 1
-0.0780672733 0.184262604 0.230000004 0 0 1
-0.288841553 0.14815608 0.230000004 0 0 1
-0.0402500656 0.194494137 0.230000004 0 0 1
-0.294197899 -0.106343065 0.230000004 0 0 1
0.203737264 0.184405712 0.230000004 0 0 1
0.289959719 0.133494805 0.230000004 0 0 1
-0.291552938 0.0712171708 0.230000004 0 0 1
0.253369074 -0.195336635 0.230000004 0 0 1
0.29214113 0.00855466194 0.230000004 0 0 1
0.284338468 -0.00875789334 0.230000004 0 0 1
-0.297308224 0.0439996825 0.230000004 0 0 1
-0.292778996 -0.10165555 0.230000004 0 0 1
-0.289276184 0.0776576568 0.230000004 0 0 1
-0.298270592 0.122294866 0.230000004 0 0 1
0.177994436 -0.196495814 0.230000004 0 0 1
0.045742244 0.188682552 0.230000004 0 0 1
-0.139911646 0.19840915 0.230000004 0 0 1
-0.290110339 -0.113774951 0.230000004 0 0 1
-0.278131291 0.190048959 0.230000004 0 0 1
-0.00305242361 -0.18421859 0.230000004 0 0 1
-0.295228239 0.0442912353 0.230000004 0 0 1
0.283712774 0.131301221 0.230000004 0 0 1
-0.0818562333 0.192707069 0.230000004 0 0 1
-0.131110269 -0.189728024 0.230000004 0 0 1
-0.0949480895 0.190760252 0.230000004 0 0 1
-0.288068485 -0.122399483 0.230000004 0 0 1
0.0677637209 -0.191850777 0.230000004 0 0 1
-0.285392857 -0.136932069 0.230000004 0 0 1
0.236421091 0.19376073 0.230000004 0 0 1
0.298797877 -0.0195248816 0.230000004 0 0 1
0.287930451 0.099623075 0.230000004 0 0 1
0.144672409 0.193748807 0.230000004 0 0 1
-0.28744332 0.0217081234 0.230000004 0 0 1
0.19142098 0.196803859 0.230000004 0 0 1
0.186108668 0.198930696 0.230000004 0 0 1
0.0156261831 -0.198618062 0.230000004 0 0 1
-0.0599135177 -0.191837525 0.230000004 0 0 1
-0.253066633 -0.196058177 0.230000004 0 0 1
-0.287912932 -0.0694903783 0.230000004 0 0 1
0.285037317 -0.169963213 0.230000004 0 0 1
-0.284071296 -0.0357736901 0.230000004 0 0 1
0.232451637 -0.183945837 0.230000004 0 0 1
-0.291581974 -0.169505503 0.230000004 0 0 1
0.269605687 0.189463233 0.230000004 0 0 1
0.298930834 0.121087403 0.230000004 0 0 1
0.256923248 0.190991082 0.230000004 0 0 1
-0.167949378 -0.188001253 0.230000004 0 0 1
0.143639485 0.197573282 0.230000004 0 0 1
-0.285690042 0.0622446181 0.230000004 0 0 1
0.299939465 0.0515238896 0.230000004 0 0 1
-0.270318308 0.184284565 0.230000004 0 0 1
0.0682196984 0.194769341 0.230000004 0 0 1
0.199034941 -0.186950171 0.230000004 0 0 1
0.16224175 0.198394474 0.230000004 0 0 1
0.251832753 -0.191836124 0.230000004 0 0 1
-0.296875007 0.133179797 0.230000004 0 0 1
-0.284478139 -0.0363287855 0.230000004 0 0 1
-0.00416874913 0.187989791 0.230000004 0 0 1
0.299851676 -0.138300769 0.230000004 0 0 1
0.155551051 0.197429948 0.230000004 0 0 1
-0.29625461 0.13407576 0.230000004 0 0 1
-0.296643138 0.00384888654 0.230000004 0 0 1
-0.296353121 0.0327035198 0.230000004 0 0 1
-0.29596655 -0.135374265 0.230000004 0 0 1
-0.0846552964 0.192159625 0.230000004 0 0 1
0.174811543 -0.191940405 0.230000004 0 0 1
0.299435741 -0.111353053 0.230000004 0 0 1
-0.289433939 -0.126832995 0.230000004 0 0 1
0.295791023 -0.193892743 0.230000004 0 0 1
-0.0376021686 -0.196348954 0.230000004 0 0 1
-0.284158478 -0.0613458143 0.230000004 0 0 1
0.287483875 -0.135074671 0.230000004 0 0 1
0.227150859 0.187980978 0.230000004 0 0 1
-0.170845311 -0.18985843 0.230000004 0 0 1
-0.0918650996 0.190558408 0.230000004 0 0 1
-0.134841132 -0.19193891 0.230000004 0 0 1
-0.0871116901 0.193509916 0.230000004 0 0 1
0.108997012 -0.188636742 0.230000004 0 0 1
-0.0505618115 0.188719461 0.230000004 0 0 1
0.287462815 -0.0922094594 0.230000004 0 0 1
-0.279729861 0.188114009 0.230000004 0 0 1
-0.0794470035 -0.185055505 0.230000004 0 0 1
-0.0931912446 0.189604698 0.230000004 0 0 1
0.276319283 0.192582641 0.230000004 0 0 1
0.293265796 -0.0261580328 0.230000004 0 0 1
-0.0802228596 -0.185433914 0.230000004 0 0 1
-0.284308108 -0.146371842 0.230000004 0 0 1
0.204987473 -0.186764547 0.230000004 0 0 1
-0.293414262 0.015108233 0.230000004 0 0 1
-0.286764334 -0.0788939026 0.230000004 0 0 1
-0.289857605 -0.0828918337 0.230000004 0 0 1
-0.29122794 -0.139042733 0.230000004 0 0 1
-0.251440287 -0.195380659 0.230000004 0 0 1
-0.297844091 0.13349088 0.230000004 0 0 1
-0.165659737 -0.193008879 0.230000004 0 0 1
0.100585363 -0.198604673 0.230000004 0 0 1
0.298095949 -0.189496245 0.230000004 0 0 1
-0.210278202 -0.192382689 0.230000004 0 0 1
-0.297122553 -0.192003259 0.230000004 0 0 1
0.0664548086 -0.195312594 0.230000004 0 0 1
0.284937956 -0.149935778 0.230000004 0 0 1
-0.288957505 0.0264980056 0.230000004 0 0 1
-0.285225243 -0.115016038 0.230000004 0 0 1
0.289075067 -0.100193004 0.230000004 0 0 1
0.137095042 -0.184606235 0.230000004 0 0 1
-0.298718568 0.191683061 0.230000004 0 0 1
0.0424298359 -0.19117541 0.230000004 0 0 1
-0.166847732 0.18806855 0.230000004 0 0 1
-0.164822979 0.186723513 0.230000004 0 0 1
-0.29342229 -0.0138178485 0.230000004 0 0 1
0.0926097418 -0.198373836 0.230000004 0 0 1
0.290899875 0.121271654 0.230000004 0 0 1
0.297463195 -0.0572840582 0.230000004 0 0 1
0.0306482183 0.191341659 0.230000004 0 0 1
0.289945868 -0.0750270483 0.230000004 0 0 1
-0.207017832 0.198791305 0.230000004 0 0 1
-0.146890621 -0.199973004 0.230000004 0 0 1
0.120774404 0.195831261 0.230000004 0 0 1
-0.172946935 -0.196503012 0.230000004 0 0 1
-0.28812925 -0.147256095 0.230000004 0 0 1
-0.296475983 0.156382064 0.230000004 0 0 1
-0.285127824 -0.104256256 0.230000004 0 0 1
-0.00796065046 0.186895382 0.230000004 0 0 1
-0.133219911 0.190863376 0.230000004 0 0 1
0.235825472 -0.19212014 0.230000004 0 0 1
-0.294357441 -0.0624282147 0.230000004 0 0 1
-0.186243954 -0.193627361 0.230000004 0 0 1
0.0134506204 -0.194736371 0.230000004 0 0 1
-0.283404344 -0.154756894 0.230000004 0 0 1
-0.297064097 -0.120033276 0.230000004 0 0 1
0.032600451 -0.1949048 0.230000004 0 0 1
0.293928435 0.0134837196 0.230000004 0 0 1
0.295096987 -0.12014349 0.230000004 0 0 1
0.215617592 0.196175647 0.230000004 0 0 1
-0.290624306 -0.193812173 0.230000004 0 0 1
0.293158851 -0.048768671 0.230000004 0 0 1
-0.285929218 -0.000604055159 0.230000004 0 0 1
0.283077649 -0.107599086 0.230000004 0 0 1
-0.294106425 0.0578897565 0.230000004 0 0 1
0.293357262 0.0679357345 0.230000004 0 0 1
0.154230145 0.197151256 0.230000004 0 0 1
0.289973342 -0.0150190153 0.230000004 0 0 1
0.0860669825 -0.198499317 0.230000004 0 0 1
0.0295130358 -0.191719842 0.230000004 0 0 1
-0.292404674 0.19962258 0.230000004 0 0 1
-0.286363346 -0.167812813 0.230000004 0 0 1
-0.112131338 -0.193299464 0.230000004 0 0 1
-0.290851396 -0.104085964 0.230000004 0 0 1
0.288585719 0.0627951423 0.230000004 0 0 1
0.105391656 -0.18494077 0.230000004 0 0 1
-0.288338172 0.182000329 0.230000004 0 0 1
0.299697182 0.104247951 0.230000004 0 0 1
-0.0963866674 0.187901332 0.230000004 0 0 1
-0.170521441 0.191595565 0.230000004 0 0 1
-0.0066770824 -0.189280965 0.230000004 0 0 1
0.289482746 0.13465329 0.230000004 0 0 1
0.221548978 0.192904967 0.230000004 0 0 1
-0.285590002 -0.171900366 0.230000004 0 0 1
0.284039791 0.0897114905 0.230000004 0 0 1
-0.297011096 -0.0668058006 0.230000004 0 0 1
0.112589066 0.194385171 0.230000004 0 0 1
-0.190752162 -0.193050146 0.230000004 0 0 1
0.14404794 -0.198751381 0.230000004 0 0 1
-0.077615764 -0.190750746 0.230000004 0 0 1
-0.29506023 0.0966694466 0.230000004 0 0 1
0.287813141 -0.167370214 0.230000004 0 0 1
-0.294403951 -0.131628037 0.230000004 0 0 1
0.204120987 -0.188829978 0.230000004 0 0 1
-0.261197039 -0.186694734 0.230000004 0 0 1
0.0815693596 0.199319683 0.230000004 0 0 1
0.293731514 -0.122254716 0.230000004 0 0 1
-0.0353735473 -0.199266707 0.230000004 0 0 1
0.0606137153 -0.195571135 0.230000004 0 0 1
0.186888062 0.192401061 0.230000004 0 0 1
0.16430092 0.197918812 0.230000004 0 0 1
-0.292322327 0.178059515 0.230000004 0 0 1
-0.0474771037 -0.188993173 0.230000004 0 0 1
-0.240791602 0.190511398 0.230000004 0 0 1
-0.286659628 -0.122109059 0.230000004 0 0 1
0.251613955 -0.192942457 0.230000004 0 0 1
-0.218459442 -0.183503781 0.230000004 0 0 1
0.26101219 0.192058739 0.230000004 0 0 1
-0.29182175 0.129258298 0.230000004 0 0 1
0.0455663708 0.192508109 0.230000004 0 0 1
-0.276745236 0.198440653 0.230000004 0 0 1
-0.14876563 -0.19028441 0.230000004 0 0 1
-0.298441752 0.0786651102 0.230000004 0 0 1
-0.0303943352 0.188969302 0.230000004 0 0 1
0.130515823 0.194298354 0.230000004 0 0 1
-0.294510386 -0.0444484619 0.230000004 0 0 1
-0.294120847 0.0296618504 0.230000004 0 0 1
0.238347781 0.186829624 0.230000004 0 0 1
0.0935129125 -0.198179327 0.230000004 0 0 1
-0.146183923 -0.194832129 0.230000004 0 0 1
-0.285957227 0.0839647458 0.230000004 0 0 1
-0.298766486 0.0390376987 0.230000004 0 0 1
-0.0468094528 0.193582578 0.230000004 0 0 1
-0.198042866 -0.193277184 0.230000004 0 0 1
0.298628256 -0.00525018698 0.230000004 0 0 1
0.0576850405 -0.193819842 0.230000004 0 0 1
-0.213914931 0.191941451 0.230000004 0 0 1
-0.0649568346 -0.186664367 0.230000004 0 0 1
-0.299246626 -0.0550988583 0.230000004 0 0 1
-0.296031771 -0.15409001 0.230000004 0 0 1
-0.0994035142 0.187187947 0.230000004 0 0 1
0.127410102 -0.198707314 0.230000004 0 0 1
-0.143011027 0.198680732 0.230000004 0 0 1
-0.292583647 0.106299934 0.230000004 0 0 1
-0.092276001 -0.190728749 0.230000004 0 0 1
-0.0201213717 0.194562654 0.230000004 0 0 1
0.261627318 0.193107779 0.230000004 0 0 1
0.289597078 -0.0797981034 0.230000004 0 0 1
-0.138355214 0.199991607 0.230000004 0 0 1
0.296626799 0.0762561743 0.230000004 0 0 1
-0.298046764 -0.0408919681 0.230000004 0 0 1
-0.169535266 0.196168069 0.230000004 0 0 1
0.291499937 -0.151341783 0.230000004 0 0 1
-0.245819206 -0.193530348 0.230000004 0 0 1
-0.273958338 0.186575734 0.230000004 0 0 1
-0.219394036 -0.199362323 0.230000004 0 0 1
-0.106218073 0.186786327 0.230000004 0 0 1
-0.0663155923 -0.192241438 0.230000004 0 0 1
0.0802034011 0.187443905 0.230000004 0 0 1
-0.262587487 0.192196162 0.230000004 0 0 1
0.290734959 0.0120094184 0.230000004 0 0 1
0.0768025294 -0.190245428 0.230000004 0 0 1
0.0327909079 0.189388989 0.230000004 0 0 1
-0.190828607 -0.191114052 0.230000004 0 0 1
-0.293135017 0.160149051 0.230000004 0 0 1
0.291085243 0.112796392 0.230000004 0 0 1
-0.102235986 0.195405552 0.230000004 0 0 1
-0.11732781 0.185701932 0.230000004 0 0 1
0.288461593 0.187886819 0.230000004 0 0 1
-0.161800044 0.19821731 0.230000004 0 0 1
-0.0808708441 -0.195888143 0.230000004 0 0 1
-0.295198076 0.121377937 0.230000004 0 0 1
0.0407222542 -0.184753927 0.230000004 0 0 1
0.0787704431 -0.195247591 0.230000004 0 0 1
-0.00240409273 -0.187600193 0.230000004 0 0 1
0.285917459 0.0634156308 0.230000004 0 0 1
-0.00436100207 -0.190518465 0.230000004 0 0 1
-0.299168072 -0.0103708172 0.230000004 0 0 1
0.176329396 0.194600451 0.230000004 0 0 1
-0.161599734 -0.184077662 0.230000004 0 0 1
0.266649682 -0.184791031 0.230000004 0 0 1
-0.297241361 -0.117985546 0.230000004 0 0 1
0.287140913 -0.136737121 0.230000004 0 0 1
0.0572259381 -0.198147807 0.230000004 0 0 1
0.104301383 -0.187400516 0.230000004 0 0 1
0.125350554 0.190741632 0.230000004 0 0 1
0.283955748 0.150986282 0.230000004 0 0 1
-0.197841105 0.195319789 0.230000004 0 0 1
-0.288435256 -0.119209236 0.230000004 0 0 1
-0.298402611 -0.0521396487 0.230000004 0 0 1
-0.298043788 0.0614338269 0.230000004 0 0 1
0.262170231 0.192644893 0.230000004 0 0 1
0.246542569 -0.197881846 0.230000004 0 0 1
0.290531518 0.0500095002 0.230000004 0 0 1
-0.0921429449 0.190270364 0.230000004 0 0 1
-0.284285579 -0.0652509786 0.230000004 0 0 1
-0.293664813 -0.0120178241 0.230000004 0 0 1
0.29226294 -0.0908294709 0.230000004 0 0 1
0.272610565 -0.195689802 0.230000004 0 0 1
-0.0066886313 -0.189263104 0.230000004 0 0 1
-0.295983953 -0.141723104 0.230000004 0 0 1
0.134991381 -0.196697243 0.230000004 0 0 1
-0.287827642 0.100354191 0.230000004 0 0 1
-0.0182450303 -0.186684734 0.230000004 0 0 1
0.298880883 -0.0998670271 0.230000004 0 0 1
0.263842822 0.190058123 0.230000004 0 0 1
-0.293505429 -0.130527267 0.230000004 0 0 1
0.2875189 0.198342636 0.230000004 0 0 1
-0.291935812 0.0131479472 0.230000004 0 0 1
-0.0341973938 -0.196670284 0.230000004 0 0 1
-0.289087761 0.141421955 0.230000004 0 0 1
-0.283794016 -0.0669396099 0.230000004 0 0 1
-0.172959098 -0.183507103 0.230000004 0 0 1
-0.160796064 0.195908531 0.230000004 0 0 1
-0.152704019 0.193621248 0.230000004 0 0 1
-0.296602846 -0.0505128201 0.230000004 0 0 1
-0.139208658 -0.193332976 0.230000004 0 0 1
0.176120183 -0.188013819 0.230000004 0 0 1
-0.170498484 0.189130966 0.230000004 0 0 1
0.297754062 0.109936321 0.230000004 0 0 1
0.296849862 0.0472491405 0.230000004 0 0 1
0.0431538474 -0.189744665 0.230000004 0 0 1
-0.128897372 0.196193912 0.230000004 0 0 1
-0.287479801 -0.178189477 0.230000004 0 0 1
-0.286493964 -0.0577330349 0.230000004 0 0 1
0.285220185 0.087768266 0.230000004 0 0 1
0.127966165 0.198891685 0.230000004 0 0 1
0.298690751 -0.116974298 0.230000004 0 0 1
-0.165529905 -0.184686957 0.230000004 0 0 1
-0.0244345993 0.186065189 0.230000004 0 0 1
-0.285028069 -0.0481100471 0.230000004 0 0 1
0.207744493 -0.185045182 0.230000004 0 0 1
0.152468363 0.188358172 0.230000004 0 0 1
-0.0897218038 0.195617648 0.230000004 0 0 1
-0.284115871 0.172446035 0.230000004 0 0 1
-0.297640644 -0.159800651 0.230000004 0 0 1
-0.271047325 0.192018999 0.230000004 0 0 1
-0.192649929 0.184040033 0.230000004 0 0 1
0.285239296 -0.145188036 0.230000004 0 0 1
-0.00376406639 -0.192339704 0.230000004 0 0 1
-0.0135319281 -0.196103772 0.230000004 0 0 1
0.284602308 0.016846222 0.230000004 0 0 1
0.165784849 0.198735541 0.230000004 0 0 1
0.288064349 0.133663551 0.230000004 0 0 1
-0.286976415 0.0049037304 0.230000004 0 0 1
0.209758835 -0.185680522 0.230000004 0 0 1
0.102020167 0.183812352 0.230000004 0 0 1
0.286595448 0.103616791 0.230000004 0 0 1
0.297131328 0.0276975765 0.230000004 0 0 1
-0.11840799 -0.192829618 0.230000004 0 0 1
0.166383974 0.191215345 0.230000004 0 0 1
0.285479886 0.190123 0.230000004 0 0 1
0.289489405 0.0281068015 0.230000004 0 0 1
0.298309616 0.13167296 0.230000004 0 0 1
0.287800205 0.129705782 0.230000004 0 0 1
-0.0476268396 -0.19533615 0.230000004 0 0 1
-0.295000617 0.161797662 0.230000004 0 0 1
-0.298541342 0.102352997 0.230000004 0 0 1
0.293774595 -0.0902201448 0.230000004 0 0 1
-0.299404662 0.194814442 0.230000004 0 0 1
0.202954342 0.186049939 0.230000004 0 0 1
0.284237827 0.11633245 0.230000004 0 0 1
0.0566288579 0.186354493 0.230000004 0 0 1
0.290023836 -0.199855494 0.230000004 0 0 1
0.195142836 0.190554906 0.230000004 0 0 1
-0.291999015 -0.14347109 0.230000004 0 0 1
-0.205855148 0.187828919 0.230000004 0 0 1
0.289090142 0.0937148773 0.230000004 0 0 1
0.283067303 0.114950856 0.230000004 0 0 1
-0.0163306359 -0.189214558 0.230000004 0 0 1
0.298474862 0.185185149 0.230000004 0 0 1
-0.0232864377 0.188296626 0.230000004 0 0 1
0.285542336 -0.020238722 0.230000004 0 0 1
0.297561884 0.195528631 0.230000004 0 0 1
0.244816097 -0.189781278 0.230000004 0 0 1
-0.294335062 0.130994949 0.230000004 0 0 1
0.297610598 0.115826343 0.230000004 0 0 1
0.294401842 0.0320015074 0.230000004 0 0 1
0.143779301 0.190705382 0.230000004 0 0 1
-0.298020611 0.125621575 0.230000004 0 0 1
-0.289272468 0.0062518088 0.230000004 0 0 1
0.237018485 0.191020445 0.230000004 0 0 1
0.27762943 0.186067883 0.230000004 0 0 1
0.193397899 0.190097524 0.230000004 0 0 1
0.059628332 -0.194054233 0.230000004 0 0 1
0.294405681 0.0470504046 0.230000004 0 0 1
-0.287488987 -0.122620225 0.230000004 0 0 1
0.0488077922 0.199910633 0.230000004 0 0 1
0.285421012 0.0694924927 0.230000004 0 0 1
-0.220057221 0.197105787 0.230000004 0 0 1
-0.118672431 -0.192337505 0.230000004 0 0 1
-0.217417 -0.187804015 0.230000004 0 0 1
-0.296933347 0.0394038847 0.230000004 0 0 1
-0.206214679 0.1903484 0.230000004 0 0 1
-0.112943265 -0.187382364 0.230000004 0 0 1
0.288587698 -0.0235445906 0.230000004 0 0 1
-0.0241065558 0.197009908 0.230000004 0 0 1
0.285767266 -0.0291430604 0.230000004 0 0 1
-0.184655102 -0.183780398 0.230000004 0 0 1
-0.173266491 -0.199195944 0.230000004 0 0 1
-0.219036496 -0.196120326 0.230000004 0 0 1
0.0684108909 0.194707646 0.230000004 0 0 1
-0.286572416 -0.0907275369 0.230000004 0 0 1
-0.292630931 0.0639836065 0.230000004 0 0 1
-0.284994645 0.0971442089 0.230000004 0 0 1
-0.284087607 -0.182728967 0.230000004 0 0 1
0.263263203 0.194087702 0.230000004 0 0 1
0.222978096 -0.190048583 0.230000004 0 0 1
-0.294541531 -0.0452122483 0.230000004 0 0 1
-0.293562265 0.0192238826 0.230000004 0 0 1
-0.148441274 0.194896081 0.230000004 0 0 1
0.262594512 -0.197108231 0.230000004 0 0 1
0.289551261 0.195963052 0.230000004 0 0 1
0.0332637851 -0.196519524 0.230000004 0 0 1
0.174502971 -0.191018599 0.230000004 0 0 1
-0.0793556298 -0.192516761 0.230000004 0 0 1
-0.283692893 0.0802604245 0.230000004 0 0 1
0.287426906 0.169080261 0.230000004 0 0 1
0.135776614 -0.186442698 0.230000004 0 0 1
-0.25611981 -0.18652486 0.230000004 0 0 1
0.298293282 0.0544021482 0.230000004 0 0 1
-0.0462148005 0.191967084 0.230000004 0 0 1
-0.257765813 -0.197732417 0.230000004 0 0 1
0.289516363 -0.181774219 0.230000004 0 0 1
0.297001467 0.194819272 0.230000004 0 0 1
0.297706442 -0.157871001 0.230000004 0 0 1
-0.291410082 -0.196265631 0.230000004 0 0 1
-0.283540278 0.164782209 0.230000004 0 0 1
0.0806681532 -0.194185203 0.230000004 0 0 1
0.293422409 0.109157923 0.230000004 0 0 1
0.270373146 0.197625617 0.230000004 0 0 1
-0.296142137 -0.0298803092 0.230000004 0 0 1
0.249343671 0.193970808 0.230000004 0 0 1
-0.267757713 0.1943102 0.230000004 0 0 1
0.291220728 0.000837905112 0.230000004 0 0 1
0.156850139 -0.192715411 0.230000004 0 0 1
-0.264641436 -0.19607806 0.230000004 0 0 1
0.294861764 -0.0332019996 0.230000004 0 0 1
0.0511673846 0.194976205 0.230000004 0 0 1
0.198319607 -0.198692503 0.230000004 0 0 1
0.290435646 -0.0609598627 0.230000004 0 0 1
0.29826176 -0.0890845975 0.230000004 0 0 1
0.149737328 -0.198594911 0.230000004 0 0 1
0.296880786 -0.113790648 0.230000004 0 0 1
0.0884150656 0.186982557 0.230000004 0 0 1
0.249968088 0.198319307 0.230000004 0 0 1
-0.287535469 -0.0654099696 0.230000004 0 0 1
0.164390269 -0.196935416 0.230000004 0 0 1
0.29974577 -0.114217756 0.230000004 0 0 1
-0.299717487 -0.158092591 0.230000004 0 0 1
0.286801938 0.161116191 0.230000004 0 0 1
0.299132999 -0.0413406314 0.230000004 0 0 1
-0.00368998612 -0.19378022 0.230000004 0 0 1
0.185699423 0.196193513 0.230000004 0 0 1
0.208645105 -0.190234008 0.230000004 0 0 1
-0.241298116 -0.1889036 0.230000004 0 0 1
0.294064659 -0.160644844 0.230000004 0 0 1
0.0756358465 0.194092657 0.230000004 0 0 1
0.00506839945 -0.198034637 0.230000004 0 0 1
-0.285795475 -0.169706959 0.230000004 0 0 1
0.160829716 0.189943866 0.230000004 0 0 1
-0.286573391 -0.0762921429 0.230000004 0 0 1
0.283218318 -0.108670266 0.230000004 0 0 1
-0.285056765 0.183133928 0.230000004 0 0 1
0.299551646 0.0158884121 0.230000004 0 0 1
0.0917832777 0.188854187 0.230000004 0 0 1
0.299449771 0.121239285 0.230000004 0 0 1
0.113864275 0.189784898 0.230000004 0 0 1
0.231608932 -0.195577587 0.230000004 0 0 1
-0.21794068 0.183077459 0.230000004 0 0 1
0.0300677763 0.185862277 0.230000004 0 0 1
-0.0851757363 -0.194463623 0.230000004 0 0 1
0.190816779 -0.191491657 0.230000004 0 0 1
-0.22148412 0.198062731 0.230000004 0 0 1
-0.293476584 0.119791319 0.230000004 0 0 1
-0.152815284 0.192412033 0.230000004 0 0 1
-0.272295668 0.190710735 0.230000004 0 0 1
0.1231951 0.19875161 0.230000004 0 0 1
0.290093088 -0.0678723402 0.230000004 0 0 1
0.287914616 -0.106430414 0.230000004 0 0 1
-0.210078478 -0.190507596 0.230000004 0 0 1
0.286061333 -0.143730768 0.230000004 0 0 1
0.131066778 0.192212658 0.230000004 0 0 1
-0.294539562 0.146134217 0.230000004 0 0 1
-0.0625491262 0.18345686 0.230000004 0 0 1
0.295347975 0.050999347 0.230000004 0 0 1
-0.298047756 0.184906524 0.230000004 0 0 1
0.291982723 0.102566226 0.230000004 0 0 1
-0.293182401 -0.186401082 0.230000004 0 0 1
0.251445014 -0.186388464 0.230000004 0 0 1
-0.176528281 -0.193933864 0.230000004 0 0 1
-0.28634077 0.0157107876 0.230000004 0 0 1
-0.142061454 -0.197228299 0.230000004 0 0 1
-0.243306547 0.191645398 0.230000004 0 0 1
0.286521037 0.0779721042 0.230000004 0 0 1
-0.0443318484 -0.186485453 0.230000004 0 0 1
0.10973489 -0.187252368 0.230000004 0 0 1
-0.286225354 0.00993125417 0.230000004 0 0 1
-0.280618553 0.19307247 0.230000004 0 0 1
0.295963984 0.0357209587 0.230000004 0 0 1
-0.284674525 -0.0684169301 0.230000004 0 0 1
-0.28818277 0.164334469 0.230000004 0 0 1
-0.286219891 -0.0629616378 0.230000004 0 0 1
-0.255524941 0.190335112 0.230000004 0 0 1
-0.11591722 -0.198626596 0.230000004 0 0 1
0.218793804 -0.187679533 0.230000004 0 0 1
0.228559607 -0.188040633 0.230000004 0 0 1
0.121141772 -0.189948134 0.230000004 0 0 1
-0.28669259 -0.065232583 0.230000004 0 0 1
-0.16633666 0.19894168 0.230000004 0 0 1
0.283036241 -0.0290879015 0.230000004 0 0 1
-0.247533417 -0.19186317 0.230000004 0 0 1
0.0402320551 -0.197008231 0.230000004 0 0 1
0.289299417 -0.079512698 0.230000004 0 0 1
0.297433178 -0.16764497 0.230000004 0 0 1
0.284359581 -0.0271648182 0.230000004 0 0 1
-0.296393391 -0.0780278452 0.230000004 0 0 1
-0.184209012 -0.194428389 0.230000004 0 0 1
-0.293325705 0.130734791 0.230000004 0 0 1
-0.297381262 0.15668328 0.230000004 0 0 1
-0.138124733 -0.184258456 0.230000004 0 0 1
0.187688102 0.197753475 0.230000004 0 0 1
0.0317811721 0.189756226 0.230000004 0 0 1
-0.256152324 0.191337197 0.230000004 0 0 1
-0.298620231 -0.0101871652 0.230000004 0 0 1
0.286831877 0.0696658589 0.230000004 0 0 1
-0.101555596 0.199466066 0.230000004 0 0 1
-0.288340317 -0.0580593711 0.230000004 0 0 1
0.286209847 -0.155938843 0.230000004 0 0 1
-0.195968553 -0.196875849 0.230000004 0 0 1
0.0400891823 0.18391455 0.230000004 0 0 1
-0.0896943223 -0.190660513 0.230000004 0 0 1
0.127284736 0.195853297 0.230000004 0 0 1
0.283543618 0.184731186 0.230000004 0 0 1
-0.289856378 0.0303951227 0.230000004 0 0 1
0.0637158255 0.194198233 0.230000004 0 0 1
-0.289254153 -0.143406084 0.230000004 0 0 1
-0.284327711 0.165472084 0.230000004 0 0 1
0.137659946 0.193866371 0.230000004 0 0 1
-0.28591238 -0.193311464 0.230000004 0 0 1
0.288249352 0.0996379956 0.230000004 0 0 1
0.0644844802 0.199629614 0.230000004 0 0 1
-0.153875234 0.185885394 0.230000004 0 0 1
0.0913109541 0.189980332 0.230000004 0 0 1
0.187499562 0.195315061 0.230000004 0 0 1
0.284547029 -0.0970356311 0.230000004 0 0 1
-0.296636478 0.110420387 0.230000004 0 0 1
0.298931769 -0.0263747772 0.230000004 0 0 1
0.248762504 0.199045875 0.230000004 0 0 1
-0.298169116 -0.0904517603 0.230000004 0 0 1
-0.290027975 -0.0870234631 0.230000004 0 0 1
-0.28285089 -0.184724604 0.230000004 0 0 1
0.0279390574 -0.190651781 0.230000004 0 0 1
0.0659930901 0.187696216 0.230000004 0 0 1
-0.242647092 0.193782649 0.230000004 0 0 1
0.283901516 -0.169262876 0.230000004 0 0 1
-0.12288746 0.184297934 0.230000004 0 0 1
0.192685626 0.198284265 0.230000004 0 0 1
-0.0192488263 -0.188775234 0.230000004 0 0 1
0.0444633482 0.194903356 0.230000004 0 0 1
-0.0700021147 -0.195256459 0.230000004 0 0 1
0.208360333 -0.196573532 0.230000004 0 0 1
-0.121585205 -0.18803026 0.230000004 0 0 1
-0.28342283 -0.0653011312 0.230000004 0 0 1
-0.29139817 -0.00659535294 0.230000004 0 0 1
-0.24956786 -0.185441065 0.230000004 0 0 1
-0.193714463 -0.19795232 0.230000004 0 0 1
-0.168106103 0.184590363 0.230000004 0 0 1
0.285486532 0.0892475912 0.230000004 0 0 1
-0.29479905 -0.180045401 0.230000004 0 0 1
-0.293115157 0.0609846566 0.230000004 0 0 1
-0.286848557 -0.13718617 0.230000004 0 0 1
0.297356543 -0.0653381667 0.230000004 0 0 1
0.0710246028 0.19572056 0.230000004 0 0 1
0.0570764221 0.189866993 0.230000004 0 0 1
0.294209162 -0.160345635 0.230000004 0 0 1
-0.291596838 0.0934118279 0.230000004 0 0 1
-0.255345122 0.183503118 0.230000004 0 0 1
-0.284054224 -0.182430655 0.230000004 0 0 1
-0.294325814 -0.125858402 0.230000004 0 0 1
-0.256176796 -0.195531382 0.230000004 0 0 1
0.217899265 -0.196151325 0.230000004 0 0 1
0.109828345 0.191552773 0.230000004 0 0 1
-0.288769139 -0.0156883365 0.230000004 0 0 1
0.166767302 0.193186946 0.230000004 0 0 1
-0.291776691 0.038401607 0.230000004 0 0 1
-0.187123541 -0.189245239 0.230000004 0 0 1
0.291733623 -0.00888011164 0.230000004 0 0 1
-0.292030348 0.152866525 0.230000004 0 0 1
-0.295623022 -0.141433605 0.230000004 0 0 1
0.285308646 0.0659749769 0.230000004 0 0 1
0.296979664 -0.113744292 0.230000004 0 0 1
0.185424213 -0.191206013 0.230000004 0 0 1
0.21325012 -0.195266347 0.230000004 0 0 1
-0.292190799 0.026276083 0.230000004 0 0 1
-0.299359435 -0.14111862 0.230000004 0 0 1
0.292088806 0.131470852 0.230000004 0 0 1
-0.0368639052 -0.199450497 0.230000004 0 0 1
-0.0265078585 0.186487551 0.230000004 0 0 1
-0.0391913677 -0.184259088 0.230000004 0 0 1
0.0508112497 -0.18642152 0.230000004 0 0 1
0.298327806 0.0320580711 0.230000004 0 0 1
0.00676300872 -0.188787826 0.230000004 0 0 1
0.297882602 0.177074983 0.230000004 0 0 1
0.00503505581 -0.196748832 0.230000004 0 0 1
0.291635387 -0.0464961769 0.230000004 0 0 1
0.256608409 0.187322575 0.230000004 0 0 1
0.147090355 -0.18385404 0.230000004 0 0 1
-0.231332571 -0.186263509 0.230000004 0 0 1
-0.289700053 0.119920755 0.230000004 0 0 1
0.264940845 -0.183045532 0.230000004 0 0 1
-0.291962478 -0.0192133944 0.230000004 0 0 1
0.0992032858 0.188218624 0.230000004 0 0 1
-0.150006596 -0.194701238 0.230000004 0 0 1
0.0140372346 -0.199563917 0.230000004 0 0 1
-0.0204517662 -0.191965488 0.230000004 0 0 1
0.295845551 -0.168032763 0.230000004 0 0 1
-0.289113332 -0.144106043 0.230000004 0 0 1
0.161171041 -0.197837427 0.230000004 0 0 1
-0.280046958 0.196775325 0.230000004 0 0 1
-0.1159412 -0.197491826 0.230000004 0 0 1
-0.155456418 0.19334026 0.230000004 0 0 1
0.293923693 -0.194989371 0.230000004 0 0 1
0.288944811 0.152762685 0.230000004 0 0 1
-0.246734036 0.192248333 0.230000004 0 0 1
0.287596501 -0.119798558 0.230000004 0 0 1
-0.298548558 -0.0193549386 0.230000004 0 0 1
0.288834926 -0.156468819 0.230000004 0 0 1
0.291764978 0.160818922 0.230000004 0 0 1
0.0992716894 0.193364017 0.230000004 0 0 1
-0.090820307 -0.198784002 0.230000004 0 0 1
0.29986234 -0.0205939744 0.230000004 0 0 1
0.289633451 -0.0843607831 0.230000004 0 0 1
-0.0336144637 0.188216794 0.230000004 0 0 1
0.0565879384 -0.195666372 0.230000004 0 0 1
-0.0559689818 0.183689406 0.230000004 0 0 1
-0.291055123 0.165988374 0.230000004 0 0 1
0.0871986697 0.190984685 0.230000004 0 0 1
-0.213248071 0.196102041 0.230000004 0 0 1
-0.0483031871 -0.196364833 0.230000004 0 0 1
0.0308237976 -0.187301447 0.230000004 0 0 1
-0.138147307 0.190529149 0.230000004 0 0 1
-0.253871348 -0.189482975 0.230000004 0 0 1
-0.193841535 0.199333371 0.230000004 0 0 1
0.0929022992 -0.185225346 0.230000004 0 0 1
0.168250084 0.18716251 0.230000004 0 0 1
0.0559837983 -0.195944529 0.230000004 0 0 1
-0.298658948 0.00983594936 0.230000004 0 0 1
0.298478138 -0.141948961 0.230000004 0 0 1
0.12754566 0.184937148 0.230000004 0 0 1
-0.292154214 -0.0934553282 0.230000004 0 0 1
0.0926003543 0.189780747 0.230000004 0 0 1
-0.0218755824 -0.197024791 0.230000004 0 0 1
0.284528312 -0.161169468 0.230000004 0 0 1
-0.287147871 0.136735693 0.230000004 0 0 1
-0.174086778 -0.190622142 0.230000004 0 0 1
-0.00770427336 -0.189794494 0.230000004 0 0 1
0.297000794 0.0842477795 0.230000004 0 0 1
-0.294541724 -0.120575528 0.230000004 0 0 1
0.185275215 -0.183982426 0.230000004 0 0 1
0.143794767 0.190819784 0.230000004 0 0 1
-0.107102634 -0.183531544 0.230000004 0 0 1
0.294719896 0.169492788 0.230000004 0 0 1
-0.257557859 0.183771656 0.230000004 0 0 1
-0.0660379243 -0.199576325 0.230000004 0 0 1
-0.164213879 0.190669371 0.230000004 0 0 1
0.132167278 -0.193081674 0.230000004 0 0 1
0.0172356563 -0.186109352 0.230000004 0 0 1
-0.203761439 -0.183513105 0.230000004 0 0 1
-0.29801021 -0.17041481 0.230000004 0 0 1
-0.298314579 -0.157964169 0.230000004 0 0 1
-0.124846424 0.19534989 0.230000004 0 0 1
0.291166074 0.111720228 0.230000004 0 0 1
-0.253194823 0.18390896 0.230000004 0 0 1
-0.229057022 -0.195887158 0.230000004 0 0 1
-0.16621746 -0.197970588 0.230000004 0 0 1
0.218568205 0.193061443 0.230000004 0 0 1
-0.259989276 0.185624972 0.230000004 0 0 1
0.0567330052 0.195226599 0.230000004 0 0 1
-0.155747586 0.190620382 0.230000004 0 0 1
-0.289213002 -0.162205943 0.230000004 0 0 1
0.23099926 0.192480073 0.230000004 0 0 1
-0.107716846 0.190637271 0.230000004 0 0 1
0.293767356 0.129012515 0.230000004 0 0 1
-0.038751216 0.183977167 0.230000004 0 0 1
-0.287755797 0.10252095 0.230000004 0 0 1
0.0920499221 0.193878818 0.230000004 0 0 1
-0.13496833 0.183443514 0.230000004 0 0 1
0.16096489 0.19507333 0.230000004 0 0 1
-0.136957194 0.199923778 0.230000004 0 0 1
0.13707082 0.192981641 0.230000004 0 0 1
-0.201447388 -0.186548771 0.230000004 0 0 1
-0.284268079 0.0334348663 0.230000004 0 0 1
-0.28779088 -0.0282346866 0.230000004 0 0 1
-0.104975579 0.185903248 0.230000004 0 0 1
-0.288175671 -0.166709322 0.230000004 0 0 1
-0.242179541 -0.184386649 0.230000004 0 0 1
0.073161806 0.191013415 0.230000004 0 0 1
-0.285479107 0.0362892224 0.230000004 0 0 1
0.29074186 0.157311887 0.230000004 0 0 1
-0.219736997 0.184480702 0.230000004 0 0 1
-0.0499179293 -0.184409778 0.230000004 0 0 1
-0.242540584 0.192221841 0.230000004 0 0 1
0.0416179906 0.196088544 0.230000004 0 0 1
0.182664575 -0.190583345 0.230000004 0 0 1
-0.0921240496 0.1917686 0.230000004 0 0 1
0.234084939 -0.184088615 0.230000004 0 0 1
-0.123654723 -0.188723446 0.230000004 0 0 1
-0.132728335 -0.19242185 0.230000004 0 0 1
0.293242314 -0.0355120534 0.230000004 0 0 1
-0.291736134 -0.0376142023 0.230000004 0 0 1
0.28760109 -0.0245353673 0.230000004 0 0 1
0.0538297141 -0.184909765 0.230000004 0 0 1
-0.17582835 -0.197000794 0.230000004 0 0 1
-0.29783305 -0.168013824 0.230000004 0 0 1
0.0364131741 -0.188882686 0.230000004 0 0 1
0.298560929 0.0531474642 0.230000004 0 0 1
0.0448798876 -0.184780707 0.230000004 0 0 1
-0.0556412707 -0.19521506 0.230000004 0 0 1
-0.0731118924 0.195154721 0.230000004 0 0 1
-0.292205688 0.120886185 0.230000004 0 0 1
0.285019561 0.0170869712 0.230000004 0 0 1
-0.176145694 0.194201553 0.230000004 0 0 1
-0.0709259562 0.188925061 0.230000004 0 0 1
-0.293740031 -0.056096126 0.230000004 0 0 1
0.296879831 0.0689901402 0.230000004 0 0 1
0.297496748 0.198981176 0.230000004 0 0 1
0.218912142 0.198719192 0.230000004 0 0 1
-0.297926702 -0.19684463 0.230000004 0 0 1
0.29088236 0.154535866 0.230000004 0 0 1
-0.289397265 -0.0268699436 0.230000004 0 0 1
-0.243042935 -0.190997162 0.230000004 0 0 1
-0.0840822882 -0.199594509 0.230000004 0 0 1
-0.292770877 0.0060305239 0.230000004 0 0 1
0.295372609 -0.0824463277 0.230000004 0 0 1
0.107111429 0.187995078 0.230000004 0 0 1
0.199623605 -0.19664931 0.230000004 0 0 1
-0.0532137319 0.199448377 0.230000004 0 0 1
0.100168947 0.196718113 0.230000004 0 0 1
-0.0531995249 -0.183992434 0.230000004 0 0 1
-0.290273091 -0.187151414 0.230000004 0 0 1
-0.0992054282 -0.19356383 0.230000004 0 0 1
-0.291360055 -0.192119911 0.230000004 0 0 1
-0.034416912 0.185883625 0.230000004 0 0 1
-0.293474315 0.0523387617 0.230000004 0 0 1
0.293307075 -0.00797348146 0.230000004 0 0 1
-0.285387307 -0.0993979028 0.230000004 0 0 1
-0.24428273 -0.196121653 0.230000004 0 0 1
0.297002437 0.0710836941 0.230000004 0 0 1
-0.285481444 0.161101955 0.230000004 0 0 1
0.0653369378 -0.189932529 0.230000004 0 0 1
-0.0140347643 0.193195731 0.230000004 0 0 1
0.0659683422 0.186580786 0.230000004 0 0 1
-0.28797762 0.0672056375 0.230000004 0 0 1
0.214290064 0.19403462 0.230000004 0 0 1
0.299461983 -0.148796114 0.230000004 0 0 1
-0.29685343 0.166577789 0.230000004 0 0 1
0.285025388 -0.164018933 0.230000004 0 0 1
-0.294789051 -0.0335240869 0.230000004 0 0 1
-0.292499584 -0.0736488605 0.230000004 0 0 1
0.241262491 0.184897926 0.230000004 0 0 1
0.293106892 -0.115161048 0.230000004 0 0 1
-0.103231044 0.188621956 0.230000004 0 0 1
-0.0118834896 -0.19760962 0.230000004 0 0 1
-0.268369118 -0.186915636 0.230000004 0 0 1
0.160610072 0.19118099 0.230000004 0 0 1
0.0380263624 -0.196038821 0.230000004 0 0 1
0.175310288 -0.196176457 0.230000004 0 0 1
0.297712126 0.102311399 0.230000004 0 0 1
-0.29109257 0.0982286007 0.230000004 0 0 1
-0.29606083 0.16236088 0.230000004 0 0 1
0.20377271 0.195110727 0.230000004 0 0 1
-0.119821262 0.187505616 0.230000004 0 0 1
0.129935475 0.188030316 0.230000004 0 0 1
-0.270430908 0.195212725 0.230000004 0 0 1
0.269110914 0.187395936 0.230000004 0 0 1
0.0209770607 -0.19322372 0.230000004 0 0 1
0.11162508 0.187808458 0.230000004 0 0 1
-0.158771297 -0.183371465 0.230000004 0 0 1
-0.272727655 -0.192632344 0.230000004 0 0 1
0.288630595 0.0744153365 0.230000004 0 0 1
0.0345684641 -0.196423515 0.230000004 0 0 1
0.292639581 0.131390976 0.230000004 0 0 1
0.0380963517 -0.188936671 0.230000004 0 0 1
-0.286125157 0.00109979142 0.230000004 0 0 1
0.0329662473 0.19183992 0.230000004 0 0 1
0.0654566699 0.192842074 0.230000004 0 0 1
-0.0454078034 0.198138147 0.230000004 0 0 1
0.0756488865 -0.194487673 0.230000004 0 0 1
0.298786092 0.00931745968 0.230000004 0 0 1
-0.100134153 -0.194895648 0.230000004 0 0 1
0.238017905 0.195079922 0.230000004 0 0 1
-0.292228791 -0.00980700325 0.230000004 0 0 1
0.112009325 0.192950441 0.230000004 0 0 1
0.133723538 0.189403137 0.230000004 0 0 1
-0.299980007 -0.14118004 0.230000004 0 0 1
0.283419248 -0.0507301429 0.230000004 0 0 1
-0.289499155 0.164820173 0.230000004 0 0 1
-0.293246272 0.0177379113 0.230000004 0 0 1
0.291354256 -0.0991720286 0.230000004 0 0 1
-0.037600488 -0.184145646 0.230000004 0 0 1
0.178532485 0.188699423 0.230000004 0 0 1
0.267842989 -0.184003011 0.230000004 0 0 1
0.283504548 -0.157919037 0.230000004 0 0 1
0.22956282 -0.196929965 0.230000004 0 0 1
0.288308519 0.0126656953 0.230000004 0 0 1
-0.0341996002 -0.183773271 0.230000004 0 0 1
0.113074943 0.192456237 0.230000004 0 0 1
-0.222639983 0.185482859 0.230000004 0 0 1
0.289826243 -0.180067999 0.230000004 0 0 1
-0.039862489 0.196639976 0.230000004 0 0 1
-0.0934540678 -0.198529348 0.230000004 0 0 1
-0.0656134639 -0.186375755 0.230000004 0 0 1
-0.296483502 -0.0687309013 0.230000004 0 0 1
0.177753837 0.187362281 0.230000004 0 0 1
-0.285794485 0.0375756524 0.230000004 0 0 1
0.287994218 -0.102417628 0.230000004 0 0 1
-0.0655103865 -0.19052848 0.230000004 0 0 1
0.0904713954 -0.198416393 0.230000004 0 0 1
0.196124552 -0.19934972 0.230000004 0 0 1
0.297911825 0.136213125 0.230000004 0 0 1
-0.0759017327 0.189150301 0.230000004 0 0 1
0.183093839 -0.194801569 0.230000004 0 0 1
0.22163489 -0.193845147 0.230000004 0 0 1
-0.297578283 -0.143325205 0.230000004 0 0 1
-0.263590973 0.183645945 0.230000004 0 0 1
-0.285776574 -0.147670071 0.230000004 0 0 1
-0.283608537 0.124032015 0.230000004 0 0 1
0.110940497 -0.190310399 0.230000004 0 0 1
0.298869176 -0.191642268 0.230000004 0 0 1
0.295509014 0.17002926 0.230000004 0 0 1
-0.298805653 -0.0118007551 0.230000004 0 0 1
0.00589963023 -0.191083838 0.230000004 0 0 1
0.168119916 0.190836667 0.230000004 0 0 1
0.207480101 0.196972686 0.230000004 0 0 1
0.245744128 0.191630601 0.230000004 0 0 1
0.131380379 -0.198639038 0.230000004 0 0 1
0.192441247 0.196392248 0.230000004 0 0 1
-0.249576674 -0.191548085 0.230000004 0 0 1
0.194301345 -0.188406113 0.230000004 0 0 1
0.283093813 -0.0135666218 0.230000004 0 0 1
0.202472181 -0.190144428 0.230000004 0 0 1
0.120395526 -0.186455155 0.230000004 0 0 1
0.292478763 0.122014259 0.230000004 0 0 1
0.254331974 0.191702097 0.230000004 0 0 1
-0.299137547 0.0660292982 0.230000004 0 0 1
0.297077275 -0.0324473008 0.230000004 0 0 1
-0.28420654 0.0418055277 0.230000004 0 0 1
0.294388867 0.0754088465 0.230000004 0 0 1
-0.0341504517 -0.194341057 0.230000004 0 0 1
0.289378513 -0.0717803809 0.230000004 0 0 1
0.26912696 0.185181478 0.230000004 0 0 1
0.183248326 -0.183963692 0.230000004 0 0 1
0.295285045 0.115749158 0.230000004 0 0 1
-0.287324369 0.0308445144 0.230000004 0 0 1
0.294673853 0.156147558 0.230000004 0 0 1
0.286908036 0.149668627 0.230000004 0 0 1
0.181881399 -0.186230298 0.230000004 0 0 1
0.00418426378 -0.185702779 0.230000004 0 0 1
0.285420156 -0.0988940758 0.230000004 0 0 1
-0.0306538433 0.188395657 0.230000004 0 0 1
0.00868585041 0.187664833 0.230000004 0 0 1
0.131128231 0.183876115 0.230000004 0 0 1
-0.0999215165 -0.19046596 0.230000004 0 0 1
0.120628871 -0.196934976 0.230000004 0 0 1
-0.292413612 -0.0690482381 0.230000004 0 0 1
-0.29509472 0.00572766562 0.230000004 0 0 1
-0.120166203 0.196776377 0.230000004 0 0 1
-0.21383795 -0.18918076 0.230000004 0 0 1
-0.0959789298 0.196812069 0.230000004 0 0 1
-0.247945241 -0.188929101 0.230000004 0 0 1
0.28944665 -0.0961077461 0.230000004 0 0 1
-0.299828708 -0.0741668836 0.230000004 0 0 1
-0.125656497 0.198481701 0.230000004 0 0 1
0.284742405 -0.0415298898 0.230000004 0 0 1
-0.0363793894 0.184511843 0.230000004 0 0 1
-0.293158273 0.0274456736 0.230000004 0 0 1
0.297847626 -0.0765104201 0.230000004 0 0 1
0.0246642253 -0.193320782 0.230000004 0 0 1
-0.290614879 -0.0832368717 0.230000004 0 0 1
0.296149301 0.154691922 0.230000004 0 0 1
0.0322264351 0.19256908 0.230000004 0 0 1
0.264984769 0.199405825 0.230000004 0 0 1
0.259313192 -0.19408084 0.230000004 0 0 1
0.230885359 0.184683925 0.230000004 0 0 1
0.0384606871 -0.186980003 0.230000004 0 0 1
0.0629337011 -0.199806831 0.230000004 0 0 1
-0.28820194 -0.102435247 0.230000004 0 0 1
0.290016517 -0.105061832 0.230000004 0 0 1
0.262048299 0.199859391 0.230000004 0 0 1
0.293551569 0.101391064 0.230000004 0 0 1
-0.244680718 -0.199361968 0.230000004 0 0 1
-0.273585799 0.198986028 0.230000004 0 0 1
-0.24951282 -0.190708421 0.230000004 0 0 1
0.28265663 -0.195676739 0.230000004 0 0 1
-0.287085181 -0.17776525 0.230000004 0 0 1
-0.297166898 -0.0794060419 0.230000004 0 0 1
-0.0194709464 -0.193403214 0.230000004 0 0 1
0.29172808 0.105625478 0.230000004 0 0 1
0.0591111708 0.192571336 0.230000004 0 0 1
0.298480115 0.150481813 0.230000004 0 0 1
0.299980703 -0.0845196157 0.230000004 0 0 1
-0.107242168 0.193205742 0.230000004 0 0 1
0.249992063 -0.193175422 0.230000004 0 0 1
0.289122389 0.0621978158 0.230000004 0 0 1
0.28597173 0.154083032 0.230000004 0 0 1
-0.293303369 0.0270904369 0.230000004 0 0 1
-0.243926035 0.195026623 0.230000004 0 0 1
-0.106639509 0.189690792 0.230000004 0 0 1
0.290124532 0.175880471 0.230000004 0 0 1
-0.0552912722 0.183450761 0.230000004 0 0 1
0.28943265 0.152286057 0.230000004 0 0 1
0.223563978 -0.183592766 0.230000004 0 0 1
-0.207026623 0.197496608 0.230000004 0 0 1
-0.292691174 -0.0831648241 0.230000004 0 0 1
0.296980279 0.180882363 0.230000004 0 0 1
0.298764005 -0.0601130272 0.230000004 0 0 1
0.199939466 0.190713729 0.230000004 0 0 1
-0.0706015941 -0.198698193 0.230000004 0 0 1
-0.289916154 -0.0201504054 0.230000004 0 0 1
-0.10833822 -0.187725726 0.230000004 0 0 1
-0.176432899 0.192915946 0.230000004 0 0 1
0.287985851 -0.00428710583 0.230000004 0 0 1
0.100872909 -0.190395906 0.230000004 0 0 1
0.178732353 0.184788426 0.230000004 0 0 1
0.294122589 -0.110797807 0.230000004 0 0 1
-0.23944867 0.196717722 0.230000004 0 0 1
-0.290544557 -0.0713292449 0.230000004 0 0 1
0.102337296 0.186097406 0.230000004 0 0 1
0.286954559 -0.179705187 0.230000004 0 0 1
-0.291095189 0.0458232824 0.230000004 0 0 1
-0.228801056 -0.195850965 0.230000004 0 0 1
-0.278586659 0.194227471 0.230000004 0 0 1
0.237879512 -0.189742352 0.230000004 0 0 1
-0.288441041 -0.0865931793 0.230000004 0 0 1
0.299877093 -0.102879955 0.230000004 0 0 1
0.253155783 -0.194742974 0.230000004 0 0 1
0.118910733 -0.197103554 0.230000004 0 0 1
-0.230441167 0.183233912 0.230000004 0 0 1
-0.124347433 0.190453333 0.230000004 0 0 1
0.192571029 0.191817206 0.230000004 0 0 1
-0.292471692 0.156972061 0.230000004 0 0 1
-0.0577617718 0.191779309 0.230000004 0 0 1
-0.194002265 -0.184979684 0.230000004 0 0 1
-0.200626143 0.196882338 0.230000004 0 0 1
-0.284337544 0.183090181 0.230000004 0 0 1
0.0512888561 -0.183445995 0.230000004 0 0 1
-0.112695546 -0.199209296 0.230000004 0 0 1
-0.124211374 0.194289193 0.230000004 0 0 1
0.295130125 -0.0915027193 0.230000004 0 0 1
0.0329414318 0.192098854 0.230000004 0 0 1
0.0893801807 -0.185442638 0.230000004 0 0 1
0.000122002917 -0.18451455 0.230000004 0 0 1
-0.227745626 -0.185265436 0.230000004 0 0 1
-0.290641664 -0.198900442 0.230000004 0 0 1
-0.132324222 0.189191528 0.230000004 0 0 1
0.0998448588 -0.186191438 0.230000004 0 0 1
-0.176786738 -0.199362548 0.230000004 0 0 1
0.254573479 0.199432229 0.230000004 0 0 1
0.291671716 -0.175474767 0.230000004 0 0 1
-0.2859356 0.13957563 0.230000004 0 0 1
0.0364262261 -0.190923331 0.230000004 0 0 1
0.181828057 0.195649063 0.230000004 0 0 1
0.0529988832 0.191071827 0.230000004 0 0 1
0.296436778 -0.0778796703 0.230000004 0 0 1
0.297472876 0.115788974 0.230000004 0 0 1
-0.216878424 -0.185776147 0.230000004 0 0 1
0.0127137273 0.188050269 0.230000004 0 0 1
0.0266282187 -0.197409355 0.230000004 0 0 1
-0.277545039 0.18328765 0.230000004 0 0 1
-0.29115173 -0.123983921 0.230000004 0 0 1
-0.298340794 -0.189905702 0.230000004 0 0 1
0.0772275765 0.194520807 0.230000004 0 0 1
-0.29428263 0.0562329574 0.230000004 0 0 1
0.157275525 0.191999487 0.230000004 0 0 1
0.0169333374 0.194265224 0.230000004 0 0 1
-0.116182119 0.19963544 0.230000004 0 0 1
0.285165755 -0.0880885463 0.230000004 0 0 1
-0.287439838 0.0308522443 0.230000004 0 0 1
0.0845513809 0.199262483 0.230000004 0 0 1
0.298203495 -0.162391305 0.230000004 0 0 1
0.289542801 -0.00650952898 0.230000004 0 0 1
0.254081969 0.189651283 0.230000004 0 0 1
-0.0826144651 0.19127909 0.230000004 0 0 1
-0.277610056 -0.184197207 0.230000004 0 0 1
-0.2945572 -0.108994438 0.230000004 0 0 1
0.292020596 -0.117765032 0.230000004 0 0 1
-0.121155885 0.192016447 0.230000004 0 0 1
0.0444598965 -0.197029337 0.230000004 0 0 1
-0.286363797 0.157436858 0.230000004 0 0 1
-0.0346989987 0.191826607 0.230000004 0 0 1
0.165489313 0.186829262 0.230000004 0 0 1
-0.137841028 0.195596979 0.230000004 0 0 1
0.235303446 -0.188789706 0.230000004 0 0 1
-0.144808457 0.187100766 0.230000004 0 0 1
-0.296875139 -0.0767301462 0.230000004 0 0 1
-0.0359810581 0.191577751 0.230000004 0 0 1
0.282078695 -0.184021147 0.230000004 0 0 1
0.138346896 -0.198580354 0.230000004 0 0 1
-0.288990999 0.0747022519 0.230000004 0 0 1
-0.0484050695 0.190942204 0.230000004 0 0 1
0.152590956 -0.183859709 0.230000004 0 0 1
-0.291093762 -0.0873770858 0.230000004 0 0 1
0.136791745 0.183260392 0.230000004 0 0 1
-0.146194211 -0.185588637 0.230000004 0 0 1
0.290022656 0.136375271 0.230000004 0 0 1
-0.284991607 -0.149950914 0.230000004 0 0 1
-0.263461614 0.18777497 0.230000004 0 0 1
-0.0356581067 -0.189868899 0.230000004 0 0 1
-0.0122453332 -0.191085706 0.230000004 0 0 1
-0.169399881 0.196931136 0.230000004 0 0 1
-0.0983988714 -0.199852458 0.230000004 0 0 1
-0.29228434 -0.194886747 0.230000004 0 0 1
0.128795971 -0.192416855 0.230000004 0 0 1
-0.291827668 -0.142090544 0.230000004 0 0 1
-0.294121434 -0.00246303169 0.230000004 0 0 1
0.0320615315 0.199483568 0.230000004 0 0 1
0.29806421 -0.11064374 0.230000004 0 0 1
-0.2753727 0.184754449 0.230000004 0 0 1
0.144946012 0.195916296 0.230000004 0 0 1
0.0384234447 0.185400283 0.230000004 0 0 1
0.290513739 0.0131954881 0.230000004 0 0 1
-0.115261683 -0.187493881 0.230000004 0 0 1
0.0354713632 0.19701512 0.230000004 0 0 1
0.299182299 -0.169828069 0.230000004 0 0 1
0.250590288 0.18775232 0.230000004 0 0 1
-0.294865082 0.126517701 0.230000004 0 0 1
-0.227063467 -0.198655602 0.230000004 0 0 1
0.294732884 -0.186705243 0.230000004 0 0 1
0.284779824 0.153070668 0.230000004 0 0 1
-0.284303224 -0.0485385633 0.230000004 0 0 1
-0.292771741 -0.180588359 0.230000004 0 0 1
-0.243208326 0.195654809 0.230000004 0 0 1
0.268158281 0.199045133 0.230000004 0 0 1
-0.232820681 0.187237345 0.230000004 0 0 1
-0.259053028 -0.199464241 0.230000004 0 0 1
0.280963901 0.185917719 0.230000004 0 0 1
0.294451662 -0.154881442 0.230000004 0 0 1
-0.244196945 -0.187303723 0.230000004 0 0 1
0.0165583888 -0.190493871 0.230000004 0 0 1
0.198119936 -0.191802886 0.230000004 0 0 1
0.0901403146 -0.196123174 0.230000004 0 0 1
0.29577179 0.110255211 0.230000004 0 0 1
-0.146979417 0.187969315 0.230000004 0 0 1
-0.296037301 -0.0343383424 0.230000004 0 0 1
-0.201528825 -0.192886115 0.230000004 0 0 1
0.181444191 0.197486754 0.230000004 0 0 1
0.0939708391 -0.196905639 0.230000004 0 0 1
-0.295541345 0.0769698256 0.230000004 0 0 1
-0.224316394 -0.188194129 0.230000004 0 0 1
0.29568372 -0.0579426083 0.230000004 0 0 1
0.0801541267 -0.199431412 0.230000004 0 0 1
0.259361292 -0.19870268 0.230000004 0 0 1
0.10867183 0.18633562 0.230000004 0 0 1
-0.286712208 -0.12309241 0.230000004 0 0 1
0.289190965 -0.0380268116 0.230000004 0 0 1
-0.021673362 0.187321347 0.230000004 0 0 1
-0.297514094 0.0410191732 0.230000004 0 0 1
0.13681843 0.196241068 0.230000004 0 0 1
0.249857798 -0.198238537 0.230000004 0 0 1
0.091013521 0.194248991 0.230000004 0 0 1
-0.280431222 0.187409618 0.230000004 0 0 1
0.286661056 0.141392562 0.230000004 0 0 1
0.115903928 0.196513685 0.230000004 0 0 1
0.194811863 -0.183549358 0.230000004 0 0 1
-0.0782011123 0.185507184 0.230000004 0 0 1
-0.299760487 -0.017684264 0.230000004 0 0 1
0.292467781 -0.182710857 0.230000004 0 0 1
0.250765384 -0.197697193 0.230000004 0 0 1
0.225247525 -0.196023899 0.230000004 0 0 1
-0.28361081 0.164524694 0.230000004 0 0 1
-0.283296247 0.186165059 0.230000004 0 0 1
0.0613580017 -0.193131862 0.230000004 0 0 1
-0.299926692 0.159337317 0.230000004 0 0 1
0.293014778 0.0520624596 0.230000004 0 0 1
0.138246291 0.193537367 0.230000004 0 0 1
-0.282285501 -0.18610246 0.230000004 0 0 1
0.285538317 0.187223509 0.230000004 0 0 1
-0.2910091 -0.0744084315 0.230000004 0 0 1
-0.293061224 -0.171856471 0.230000004 0 0 1
-0.215004267 0.187033087 0.230000004 0 0 1
0.0728502277 0.190882989 0.230000004 0 0 1
0.0242805745 0.190148818 0.230000004 0 0 1
-0.281362837 0.187267303 0.230000004 0 0 1
0.223870979 -0.186472076 0.230000004 0 0 1
-0.223200597 -0.194493478 0.230000004 0 0 1
-0.296417079 -0.00951900121 0.230000004 0 0 1
-0.142921708 -0.194181294 0.230000004 0 0 1
-0.296853215 -0.00383905081 0.230000004 0 0 1
0.00931967796 0.189764204 0.230000004 0 0 1
-0.165386154 0.19439536 0.230000004 0 0 1
0.116026571 -0.19615772 0.230000004 0 0 1
-0.286957145 0.0237733194 0.230000004 0 0 1
-0.120607118 0.192937712 0.230000004 0 0 1
-0.0781056482 -0.192545714 0.230000004 0 0 1
0.135565437 0.185514626 0.230000004 0 0 1
-0.0165608578 0.18817642 0.230000004 0 0 1
0.0444229739 -0.195786623 0.230000004 0 0 1
0.299281442 -0.186552062 0.230000004 0 0 1
-0.0876801412 -0.19144654 0.230000004 0 0 1
-0.28852769 0.116823686 0.230000004 0 0 1
-0.27375222 -0.192982438 0.230000004 0 0 1
0.121768441 -0.196797188 0.230000004 0 0 1
0.0393215072 0.197741533 0.230000004 0 0 1
-0.255468467 0.190047901 0.230000004 0 0 1
-0.154113444 0.195291658 0.230000004 0 0 1
0.185845754 -0.195777668 0.230000004 0 0 1
0.291002146 -0.0138637098 0.230000004 0 0 1
0.296631361 0.0790381639 0.230000004 0 0 1
0.114883596 0.185144655 0.230000004 0 0 1
0.102189993 -0.1942107 0.230000004 0 0 1
0.0690726134 -0.188842166 0.230000004 0 0 1
-0.285154079 -0.154164836 0.230000004 0 0 1
-0.299779347 0.0380448474 0.230000004 0 0 1
-0.26095839 0.198627948 0.230000004 0 0 1
0.288533304 -0.00674933051 0.230000004 0 0 1
0.291134682 0.134142429 0.230000004 0 0 1
0.133378454 0.198460511 0.230000004 0 0 1
-0.030607949 -0.18648945 0.230000004 0 0 1
0.0501007579 0.198719617 0.230000004 0 0 1
-0.1977748 0.194117732 0.230000004 0 0 1
-0.231339813 0.190551841 0.230000004 0 0 1
0.0381597849 -0.184601795 0.230000004 0 0 1
-0.0949081417 0.188415085 0.230000004 0 0 1
0.292314432 0.0310597282 0.230000004 0 0 1
0.174208767 -0.184984657 0.230000004 0 0 1
0.297712251 0.196783595 0.230000004 0 0 1
0.290562303 -0.122609696 0.230000004 0 0 1
-0.261744331 0.19574537 0.230000004 0 0 1
-0.145671928 0.184301596 0.230000004 0 0 1
-0.293232299 -0.18212605 0.230000004 0 0 1
0.17675203 0.186684734 0.230000004 0 0 1
0.000121597203 0.191416085 0.230000004 0 0 1
0.0115943252 -0.194927396 0.230000004 0 0 1
0.235791074 0.199343353 0.230000004 0 0 1
-0.0210829028 -0.196034025 0.230000004 0 0 1
0.108660646 0.187567959 0.230000004 0 0 1
-0.246873115 -0.198414801 0.230000004 0 0 1
-0.214243876 -0.198896675 0.230000004 0 0 1
0.211379484 -0.187857113 0.230000004 0 0 1
-0.291951282 0.193577948 0.230000004 0 0 1
-0.28697661 -0.116294944 0.230000004 0 0 1
0.257016873 0.184542478 0.230000004 0 0 1
0.283109983 -0.173613731 0.230000004 0 0 1
0.190420006 -0.184376232 0.230000004 0 0 1
-0.10141806 0.1847813 0.230000004 0 0 1
-0.245197177 0.19482452 0.230000004 0 0 1
-0.289229566 0.110229342 0.230000004 0 0 1
-0.285892585 -0.0324810663 0.230000004 0 0 1
0.299347157 -0.17477211 0.230000004 0 0 1
-0.232856003 0.189105331 0.230000004 0 0 1
-0.224138965 -0.196448825 0.230000004 0 0 1
0.289283211 -0.0700291033 0.230000004 0 0 1
-0.198791994 0.186157487 0.230000004 0 0 1
0.28650283 -0.174892532 0.230000004 0 0 1
-0.194909997 0.199524393 0.230000004 0 0 1
0.298688979 0.106893388 0.230000004 0 0 1
0.288378565 -0.19946186 0.230000004 0 0 1
0.28958511 0.0370255395 0.230000004 0 0 1
0.278021757 0.199142885 0.230000004 0 0 1
0.214213691 0.186633226 0.230000004 0 0 1
-0.207584304 -0.19068084 0.230000004 0 0 1
-0.1309512 -0.188908466 0.230000004 0 0 1
0.298276716 -0.0446425519 0.230000004 0 0 1
-0.093976527 0.189040595 0.230000004 0 0 1
-0.28377905 -0.173316703 0.230000004 0 0 1
-0.0808718702 0.196565796 0.230000004 0 0 1
0.0390203678 0.191839569 0.230000004 0 0 1
-0.0490460451 0.186973983 0.230000004 0 0 1
-0.0497642669 0.190483693 0.230000004 0 0 1
-0.0877449568 0.187287656 0.230000004 0 0 1
0.285841561 0.0955168842 0.230000004 0 0 1
-0.0310398576 -0.194895351 0.230000004 0 0 1
0.028555589 -0.186650725 0.230000004 0 0 1
-0.107705351 -0.195896723 0.230000004 0 0 1
0.0697574006 -0.186339214 0.230000004 0 0 1
-0.294786122 -0.0669018074 0.230000004 0 0 1
-0.17208345 -0.186854936 0.230000004 0 0 1
-0.284452439 -0.147859828 0.230000004 0 0 1
0.234390813 -0.193832013 0.230000004 0 0 1
0.151246438 0.188913739 0.230000004 0 0 1
0.292160381 0.170833802 0.230000004 0 0 1
-0.296461128 -0.0298107247 0.230000004 0 0 1
-0.104304178 -0.199990684 0.230000004 0 0 1
-0.287872996 -0.0992957976 0.230000004 0 0 1
-0.00272658297 0.196398469 0.230000004 0 0 1
0.0206277068 -0.185352854 0.230000004 0 0 1
0.298088521 -0.191269062 0.230000004 0 0 1
-0.178112898 0.188913163 0.230000004 0 0 1
-0.12156222 0.190161473 0.230000004 0 0 1
0.294246298 0.027828143 0.230000004 0 0 1
-0.182395955 0.185911803 0.230000004 0 0 1
-0.0731009915 -0.185736045 0.230000004 0 0 1
-0.134436642 -0.194817933 0.230000004 0 0 1
-0.132058813 -0.189201681 0.230000004 0 0 1
0.2929936 0.0821156094 0.230000004 0 0 1
-0.291114494 -0.190764625 0.230000004 0 0 1
-0.0711843875 -0.186556167 0.230000004 0 0 1
-0.285200492 0.0551561773 0.230000004 0 0 1
0.297523569 0.164864971 0.230000004 0 0 1
0.11718199 -0.191146914 0.230000004 0 0 1
0.286176888 0.198954698 0.230000004 0 0 1
-0.00938452239 0.192748882 0.230000004 0 0 1
-0.176398575 -0.183144956 0.230000004 0 0 1
0.113446448 0.196198249 0.230000004 0 0 1
0.183688902 0.186420917 0.230000004 0 0 1
-0.247418934 -0.188830451 0.230000004 0 0 1
-0.29970478 0.0104169555 0.230000004 0 0 1
-0.267201233 -0.183459496 0.230000004 0 0 1
0.288811038 -0.10533491 0.230000004 0 0 1
-0.194301546 0.192603884 0.230000004 0 0 1
-0.297937381 0.107351992 0.230000004 0 0 1
-0.291197128 0.079848583 0.230000004 0 0 1
0.296136709 -0.0951412351 0.230000004 0 0 1
-0.146521491 -0.187819216 0.230000004 0 0 1
0.287849658 0.0610311195 0.230000004 0 0 1
0.120787774 -0.1912125 0.230000004 0 0 1
-0.287706795 -0.175829745 0.230000004 0 0 1
0.00149332901 -0.183566998 0.230000004 0 0 1
-0.294319559 -0.124846706 0.230000004 0 0 1
0.262646167 0.187606833 0.230000004 0 0 1
-0.20403113 -0.19248176 0.230000004 0 0 1
-0.297134542 0.0439655179 0.230000004 0 0 1
0.293885955 0.131391562 0.230000004 0 0 1
0.293441616 0.0704395877 0.230000004 0 0 1
0.0220941826 0.18718853 0.230000004 0 0 1
0.20940941 -0.191735089 0.230000004 0 0 1
-0.293797353 -0.158922585 0.230000004 0 0 1
-0.215026256 0.191452865 0.230000004 0 0 1
0.288355905 -0.0480510607 0.230000004 0 0 1
-0.217702733 0.189277155 0.230000004 0 0 1
-0.183464299 -0.198201905 0.230000004 0 0 1
0.195669111 -0.199886304 0.230000004 0 0 1
-0.0503100344 -0.195501421 0.230000004 0 0 1
-0.290561229 0.171948022 0.230000004 0 0 1
0.137204343 0.186287086 0.230000004 0 0 1
0.107329975 -0.192524286 0.230000004 0 0 1
0.051401776 0.183910931 0.230000004 0 0 1
0.295297792 -0.0986049448 0.230000004 0 0 1
-0.293055029 -0.0352702273 0.230000004 0 0 1
-0.144858005 -0.185974868 0.230000004 0 0 1
-0.0681313241 -0.187129181 0.230000004 0 0 1
-0.29909508 0.0838947476 0.230000004 0 0 1
-0.297604458 -0.168912005 0.230000004 0 0 1
0.289235894 -0.103605025 0.230000004 0 0 1
-0.289308254 0.0391053907 0.230000004 0 0 1
0.28423253 0.0933169644 0.230000004 0 0 1
-0.157878045 0.189599433 0.230000004 0 0 1
-0.288333778 -0.120082707 0.230000004 0 0 1
0.0606106857 -0.193569537 0.230000004 0 0 1
0.281544955 -0.194730092 0.230000004 0 0 1
0.0174694973 -0.19531617 0.230000004 0 0 1
-0.294008323 -0.12881421 0.230000004 0 0 1
0.298210283 -0.0643679786 0.230000004 0 0 1
-0.29456405 -0.183706042 0.230000004 0 0 1
-0.212915066 0.189827898 0.230000004 0 0 1
0.0577317151 -0.195697795 0.230000004 0 0 1
-0.252665572 -0.186893183 0.230000004 0 0 1
-0.164023319 0.19804697 0.230000004 0 0 1
-0.148748731 0.185173581 0.230000004 0 0 1
-0.291016333 0.0920460992 0.230000004 0 0 1
-0.143295678 -0.19331998 0.230000004 0 0 1
-0.0501751764 0.196880157 0.230000004 0 0 1
-0.156740158 -0.19738146 0.230000004 0 0 1
0.115729866 -0.184218191 0.230000004 0 0 1
0.287663384 -0.00321930662 0.230000004 0 0 1
-0.288341278 -0.00228499961 0.230000004 0 0 1
-0.0524900363 -0.196209815 0.230000004 0 0 1
-0.148691129 0.19191879 0.230000004 0 0 1
-0.285535903 -0.118241278 0.230000004 0 0 1
-0.284092012 -0.185576843 0.230000004 0 0 1
-0.0469117516 -0.188657427 0.230000004 0 0 1
0.207144422 0.193215651 0.230000004 0 0 1
-0.275842768 -0.183204646 0.230000004 0 0 1
-0.288618159 -0.0267546621 0.230000004 0 0 1
-0.298276139 -0.112703972 0.230000004 0 0 1
0.0579110668 -0.189131737 0.230000004 0 0 1
0.29523781 0.034113264 0.230000004 0 0 1
0.2950306 0.0754180413 0.230000004 0 0 1
0.262209543 -0.184255835 0.230000004 0 0 1
0.292354913 -0.119935956 0.230000004 0 0 1
-0.295554305 -0.175831761 0.230000004 0 0 1
-0.293219737 -0.187209815 0.230000004 0 0 1
-0.290457523 0.184171511 0.230000004 0 0 1
-0.296734138 -0.00662132006 0.230000004 0 0 1
-0.153676665 -0.189180472 0.230000004 0 0 1
-0.273122896 -0.1946784 0.230000004 0 0 1
0.288044394 -0.0735806641 0.230000004 0 0 1
-0.285356797 0.0927702756 0.230000004 0 0 1
0.220281797 0.184432452 0.230000004 0 0 1
-0.285668042 -0.159435498 0.230000004 0 0 1
0.299665749 0.0384579239 0.230000004 0 0 1
-0.103045568 -0.196589031 0.230000004 0 0 1
0.297210383 0.0359853994 0.230000004 0 0 1
0.0707708399 0.196819988 0.230000004 0 0 1
0.0994254182 0.192809728 0.230000004 0 0 1
-0.289858731 0.125476107 0.230000004 0 0 1
0.285811607 0.0679582579 0.230000004 0 0 1
0.161189088 -0.196132559 0.230000004 0 0 1
0.111830038 0.191910171 0.230000004 0 0 1
-0.000703290433 -0.189043994 0.230000004 0 0 1
-0.284198722 -0.127585066 0.230000004 0 0 1
-0.0214084827 -0.192423456 0.230000004 0 0 1
0.290903564 -0.0315331807 0.230000004 0 0 1
0.208658089 0.185939997 0.230000004 0 0 1
0.116884446 -0.187856463 0.230000004 0 0 1
-0.087818771 -0.183923611 0.230000004 0 0 1
-0.0689653413 -0.198400789 0.230000004 0 0 1
-0.147572118 -0.188214515 0.230000004 0 0 1
-0.115891148 -0.184852962 0.230000004 0 0 1
0.121518114 -0.186194471 0.230000004 0 0 1
-0.0541050341 0.196608346 0.230000004 0 0 1
-0.285365417 0.0500938245 0.230000004 0 0 1
0.146492366 0.192746259 0.230000004 0 0 1
-0.293402289 0.0812407816 0.230000004 0 0 1
0.0797026061 0.184544093 0.230000004 0 0 1
-0.286692183 0.0627992418 0.230000004 0 0 1
-0.0799894889 0.19932388 0.230000004 0 0 1
0.235053311 -0.19858858 0.230000004 0 0 1
-0.28511131 -0.0189279075 0.230000004 0 0 1
0.182639952 -0.185570387 0.230000004 0 0 1
0.0702676967 0.186546617 0.230000004 0 0 1
-0.0143714974 -0.195549808 0.230000004 0 0 1
0.235985151 -0.19628185 0.230000004 0 0 1
-0.243221538 0.187621878 0.230000004 0 0 1
-0.297941134 -0.0329853105 0.230000004 0 0 1
0.140647179 0.189483011 0.230000004 0 0 1
0.0356837403 -0.184887583 0.230000004 0 0 1
0.282578166 0.184984687 0.230000004 0 0 1
0.246511857 -0.191409018 0.230000004 0 0 1
0.298952392 -0.159992854 0.230000004 0 0 1
0.284741891 0.188569775 0.230000004 0 0 1
-0.139207734 -0.191705455 0.230000004 0 0 1
0.296212133 0.18577482 0.230000004 0 0 1
0.295536554 -0.11056515 0.230000004 0 0 1
0.29529596 0.126561489 0.230000004 0 0 1
0.285395707 -0.0390133446 0.230000004 0 0 1
0.286008329 0.0620368645 0.230000004 0 0 1
-0.289685973 0.0769234139 0.230000004 0 0 1
-0.23824152 -0.195476956 0.230000004 0 0 1
-0.285963159 -0.0874986436 0.230000004 0 0 1
-0.283236808 -0.0784088684 0.230000004 0 0 1
-0.0971860909 0.199054411 0.230000004 0 0 1
0.287693689 -0.0247038397 0.230000004 0 0 1
0.156464034 -0.197344584 0.230000004 0 0 1
-0.186317334 -0.191348342 0.230000004 0 0 1
-0.291715019 0.169275534 0.230000004 0 0 1
-0.285604128 -0.184222915 0.230000004 0 0 1
0.0930113352 -0.194183043 0.230000004 0 0 1
-0.29041781 -0.150101026 0.230000004 0 0 1
-0.290859194 0.118837243 0.230000004 0 0 1
-0.0294710017 0.190057432 0.230000004 0 0 1
-0.291318582 0.0566785776 0.230000004 0 0 1
0.162914842 0.190814126 0.230000004 0 0 1
0.289555584 0.134899867 0.230000004 0 0 1
-0.135740405 -0.196579903 0.230000004 0 0 1
0.270926794 0.187697299 0.230000004 0 0 1
-0.210005949 -0.197220797 0.230000004 0 0 1
-0.28933483 -0.13920307 0.230000004 0 0 1
-0.0359385884 -0.195725715 0.230000004 0 0 1
-0.298454004 -0.0978004801 0.230000004 0 0 1
0.287880238 0.102622016 0.230000004 0 0 1
0.290332628 -0.052128756 0.230000004 0 0 1
0.29491022 0.0759704146 0.230000004 0 0 1
-0.1740223 0.195853072 0.230000004 0 0 1
0.14176729 0.190265836 0.230000004 0 0 1
0.297508489 0.0530989868 0.230000004 0 0 1
0.283754562 -0.12794255 0.230000004 0 0 1
0.286337981 -0.0489977792 0.230000004 0 0 1
-0.294334546 0.151387669 0.230000004 0 0 1
0.20762714 0.184231049 0.230000004 0 0 1
-0.289167894 -0.110439981 0.230000004 0 0 1
-0.298240638 -0.0373316596 0.230000004 0 0 1
-0.292073958 0.131754231 0.230000004 0 0 1
-0.039330457 0.195451295 0.230000004 0 0 1
0.294256475 -0.190500657 0.230000004 0 0 1
0.287627652 -0.174559254 0.230000004 0 0 1
-0.283254725 0.18784447 0.230000004 0 0 1
-0.29170605 0.110435878 0.230000004 0 0 1
0.107540449 -0.198759277 0.230000004 0 0 1
-0.0144273994 0.195372432 0.230000004 0 0 1
0.174976923 0.195335019 0.230000004 0 0 1
0.284144041 0.0948444713 0.230000004 0 0 1
0.297398994 0.0052704452 0.230000004 0 0 1
-0.269729304 0.192144995 0.230000004 0 0 1
0.237734622 0.185401453 0.230000004 0 0 1
-0.292597296 -0.0588398464 0.230000004 0 0 1
-0.286808775 0.176206435 0.230000004 0 0 1
-0.294907154 -0.143932237 0.230000004 0 0 1
-0.19197773 0.194331244 0.230000004 0 0 1
0.297591367 -0.0292820631 0.230000004 0 0 1
0.297319882 0.0233858213 0.230000004 0 0 1
-0.195082375 -0.184039475 0.230000004 0 0 1
-0.0827645804 0.194039551 0.230000004 0 0 1
-0.0228107363 -0.191874373 0.230000004 0 0 1
-0.286454391 -0.147642085 0.230000004 0 0 1
0.284198495 0.0608278253 0.230000004 0 0 1
0.286343994 -0.0107788082 0.230000004 0 0 1
-0.234322405 -0.196145736 0.230000004 0 0 1
0.232566262 0.191428095 0.230000004 0 0 1
0.0305872741 0.196730685 0.230000004 0 0 1
-0.046274617 0.193660209 0.230000004 0 0 1
-0.29655101 0.121382794 0.230000004 0 0 1
0.141050031 -0.192899075 0.230000004 0 0 1
-0.289932175 0.12066053 0.230000004 0 0 1
-0.18334799 -0.196679271 0.230000004 0 0 1
0.123058948 0.192577962 0.230000004 0 0 1
0.108333685 0.188650304 0.230000004 0 0 1
0.287045855 -0.0570705274 0.230000004 0 0 1
-0.123193707 0.195117573 0.230000004 0 0 1
0.188643898 -0.193287789 0.230000004 0 0 1
0.0677731689 0.183740199 0.230000004 0 0 1
0.294499853 -0.0239751086 0.230000004 0 0 1
0.0669488506 -0.190005068 0.230000004 0 0 1
-0.0176416711 0.192685937 0.230000004 0 0 1
-0.298439179 0.168406393 0.230000004 0 0 1
0.287420439 -0.1837535 0.230000004 0 0 1
0.286808268 0.0696059086 0.230000004 0 0 1
-0.220923433 0.194706387 0.230000004 0 0 1
-0.128781373 0.19415471 0.230000004 0 0 1
-0.0267932034 -0.198873436 0.230000004 0 0 1
0.297988656 0.122670817 0.230000004 0 0 1
-0.298723665 -0.195516094 0.230000004 0 0 1
0.210332818 -0.197316737 0.230000004 0 0 1
0.286132483 0.00974300759 0.230000004 0 0 1
0.296509525 -0.0548679101 0.230000004 0 0 1
-0.292916363 -0.0855956217 0.230000004 0 0 1
0.295211748 0.126711876 0.230000004 0 0 1
-0.0789885329 0.188096563 0.230000004 0 0 1
-0.296737501 0.191188731 0.230000004 0 0 1
-0.286264085 -0.043055325 0.230000004 0 0 1
-0.0126228439 -0.197905959 0.230000004 0 0 1
-0.0781011355 0.184154947 0.230000004 0 0 1
-0.299492621 -0.11155228 0.230000004 0 0 1
0.216004143 -0.19776496 0.230000004 0 0 1
-0.288476009 0.0246531578 0.230000004 0 0 1
0.0670650961 -0.189145512 0.230000004 0 0 1
-0.154476947 0.198708904 0.230000004 0 0 1
0.0850778248 0.198628559 0.230000004 0 0 1
-0.237373546 -0.189640445 0.230000004 0 0 1
0.244443758 -0.187470568 0.230000004 0 0 1
-0.0317985737 0.184243427 0.230000004 0 0 1
0.0906776071 0.195200071 0.230000004 0 0 1
-0.299098979 -0.000329678896 0.230000004 0 0 1
-0.297366089 -0.110082186 0.230000004 0 0 1
-0.285094129 -0.154678666 0.230000004 0 0 1
0.283473993 0.0236092478 0.230000004 0 0 1
-0.0599339976 -0.189254837 0.230000004 0 0 1
0.0265739981 0.193974204 0.230000004 0 0 1
0.115751357 0.196840338 0.230000004 0 0 1
-0.288425368 0.175108249 0.230000004 0 0 1
-0.241526487 -0.189542621 0.230000004 0 0 1
0.190082386 -0.192145868 0.230000004 0 0 1
-0.293101128 -0.0984922002 0.230000004 0 0 1
-0.298797639 0.0679157192 0.230000004 0 0 1
0.299915749 -0.168972081 0.230000004 0 0 1
-0.283132362 0.134146379 0.230000004 0 0 1
0.288892078 -0.0804038148 0.230000004 0 0 1
-0.000388871186 -0.185706573 0.230000004 0 0 1
0.295818287 0.0601169334 0.230000004 0 0 1
0.146637781 -0.19643237 0.230000004 0 0 1
0.299989272 -0.1880814 0.230000004 0 0 1
-0.143448491 0.190366459 0.230000004 0 0 1
-0.00935737066 0.18309738 0.230000004 0 0 1
-0.212929523 -0.186735076 0.230000004 0 0 1
0.144855605 0.189908466 0.230000004 0 0 1
-0.218041232 -0.188698441 0.230000004 0 0 1
0.298263272 -0.0715363752 0.230000004 0 0 1
0.198729046 -0.193156973 0.230000004 0 0 1
-0.283503845 0.112094582 0.230000004 0 0 1
-0.22184774 0.196951404 0.230000004 0 0 1
0.291251925 -0.111891995 0.230000004 0 0 1
-0.28824015 0.0610853727 0.230000004 0 0 1
0.297656519 0.166510153 0.230000004 0 0 1
0.287391231 0.0829667461 0.230000004 0 0 1
0.10010685 0.199117671 0.230000004 0 0 1
0.273161147 -0.19166565 0.230000004 0 0 1
0.29984957 0.112181133 0.230000004 0 0 1
0.283536079 -0.0844835652 0.230000004 0 0 1
0.288067155 0.106727262 0.230000004 0 0 1
0.262097075 -0.186935493 0.230000004 0 0 1
-0.173642815 -0.199414211 0.230000004 0 0 1
0.172445206 -0.186647629 0.230000004 0 0 1
-0.28421429 0.0486761386 0.230000004 0 0 1
-0.235706568 0.18430221 0.230000004 0 0 1
0.299748799 -0.00219448114 0.230000004 0 0 1
0.0385929394 -0.196575713 0.230000004 0 0 1
0.291463605 -0.116042796 0.230000004 0 0 1
0.289263026 0.143235466 0.230000004 0 0 1
0.0293999934 -0.196741449 0.230000004 0 0 1
-0.260193263 -0.189106388 0.230000004 0 0 1
-0.0675331905 0.194612934 0.230000004 0 0 1
-0.287583223 -0.136400632 0.230000004 0 0 1
0.287821697 -0.152041218 0.230000004 0 0 1
-0.288647371 0.154306005 0.230000004 0 0 1
0.284230807 -0.172832349 0.230000004 0 0 1
-0.291864891 0.126934823 0.230000004 0 0 1
0.0680378628 -0.193535831 0.230000004 0 0 1
-0.26384792 0.196054527 0.230000004 0 0 1
-0.116929373 0.187056691 0.230000004 0 0 1
0.0131603188 0.183380568 0.230000004 0 0 1
-0.142497163 0.18374894 0.230000004 0 0 1
0.292915536 0.168080967 0.230000004 0 0 1
-0.286467199 0.196827775 0.230000004 0 0 1
0.292536345 0.0203567921 0.230000004 0 0 1
0.0455963084 0.186577253 0.230000004 0 0 1
-0.297735789 0.190630605 0.230000004 0 0 1
0.294997509 -0.0630348814 0.230000004 0 0 1
0.28034866 -0.188617233 0.230000004 0 0 1
-0.291905219 -0.17751552 0.230000004 0 0 1
-0.0535267329 -0.199599566 0.230000004 0 0 1
0.267162586 -0.183996047 0.230000004 0 0 1
-0.287856633 -0.178471246 0.230000004 0 0 1
-0.280173964 -0.186001361 0.230000004 0 0 1
-0.296190589 -0.00581244231 0.230000004 0 0 1
-0.293605559 0.0417719394 0.230000004 0 0 1
0.0334283549 -0.194177817 0.230000004 0 0 1
-0.297492766 0.0270450314 0.230000004 0 0 1
-0.29021279 -0.135682376 0.230000004 0 0 1
0.182848003 -0.195152642 0.230000004 0 0 1
0.0340417464 0.185554865 0.230000004 0 0 1
-0.216045214 0.183720185 0.230000004 0 0 1
-0.290569427 -0.142747788 0.230000004 0 0 1
-0.291859568 0.198892886 0.230000004 0 0 1
0.299760407 0.158331362 0.230000004 0 0 1
-0.297561759 -0.174704966 0.230000004 0 0 1
0.14474919 0.188910281 0.230000004 0 0 1
-0.29125539 0.0240748539 0.230000004 0 0 1
-0.2855389 0.188672053 0.230000004 0 0 1
0.122265811 -0.184444289 0.230000004 0 0 1
-0.285079598 0.140842277 0.230000004 0 0 1
0.295052168 -0.0887233705 0.230000004 0 0 1
0.283584783 -0.183307962 0.230000004 0 0 1
-0.0363042164 0.197428282 0.230000004 0 0 1
-0.287767759 -0.0155430366 0.230000004 0 0 1
-0.283477944 -0.179844208 0.230000004 0 0 1
-0.102526186 0.183727377 0.230000004 0 0 1
-0.00413803326 0.196239055 0.230000004 0 0 1
-0.259041639 0.185152559 0.230000004 0 0 1
-0.284359788 -0.158053948 0.230000004 0 0 1
0.29006609 0.152412934 0.230000004 0 0 1
0.285044245 0.0343675853 0.230000004 0 0 1
0.0423859211 0.186986249 0.230000004 0 0 1
-0.299660352 0.183409383 0.230000004 0 0 1
0.00943972411 -0.196692067 0.230000004 0 0 1
-0.0599527603 0.18463006 0.230000004 0 0 1
0.283742717 0.159343094 0.230000004 0 0 1
0.185670212 -0.18624696 0.230000004 0 0 1
-0.134021972 -0.184945791 0.230000004 0 0 1
0.234944743 -0.194847715 0.230000004 0 0 1
0.0989076179 -0.190423379 0.230000004 0 0 1
0.0273223446 -0.195765924 0.230000004 0 0 1
0.00659363555 0.188733202 0.230000004 0 0 1
-0.0868249897 -0.18530267 0.230000004 0 0 1
0.0969504738 0.184396069 0.230000004 0 0 1
0.0578707735 0.190669155 0.230000004 0 0 1
0.24983807 -0.192748737 0.230000004 0 0 1
-0.291830367 -0.00415946266 0.230000004 0 0 1
0.284117826 0.1750576 0.230000004 0 0 1
-0.17995008 0.188941192 0.230000004 0 0 1
0.190809175 0.194967116 0.230000004 0 0 1
0.294250841 0.112325665 0.230000004 0 0 1
-0.231661629 0.183056018 0.230000004 0 0 1
0.288899259 -0.0429358921 0.230000004 0 0 1
-0.188773882 0.197965235 0.230000004 0 0 1
0.298603377 -0.119347382 0.230000004 0 0 1
0.0535227779 -0.185879798 0.230000004 0 0 1
-0.256871317 -0.185330155 0.230000004 0 0 1
-0.237480937 -0.194735924 0.230000004 0 0 1
-0.0696340216 0.193919835 0.230000004 0 0 1
-0.0648931299 -0.19797377 0.230000004 0 0 1
-0.295080866 0.00681630002 0.230000004 0 0 1
0.00824156326 -0.188281521 0.230000004 0 0 1
-0.150406519 -0.184930337 0.230000004 0 0 1
0.296659725 0.0809983013 0.230000004 0 0 1
0.292016342 -0.122913151 0.230000004 0 0 1
-0.0283740499 -0.183459639 0.230000004 0 0 1
-0.165902537 0.188923755 0.230000004 0 0 1
0.135155746 -0.185169742 0.230000004 0 0 1
0.284086453 -0.00829714584 0.230000004 0 0 1
0.191801713 0.188902463 0.230000004 0 0 1
-0.21012993 0.198563777 0.230000004 0 0 1
-0.00752194148 -0.19393142 0.230000004 0 0 1
0.29369514 -0.0306201836 0.230000004 0 0 1
-0.136417595 0.194709806 0.230000004 0 0 1
-0.11492335 -0.196157387 0.230000004 0 0 1
0.290602947 -0.159385801 0.230000004 0 0 1
-0.277719848 -0.18653497 0.230000004 0 0 1
0.298493669 -0.102389695 0.230000004 0 0 1
0.096840396 -0.198804515 0.230000004 0 0 1
0.267903385 -0.187363204 0.230000004 0 0 1
-0.0231209564 0.192035615 0.230000004 0 0 1
-0.118420193 0.191981396 0.230000004 0 0 1
-0.0941887616 0.19106934 0.230000004 0 0 1
0.0829782835 0.191399738 0.230000004 0 0 1
0.0458430604 0.196392004 0.230000004 0 0 1
-0.165190115 0.199200815 0.230000004 0 0 1
0.29785943 0.0401639182 0.230000004 0 0 1
0.288637154 0.194282644 0.230000004 0 0 1
-0.286724356 -0.0728745985 0.230000004 0 0 1
0.0309535415 0.192429632 0.230000004 0 0 1
-0.208962685 0.190694162 0.230000004 0 0 1
-0.249192718 0.191280271 0.230000004 0 0 1
0.0627914534 0.191232272 0.230000004 0 0 1
0.250116996 0.183378881 0.230000004 0 0 1
0.182359176 -0.193462791 0.230000004 0 0 1
-0.2970159 0.0700873143 0.230000004 0 0 1
0.059788937 -0.198029993 0.230000004 0 0 1
0.22026413 -0.194493917 0.230000004 0 0 1
0.26018215 0.188838589 0.230000004 0 0 1
0.161256221 0.19993458 0.230000004 0 0 1
0.287055314 -0.0358464334 0.230000004 0 0 1
0.201879584 -0.19686007 0.230000004 0 0 1
-0.0154552605 0.19891026 0.230000004 0 0 1
0.267945458 -0.18784165 0.230000004 0 0 1
-0.283022802 -0.133283532 0.230000004 0 0 1
-0.0544895917 -0.191875245 0.230000004 0 0 1
0.290106876 0.0917250968 0.230000004 0 0 1
-0.293128744 0.125494848 0.230000004 0 0 1
-0.12352599 -0.193576429 0.230000004 0 0 1
-0.287638988 0.000133607208 0.230000004 0 0 1
0.291194639 0.189406807 0.230000004 0 0 1
-0.0938027374 -0.199946866 0.230000004 0 0 1
-0.219726786 0.186145596 0.230000004 0 0 1
0.102060002 0.186774081 0.230000004 0 0 1
-0.151970077 0.186332526 0.230000004 0 0 1
-0.287247344 -0.136453528 0.230000004 0 0 1
-0.282931633 -0.192393204 0.230000004 0 0 1
0.244026353 0.190019577 0.230000004 0 0 1
0.0454117807 -0.191025689 0.230000004 0 0 1
0.102089792 0.198312273 0.230000004 0 0 1
-0.290673971 0.117835712 0.230000004 0 0 1
0.296793191 -0.118863731 0.230000004 0 0 1
-0.285484764 0.193329542 0.230000004 0 0 1
0.283697079 0.0747553487 0.230000004 0 0 1
0.154726979 -0.199645611 0.230000004 0 0 1
0.142565576 0.19475651 0.230000004 0 0 1
0.145886508 0.188950632 0.230000004 0 0 1
-0.29362181 -0.0341826542 0.230000004 0 0 1
-0.256852352 0.196009506 0.230000004 0 0 1
0.155401708 0.195232557 0.230000004 0 0 1
-0.0810593847 0.191914708 0.230000004 0 0 1
-0.286163261 -0.0042995542 0.230000004 0 0 1
-0.294688367 -0.0645757307 0.230000004 0 0 1
0.166622596 -0.187839931 0.230000004 0 0 1
0.290278528 0.148765797 0.230000004 0 0 1
0.250519461 0.183705733 0.230000004 0 0 1
0.299287311 -0.00657097466 0.230000004 0 0 1
0.121423924 -0.191002877 0.230000004 0 0 1
0.164365337 -0.188503147 0.230000004 0 0 1
-0.292964823 0.00312524748 0.230000004 0 0 1
-0.257606918 -0.189586174 0.230000004 0 0 1
-0.0098235435 0.193200101 0.230000004 0 0 1
0.292854461 0.122594877 0.230000004 0 0 1
0.0491579565 -0.19167619 0.230000004 0 0 1
0.177828949 0.184803096 0.230000004 0 0 1
-0.2874757 -0.1643817 0.230000004 0 0 1
-0.292538325 -0.113938953 0.230000004 0 0 1
-0.290160652 -0.130780957 0.230000004 0 0 1
-0.175904316 0.191969439 0.230000004 0 0 1
-0.246338935 0.197081718 0.230000004 0 0 1
-0.208517086 0.187049342 0.230000004 0 0 1
-0.0718387825 -0.195589764 0.230000004 0 0 1
-0.288543742 -0.0518812821 0.230000004 0 0 1
-0.296279073 -0.00519772614 0.230000004 0 0 1
-0.283635816 0.0424038057 0.230000004 0 0 1
0.0250925001 0.196262554 0.230000004 0 0 1
-0.297070438 -0.0173073032 0.230000004 0 0 1
-0.1445913 0.197005374 0.230000004 0 0 1
-0.217256223 0.190188715 0.230000004 0 0 1
-0.297370373 0.0238091103 0.230000004 0 0 1
0.141034819 0.193705845 0.230000004 0 0 1
-0.163185704 0.189584339 0.230000004 0 0 1
0.104480386 0.189254798 0.230000004 0 0 1
0.122177693 0.196348053 0.230000004 0 0 1
-0.133855128 -0.187597963 0.230000004 0 0 1
-0.288809896 -0.0714231295 0.230000004 0 0 1
-0.259630353 -0.190598516 0.230000004 0 0 1
0.125121063 -0.184764897 0.230000004 0 0 1
0.293829621 0.175070212 0.230000004 0 0 1
0.186244334 0.188076489 0.230000004 0 0 1
-0.271962188 -0.194660975 0.230000004 0 0 1
-0.029453701 0.189142075 0.230000004 0 0 1
0.105086908 0.191049602 0.230000004 0 0 1
-0.293889359 -0.0609022338 0.230000004 0 0 1
0.17362348 0.18776003 0.230000004 0 0 1
0.264736726 -0.185620668 0.230000004 0 0 1
-0.299012203 0.0751953815 0.230000004 0 0 1
-0.289760993 0.173642238 0.230000004 0 0 1
-0.295238814 0.192584179 0.230000004 0 0 1
-0.299543363 0.0676496973 0.230000004 0 0 1
-0.294937054 0.0593220844 0.230000004 0 0 1
-0.161895562 -0.193203759 0.230000004 0 0 1
0.205586431 0.184141505 0.230000004 0 0 1
0.296864148 -0.00705804301 0.230000004 0 0 1
-0.00393678641 -0.184299612 0.230000004 0 0 1
0.218162259 -0.198625776 0.230000004 0 0 1
-0.0316444781 0.190666609 0.230000004 0 0 1
-0.183762342 0.188989836 0.230000004 0 0 1
-0.293808842 0.00978799892 0.230000004 0 0 1
0.0676059439 -0.183601269 0.230000004 0 0 1
0.119226114 0.196083948 0.230000004 0 0 1
0.0940814164 -0.19781126 0.230000004 0 0 1
-0.00494122553 0.189266513 0.230000004 0 0 1
0.108061658 -0.197317287 0.230000004 0 0 1
0.11847719 -0.193008069 0.230000004 0 0 1
-0.289209193 0.0709913562 0.230000004 0 0 1
0.19273238 -0.189113364 0.230000004 0 0 1
0.140355406 -0.198212174 0.230000004 0 0 1
0.284724846 -0.101193181 0.230000004 0 0 1
-0.0447518232 0.184918767 0.230000004 0 0 1
-0.285652151 -0.0957563345 0.230000004 0 0 1
0.252172894 0.195910424 0.230000004 0 0 1
-0.0795055138 -0.192626759 0.230000004 0 0 1
-0.0583387955 -0.186437099 0.230000004 0 0 1
-0.288935897 0.0454210347 0.230000004 0 0 1
-0.286321242 0.146018494 0.230000004 0 0 1
-0.295631467 0.0733981646 0.230000004 0 0 1
0.294787138 0.0372880923 0.230000004 0 0 1
-0.289346415 0.0334744408 0.230000004 0 0 1
0.298641375 -0.162104876 0.230000004 0 0 1
0.11531411 -0.184413984 0.230000004 0 0 1
0.288849668 0.186886712 0.230000004 0 0 1
0.163076982 0.185735249 0.230000004 0 0 1
0.294713139 0.111797704 0.230000004 0 0 1
-0.135689575 -0.193493153 0.230000004 0 0 1
-0.263017759 0.195395256 0.230000004 0 0 1
0.0662257424 0.199416597 0.230000004 0 0 1
0.286662819 -0.105251924 0.230000004 0 0 1
0.0589869935 0.185368529 0.230000004 0 0 1
-0.290996719 0.17657924 0.230000004 0 0 1
-0.299371042 -0.156236124 0.230000004 0 0 1
-0.150045128 -0.193796075 0.230000004 0 0 1
0.140059525 -0.198653109 0.230000004 0 0 1
-0.28427007 0.00477226602 0.230000004 0 0 1
-0.161679656 0.188087669 0.230000004 0 0 1
-0.287238803 -0.0544190735 0.230000004 0 0 1
-0.0602988964 0.189797385 0.230000004 0 0 1
-0.104922244 -0.188652853 0.230000004 0 0 1
0.0995357324 0.191698172 0.230000004 0 0 1
0.00625451576 0.1943146 0.230000004 0 0 1
0.195043845 -0.186209197 0.230000004 0 0 1
0.0801192021 -0.186706615 0.230000004 0 0 1
-0.210685755 -0.18838832 0.230000004 0 0 1
0.29659709 -0.0907181246 0.230000004 0 0 1
-0.181041681 0.190994581 0.230000004 0 0 1
-0.291036985 0.109834505 0.230000004 0 0 1
-0.080133331 -0.195016365 0.230000004 0 0 1
0.182404672 -0.189830717 0.230000004 0 0 1
-0.279192239 -0.190862929 0.230000004 0 0 1
0.299048906 0.176348103 0.230000004 0 0 1
0.0895588121 0.183370678 0.230000004 0 0 1
0.0962351815 -0.189784897 0.230000004 0 0 1
0.0756186835 -0.18399868 0.230000004 0 0 1
0.201985536 0.189410286 0.230000004 0 0 1
0.191855942 -0.195130709 0.230000004 0 0 1
-0.24933878 0.199339691 0.230000004 0 0 1
-0.298056821 0.0145255351 0.230000004 0 0 1
0.208785184 -0.188181424 0.230000004 0 0 1
-0.175747378 -0.198856877 0.230000004 0 0 1
-0.141355199 0.191012925 0.230000004 0 0 1
0.103758176 -0.193626684 0.230000004 0 0 1
-0.223892907 0.196583822 0.230000004 0 0 1
-0.0740976382 -0.197603915 0.230000004 0 0 1
-0.099599544 -0.196763769 0.230000004 0 0 1
-0.130006206 0.193873184 0.230000004 0 0 1
-0.0131916558 -0.190001217 0.230000004 0 0 1
0.293575588 -0.115049176 0.230000004 0 0 1
-0.286701589 0.086363519 0.230000004 0 0 1
-0.130597496 -0.199420957 0.230000004 0 0 1
0.0307396472 -0.196403233 0.230000004 0 0 1
-0.175993369 -0.195227978 0.230000004 0 0 1
0.0278270847 -0.187243942 0.230000004 0 0 1
0.204696161 0.192241125 0.230000004 0 0 1
-0.289649212 0.0816285852 0.230000004 0 0 1
0.0902354747 0.191055619 0.230000004 0 0 1
0.286831054 0.144573661 0.230000004 0 0 1
0.105155944 -0.185464667 0.230000004 0 0 1
0.198227168 0.194247308 0.230000004 0 0 1
-0.0543664833 0.195703109 0.230000004 0 0 1
0.075649093 -0.185559776 0.230000004 0 0 1
0.294768197 0.0602916368 0.230000004 0 0 1
-0.294368605 0.094938767 0.230000004 0 0 1
-0.29493333 0.170319553 0.230000004 0 0 1
-0.284450999 -0.165581394 0.230000004 0 0 1
-0.217992378 -0.199716664 0.230000004 0 0 1
0.217982236 -0.197041702 0.230000004 0 0 1
-0.204524973 -0.185443472 0.230000004 0 0 1
0.235595974 -0.194975595 0.230000004 0 0 1
-0.0857558681 0.198299517 0.230000004 0 0 1
-0.106836867 -0.189176519 0.230000004 0 0 1
-0.292726681 -0.119201618 0.230000004 0 0 1
0.299852159 -0.0917053362 0.230000004 0 0 1
0.283989911 -0.00885024514 0.230000004 0 0 1
0.295768758 0.00812831655 0.230000004 0 0 1
-0.172044499 -0.18546618 0.230000004 0 0 1
0.291541581 -0.16489062 0.230000004 0 0 1
-0.26433954 0.194461888 0.230000004 0 0 1
0.120329935 -0.186468669 0.230000004 0 0 1
0.293543028 0.149875427 0.230000004 0 0 1
-0.202906409 -0.197626668 0.230000004 0 0 1
0.198921775 -0.183382878 0.230000004 0 0 1
0.0276569363 -0.187165934 0.230000004 0 0 1
-0.286496323 -0.0901728096 0.230000004 0 0 1
-0.264687032 0.197351136 0.230000004 0 0 1
0.0910979218 -0.194739377 0.230000004 0 0 1
-0.083938893 0.195871962 0.230000004 0 0 1
0.22615735 -0.197271239 0.230000004 0 0 1
-0.29533888 0.159503133 0.230000004 0 0 1
0.296076001 -0.19958958 0.230000004 0 0 1
-0.299239216 0.165643956 0.230000004 0 0 1
0.29179676 0.185752557 0.230000004 0 0 1
-0.289231563 -0.0145604395 0.230000004 0 0 1
-0.149637182 -0.195782747 0.230000004 0 0 1
-0.290255701 -0.174637631 0.230000004 0 0 1
0.292731492 -0.0612217147 0.230000004 0 0 1
0.156725516 0.195513109 0.230000004 0 0 1
-0.296603535 0.0595545659 0.230000004 0 0 1
0.0795330058 -0.195364367 0.230000004 0 0 1
0.221848083 -0.185756019 0.230000004 0 0 1
0.159673417 -0.194469699 0.230000004 0 0 1
0.291277373 0.182407022 0.230000004 0 0 1
0.297968825 -0.174259967 0.230000004 0 0 1
0.256156725 -0.196658118 0.230000004 0 0 1
-0.127750487 -0.184496758 0.230000004 0 0 1
0.0820999311 -0.195206303 0.230000004 0 0 1
0.288996127 0.0297118897 0.230000004 0 0 1
-0.286817986 0.0215611649 0.230000004 0 0 1
0.125132101 -0.18814385 0.230000004 0 0 1
-0.29372593 0.0237145468 0.230000004 0 0 1
0.172231085 -0.191807255 0.230000004 0 0 1
-0.275991489 0.1881284 0.230000004 0 0 1
0.131110229 0.196811361 0.230000004 0 0 1
0.111572429 -0.198965794 0.230000004 0 0 1
-0.281343382 -0.199943131 0.230000004 0 0 1
0.285452183 -0.187971814 0.230000004 0 0 1
-0.295665807 0.159655253 0.230000004 0 0 1
-0.296653565 -0.00399536734 0.230000004 0 0 1
0.0588049408 0.187500917 0.230000004 0 0 1
-0.284532955 -0.0543428475 0.230000004 0 0 1
0.0439193237 0.194049072 0.230000004 0 0 1
-0.0228604662 -0.1912005 0.230000004 0 0 1
0.118918163 0.191553201 0.230000004 0 0 1
0.296408509 -0.0384371115 0.230000004 0 0 1
0.0132123342 -0.196286391 0.230000004 0 0 1
-0.108211923 0.193919743 0.230000004 0 0 1
0.29484043 -0.0420945376 0.230000004 0 0 1
-0.294542661 0.170971306 0.230000004 0 0 1
0.0996962941 0.191302021 0.230000004 0 0 1
-0.0523913032 -0.187242991 0.230000004 0 0 1
0.0456612157 -0.183735059 0.230000004 0 0 1
-0.298766032 0.191333685 0.230000004 0 0 1
0.271263044 -0.196226833 0.230000004 0 0 1
0.29042462 -0.0583547405 0.230000004 0 0 1
-0.0977079864 -0.198728527 0.230000004 0 0 1
0.0706254281 -0.184556974 0.230000004 0 0 1
0.211684493 0.195267601 0.230000004 0 0 1
-0.163880327 0.185361827 0.230000004 0 0 1
-0.290517271 0.0498116326 0.230000004 0 0 1
-0.119785102 0.184821801 0.230000004 0 0 1
0.0192503843 -0.186717688 0.230000004 0 0 1
-0.163728545 -0.195062452 0.230000004 0 0 1
-0.137270096 0.198296141 0.230000004 0 0 1
0.239799618 0.188909607 0.230000004 0 0 1
0.118422812 -0.187433805 0.230000004 0 0 1
-0.173776129 -0.189357641 0.230000004 0 0 1
-0.239594559 0.187833203 0.230000004 0 0 1
0.29764776 -0.109786421 0.230000004 0 0 1
0.294748974 0.0867157175 0.230000004 0 0 1
0.291061577 0.143974529 0.230000004 0 0 1
0.0099598296 -0.18738875 0.230000004 0 0 1
0.121384921 -0.198262846 0.230000004 0 0 1
0.101943637 -0.194963582 0.230000004 0 0 1
-0.296076748 -0.114289603 0.230000004 0 0 1
-0.133209841 0.194351958 0.230000004 0 0 1
-0.0410550965 0.190032216 0.230000004 0 0 1
0.211337626 -0.18963023 0.230000004 0 0 1
0.162929758 -0.19158454 0.230000004 0 0 1
-0.237388964 0.195773065 0.230000004 0 0 1
-0.00486633321 0.19455854 0.230000004 0 0 1
-0.0640834062 0.187308374 0.230000004 0 0 1
0.284376816 0.0270639823 0.230000004 0 0 1
0.0606338169 0.197940572 0.230000004 0 0 1
-0.285912771 -0.00758002806 0.230000004 0 0 1
-0.154838535 0.188523478 0.230000004 0 0 1
0.195889695 -0.198333727 0.230000004 0 0 1
0.287089273 -0.131507807 0.230000004 0 0 1
-0.283216374 0.103263038 0.230000004 0 0 1
-0.293849187 0.100521327 0.230000004 0 0 1
0.212314313 -0.194389948 0.230000004 0 0 1
-0.295172401 0.051044026 0.230000004 0 0 1
-0.211817612 0.187492716 0.230000004 0 0 1
0.292485527 0.059027321 0.230000004 0 0 1
-0.219799151 0.196745161 0.230000004 0 0 1
-0.297509935 0.108882761 0.230000004 0 0 1
-0.07874669 0.190624817 0.230000004 0 0 1
0.295961335 0.0637741958 0.230000004 0 0 1
-0.29726774 -0.0797365246 0.230000004 0 0 1
0.283806644 -0.0116603964 0.230000004 0 0 1
-0.0445865439 -0.19285668 0.230000004 0 0 1
-0.235090805 0.194069495 0.230000004 0 0 1
-0.29824313 0.0974107562 0.230000004 0 0 1
0.2887511 0.187234538 0.230000004 0 0 1
-0.274659409 0.186114848 0.230000004 0 0 1
0.178055458 -0.199000274 0.230000004 0 0 1
0.286675419 -0.165017211 0.230000004 0 0 1
0.119739272 0.192671981 0.230000004 0 0 1
-0.0482743962 0.190345332 0.230000004 0 0 1
-0.0093906215 -0.196588607 0.230000004 0 0 1
-0.256815973 0.198543623 0.230000004 0 0 1
0.28318908 -0.185347176 0.230000004 0 0 1
0.202802442 0.197353531 0.230000004 0 0 1
-0.104853509 -0.186000636 0.230000004 0 0 1
-0.285241202 -0.0728410676 0.230000004 0 0 1
-0.255683656 0.187469337 0.230000004 0 0 1
0.208267743 -0.195692675 0.230000004 0 0 1
-0.253333199 -0.191834865 0.230000004 0 0 1
-0.0220693577 0.198438823 0.230000004 0 0 1
0.0693094456 0.197320537 0.230000004 0 0 1
0.147164783 -0.19124227 0.230000004 0 0 1
0.283902471 -0.0426156999 0.230000004 0 0 1
0.184454939 0.188046139 0.230000004 0 0 1
0.00519772686 -0.198950938 0.230000004 0 0 1
-0.288410827 -0.0482546551 0.230000004 0 0 1
-0.287159845 -0.174300692 0.230000004 0 0 1
0.286106485 0.105198974 0.230000004 0 0 1
-0.00727496492 -0.186015184 0.230000004 0 0 1
0.00281073974 0.189516114 0.230000004 0 0 1
0.055160904 -0.194911987 0.230000004 0 0 1
0.0766745627 -0.183897271 0.230000004 0 0 1
0.0809350223 -0.188796872 0.230000004 0 0 1
0.289405996 0.0726006119 0.230000004 0 0 1
0.143954272 -0.198587634 0.230000004 0 0 1
-0.299952089 -0.123536198 0.230000004 0 0 1
-0.00247440682 -0.196683666 0.230000004 0 0 1
0.0485321239 -0.187211831 0.230000004 0 0 1
0.142168412 0.187852754 0.230000004 0 0 1
0.131407048 0.199740708 0.230000004 0 0 1
-0.0967455598 -0.184759033 0.230000004 0 0 1
0.220282657 0.185662175 0.230000004 0 0 1
0.191249948 -0.191467759 0.230000004 0 0 1
0.29882436 -0.0164886119 0.230000004 0 0 1
0.166083806 -0.194419622 0.230000004 0 0 1
0.201627522 0.188420845 0.230000004 0 0 1
-0.296629746 -0.190977094 0.230000004 0 0 1
0.288119091 -0.116242199 0.230000004 0 0 1
-0.29483659 0.0382109749 0.230000004 0 0 1
0.187516588 0.18761554 0.230000004 0 0 1
0.135645805 -0.192314191 0.230000004 0 0 1
0.284443105 -0.0530898399 0.230000004 0 0 1
-0.272474668 -0.195663751 0.230000004 0 0 1
-0.240651762 -0.189557482 0.230000004 0 0 1
0.00472220292 -0.191085198 0.230000004 0 0 1
-0.199506854 -0.196166535 0.230000004 0 0 1
0.218678866 -0.194677614 0.230000004 0 0 1
-0.298306591 -0.0182539064 0.230000004 0 0 1
-0.175163371 -0.191842179 0.230000004 0 0 1
-0.194544132 0.197877424 0.230000004 0 0 1
-0.182350122 -0.196121505 0.230000004 0 0 1
0.296583767 0.0643356176 0.230000004 0 0 1
-0.296413436 0.131797017 0.230000004 0 0 1
0.289077942 -0.168277659 0.230000004 0 0 1
-0.0745077987 0.198001012 0.230000004 0 0 1
-0.293373735 -0.0321499203 0.230000004 0 0 1
0.165859161 -0.18352549 0.230000004 0 0 1
0.293253014 -0.189444181 0.230000004 0 0 1
0.0674031283 -0.189978093 0.230000004 0 0 1
-0.143952147 -0.194780782 0.230000004 0 0 1
-0.135278237 -0.184252058 0.230000004 0 0 1
-0.158848257 0.185177744 0.230000004 0 0 1
0.283687823 -0.100419119 0.230000004 0 0 1
0.292181924 -0.024665963 0.230000004 0 0 1
0.235629842 0.192696723 0.230000004 0 0 1
-0.29409417 0.16466229 0.230000004 0 0 1
0.168457141 0.198686936 0.230000004 0 0 1
-0.284360992 -0.0414393614 0.230000004 0 0 1
0.288934764 0.0958738011 0.230000004 0 0 1
0.0891688031 0.189545375 0.230000004 0 0 1
0.299363649 -0.171226559 0.230000004 0 0 1
0.0810629762 -0.184074854 0.230000004 0 0 1
-0.28341282 0.0996436527 0.230000004 0 0 1
0.295268552 0.014363703 0.230000004 0 0 1
-0.0779872778 0.196205847 0.230000004 0 0 1
-0.0642413273 -0.198336035 0.230000004 0 0 1
-0.292120361 0.102865904 0.230000004 0 0 1
-0.296789468 0.139964562 0.230000004 0 0 1
0.149436852 0.186334246 0.230000004 0 0 1
-0.0687001054 -0.191044426 0.230000004 0 0 1
0.298963448 -0.126526275 0.230000004 0 0 1
0.283925599 -0.0303637043 0.230000004 0 0 1
-0.29585939 0.138341081 0.230000004 0 0 1
-0.0181822145 0.196703402 0.230000004 0 0 1
-0.160989321 -0.19523123 0.230000004 0 0 1
-0.28211192 -0.192494685 0.230000004 0 0 1
-0.288994623 -0.0855620186 0.230000004 0 0 1
0.298202707 0.0788020094 0.230000004 0 0 1
0.297155709 -0.0554576322 0.230000004 0 0 1
-0.292767794 -0.0898489959 0.230000004 0 0 1
-0.0732413659 0.198142383 0.230000004 0 0 1
-0.28609557 0.176623348 0.230000004 0 0 1
0.0595697341 0.192297123 0.230000004 0 0 1
0.243511149 -0.196284793 0.230000004 0 0 1
-0.295667641 0.172461761 0.230000004 0 0 1
0.270205251 -0.199361688 0.230000004 0 0 1
0.244752691 0.199100879 0.230000004 0 0 1
0.29856954 -0.0410221704 0.230000004 0 0 1
0.211895609 0.198825248 0.230000004 0 0 1
0.0709424187 0.191211833 0.230000004 0 0 1
0.132134575 0.188440868 0.230000004 0 0 1
0.2874825 -0.0417508365 0.230000004 0 0 1
0.0313202 0.188607333 0.230000004 0 0 1
-0.124111417 -0.19939418 0.230000004 0 0 1
-0.0803366914 0.186787624 0.230000004 0 0 1
-0.28816212 -0.10129793 0.230000004 0 0 1
-0.0828575919 -0.190004106 0.230000004 0 0 1
0.0706027143 -0.185692714 0.230000004 0 0 1
-0.274942483 0.186704693 0.230000004 0 0 1
-0.232783885 0.18609224 0.230000004 0 0 1
0.290922151 -0.10030334 0.230000004 0 0 1
-0.0121869409 -0.18339096 0.230000004 0 0 1
-0.297064517 -0.109525562 0.230000004 0 0 1
-0.298788967 0.0623157197 0.230000004 0 0 1
0.285370594 0.068474051 0.230000004 0 0 1
-0.189716791 0.19428292 0.230000004 0 0 1
-0.27879965 0.188083738 0.230000004 0 0 1
0.134033226 -0.199781891 0.230000004 0 0 1
0.0796740617 0.18333475 0.230000004 0 0 1
0.00637755857 -0.187460999 0.230000004 0 0 1
0.061373287 0.197831445 0.230000004 0 0 1
0.285551021 0.00550286138 0.230000004 0 0 1
0.295859027 0.108417366 0.230000004 0 0 1
0.285142082 0.176884909 0.230000004 0 0 1
-0.284524123 0.0393486248 0.230000004 0 0 1
-0.292795279 0.146647058 0.230000004 0 0 1
-0.29454244 0.142251576 0.230000004 0 0 1
0.228514205 0.191220751 0.230000004 0 0 1
0.151410458 0.194990447 0.230000004 0 0 1
0.297913303 0.150439694 0.230000004 0 0 1
0.293829018 0.0479993455 0.230000004 0 0 1
0.292536172 0.176762911 0.230000004 0 0 1
-0.286023891 -0.128474031 0.230000004 0 0 1
-0.0289857084 -0.188934225 0.230000004 0 0 1
-0.291478385 -0.0445904769 0.230000004 0 0 1
0.263388227 0.19828336 0.230000004 0 0 1
-0.284790438 -0.0313955495 0.230000004 0 0 1
0.172826651 -0.193192335 0.230000004 0 0 1
-0.165882702 -0.18549424 0.230000004 0 0 1
-0.280553365 -0.198825483 0.230000004 0 0 1
-0.160407828 -0.190773806 0.230000004 0 0 1
0.131512187 0.196799057 0.230000004 0 0 1
0.293886616 0.012212397 0.230000004 0 0 1
0.241883131 -0.194443318 0.230000004 0 0 1
-0.286790191 -0.127874593 0.230000004 0 0 1
0.00954127813 0.191359015 0.230000004 0 0 1
-0.29011911 0.164491724 0.230000004 0 0 1
0.299515922 0.145284041 0.230000004 0 0 1
-0.107873514 -0.191482498 0.230000004 0 0 1
0.0912409175 -0.198435894 0.230000004 0 0 1
0.297469369 0.0161608826 0.230000004 0 0 1
0.28072408 0.195349489 0.230000004 0 0 1
-0.285990612 -0.126083033 0.230000004 0 0 1
0.294501793 -0.180375951 0.230000004 0 0 1
-0.250371853 0.19464845 0.230000004 0 0 1
-0.288641458 -0.0651531181 0.230000004 0 0 1
-0.282931113 -0.194848593 0.230000004 0 0 1
-0.0653909104 0.194541704 0.230000004 0 0 1
0.0360379907 0.190546013 0.230000004 0 0 1
0.162241119 0.18671212 0.230000004 0 0 1
0.290531631 -0.133371314 0.230000004 0 0 1
-0.295289026 0.194537928 0.230000004 0 0 1
0.0754525794 0.196860787 0.230000004 0 0 1
0.29440373 -0.128250751 0.230000004 0 0 1
0.21008391 0.191269562 0.230000004 0 0 1
-0.0930071452 0.196840776 0.230000004 0 0 1
0.298046631 0.0517766095 0.230000004 0 0 1
0.0529987727 -0.199321869 0.230000004 0 0 1
0.219304648 0.187108245 0.230000004 0 0 1
-0.297890668 0.145475587 0.230000004 0 0 1
-0.0186946773 0.187129724 0.230000004 0 0 1
0.288391196 0.110918104 0.230000004 0 0 1
-0.198900977 0.19746377 0.230000004 0 0 1
-0.286437661 -0.18846944 0.230000004 0 0 1
0.0568849108 0.183080486 0.230000004 0 0 1
-0.296396917 0.152841891 0.230000004 0 0 1
0.294945236 0.158123614 0.230000004 0 0 1
0.280257904 0.195770555 0.230000004 0 0 1
0.0841428761 -0.186198429 0.230000004 0 0 1
0.237791378 0.195753022 0.230000004 0 0 1
-0.287052398 0.195944714 0.230000004 0 0 1
-0.100813907 -0.193551293 0.230000004 0 0 1
-0.299732417 0.0348575687 0.230000004 0 0 1
-0.0455311379 -0.198631956 0.230000004 0 0 1
0.234988118 -0.193970129 0.230000004 0 0 1
-0.204983867 -0.195183362 0.230000004 0 0 1
-0.291855091 0.0512396475 0.230000004 0 0 1
0.202752851 0.199428643 0.230000004 0 0 1
-0.279420273 0.19208107 0.230000004 0 0 1
-0.287701193 -0.0612949503 0.230000004 0 0 1
0.16644352 -0.194609557 0.230000004 0 0 1
0.0442752215 0.189060498 0.230000004 0 0 1
-0.174240077 -0.186636398 0.230000004 0 0 1
-0.297418796 0.0816591813 0.230000004 0 0 1
-0.294973935 -0.189298768 0.230000004 0 0 1
0.293306332 -0.136482601 0.230000004 0 0 1
-0.0548781926 -0.186687206 0.230000004 0 0 1
-0.125779351 0.194946531 0.230000004 0 0 1
-0.293968357 0.121730401 0.230000004 0 0 1
-0.294101861 0.0607450592 0.230000004 0 0 1
0.234534694 0.198597111 0.230000004 0 0 1
0.0558049574 -0.18806727 0.230000004 0 0 1
-0.0403615928 -0.186762132 0.230000004 0 0 1
0.299573825 -0.0372039028 0.230000004 0 0 1
-0.00361449769 -0.19551677 0.230000004 0 0 1
0.283298492 -0.153231805 0.230000004 0 0 1
0.112967595 -0.188351814 0.230000004 0 0 1
0.297458207 -0.0923336389 0.230000004 0 0 1
-0.131484806 -0.193684622 0.230000004 0 0 1
-0.286659403 -0.160496848 0.230000004 0 0 1
0.292951347 0.0757887886 0.230000004 0 0 1
0.285594999 0.12988359 0.230000004 0 0 1
-0.157234889 -0.195259483 0.230000004 0 0 1
0.298923885 -0.0187114741 0.230000004 0 0 1
-0.210508877 -0.193608063 0.230000004 0 0 1
0.0518423839 -0.190198183 0.230000004 0 0 1
-0.00420877038 0.186623725 0.230000004 0 0 1
0.29983067 -0.125898396 0.230000004 0 0 1
-0.28850217 0.0170413371 0.230000004 0 0 1
0.0500394255 -0.190626697 0.230000004 0 0 1
0.295009698 0.152090762 0.230000004 0 0 1
-0.141956724 0.194990244 0.230000004 0 0 1
-0.061170028 0.189574279 0.230000004 0 0 1
-0.291079337 0.148395771 0.230000004 0 0 1
0.113461006 0.19120563 0.230000004 0 0 1
0.256307879 0.186237266 0.230000004 0 0 1
0.297059792 0.0408768844 0.230000004 0 0 1
0.283138022 0.0435352862 0.230000004 0 0 1
0.171706283 -0.189315716 0.230000004 0 0 1
0.00557857437 -0.188051857 0.230000004 0 0 1
0.297986144 -0.114187943 0.230000004 0 0 1
0.101845373 -0.194311292 0.230000004 0 0 1
-0.243948301 0.195640265 0.230000004 0 0 1
-0.225903634 0.192184537 0.230000004 0 0 1
0.190611064 0.190462504 0.230000004 0 0 1
0.296641176 0.0182890791 0.230000004 0 0 1
0.289651378 0.0890470931 0.230000004 0 0 1
-0.0171131864 -0.198793982 0.230000004 0 0 1
-0.0237222125 -0.198176277 0.230000004 0 0 1
-0.285251378 0.135032053 0.230000004 0 0 1
-0.257508551 -0.1861449 0.230000004 0 0 1
-0.213113573 -0.184772563 0.230000004 0 0 1
0.215979926 0.183386478 0.230000004 0 0 1
0.286107855 -0.155530157 0.230000004 0 0 1
-0.290734366 0.0653452222 0.230000004 0 0 1
0.227387568 0.196952188 0.230000004 0 0 1
0.0206307329 -0.19325672 0.230000004 0 0 1
-0.110567136 0.185717353 0.230000004 0 0 1
-0.284347618 0.00753880948 0.230000004 0 0 1
0.118821346 -0.189419444 0.230000004 0 0 1
-0.292923297 -0.051434361 0.230000004 0 0 1
-0.120574105 0.186319549 0.230000004 0 0 1
-0.122777842 0.189888234 0.230000004 0 0 1
0.28812951 0.00481751495 0.230000004 0 0 1
0.24664712 -0.192858614 0.230000004 0 0 1
0.286272548 -0.0540488073 0.230000004 0 0 1
0.287198255 -0.0521942282 0.230000004 0 0 1
0.0148920533 0.187128768 0.230000004 0 0 1
-0.288926725 0.0823684425 0.230000004 0 0 1
0.290343262 -0.0403146535 0.230000004 0 0 1
0.0505856539 -0.184890595 0.230000004 0 0 1
0.104198 0.191921529 0.230000004 0 0 1
0.17227416 0.189160969 0.230000004 0 0 1
-0.295340746 0.0857822298 0.230000004 0 0 1
0.143050716 -0.185009713 0.230000004 0 0 1
-0.285665073 -0.0226844091 0.230000004 0 0 1
-0.0160803432 0.194230315 0.230000004 0 0 1
0.107668602 0.198844729 0.230000004 0 0 1
0.296330841 0.038223468 0.230000004 0 0 1
-0.296988287 -0.124490758 0.230000004 0 0 1
0.23798995 -0.196614765 0.230000004 0 0 1
0.0754395747 -0.196204007 0.230000004 0 0 1
-0.173552645 0.196911404 0.230000004 0 0 1
-0.24338644 -0.18877342 0.230000004 0 0 1
0.0919918502 0.198601579 0.230000004 0 0 1
-0.0652742775 0.189280172 0.230000004 0 0 1
0.0352247011 -0.195553887 0.230000004 0 0 1
0.0288505239 0.189584882 0.230000004 0 0 1
0.145092145 -0.194606934 0.230000004 0 0 1
-0.173552977 0.193309662 0.230000004 0 0 1
0.296275013 0.0898096351 0.230000004 0 0 1
0.119857225 -0.191465738 0.230000004 0 0 1
-0.112695533 -0.196967067 0.230000004 0 0 1
0.299074317 0.106983751 0.230000004 0 0 1
-0.248249001 -0.1967599 0.230000004 0 0 1
0.00918925517 0.186922923 0.230000004 0 0 1
-0.295141997 -0.0272403877 0.230000004 0 0 1
-0.295847708 0.130533995 0.230000004 0 0 1
-0.297691542 -0.116344389 0.230000004 0 0 1
-0.299971638 -0.165616241 0.230000004 0 0 1
-0.292577579 0.147654664 0.230000004 0 0 1
-0.235812217 0.189260775 0.230000004 0 0 1
-0.161668636 -0.194642724 0.230000004 0 0 1
-0.283100352 -0.037415881 0.230000004 0 0 1
-0.266312739 0.183272867 0.230000004 0 0 1
0.216844087 0.18694014 0.230000004 0 0 1
-0.285942471 0.0308891553 0.230000004 0 0 1
-0.294971041 0.165641158 0.230000004 0 0 1
0.297587783 -0.0553223295 0.230000004 0 0 1
0.028311648 -0.194413256 0.230000004 0 0 1
-0.0576337248 0.189464131 0.230000004 0 0 1
0.20924286 -0.199255636 0.230000004 0 0 1
-0.205929026 0.193456148 0.230000004 0 0 1
0.255769422 -0.195669178 0.230000004 0 0 1
-0.285608513 0.189582794 0.230000004 0 0 1
-0.243454714 -0.183911651 0.230000004 0 0 1
0.292419315 -0.0730696802 0.230000004 0 0 1
0.294186876 -0.135941081 0.230000004 0 0 1
-0.286154926 -0.0424417777 0.230000004 0 0 1
0.00735234724 -0.185575282 0.230000004 0 0 1
-0.297415233 0.03655654 0.230000004 0 0 1
-0.299430151 0.193182062 0.230000004 0 0 1
0.063339141 -0.19225641 0.230000004 0 0 1
-0.0411345354 -0.189321513 0.230000004 0 0 1
-0.0684972161 -0.190949655 0.230000004 0 0 1
-0.0388512715 0.194580235 0.230000004 0 0 1
-0.267088244 0.196637284 0.230000004 0 0 1
0.0566388288 -0.189679203 0.230000004 0 0 1
0.292739241 -0.151622678 0.230000004 0 0 1
0.0902359792 0.191203883 0.230000004 0 0 1
0.290259887 -0.127756018 0.230000004 0 0 1
0.0516538593 0.197497456 0.230000004 0 0 1
0.0712040295 0.19816759 0.230000004 0 0 1
-0.0175180114 -0.194198708 0.230000004 0 0 1
-0.195274618 0.18372335 0.230000004 0 0 1
0.290808001 -0.022774045 0.230000004 0 0 1
-0.283498905 -0.148818988 0.230000004 0 0 1
-0.27467829 -0.187265664 0.230000004 0 0 1
0.294511654 0.0253738716 0.230000004 0 0 1
0.133868552 -0.188163818 0.230000004 0 0 1
0.287998626 -0.0682049873 0.230000004 0 0 1
0.0292051014 0.199306728 0.230000004 0 0 1
-0.146303706 -0.192624777 0.230000004 0 0 1
-0.246476238 0.190882553 0.230000004 0 0 1
0.0826239105 0.194498117 0.230000004 0 0 1
0.208115851 -0.192473153 0.230000004 0 0 1
0.186049317 -0.197961443 0.230000004 0 0 1
0.159943993 -0.195868634 0.230000004 0 0 1
0.286675512 0.137713303 0.230000004 0 0 1
-0.189928731 0.188485911 0.230000004 0 0 1
0.226078349 -0.199841237 0.230000004 0 0 1
0.293423907 0.040653593 0.230000004 0 0 1
-0.27883594 0.197855729 0.230000004 0 0 1
-0.29468179 -0.154553128 0.230000004 0 0 1
0.105777003 0.183686668 0.230000004 0 0 1
0.0459307877 0.195337927 0.230000004 0 0 1
0.294450796 0.149546212 0.230000004 0 0 1
0.288775617 -0.195632381 0.230000004 0 0 1
-0.289022533 0.0472269024 0.230000004 0 0 1
-0.287096797 -0.170602561 0.230000004 0 0 1
0.297949729 -0.142035438 0.230000004 0 0 1
0.291174855 -0.17011786 0.230000004 0 0 1
-0.161911109 0.188406683 0.230000004 0 0 1
0.290497232 -0.17876764 0.230000004 0 0 1
-0.29931707 0.144637757 0.230000004 0 0 1
-0.296504036 0.162879581 0.230000004 0 0 1
-0.294577776 0.163673827 0.230000004 0 0 1
0.0288452849 0.199329488 0.230000004 0 0 1
-0.27385214 -0.197966043 0.230000004 0 0 1
0.290740952 -0.181747467 0.230000004 0 0 1
0.299579276 0.072070431 0.230000004 0 0 1
0.284682376 -0.0140083933 0.230000004 0 0 1
0.290657963 -0.129193749 0.230000004 0 0 1
0.292049204 0.0165640817 0.230000004 0 0 1
0.29935694 -0.0900534722 0.230000004 0 0 1
0.104104836 -0.186022093 0.230000004 0 0 1
-0.157690226 -0.198913209 0.230000004 0 0 1
0.283057307 -0.0189778961 0.230000004 0 0 1
0.228224656 -0.189805544 0.230000004 0 0 1
-0.291962064 0.0538621361 0.230000004 0 0 1
-0.177971072 -0.189482924 0.230000004 0 0 1
0.1487726 -0.197038002 0.230000004 0 0 1
-0.287995136 0.189176032 0.230000004 0 0 1
-0.285294691 0.142689737 0.230000004 0 0 1
0.296675314 0.0433109083 0.230000004 0 0 1
-0.294480655 0.0789298478 0.230000004 0 0 1
0.252097859 0.199299169 0.230000004 0 0 1
-0.0413547502 -0.189852327 0.230000004 0 0 1
-0.249176477 -0.185140626 0.230000004 0 0 1
0.10553163 -0.191572293 0.230000004 0 0 1
0.203519069 -0.198456213 0.230000004 0 0 1
-0.285602625 -0.104667383 0.230000004 0 0 1
-0.144250022 -0.194148861 0.230000004 0 0 1
-0.0507367515 -0.193126394 0.230000004 0 0 1
0.28645147 -0.0104310337 0.230000004 0 0 1
0.0848221767 -0.199148131 0.230000004 0 0 1
0.295462011 0.139545049 0.230000004 0 0 1
0.26642406 0.193348876 0.230000004 0 0 1
-0.0351039188 -0.185243866 0.230000004 0 0 1
-0.288511995 0.0094892947 0.230000004 0 0 1
-0.132249759 -0.19559287 0.230000004 0 0 1
-0.26175969 -0.188435333 0.230000004 0 0 1
0.216752894 -0.192812948 0.230000004 0 0 1
0.287983481 -0.0409351383 0.230000004 0 0 1
0.293808533 0.16646438 0.230000004 0 0 1
-0.160287731 0.199083093 0.230000004 0 0 1
-0.28382172 0.0846870965 0.230000004 0 0 1
0.0091063739 0.189578197 0.230000004 0 0 1
-0.120923393 -0.196316888 0.230000004 0 0 1
-0.287264622 0.0457300126 0.230000004 0 0 1
0.274258499 -0.19671864 0.230000004 0 0 1
-0.106780346 -0.186451585 0.230000004 0 0 1
0.298655758 0.108154616 0.230000004 0 0 1
-0.154074928 0.184447131 0.230000004 0 0 1
-0.15893978 0.186238339 0.230000004 0 0 1
-0.195318559 0.198404384 0.230000004 0 0 1
-0.154593672 0.187004824 0.230000004 0 0 1
0.152877641 0.187490145 0.230000004 0 0 1
0.295327009 0.196755319 0.230000004 0 0 1
-0.292267546 -0.102125215 0.230000004 0 0 1
-0.294647194 -0.189008867 0.230000004 0 0 1
0.285606019 -0.172356416 0.230000004 0 0 1
0.28944198 -0.157836257 0.230000004 0 0 1
-0.287490678 -0.0229073254 0.230000004 0 0 1
0.0457105816 0.193746377 0.230000004 0 0 1
-0.0511102175 -0.19085372 0.230000004 0 0 1
0.0871459853 0.189417531 0.230000004 0 0 1
0.0477373532 0.191149663 0.230000004 0 0 1
0.286453498 -0.171221443 0.230000004 0 0 1
0.283183424 0.171321372 0.230000004 0 0 1
-0.285059753 0.11998156 0.230000004 0 0 1
0.140391389 -0.195679443 0.230000004 0 0 1
0.284213992 -0.124954237 0.230000004 0 0 1
-0.142838085 0.199295836 0.230000004 0 0 1
-0.282045231 -0.187102789 0.230000004 0 0 1
-0.288996499 -0.151064101 0.230000004 0 0 1
0.028484581 0.196165301 0.230000004 0 0 1
0.257517629 -0.19816363 0.230000004 0 0 1
0.292487572 0.134696323 0.230000004 0 0 1
0.287455975 0.118021859 0.230000004 0 0 1
0.0249585461 -0.184912804 0.230000004 0 0 1
0.116442842 0.191254583 0.230000004 0 0 1
0.2327753 0.195458379 0.230000004 0 0 1
-0.297721388 0.0401418886 0.230000004 0 0 1
-0.114485704 -0.188231592 0.230000004 0 0 1
0.269346654 -0.191919265 0.230000004 0 0 1
0.0986747478 -0.187467385 0.230000004 0 0 1
0.28718704 0.0928271224 0.230000004 0 0 1
0.0281959144 -0.185693714 0.230000004 0 0 1
0.287476358 0.0703673168 0.230000004 0 0 1
0.29916678 -0.156378651 0.230000004 0 0 1
0.046262294 0.193006652 0.230000004 0 0 1
-0.240744883 0.18950019 0.230000004 0 0 1
-0.231949563 -0.189014163 0.230000004 0 0 1
-0.0152177659 -0.196839336 0.230000004 0 0 1
0.142477241 0.188801982 0.230000004 0 0 1
0.293162809 -0.0537505133 0.230000004 0 0 1
-0.288115948 -0.0826591117 0.230000004 0 0 1
-0.0511586502 0.187776209 0.230000004 0 0 1
0.297232322 -0.0939939647 0.230000004 0 0 1
-0.278150496 0.190092731 0.230000004 0 0 1
0.290315574 -0.162443904 0.230000004 0 0 1
0.283353835 -0.0344024036 0.230000004 0 0 1
0.299122487 0.0695042802 0.230000004 0 0 1
-0.292775731 -0.0844177426 0.230000004 0 0 1
0.298913176 0.130103567 0.230000004 0 0 1
-0.296980524 0.0544157642 0.230000004 0 0 1
0.0956373821 0.195075349 0.230000004 0 0 1
0.285785546 0.178561247 0.230000004 0 0 1
0.137347138 -0.184838873 0.230000004 0 0 1
-0.212943575 0.193100478 0.230000004 0 0 1
0.163406102 0.18632814 0.230000004 0 0 1
-0.0551808982 -0.189711826 0.230000004 0 0 1
0.0465547686 0.183472172 0.230000004 0 0 1
0.0653378698 0.198871239 0.230000004 0 0 1
0.159213741 0.186036368 0.230000004 0 0 1
-0.28341243 -0.163254604 0.230000004 0 0 1
0.213754677 -0.195672338 0.230000004 0 0 1
0.0717941291 -0.191303377 0.230000004 0 0 1
0.256186902 0.191338308 0.230000004 0 0 1
0.295029803 -0.0687535495 0.230000004 0 0 1
0.287075438 0.0145910166 0.230000004 0 0 1
0.287443522 -0.0045279741 0.230000004 0 0 1
0.274966907 -0.199947251 0.230000004 0 0 1
-0.293754716 -0.117416239 0.230000004 0 0 1
-0.292127371 0.117664699 0.230000004 0 0 1
0.28403281 0.0609219631 0.230000004 0 0 1
0.287060032 0.132261082 0.230000004 0 0 1
-0.0534633003 0.19794718 0.230000004 0 0 1
0.248794533 -0.194976344 0.230000004 0 0 1
-0.293644026 0.0837313631 0.230000004 0 0 1
0.293643413 -0.150782597 0.230000004 0 0 1
-0.0140588435 0.199796933 0.230000004 0 0 1
-0.09168797 0.196168219 0.230000004 0 0 1
0.284129537 0.173946457 0.230000004 0 0 1
-0.283569979 0.100590848 0.230000004 0 0 1
0.279120981 0.198924207 0.230000004 0 0 1
-0.146138746 0.194200567 0.230000004 0 0 1
0.131540506 0.199629915 0.230000004 0 0 1
0.143948058 0.188876281 0.230000004 0 0 1
-0.279502706 -0.195219131 0.230000004 0 0 1
0.101510065 -0.18384143 0.230000004 0 0 1
0.295733044 -0.120417703 0.230000004 0 0 1
0.287554097 0.0901070504 0.230000004 0 0 1
-0.295453141 -0.129873882 0.230000004 0 0 1
0.135217574 -0.187010286 0.230000004 0 0 1
-0.0657148243 -0.197713102 0.230000004 0 0 1
-0.136660751 0.189453153 0.230000004 0 0 1
-0.225675848 -0.185157656 0.230000004 0 0 1
0.232712002 -0.18558474 0.230000004 0 0 1
0.241218146 -0.195010285 0.230000004 0 0 1
-0.284905793 -0.0270281658 0.230000004 0 0 1
0.294061316 -0.125049682 0.230000004 0 0 1
-0.295987435 0.112063095 0.230000004 0 0 1
-0.279331144 0.188194779 0.230000004 0 0 1
0.0506893607 0.193894692 0.230000004 0 0 1
0.163606714 -0.193107263 0.230000004 0 0 1
0.163538871 -0.183321113 0.230000004 0 0 1
-0.284769505 -0.126557281 0.230000004 0 0 1
0.0768186127 0.187696148 0.230000004 0 0 1
-0.132291315 0.198645234 0.230000004 0 0 1
0.151693166 -0.198938042 0.230000004 0 0 1
0.295025282 -0.0658816607 0.230000004 0 0 1
0.29574805 0.134125704 0.230000004 0 0 1
-0.0596433386 0.194704482 0.230000004 0 0 1
0.24349532 0.183007247 0.230000004 0 0 1
-0.230644157 0.19503735 0.230000004 0 0 1
0.298413776 0.121550169 0.230000004 0 0 1
0.299275463 0.185650774 0.230000004 0 0 1
-0.148744974 -0.196100035 0.230000004 0 0 1
0.049551578 -0.199645947 0.230000004 0 0 1
-0.0172527579 -0.183198018 0.230000004 0 0 1
0.291214985 -0.0341382951 0.230000004 0 0 1
-0.288024764 -0.0354276374 0.230000004 0 0 1
0.298992193 0.140215441 0.230000004 0 0 1
-0.288985246 -0.0948249985 0.230000004 0 0 1
-0.139021783 -0.188146518 0.230000004 0 0 1
0.214182606 -0.187516447 0.230000004 0 0 1
-0.297462116 0.0297970318 0.230000004 0 0 1
-0.277001632 0.196058456 0.230000004 0 0 1
0.0776445451 -0.194365961 0.230000004 0 0 1
0.0548896871 -0.18872691 0.230000004 0 0 1
-0.290370121 -0.128138026 0.230000004 0 0 1
0.293149113 0.112121346 0.230000004 0 0 1
0.298144344 -0.134674847 0.230000004 0 0 1
-0.0524201987 0.192835252 0.230000004 0 0 1
-0.297399841 -0.0984689849 0.230000004 0 0 1
-0.214024422 0.18740931 0.230000004 0 0 1
-0.278052214 -0.192544317 0.230000004 0 0 1
-0.290266977 -0.0370552714 0.230000004 0 0 1
0.219201682 -0.186992289 0.230000004 0 0 1
0.290039081 0.0186699545 0.230000004 0 0 1
-0.287834745 -0.0849182016 0.230000004 0 0 1
0.286743614 -0.0829261107 0.230000004 0 0 1
-0.225264117 0.192324559 0.230000004 0 0 1
0.293914575 0.160028195 0.230000004 0 0 1
-0.041647774 -0.186141296 0.230000004 0 0 1
-0.0383951349 0.189550022 0.230000004 0 0 1
-0.224667659 0.197347849 0.230000004 0 0 1
0.139901692 -0.18441872 0.230000004 0 0 1
0.298136695 -0.153340967 0.230000004 0 0 1
-0.110559217 -0.184058802 0.230000004 0 0 1
-0.183542549 0.193553501 0.230000004 0 0 1
-0.289913578 -0.0876830556 0.230000004 0 0 1
0.285652889 0.00576263594 0.230000004 0 0 1
0.287203322 -0.193553168 0.230000004 0 0 1
0.286811606 0.130394268 0.230000004 0 0 1
-0.294276778 0.148418403 0.230000004 0 0 1
-0.288479242 0.0643868234 0.230000004 0 0 1
-0.0560510288 -0.192395792 0.230000004 0 0 1
0.108214539 0.18498335 0.230000004 0 0 1
0.291204518 0.137740262 0.230000004 0 0 1
0.160615718 -0.193208587 0.230000004 0 0 1
-0.297380466 -0.150596675 0.230000004 0 0 1
-0.137116634 -0.192860887 0.230000004 0 0 1
0.293556258 0.179950259 0.230000004 0 0 1
0.00152613302 -0.187158608 0.230000004 0 0 1
-0.283651243 -0.0885233787 0.230000004 0 0 1
0.218976752 0.197041896 0.230000004 0 0 1
-0.294517336 -0.102985158 0.230000004 0 0 1
0.200489118 0.191758387 0.230000004 0 0 1
-0.219081093 -0.195452537 0.230000004 0 0 1
0.105070877 -0.188784919 0.230000004 0 0 1
0.198906084 -0.18314626 0.230000004 0 0 1
0.285576509 0.19007186 0.230000004 0 0 1
0.29306639 0.158302784 0.230000004 0 0 1
-0.145388652 -0.18423423 0.230000004 0 0 1
-0.289964396 -0.076027237 0.230000004 0 0 1
0.0737136125 0.194838801 0.230000004 0 0 1
0.284952969 0.121405321 0.230000004 0 0 1
-0.124316031 0.187725617 0.230000004 0 0 1
0.200967894 0.189717747 0.230000004 0 0 1
-0.211739464 -0.190328357 0.230000004 0 0 1
0.262455549 -0.19931136 0.230000004 0 0 1
0.09506665 0.19679153 0.230000004 0 0 1
0.283738718 -0.0240570602 0.230000004 0 0 1
0.291114398 -0.116846476 0.230000004 0 0 1
0.29390996 0.0806410218 0.230000004 0 0 1
-0.234523874 -0.197755765 0.230000004 0 0 1
-0.187004037 -0.193286794 0.230000004 0 0 1
0.290976834 -0.164377698 0.230000004 0 0 1
0.164358759 -0.187484882 0.230000004 0 0 1
0.29967591 0.0495754104 0.230000004 0 0 1
0.238416833 -0.18636191 0.230000004 0 0 1
-0.283997072 0.153559358 0.230000004 0 0 1
0.284454962 0.199949857 0.230000004 0 0 1
-0.028308415 -0.191373715 0.230000004 0 0 1
0.285820091 0.15707924 0.230000004 0 0 1
0.153091885 -0.198111181 0.230000004 0 0 1
-0.247744959 -0.197510942 0.230000004 0 0 1
-0.247780762 0.194095997 0.230000004 0 0 1
-0.177126592 -0.183777853 0.230000004 0 0 1
0.081604429 0.192452219 0.230000004 0 0 1
0.185361671 -0.184441236 0.230000004 0 0 1
0.180129251 -0.184005891 0.230000004 0 0 1
0.168551999 -0.194770807 0.230000004 0 0 1
0.290464033 0.0882225923 0.230000004 0 0 1
-0.295328959 0.136096519 0.230000004 0 0 1
-0.295189252 0.0242640586 0.230000004 0 0 1
-0.23070073 -0.198254928 0.230000004 0 0 1
0.188478303 0.189251174 0.230000004 0 0 1
-0.13698675 -0.197612947 0.230000004 0 0 1
-0.28928087 0.173141241 0.230000004 0 0 1
-0.272480336 0.199487591 0.230000004 0 0 1
-0.260848379 -0.194913731 0.230000004 0 0 1
-0.284421659 0.0318297069 0.230000004 0 0 1
0.0394515942 -0.190877924 0.230000004 0 0 1
0.286100998 -0.129190213 0.230000004 0 0 1
0.29395691 0.0105353742 0.230000004 0 0 1
0.158190213 -0.194727608 0.230000004 0 0 1
0.285495416 0.0654769423 0.230000004 0 0 1
-0.132510178 -0.198833349 0.230000004 0 0 1
-0.103716626 -0.194946115 0.230000004 0 0 1
-0.285947705 0.0410387314 0.230000004 0 0 1
0.184002042 0.198300503 0.230000004 0 0 1
0.0243837414 -0.197330675 0.230000004 0 0 1
0.257663862 -0.19647848 0.230000004 0 0 1
0.291587401 -0.0742429375 0.230000004 0 0 1
-0.121954496 -0.195059864 0.230000004 0 0 1
0.277328803 0.193523869 0.230000004 0 0 1
0.180899025 0.187166109 0.230000004 0 0 1
-0.0814664179 -0.19996543 0.230000004 0 0 1
-0.216902505 -0.183637139 0.230000004 0 0 1
-0.153505032 0.187095151 0.230000004 0 0 1
0.0472045801 0.190665403 0.230000004 0 0 1
0.0966130163 0.187424709 0.230000004 0 0 1
-0.290903637 -0.1572591 0.230000004 0 0 1
0.285321648 0.0734637297 0.230000004 0 0 1
0.0173986418 0.191563216 0.230000004 0 0 1
0.118572405 0.188895206 0.230000004 0 0 1
0.134242022 0.195061616 0.230000004 0 0 1
0.298602915 0.101224123 0.230000004 0 0 1
-0.28442484 -0.145768755 0.230000004 0 0 1
0.252361392 -0.193897289 0.230000004 0 0 1
0.292376465 0.0591043027 0.230000004 0 0 1
0.134627994 0.195067198 0.230000004 0 0 1
0.286156727 -0.13088799 0.230000004 0 0 1
0.294832493 0.081973471 0.230000004 0 0 1
0.291936347 -0.107183709 0.230000004 0 0 1
0.291118941 -0.0190032077 0.230000004 0 0 1
-0.114337035 0.185014075 0.230000004 0 0 1
0.293434775 -0.163150839 0.230000004 0 0 1
-0.262242068 0.192825231 0.230000004 0 0 1
-0.291110361 -0.193003773 0.230000004 0 0 1
-0.274877145 -0.188986579 0.230000004 0 0 1
-0.164926632 0.183674008 0.230000004 0 0 1
0.295587691 0.140667214 0.230000004 0 0 1
-0.294376494 0.166608942 0.230000004 0 0 1
0.293311919 -0.122527475 0.230000004 0 0 1
-0.0744331819 0.198930226 0.230000004 0 0 1
0.285381643 0.0412402238 0.230000004 0 0 1
-0.288993904 -0.0169965475 0.230000004 0 0 1
-0.251388618 -0.199764589 0.230000004 0 0 1
-0.292107624 0.19497721 0.230000004 0 0 1
-0.284521951 0.19184841 0.230000004 0 0 1
-0.0639490343 0.188640971 0.230000004 0 0 1
-0.110840817 0.193553119 0.230000004 0 0 1
-0.289305882 0.106300085 0.230000004 0 0 1
0.241604038 0.199917276 0.230000004 0 0 1
-0.289921719 0.0923513685 0.230000004 0 0 1
0.283705022 0.0419494036 0.230000004 0 0 1
0.293304823 -0.106108939 0.230000004 0 0 1
-0.0910917853 0.194415253 0.230000004 0 0 1
0.171009413 -0.189293238 0.230000004 0 0 1
-0.292831255 0.0966428043 0.230000004 0 0 1
-0.29586028 0.0898322376 0.230000004 0 0 1
-0.14608412 -0.189387429 0.230000004 0 0 1
0.147616369 -0.19997934 0.230000004 0 0 1
0.288646029 0.103516122 0.230000004 0 0 1
-0.290102985 0.187839527 0.230000004 0 0 1
-0.129115613 -0.191639791 0.230000004 0 0 1
0.287669975 0.106103655 0.230000004 0 0 1
0.180111892 0.191543283 0.230000004 0 0 1
-0.105566806 0.190065468 0.230000004 0 0 1
0.293363679 -0.0523422433 0.230000004 0 0 1
0.0576173095 -0.190004769 0.230000004 0 0 1
-0.245209498 0.196408612 0.230000004 0 0 1
0.024609216 0.193946729 0.230000004 0 0 1
-0.28839864 -0.19083978 0.230000004 0 0 1
0.282078991 -0.187672957 0.230000004 0 0 1
0.291816527 -0.152088532 0.230000004 0 0 1
0.0680107288 -0.185652471 0.230000004 0 0 1
-0.267790217 0.190686466 0.230000004 0 0 1
0.279236292 0.19647106 0.230000004 0 0 1
0.290510431 0.0130140205 0.230000004 0 0 1
0.298421568 0.07371056 0.230000004 0 0 1
0.0791775967 -0.188572356 0.230000004 0 0 1
-0.291353847 -0.065391215 0.230000004 0 0 1
-0.199455339 0.193372457 0.230000004 0 0 1
-0.293290135 -0.00375833389 0.230000004 0 0 1
0.0775475277 -0.193127288 0.230000004 0 0 1
-0.188203666 0.196187123 0.230000004 0 0 1
0.0880919155 0.187259578 0.230000004 0 0 1
0.171440119 0.188506299 0.230000004 0 0 1
-0.28403521 -0.118532293 0.230000004 0 0 1
-0.0357156338 -0.193047663 0.230000004 0 0 1
0.173443581 0.198555617 0.230000004 0 0 1
0.286824582 -0.140006301 0.230000004 0 0 1
0.291793104 -0.0395494992 0.230000004 0 0 1
-0.283836402 0.113812835 0.230000004 0 0 1
0.294470709 -0.0596579991 0.230000004 0 0 1
0.0897696702 0.191470546 0.230000004 0 0 1
-0.100744928 -0.193700504 0.230000004 0 0 1
0.124668646 -0.195770598 0.230000004 0 0 1
0.18339281 -0.188716943 0.230000004 0 0 1
0.0892166598 -0.194078934 0.230000004 0 0 1
-0.180589182 0.187947687 0.230000004 0 0 1
-0.286328789 -0.031270338 0.230000004 0 0 1
0.293829434 0.046123975 0.230000004 0 0 1
-0.135464572 0.184105236 0.230000004 0 0 1
0.288126782 0.106450813 0.230000004 0 0 1
0.201441994 -0.198480687 0.230000004 0 0 1
0.221001896 0.190309109 0.230000004 0 0 1
0.0679133115 0.192411842 0.230000004 0 0 1
-0.299146021 0.0763576322 0.230000004 0 0 1
-0.194768053 -0.192827358 0.230000004 0 0 1
0.197204977 -0.184921277 0.230000004 0 0 1
-0.124291919 -0.199636091 0.230000004 0 0 1
0.20275617 -0.18563165 0.230000004 0 0 1
0.223164223 0.197328697 0.230000004 0 0 1
0.175420403 0.193168323 0.230000004 0 0 1
-0.0670613454 -0.189292606 0.230000004 0 0 1
-0.0702031018 0.197775277 0.230000004 0 0 1
-0.298606932 -0.00541883331 0.230000004 0 0 1
-0.157018141 -0.188713593 0.230000004 0 0 1
0.0835602553 0.196861036 0.230000004 0 0 1
0.0285420072 -0.183449647 0.230000004 0 0 1
-0.287175036 -0.195205592 0.230000004 0 0 1
-0.123517525 0.189090812 0.230000004 0 0 1
0.293449095 -0.0268955228 0.230000004 0 0 1
-0.294198272 -0.0341859526 0.230000004 0 0 1
-0.0537552354 0.18478951 0.230000004 0 0 1
-0.231085228 -0.186397663 0.230000004 0 0 1
-0.0947118766 0.198593121 0.230000004 0 0 1
-0.299183064 -0.0682061842 0.230000004 0 0 1
-0.254077909 0.193338161 0.230000004 0 0 1
-0.177133791 0.187435415 0.230000004 0 0 1
0.29568985 0.0305306613 0.230000004 0 0 1
-0.104233278 -0.190147306 0.230000004 0 0 1
0.0228119082 -0.193686687 0.230000004 0 0 1
-0.282253413 0.18339869 0.230000004 0 0 1
-0.292945637 0.137782725 0.230000004 0 0 1
-0.28851685 -0.168213674 0.230000004 0 0 1
0.0740496565 0.188565959 0.230000004 0 0 1
-0.283355309 -0.0125779953 0.230000004 0 0 1
-0.085476507 0.19216192 0.230000004 0 0 1
-0.119631194 -0.194353793 0.230000004 0 0 1
-0.286280686 0.020224248 0.230000004 0 0 1
0.285905969 -0.113216425 0.230000004 0 0 1
-0.288754932 -0.028722637 0.230000004 0 0 1
0.237760275 0.188728321 0.230000004 0 0 1
-0.297994335 0.148922794 0.230000004 0 0 1
-0.108942329 0.191691368 0.230000004 0 0 1
0.140612124 -0.190170652 0.230000004 0 0 1
0.289438047 -0.188831332 0.230000004 0 0 1
-0.0501420307 0.187383792 0.230000004 0 0 1
-0.29200359 0.0411375539 0.230000004 0 0 1
0.00814653983 0.18654098 0.230000004 0 0 1
0.187409548 0.199385416 0.230000004 0 0 1
0.290742789 0.126952747 0.230000004 0 0 1
0.112722981 0.191845844 0.230000004 0 0 1
0.069921522 -0.18314641 0.230000004 0 0 1
0.0393604236 0.191028097 0.230000004 0 0 1
-0.291957419 0.0641424693 0.230000004 0 0 1
0.102217699 -0.184536449 0.230000004 0 0 1
0.0287679345 -0.19483065 0.230000004 0 0 1
0.29861886 -0.018608822 0.230000004 0 0 1
0.256555461 0.185788614 0.230000004 0 0 1
-0.283002574 0.13978839 0.230000004 0 0 1
0.198651535 0.19312144 0.230000004 0 0 1
-0.290776171 -0.184471204 0.230000004 0 0 1
0.298161196 -0.0605279809 0.230000004 0 0 1
0.293589306 0.102072262 0.230000004 0 0 1
-0.132935429 0.191522217 0.230000004 0 0 1
-0.0800700377 -0.185432391 0.230000004 0 0 1
-0.285497636 -0.186975334 0.230000004 0 0 1
0.0572046193 0.192375481 0.230000004 0 0 1
0.00681399807 -0.186163073 0.230000004 0 0 1
0.290548348 -0.145942433 0.230000004 0 0 1
-0.268145789 0.192003913 0.230000004 0 0 1
0.28674797 -0.161965504 0.230000004 0 0 1
-0.172347088 -0.194318998 0.230000004 0 0 1
-0.0578149681 -0.199046552 0.230000004 0 0 1
0.147063893 0.19342463 0.230000004 0 0 1
-0.29086579 0.0739193281 0.230000004 0 0 1
-0.230345768 0.187837683 0.230000004 0 0 1
-0.202672249 0.195186957 0.230000004 0 0 1
-0.28877738 -0.166390013 0.230000004 0 0 1
-0.291380208 0.00416229857 0.230000004 0 0 1
0.0134630798 -0.18835415 0.230000004 0 0 1
-0.231777589 -0.195546153 0.230000004 0 0 1
0.295073855 0.120780582 0.230000004 0 0 1
0.299534862 -0.118948503 0.230000004 0 0 1
0.298240922 0.141366901 0.230000004 0 0 1
0.0286258191 -0.183709394 0.230000004 0 0 1
0.290031337 -0.0535580727 0.230000004 0 0 1
0.285876354 0.000115630953 0.230000004 0 0 1
-0.292592749 0.184863776 0.230000004 0 0 1
-0.0730788829 -0.186640027 0.230000004 0 0 1
0.236746767 0.199456488 0.230000004 0 0 1
0.289795467 -0.158588985 0.230000004 0 0 1
-0.0443564838 0.189860116 0.230000004 0 0 1
0.288610159 0.183895878 0.230000004 0 0 1
0.148585289 0.194734087 0.230000004 0 0 1
-0.292122624 0.0631040111 0.230000004 0 0 1
-0.296060233 0.0750941653 0.230000004 0 0 1
-0.0401786166 -0.197873657 0.230000004 0 0 1
0.0686258511 -0.187815061 0.230000004 0 0 1
0.17578149 -0.183932992 0.230000004 0 0 1
-0.234115324 0.193797075 0.230000004 0 0 1
0.284995813 0.0046705322 0.230000004 0 0 1
0.122923866 -0.194052481 0.230000004 0 0 1
-0.0031075398 -0.192646233 0.230000004 0 0 1
-0.216057278 0.185393604 0.230000004 0 0 1
0.297287859 0.184083889 0.230000004 0 0 1
-0.214165924 0.194288305 0.230000004 0 0 1
0.178063132 -0.185346114 0.230000004 0 0 1
-0.288177949 0.072800472 0.230000004 0 0 1
-0.120026753 -0.193702355 0.230000004 0 0 1
0.249226662 -0.196438097 0.230000004 0 0 1
0.29455551 0.0630396645 0.230000004 0 0 1
0.287667778 -0.191241707 0.230000004 0 0 1
0.293345295 0.0474099403 0.230000004 0 0 1
-0.202600088 0.184478427 0.230000004 0 0 1
0.285236317 0.0623278913 0.230000004 0 0 1
0.0820320004 0.196813624 0.230000004 0 0 1
-0.293312679 0.0875727679 0.230000004 0 0 1
0.26697764 -0.196432876 0.230000004 0 0 1
0.295315312 0.00599270024 0.230000004 0 0 1
0.292447695 0.061324855 0.230000004 0 0 1
0.0415121899 0.195570596 0.230000004 0 0 1
0.297511753 0.0634735778 0.230000004 0 0 1
-0.0405310317 -0.191771797 0.230000004 0 0 1
-0.294230854 0.167525388 0.230000004 0 0 1
0.295372863 -0.159411196 0.230000004 0 0 1
0.135320974 0.188540443 0.230000004 0 0 1
-0.211377118 0.190194841 0.230000004 0 0 1
-0.154551174 0.184122863 0.230000004 0 0 1
0.24771225 -0.184301263 0.230000004 0 0 1
-0.258793203 -0.195118434 0.230000004 0 0 1
0.299911825 0.11464136 0.230000004 0 0 1
-0.103061173 -0.186566889 0.230000004 0 0 1
0.291664685 0.179882029 0.230000004 0 0 1
-0.145912703 0.190834547 0.230000004 0 0 1
-0.299942267 0.142775834 0.230000004 0 0 1
0.175571975 -0.184852496 0.230000004 0 0 1
0.21569018 0.19778331 0.230000004 0 0 1
-0.0654861658 -0.199217158 0.230000004 0 0 1
0.189707713 -0.192712995 0.230000004 0 0 1
0.0884368345 0.191428189 0.230000004 0 0 1
-0.28695752 -0.184955796 0.230000004 0 0 1
0.298246101 -0.19548417 0.230000004 0 0 1
-0.163430424 -0.196512883 0.230000004 0 0 1
-0.20858072 -0.185096344 0.230000004 0 0 1
-0.287084074 -0.0991937539 0.230000004 0 0 1
-0.249218911 -0.192549717 0.230000004 0 0 1
0.284366481 0.083262335 0.230000004 0 0 1
0.235088373 -0.199868825 0.230000004 0 0 1
0.291523665 0.14010534 0.230000004 0 0 1
0.255544255 -0.186793354 0.230000004 0 0 1
-0.286527772 -0.0353661493 0.230000004 0 0 1
-0.0922684602 0.199592552 0.230000004 0 0 1
-0.285013049 -0.135661656 0.230000004 0 0 1
0.0828894761 0.195867058 0.230000004 0 0 1
-0.283885654 0.0260197377 0.230000004 0 0 1
0.00488714161 -0.197438797 0.230000004 0 0 1
0.285578446 0.0173387027 0.230000004 0 0 1
-0.0477882497 0.190346924 0.230000004 0 0 1
-0.0533156793 0.192748217 0.230000004 0 0 1
-0.286440471 -0.120146234 0.230000004 0 0 1
-0.287491487 -0.164294526 0.230000004 0 0 1
0.0141221884 -0.192446405 0.230000004 0 0 1
-0.289726517 -0.171585562 0.230000004 0 0 1
0.290020879 0.0607900231 0.230000004 0 0 1
0.283991614 -0.0910765 0.230000004 0 0 1
0.289710119 0.197454706 0.230000004 0 0 1
0.28794499 -0.0398994972 0.230000004 0 0 1
-0.293116771 -0.164965931 0.230000004 0 0 1
0.208655983 -0.192328292 0.230000004 0 0 1
0.196193769 -0.197689065 0.230000004 0 0 1
0.121589771 0.192067692 0.230000004 0 0 1
-0.297389918 0.177705648 0.230000004 0 0 1
-0.0195223657 0.184846429 0.230000004 0 0 1
-0.0239413091 0.190981194 0.230000004 0 0 1
-0.133649652 -0.188202196 0.230000004 0 0 1
-0.284496866 0.00965519495 0.230000004 0 0 1
0.141624906 -0.195262949 0.230000004 0 0 1
-0.115346421 -0.191341755 0.230000004 0 0 1
-0.295019196 -0.167556221 0.230000004 0 0 1
0.291012423 -0.182042904 0.230000004 0 0 1
0.288654725 0.18200101 0.230000004 0 0 1
-0.283225361 0.0161468142 0.230000004 0 0 1
-0.292675277 0.182688177 0.230000004 0 0 1
-0.0765495191 -0.184781606 0.230000004 0 0 1
-0.0830476339 -0.197427753 0.230000004 0 0 1
-0.107712015 -0.195599862 0.230000004 0 0 1
-0.0613558636 0.195727629 0.230000004 0 0 1
-0.0470122759 -0.196545144 0.230000004 0 0 1
0.297722269 0.0336174193 0.230000004 0 0 1
-0.198131924 -0.184713681 0.230000004 0 0 1
0.235320902 -0.187125845 0.230000004 0 0 1
-0.299095091 0.046385583 0.230000004 0 0 1
-0.161457661 0.194875708 0.230000004 0 0 1
0.160074211 -0.192989701 0.230000004 0 0 1
-0.0475434619 0.191845335 0.230000004 0 0 1
-0.121752118 0.192805695 0.230000004 0 0 1
0.18194706 -0.186698995 0.230000004 0 0 1
-0.283113838 0.127863466 0.230000004 0 0 1
-0.0736406632 0.192600791 0.230000004 0 0 1
0.209304548 -0.183197347 0.230000004 0 0 1
-0.25560629 -0.191344831 0.230000004 0 0 1
-0.176361154 -0.19648446 0.230000004 0 0 1
0.124436324 0.192731576 0.230000004 0 0 1
0.295388707 0.191856405 0.230000004 0 0 1
0.264533079 -0.194122044 0.230000004 0 0 1
-0.0830774151 -0.186458249 0.230000004 0 0 1
0.108325074 0.195815099 0.230000004 0 0 1
0.0816878723 0.188616112 0.230000004 0 0 1
0.0160772503 0.194663992 0.230000004 0 0 1
-0.207326571 -0.194445257 0.230000004 0 0 1
0.297796989 0.170763692 0.230000004 0 0 1
0.154925804 0.192086367 0.230000004 0 0 1
0.286328241 -0.0323052411 0.230000004 0 0 1
-0.250766048 -0.190527498 0.230000004 0 0 1
0.299850306 -0.0732578083 0.230000004 0 0 1
-0.282632922 -0.199371297 0.230000004 0 0 1
-0.238283071 0.183226679 0.230000004 0 0 1
0.285801863 -0.00115207655 0.230000004 0 0 1
0.292440141 -0.18819299 0.230000004 0 0 1
-0.294751212 -0.0332783038 0.230000004 0 0 1
0.220706649 -0.197125612 0.230000004 0 0 1
0.0740410828 -0.198543063 0.230000004 0 0 1
-0.216379986 -0.194229751 0.230000004 0 0 1
-0.0234793421 -0.191421869 0.230000004 0 0 1
-0.296201171 -0.112456462 0.230000004 0 0 1
-0.144912516 -0.190537017 0.230000004 0 0 1
0.138609589 0.187546599 0.230000004 0 0 1
-0.0392518606 0.198780165 0.230000004 0 0 1
-0.0828562197 -0.191125158 0.230000004 0 0 1
-0.291525103 0.120055357 0.230000004 0 0 1
-0.172315892 -0.186529702 0.230000004 0 0 1
0.289741571 0.110994234 0.230000004 0 0 1
-0.284578749 0.103941554 0.230000004 0 0 1
0.294342476 0.190954858 0.230000004 0 0 1
0.284187118 -0.164857305 0.230000004 0 0 1
0.0456579172 0.199975381 0.230000004 0 0 1
-0.284664879 -0.051163416 0.230000004 0 0 1
-0.291903201 0.0928630604 0.230000004 0 0 1
0.0704419514 -0.187156004 0.230000004 0 0 1
-0.292998275 -0.044914646 0.230000004 0 0 1
0.213293277 -0.186956417 0.230000004 0 0 1
-0.028346626 0.195359816 0.230000004 0 0 1
-0.0221400842 -0.196970031 0.230000004 0 0 1
-0.297840918 0.0649061769 0.230000004 0 0 1
0.295574133 -0.180192274 0.230000004 0 0 1
0.0251323221 -0.194646957 0.230000004 0 0 1
-0.242866304 -0.195984301 0.230000004 0 0 1
-0.225280337 -0.18773569 0.230000004 0 0 1
-0.293344898 -0.17214779 0.230000004 0 0 1
-0.0101664805 0.198963883 0.230000004 0 0 1
0.29829364 -0.0196771526 0.230000004 0 0 1
0.183107362 -0.192499298 0.230000004 0 0 1
-0.287259224 0.192686186 0.230000004 0 0 1
-0.289482239 -0.0182792465 0.230000004 0 0 1
-0.189489259 0.188027832 0.230000004 0 0 1
-0.288952601 0.0603665184 0.230000004 0 0 1
0.292830359 -0.18878578 0.230000004 0 0 1
-0.0880692124 -0.188108318 0.230000004 0 0 1
-0.296501739 0.0641526095 0.230000004 0 0 1
0.0442817053 0.183455329 0.230000004 0 0 1
0.287851818 0.100453226 0.230000004 0 0 1
-0.296197457 -0.0744099233 0.230000004 0 0 1
0.287608928 0.0661426266 0.230000004 0 0 1
0.0726971566 -0.194541076 0.230000004 0 0 1
0.0134348544 0.196206072 0.230000004 0 0 1
0.28484326 0.169452267 0.230000004 0 0 1
0.13995048 -0.193859146 0.230000004 0 0 1
-0.0566626972 0.197769549 0.230000004 0 0 1
0.178352372 -0.184342079 0.230000004 0 0 1
0.181044927 -0.183556854 0.230000004 0 0 1
0.184865928 0.19850084 0.230000004 0 0 1
-0.0768664466 -0.187029796 0.230000004 0 0 1
0.29796928 -0.0448531191 0.230000004 0 0 1
0.297387076 -0.121231451 0.230000004 0 0 1
0.294646209 0.0503385745 0.230000004 0 0 1
0.289622722 -0.0883642321 0.230000004 0 0 1
0.29306409 -0.0675007865 0.230000004 0 0 1
0.113685589 -0.194442459 0.230000004 0 0 1
0.2916627 -0.119392194 0.230000004 0 0 1
-0.232558126 0.198590448 0.230000004 0 0 1
-0.292571207 0.0207239878 0.230000004 0 0 1
0.105815958 0.198166308 0.230000004 0 0 1
-0.291656031 -0.084798304 0.230000004 0 0 1
-0.289785322 0.163496334 0.230000004 0 0 1
-0.286599314 -0.0565019364 0.230000004 0 0 1
-0.19531536 -0.187814877 0.230000004 0 0 1
-0.28908517 -0.137302907 0.230000004 0 0 1
0.0462846587 -0.195459759 0.230000004 0 0 1
-0.131590269 0.1984636 0.230000004 0 0 1
-0.250866199 0.197619069 0.230000004 0 0 1
-0.189115141 0.189788214 0.230000004 0 0 1
-0.0705864721 -0.194213571 0.230000004 0 0 1
-0.246863574 0.186733612 0.230000004 0 0 1
0.00537299996 0.185565642 0.230000004 0 0 1
0.119130828 -0.191923741 0.230000004 0 0 1
-0.299170661 0.163741345 0.230000004 0 0 1
0.19702317 0.193097504 0.230000004 0 0 1
0.00611024914 -0.18904816 0.230000004 0 0 1
-0.00566628877 0.19603031 0.230000004 0 0 1
0.127145427 0.183543814 0.230000004 0 0 1
0.294632638 -0.0788583971 0.230000004 0 0 1
0.299785692 -0.00385124534 0.230000004 0 0 1
0.288500181 -0.131009097 0.230000004 0 0 1
0.253384444 0.195624623 0.230000004 0 0 1
0.139057173 0.185768999 0.230000004 0 0 1
-0.283600954 0.121577141 0.230000004 0 0 1
-0.0285797957 -0.190289964 0.230000004 0 0 1
0.127164925 0.193705819 0.230000004 0 0 1
-0.283365597 0.149431197 0.230000004 0 0 1
-0.152625443 -0.189867181 0.230000004 0 0 1
-0.0803581418 0.190355611 0.230000004 0 0 1
-0.0154605577 0.196513177 0.230000004 0 0 1
-0.285108843 0.0827710965 0.230000004 0 0 1
0.289288376 0.0204406749 0.230000004 0 0 1
-0.179532258 -0.192665517 0.230000004 0 0 1
0.109535101 0.196797795 0.230000004 0 0 1
-0.0926832364 0.199792823 0.230000004 0 0 1
0.286549957 -0.0693760891 0.230000004 0 0 1
-0.284260412 0.0491697298 0.230000004 0 0 1
0.0713648861 -0.185511486 0.230000004 0 0 1
-0.29217206 0.158768678 0.230000004 0 0 1
-0.0286736114 0.186424666 0.230000004 0 0 1
0.284098841 -0.0922200022 0.230000004 0 0 1
0.284714836 0.185649068 0.230000004 0 0 1
-0.299089914 0.0521946614 0.230000004 0 0 1
-0.286629477 0.0645102742 0.230000004 0 0 1
-0.286199804 -0.00824382169 0.230000004 0 0 1
-0.159203093 -0.186174945 0.230000004 0 0 1
0.290376477 -0.0200723188 0.230000004 0 0 1
0.292807228 0.0114046834 0.230000004 0 0 1
0.160068288 -0.190434906 0.230000004 0 0 1
0.291572038 -0.156510362 0.230000004 0 0 1
-0.29635223 -0.11379602 0.230000004 0 0 1
0.286895504 0.00569016709 0.230000004 0 0 1
-0.267968823 -0.185858108 0.230000004 0 0 1
-0.29676916 0.134016898 0.230000004 0 0 1
-0.293735087 -0.0699079482 0.230000004 0 0 1
0.284877747 -0.0825318639 0.230000004 0 0 1
-0.294101657 0.031272381 0.230000004 0 0 1
0.287412242 0.0275711172 0.230000004 0 0 1
0.122897239 0.189986454 0.230000004 0 0 1
-0.105916857 0.197590513 0.230000004 0 0 1
0.273177178 0.193469379 0.230000004 0 0 1
-0.280793988 0.195949603 0.230000004 0 0 1
0.0472247016 -0.187279724 0.230000004 0 0 1
-0.266336795 0.195795654 0.230000004 0 0 1
0.25300421 0.186476886 0.230000004 0 0 1
0.286994356 0.0572598173 0.230000004 0 0 1
0.0206754027 0.197332652 0.230000004 0 0 1
0.200335157 -0.199657614 0.230000004 0 0 1
0.0261812973 0.194148312 0.230000004 0 0 1
-0.29456419 0.070966904 0.230000004 0 0 1
-0.284561459 0.145132142 0.230000004 0 0 1
-0.0726451012 -0.198885006 0.230000004 0 0 1
0.297157448 -0.0477978621 0.230000004 0 0 1
0.166591976 -0.189150558 0.230000004 0 0 1
0.149020176 0.188065645 0.230000004 0 0 1
0.209607759 -0.184720071 0.230000004 0 0 1
0.0544559579 0.184478925 0.230000004 0 0 1
0.287032797 -0.0263881137 0.230000004 0 0 1
-0.29205685 -0.0622008674 0.230000004 0 0 1
0.297009388 -0.0488431389 0.230000004 0 0 1
-0.291676093 0.186988415 0.230000004 0 0 1
0.284896403 -0.111258407 0.230000004 0 0 1
0.290494461 0.10048065 0.230000004 0 0 1
0.258614189 -0.191512727 0.230000004 0 0 1
-0.298575743 -0.0512169957 0.230000004 0 0 1
-0.0888427589 -0.196906162 0.230000004 0 0 1
0.290060347 0.162002364 0.230000004 0 0 1
-0.182356516 0.197355112 0.230000004 0 0 1
-0.0633831126 -0.198004482 0.230000004 0 0 1
-0.119887956 -0.189559653 0.230000004 0 0 1
-0.261810792 -0.190178151 0.230000004 0 0 1
0.112678706 0.188180928 0.230000004 0 0 1
0.28658912 0.091207493 0.230000004 0 0 1
-0.259587316 -0.190459704 0.230000004 0 0 1
-0.183460531 -0.19470335 0.230000004 0 0 1
0.032553194 -0.186073611 0.230000004 0 0 1
0.0983593711 0.199422578 0.230000004 0 0 1
-0.0906768715 0.19951207 0.230000004 0 0 1
-0.0587145399 -0.192866793 0.230000004 0 0 1
-0.193979529 0.197416131 0.230000004 0 0 1
-0.235972162 0.19455761 0.230000004 0 0 1
0.101635901 -0.185331005 0.230000004 0 0 1
0.289836826 -0.154842558 0.230000004 0 0 1
0.292790521 0.00190731854 0.230000004 0 0 1
-0.253461039 -0.19747328 0.230000004 0 0 1
0.289887641 -0.190094284 0.230000004 0 0 1
-0.254630592 0.198698107 0.230000004 0 0 1
-0.142360629 0.195263691 0.230000004 0 0 1
-0.25570168 -0.198687134 0.230000004 0 0 1
0.294847887 0.180614352 0.230000004 0 0 1
0.286613932 -0.147871894 0.230000004 0 0 1
0.294362726 0.0827871169 0.230000004 0 0 1
0.0214740696 0.193140319 0.230000004 0 0 1
0.290396348 -0.0490611695 0.230000004 0 0 1
-0.227206845 0.193045058 0.230000004 0 0 1
-0.0139098644 -0.187508402 0.230000004 0 0 1
-0.0323938698 -0.195360407 0.230000004 0 0 1
0.0077149145 0.187885714 0.230000004 0 0 1
0.0266380424 -0.198698265 0.230000004 0 0 1
-0.0145073341 -0.189731832 0.230000004 0 0 1
0.277433484 -0.195310715 0.230000004 0 0 1
0.0679538805 -0.19121239 0.230000004 0 0 1
-0.29634641 -0.00941894689 0.230000004 0 0 1
0.122927359 -0.185718495 0.230000004 0 0 1
0.176742356 -0.185661361 0.230000004 0 0 1
-0.001479485 0.194771556 0.230000004 0 0 1
0.0730178882 0.18985878 0.230000004 0 0 1
-0.289913999 0.0453529988 0.230000004 0 0 1
0.247919831 -0.191376123 0.230000004 0 0 1
0.0627319115 -0.18863538 0.230000004 0 0 1
0.127692449 0.190664082 0.230000004 0 0 1
-0.284674627 0.123144413 0.230000004 0 0 1
-0.135679014 -0.188532605 0.230000004 0 0 1
-0.0949452243 -0.19111495 0.230000004 0 0 1
-0.288530445 -0.146003652 0.230000004 0 0 1
0.299598447 -0.0552356552 0.230000004 0 0 1
-0.295362479 0.107161024 0.230000004 0 0 1
0.28622088 0.101004449 0.230000004 0 0 1
0.295213761 -0.145543632 0.230000004 0 0 1
-0.0981744664 0.198210996 0.230000004 0 0 1
0.290307138 0.0734670836 0.230000004 0 0 1
-0.271047116 -0.190486155 0.230000004 0 0 1
0.286230979 0.019779795 0.230000004 0 0 1
0.0207795101 -0.192619804 0.230000004 0 0 1
0.211865122 -0.187319885 0.230000004 0 0 1
-0.241861573 -0.198426547 0.230000004 0 0 1
-0.247748934 0.183855459 0.230000004 0 0 1
-0.295440482 0.0699968491 0.230000004 0 0 1
-0.296630572 -0.077824637 0.230000004 0 0 1
-0.120762744 0.194135895 0.230000004 0 0 1
-0.276791795 0.186695765 0.230000004 0 0 1
-0.284691796 -0.0307327993 0.230000004 0 0 1
0.294875349 0.103020714 0.230000004 0 0 1
-0.295120249 0.0914646733 0.230000004 0 0 1
-0.286373549 0.0231018526 0.230000004 0 0 1
0.0481147299 -0.190521305 0.230000004 0 0 1
0.291109687 0.0264774687 0.230000004 0 0 1
-0.267788089 -0.199675645 0.230000004 0 0 1
0.229398768 -0.195288053 0.230000004 0 0 1
0.170355865 0.187715104 0.230000004 0 0 1
0.0497861394 -0.199979934 0.230000004 0 0 1
0.200628638 -0.185678075 0.230000004 0 0 1
0.110756157 0.186465345 0.230000004 0 0 1
0.293628543 -0.0878518192 0.230000004 0 0 1
-0.292917383 -0.0974084643 0.230000004 0 0 1
-0.0919561266 -0.195785449 0.230000004 0 0 1
-0.288381401 -0.176583202 0.230000004 0 0 1
-0.172873257 -0.187124965 0.230000004 0 0 1
-0.289950265 0.0456985489 0.230000004 0 0 1
-0.292164524 -0.171965892 0.230000004 0 0 1
0.185919647 -0.19198109 0.230000004 0 0 1
0.29400447 -0.0168799531 0.230000004 0 0 1
0.27763005 0.191319331 0.230000004 0 0 1
-0.285997491 0.0981631816 0.230000004 0 0 1
-0.191762783 0.196759615 0.230000004 0 0 1
0.275343569 0.193492444 0.230000004 0 0 1
-0.292725386 -0.0315917835 0.230000004 0 0 1
0.123381121 0.188819274 0.230000004 0 0 1
-0.145036407 0.185449906 0.230000004 0 0 1
-0.28359397 0.00961749024 0.230000004 0 0 1
-0.298456573 -0.0107897545 0.230000004 0 0 1
0.04198255 -0.192152315 0.230000004 0 0 1
-0.293840223 -0.0121472489 0.230000004 0 0 1
0.251319492 0.199808408 0.230000004 0 0 1
0.29173707 -0.16402952 0.230000004 0 0 1
0.248928675 0.198860237 0.230000004 0 0 1
0.299225912 0.148813349 0.230000004 0 0 1
-0.121166619 0.192082696 0.230000004 0 0 1
-0.192375993 0.188419087 0.230000004 0 0 1
-0.297803457 0.0842842224 0.230000004 0 0 1
-0.137432892 -0.198032995 0.230000004 0 0 1
-0.286954346 -0.179827014 0.230000004 0 0 1
-0.219075963 -0.1937037 0.230000004 0 0 1
0.0272744389 -0.18360566 0.230000004 0 0 1
-0.298016531 -0.00639147776 0.230000004 0 0 1
0.287058858 0.0192218296 0.230000004 0 0 1
-0.134227341 0.191280167 0.230000004 0 0 1
0.109509465 0.183631887 0.230000004 0 0 1
-0.245940873 0.185155438 0.230000004 0 0 1
-0.143357577 0.198322635 0.230000004 0 0 1
-0.0417018743 -0.191214484 0.230000004 0 0 1
0.294701987 -0.0109733814 0.230000004 0 0 1
-0.119526176 0.186167242 0.230000004 0 0 1
0.294419474 0.0524286047 0.230000004 0 0 1
0.20035373 0.195252936 0.230000004 0 0 1
-0.0476180822 -0.195790435 0.230000004 0 0 1
-0.0554484859 0.193775763 0.230000004 0 0 1
-0.217571133 -0.18459703 0.230000004 0 0 1
-0.284911853 0.0240267149 0.230000004 0 0 1
0.0360326258 0.198760161 0.230000004 0 0 1
-0.0370875287 0.186179748 0.230000004 0 0 1
-0.29065319 0.0625341079 0.230000004 0 0 1
0.294052676 0.0248925176 0.230000004 0 0 1
0.292961056 0.173129465 0.230000004 0 0 1
0.29160965 -0.0305655965 0.230000004 0 0 1
0.193956601 0.198193865 0.230000004 0 0 1
-0.294258381 0.0380912047 0.230000004 0 0 1
0.294417108 0.0802799849 0.230000004 0 0 1
-0.0929424387 0.18678771 0.230000004 0 0 1
0.169887336 -0.192441038 0.230000004 0 0 1
0.223995561 0.189876172 0.230000004 0 0 1
-0.0327670235 0.19016773 0.230000004 0 0 1
0.23304636 -0.19368587 0.230000004 0 0 1
0.286616418 -0.14094823 0.230000004 0 0 1
0.298884421 0.134661716 0.230000004 0 0 1
-0.0672524573 0.18683521 0.230000004 0 0 1
-0.291797257 0.136608309 0.230000004 0 0 1
0.283575272 -0.122161183 0.230000004 0 0 1
0.107858855 0.187779134 0.230000004 0 0 1
-0.0440982601 -0.199309999 0.230000004 0 0 1
-0.285251876 -0.131090214 0.230000004 0 0 1
-0.294731498 0.150348366 0.230000004 0 0 1
-0.139146704 -0.189297759 0.230000004 0 0 1
0.29582442 0.139599576 0.230000004 0 0 1
-0.294756175 -0.120342345 0.230000004 0 0 1
0.196306821 -0.185524074 0.230000004 0 0 1
0.152076673 -0.191542735 0.230000004 0 0 1
0.294484036 0.104897158 0.230000004 0 0 1
-0.283749154 -0.0154059864 0.230000004 0 0 1
-0.144287602 -0.186487936 0.230000004 0 0 1
-0.293838076 -0.111207202 0.230000004 0 0 1
0.269104654 0.194422166 0.230000004 0 0 1
0.144791763 0.186966042 0.230000004 0 0 1
-0.287069924 -0.181528542 0.230000004 0 0 1
-0.0190093342 0.197449822 0.230000004 0 0 1
0.295752964 -0.0723972178 0.230000004 0 0 1
0.265356224 0.186115918 0.230000004 0 0 1
-0.292027346 -0.023901923 0.230000004 0 0 1
0.0089427935 -0.184760339 0.230000004 0 0 1
-0.0255464149 -0.192092048 0.230000004 0 0 1
-0.291710173 -0.151868652 0.230000004 0 0 1
-0.298783262 0.13023352 0.230000004 0 0 1
0.198529692 0.190900908 0.230000004 0 0 1
-0.244045208 -0.19006183 0.230000004 0 0 1
-0.224032029 0.195990644 0.230000004 0 0 1
-0.290249774 0.166472974 0.230000004 0 0 1
0.285471681 -0.0721541442 0.230000004 0 0 1
-0.27783862 0.185571784 0.230000004 0 0 1
-0.299051948 0.101125432 0.230000004 0 0 1
-0.0380301883 -0.189049092 0.230000004 0 0 1
-0.0347197575 0.185555109 0.230000004 0 0 1
-0.292942323 -0.157532694 0.230000004 0 0 1
-0.0782035587 0.185656409 0.230000004 0 0 1
-0.298806623 -0.0181004994 0.230000004 0 0 1
0.0340944238 -0.197672677 0.230000004 0 0 1
-0.248733316 -0.183828445 0.230000004 0 0 1
0.289641094 0.125143516 0.230000004 0 0 1
-0.0416218262 -0.196476935 0.230000004 0 0 1
-0.157427196 -0.192234179 0.230000004 0 0 1
0.0214801187 0.184990109 0.230000004 0 0 1
-0.293828881 0.108497076 0.230000004 0 0 1
0.138520773 0.183984479 0.230000004 0 0 1
-0.227268434 -0.190992707 0.230000004 0 0 1
-0.297477482 0.0987719268 0.230000004 0 0 1
-0.132604245 0.192064912 0.230000004 0 0 1
-0.115998542 -0.189039177 0.230000004 0 0 1
0.187728769 0.190731537 0.230000004 0 0 1
0.1229317 0.185257922 0.230000004 0 0 1
0.177477571 0.189225286 0.230000004 0 0 1
-0.176719966 -0.199195505 0.230000004 0 0 1
0.235796619 -0.196152053 0.230000004 0 0 1
-0.283164656 0.150054169 0.230000004 0 0 1
-0.0477399828 0.192802898 0.230000004 0 0 1
0.171163734 -0.184665922 0.230000004 0 0 1
-0.290438466 0.105866182 0.230000004 0 0 1
0.282291093 -0.189920515 0.230000004 0 0 1
0.106542615 -0.191681844 0.230000004 0 0 1
-0.253022063 0.19040381 0.230000004 0 0 1
0.293103786 -0.0753990859 0.230000004 0 0 1
0.292832674 0.173383145 0.230000004 0 0 1
-0.230661965 0.185057219 0.230000004 0 0 1
0.294500015 0.126456453 0.230000004 0 0 1
0.252993691 0.183144977 0.230000004 0 0 1
-0.288278223 -0.12524093 0.230000004 0 0 1
-0.0574897721 0.198564766 0.230000004 0 0 1
-0.292141636 -0.165069065 0.230000004 0 0 1
0.29693909 -0.0467539632 0.230000004 0 0 1
-0.233353678 -0.193721617 0.230000004 0 0 1
-0.290722357 0.0196094347 0.230000004 0 0 1
-0.0665182476 0.186350621 0.230000004 0 0 1
0.110961444 -0.185010148 0.230000004 0 0 1
-0.298462629 -0.154371332 0.230000004 0 0 1
-0.298841897 0.033583963 0.230000004 0 0 1
0.286634493 -0.142650921 0.230000004 0 0 1
-0.296929382 -0.125041051 0.230000004 0 0 1
0.28601845 0.0634374385 0.230000004 0 0 1
-0.288793328 0.144718876 0.230000004 0 0 1
0.298392037 0.152886687 0.230000004 0 0 1
-0.294620665 0.0311148962 0.230000004 0 0 1
0.289325303 0.057464712 0.230000004 0 0 1
0.292374619 -0.117949546 0.230000004 0 0 1
0.192634598 -0.183700994 0.230000004 0 0 1
-0.1211185 0.197097404 0.230000004 0 0 1
0.286589862 0.198990572 0.230000004 0 0 1
-0.287819326 -0.0733307666 0.230000004 0 0 1
0.297627376 0.0350888687 0.230000004 0 0 1
0.287809253 -0.151694697 0.230000004 0 0 1
0.110225178 -0.19942399 0.230000004 0 0 1
-0.0458256526 0.189876742 0.230000004 0 0 1
-0.0988582904 -0.197660737 0.230000004 0 0 1
0.283456189 -0.151943009 0.230000004 0 0 1
-0.299316212 -0.153462289 0.230000004 0 0 1
0.224084005 0.199401192 0.230000004 0 0 1
-0.287737812 -0.188877791 0.230000004 0 0 1
0.298781286 0.138518742 0.230000004 0 0 1
0.0473753967 -0.199833459 0.230000004 0 0 1
0.0517214232 -0.191202339 0.230000004 0 0 1
-0.292852808 -0.116380852 0.230000004 0 0 1
0.0215728418 -0.199781109 0.230000004 0 0 1
-0.276209774 -0.188544649 0.230000004 0 0 1
-0.0676087569 0.195035084 0.230000004 0 0 1
0.290951153 0.0943461291 0.230000004 0 0 1
0.0457530303 0.189736431 0.230000004 0 0 1
0.00146220264 -0.191819965 0.230000004 0 0 1
-0.298941848 0.122493026 0.230000004 0 0 1
0.294806741 -0.159576647 0.230000004 0 0 1
0.195199166 0.195381708 0.230000004 0 0 1
-0.00695600397 0.195929893 0.230000004 0 0 1
-0.056231223 0.185088416 0.230000004 0 0 1
-0.196860935 0.191541707 0.230000004 0 0 1
0.295711689 -0.0401797975 0.230000004 0 0 1
-0.292491987 -0.148607253 0.230000004 0 0 1
-0.0794466038 -0.191676355 0.230000004 0 0 1
0.294462971 0.0938892093 0.230000004 0 0 1
0.295885792 0.123111451 0.230000004 0 0 1
0.237359887 -0.185299471 0.230000004 0 0 1
0.120386031 -0.184369604 0.230000004 0 0 1
-0.166125093 -0.19239966 0.230000004 0 0 1
0.289907169 0.0806356606 0.230000004 0 0 1
-0.0489090315 0.183956846 0.230000004 0 0 1
0.298644624 -0.0883848432 0.230000004 0 0 1
0.28942831 -0.0204237004 0.230000004 0 0 1
0.245989218 0.185806919 0.230000004 0 0 1
0.175251659 -0.186193087 0.230000004 0 0 1
0.283329861 0.180818759 0.230000004 0 0 1
-0.296381389 -0.180436966 0.230000004 0 0 1
0.197645173 -0.188722316 0.230000004 0 0 1
-0.295091437 0.116840618 0.230000004 0 0 1
0.203659833 0.19908354 0.230000004 0 0 1
-0.291039687 0.126805056 0.230000004 0 0 1
0.296489751 0.0261449395 0.230000004 0 0 1
0.127649302 0.184767005 0.230000004 0 0 1
0.180064515 -0.193523069 0.230000004 0 0 1
-0.119342298 0.18680433 0.230000004 0 0 1
0.29516575 0.0488870456 0.230000004 0 0 1
0.273260019 0.190930361 0.230000004 0 0 1
0.152056052 -0.196217068 0.230000004 0 0 1
0.291186541 -0.169627647 0.230000004 0 0 1
-0.29519345 -0.0527934522 0.230000004 0 0 1
0.299964147 0.159758896 0.230000004 0 0 1
0.27280832 -0.19975644 0.230000004 0 0 1
-0.229347187 0.191834938 0.230000004 0 0 1
-0.299155534 -0.127416261 0.230000004 0 0 1
0.255373573 -0.186116705 0.230000004 0 0 1
0.293368958 -0.145394174 0.230000004 0 0 1
-0.224151025 0.190173906 0.230000004 0 0 1
0.160969698 0.19235552 0.230000004 0 0 1
-0.285761227 0.0782957318 0.230000004 0 0 1
0.102843779 -0.197810979 0.230000004 0 0 1
-0.215081554 -0.191472365 0.230000004 0 0 1
0.172407664 -0.197848259 0.230000004 0 0 1
-0.29580006 0.112013552 0.230000004 0 0 1
0.212026804 -0.19302582 0.230000004 0 0 1
0.0307179657 -0.197680084 0.230000004 0 0 1
0.297632499 -0.171760902 0.230000004 0 0 1
-0.296295109 0.182720672 0.230000004 0 0 1
0.0699770553 -0.18305521 0.230000004 0 0 1
0.286377876 -0.00311673743 0.230000004 0 0 1
-0.191085179 -0.186134148 0.230000004 0 0 1
0.0159131028 0.19504475 0.230000004 0 0 1
-0.290867683 -0.174322502 0.230000004 0 0 1
-0.215601933 -0.197956376 0.230000004 0 0 1
0.296589659 0.0985807615 0.230000004 0 0 1
-0.201114968 -0.187121543 0.230000004 0 0 1
0.0252521693 -0.18592417 0.230000004 0 0 1
0.295111423 -0.16057858 0.230000004 0 0 1
0.0162961837 -0.199914874 0.230000004 0 0 1
-0.291841624 0.00704463592 0.230000004 0 0 1
-0.131382725 0.194387135 0.230000004 0 0 1
0.0861721022 -0.189022653 0.230000004 0 0 1
0.287770551 -0.105440067 0.230000004 0 0 1
-0.297671481 -0.170339616 0.230000004 0 0 1
0.195400218 0.18341814 0.230000004 0 0 1
-0.226398529 0.194243594 0.230000004 0 0 1
-0.296367275 -0.164316646 0.230000004 0 0 1
0.284557913 -0.130711528 0.230000004 0 0 1
-0.262684338 -0.183548881 0.230000004 0 0 1
-0.295208756 -0.0575720474 0.230000004 0 0 1
-0.286119035 0.138037592 0.230000004 0 0 1
-0.0430189846 -0.18612927 0.230000004 0 0 1
0.174859228 0.184226672 0.230000004 0 0 1
-0.156079555 0.195402401 0.230000004 0 0 1
0.276911101 0.186689141 0.230000004 0 0 1
0.199147463 -0.187144961 0.230000004 0 0 1
-0.0894714178 -0.184859243 0.230000004 0 0 1
0.158472209 0.18438664 0.230000004 0 0 1
0.299205726 0.122063291 0.230000004 0 0 1
-0.205430127 -0.193565842 0.230000004 0 0 1
0.203719018 -0.188504277 0.230000004 0 0 1
0.24305437 0.19515687 0.230000004 0 0 1
0.299987171 -0.182083655 0.230000004 0 0 1
0.0700216744 -0.188499743 0.230000004 0 0 1
-0.297151255 -0.0659651132 0.230000004 0 0 1
0.0694807097 0.189378795 0.230000004 0 0 1
-0.0626930053 -0.197834233 0.230000004 0 0 1
0.287885657 0.0637454686 0.230000004 0 0 1
0.293352028 -0.188399491 0.230000004 0 0 1
0.181867863 0.193112582 0.230000004 0 0 1
-0.255690096 -0.191122241 0.230000004 0 0 1
-0.109410178 0.195855384 0.230000004 0 0 1
0.299276081 -0.148061224 0.230000004 0 0 1
0.297485949 -0.182419949 0.230000004 0 0 1
0.0521443061 -0.184661507 0.230000004 0 0 1
0.295735165 0.124345092 0.230000004 0 0 1
-0.287322134 0.0967457548 0.230000004 0 0 1
0.227967227 -0.187131801 0.230000004 0 0 1
0.100448217 -0.19248077 0.230000004 0 0 1
0.292024682 0.0430773985 0.230000004 0 0 1
0.296251347 -0.0891577097 0.230000004 0 0 1
-0.289339917 -0.190822093 0.230000004 0 0 1
0.0112850534 0.195754898 0.230000004 0 0 1
0.295291798 -0.0191962987 0.230000004 0 0 1
-0.13355262 0.197149943 0.230000004 0 0 1
0.0577245692 -0.195970461 0.230000004 0 0 1
-0.291884678 0.139197407 0.230000004 0 0 1
-0.204147105 0.185268299 0.230000004 0 0 1
-0.028869966 -0.186187265 0.230000004 0 0 1
0.290896221 0.170210387 0.230000004 0 0 1
-0.285550182 0.0443935197 0.230000004 0 0 1
-0.107799842 0.19995602 0.230000004 0 0 1
0.263989185 -0.184943956 0.230000004 0 0 1
0.124308003 0.19960949 0.230000004 0 0 1
-0.254848056 0.1901568 0.230000004 0 0 1
-0.106876308 -0.197356515 0.230000004 0 0 1
-0.244105513 0.194041612 0.230000004 0 0 1
-0.262763791 -0.198299759 0.230000004 0 0 1
0.191956628 0.183044291 0.230000004 0 0 1
-0.288623841 -0.00156761305 0.230000004 0 0 1
0.29886268 0.117315956 0.230000004 0 0 1
0.0336025338 0.190152288 0.230000004 0 0 1
-0.296505526 -0.11763367 0.230000004 0 0 1
0.24582316 -0.195821113 0.230000004 0 0 1
0.299322286 -0.130757589 0.230000004 0 0 1
-0.177805135 0.188282802 0.230000004 0 0 1
0.216921923 0.187826635 0.230000004 0 0 1
0.296783378 0.127953321 0.230000004 0 0 1
0.248442116 -0.19332479 0.230000004 0 0 1
-0.253977326 0.187106508 0.230000004 0 0 1
0.296075617 0.000386462214 0.230000004 0 0 1
0.157734196 -0.183535973 0.230000004 0 0 1
0.0824926159 -0.189787852 0.230000004 0 0 1
-0.197020754 -0.19506869 0.230000004 0 0 1
0.15281162 0.197298225 0.230000004 0 0 1
-0.171084412 0.187354042 0.230000004 0 0 1
-0.29140899 0.00296910604 0.230000004 0 0 1
-0.157734791 0.18611025 0.230000004 0 0 1
0.288936615 -0.0777582462 0.230000004 0 0 1
0.29560989 0.160921093 0.230000004 0 0 1
0.286034473 -0.136393037 0.230000004 0 0 1
-0.226563319 0.193640773 0.230000004 0 0 1
0.0323902687 0.184419215 0.230000004 0 0 1
-0.263019944 -0.199807616 0.230000004 0 0 1
0.0317147758 0.189983139 0.230000004 0 0 1
0.20621961 -0.183214997 0.230000004 0 0 1
0.289122976 -0.0111483924 0.230000004 0 0 1
0.285726296 -0.106588593 0.230000004 0 0 1
0.292812012 0.196119772 0.230000004 0 0 1
-0.286409226 0.0360023026 0.230000004 0 0 1
0.198333285 -0.199120298 0.230000004 0 0 1
0.0765736358 -0.197784205 0.230000004 0 0 1
0.157815349 0.197724452 0.230000004 0 0 1
-0.294486297 -0.100748913 0.230000004 0 0 1
-0.295456555 -0.125784696 0.230000004 0 0 1
-0.108233826 -0.184524329 0.230000004 0 0 1
0.299527124 -0.0831302359 0.230000004 0 0 1
0.297016642 0.107643488 0.230000004 0 0 1
-0.249367211 0.196297479 0.230000004 0 0 1
0.049442749 -0.190035217 0.230000004 0 0 1
0.0451769835 -0.188426559 0.230000004 0 0 1
0.263620753 -0.197040123 0.230000004 0 0 1
-0.268819553 0.187594365 0.230000004 0 0 1
-0.0728952168 0.197585646 0.230000004 0 0 1
0.0560423725 0.18644479 0.230000004 0 0 1
0.154530179 0.18780426 0.230000004 0 0 1
0.176818255 -0.1953146 0.230000004 0 0 1
-0.285486778 -0.185550435 0.230000004 0 0 1
-0.298224025 0.0650788782 0.230000004 0 0 1
-0.127647358 0.196601437 0.230000004 0 0 1
0.284621553 0.0116350355 0.230000004 0 0 1
0.128167181 0.193461219 0.230000004 0 0 1
0.287315272 0.092580037 0.230000004 0 0 1
0.0662843598 0.197317603 0.230000004 0 0 1
-0.227317155 -0.196354578 0.230000004 0 0 1
-0.258608876 0.193635307 0.230000004 0 0 1
0.18639041 -0.193691486 0.230000004 0 0 1
-0.0314689423 -0.194806273 0.230000004 0 0 1
-0.286087899 0.0623508205 0.230000004 0 0 1
0.286106666 0.0667822862 0.230000004 0 0 1
-0.184854306 -0.191744642 0.230000004 0 0 1
0.285683512 0.0635112386 0.230000004 0 0 1
0.298963491 0.155308459 0.230000004 0 0 1
0.0682650284 -0.193293557 0.230000004 0 0 1
-0.0427960852 -0.197878108 0.230000004 0 0 1
-0.0439386868 -0.193684673 0.230000004 0 0 1
0.0651995367 0.19545503 0.230000004 0 0 1
0.275323045 0.198356367 0.230000004 0 0 1
0.136514459 -0.196486007 0.230000004 0 0 1
-0.283331202 -0.195876729 0.230000004 0 0 1
-0.285422253 0.0939577488 0.230000004 0 0 1
0.289596294 0.0131853811 0.230000004 0 0 1
0.285499535 0.106037145 0.230000004 0 0 1
0.10208186 0.196909348 0.230000004 0 0 1
-0.299905549 0.041357692 0.230000004 0 0 1
-0.268055048 0.197553036 0.230000004 0 0 1
-0.294514407 -0.0745684348 0.230000004 0 0 1
0.047197372 -0.196939915 0.230000004 0 0 1
-0.253315291 0.188169968 0.230000004 0 0 1
0.283386363 0.0638336914 0.230000004 0 0 1
-0.0108175682 0.199108607 0.230000004 0 0 1
0.286719056 -0.189285412 0.230000004 0 0 1
0.295039608 0.00437095329 0.230000004 0 0 1
0.00663715586 -0.185277177 0.230000004 0 0 1
0.290666995 0.0276492738 0.230000004 0 0 1
0.29919022 -0.0605356732 0.230000004 0 0 1
-0.193914746 0.183945364 0.230000004 0 0 1
0.259406821 -0.185689706 0.230000004 0 0 1
-0.190194778 -0.191767195 0.230000004 0 0 1
-0.118009977 0.189470117 0.230000004 0 0 1
-0.0478958081 0.19485673 0.230000004 0 0 1
0.288988669 -0.0703805126 0.230000004 0 0 1
-0.295970758 0.124707495 0.230000004 0 0 1
-0.298208874 0.0478505375 0.230000004 0 0 1
0.234751735 -0.196192861 0.230000004 0 0 1
0.295166814 0.151832088 0.230000004 0 0 1
-0.268370452 -0.186262025 0.230000004 0 0 1
0.293499112 0.134606757 0.230000004 0 0 1
-0.258412029 -0.189693475 0.230000004 0 0 1
0.00880591348 0.186087329 0.230000004 0 0 1
0.285094559 -0.156763244 0.230000004 0 0 1
-0.16712027 -0.192242932 0.230000004 0 0 1
0.195836958 0.192562383 0.230000004 0 0 1
-0.170400843 -0.1926423 0.230000004 0 0 1
-0.210820838 0.192754247 0.230000004 0 0 1
-0.116122701 0.185030725 0.230000004 0 0 1
-0.27500678 0.199038408 0.230000004 0 0 1
-0.106117157 -0.193487006 0.230000004 0 0 1
0.241683911 0.190999733 0.230000004 0 0 1
-0.135419383 0.186398275 0.230000004 0 0 1
-0.284263534 0.157316684 0.230000004 0 0 1
0.118090803 0.194769892 0.230000004 0 0 1
0.193686471 0.193412258 0.230000004 0 0 1
0.0736881065 -0.183712023 0.230000004 0 0 1
0.249654676 -0.197608816 0.230000004 0 0 1
0.290993072 -0.0406101292 0.230000004 0 0 1
0.0853581665 -0.185164439 0.230000004 0 0 1
0.131575656 0.193195317 0.230000004 0 0 1
-0.0300865213 0.187492332 0.230000004 0 0 1
-0.288368607 -0.0171068244 0.230000004 0 0 1
0.0612231034 -0.193883466 0.230000004 0 0 1
-0.295257659 -0.0366453847 0.230000004 0 0 1
-0.286371906 -0.0310579484 0.230000004 0 0 1
-0.180992296 -0.184284002 0.230000004 0 0 1
0.291012899 -0.0397638985 0.230000004 0 0 1
-0.194277705 0.187993436 0.230000004 0 0 1
-0.223534226 -0.195292178 0.230000004 0 0 1
0.0885007835 -0.185497135 0.230000004 0 0 1
-0.26929371 0.199893118 0.230000004 0 0 1
-0.290329764 0.117188692 0.230000004 0 0 1
0.126352609 0.19652895 0.230000004 0 0 1
0.00543425047 0.188773864 0.230000004 0 0 1
-0.294993579 0.118817569 0.230000004 0 0 1
0.13957789 0.195252326 0.230000004 0 0 1
0.036783277 0.191984413 0.230000004 0 0 1
-0.285343258 -0.0851871698 0.230000004 0 0 1
-0.156996165 0.188848749 0.230000004 0 0 1
-0.298780679 -0.0981833995 0.230000004 0 0 1
0.298882912 -0.0833485168 0.230000004 0 0 1
-0.247581664 0.183686588 0.230000004 0 0 1
0.296420474 -0.161430264 0.230000004 0 0 1
0.299030157 0.0170681974 0.230000004 0 0 1
-0.0694431268 -0.194595245 0.230000004 0 0 1
0.152182181 -0.198424358 0.230000004 0 0 1
0.295983779 0.151051492 0.230000004 0 0 1
-0.289475555 0.112711617 0.230000004 0 0 1
0.249907927 0.192104591 0.230000004 0 0 1
0.299023877 -0.168523702 0.230000004 0 0 1
0.283368886 0.0296945923 0.230000004 0 0 1
0.0215673829 -0.194772011 0.230000004 0 0 1
-0.297140531 0.0382487748 0.230000004 0 0 1
0.0948859136 0.199430409 0.230000004 0 0 1
-0.048624066 0.191251497 0.230000004 0 0 1
-0.290699336 0.0959830864 0.230000004 0 0 1
-0.0635972026 -0.184717447 0.230000004 0 0 1
-0.0169278208 0.199018149 0.230000004 0 0 1
0.267478897 -0.189881366 0.230000004 0 0 1
0.286170851 -0.140886995 0.230000004 0 0 1
0.288613721 -0.179064766 0.230000004 0 0 1
-0.0617752503 -0.198614153 0.230000004 0 0 1
-0.13530928 0.187588945 0.230000004 0 0 1
0.143307926 -0.188062896 0.230000004 0 0 1
0.297294084 0.0907229007 0.230000004 0 0 1
0.240367655 0.189505153 0.230000004 0 0 1
0.153531662 0.188138324 0.230000004 0 0 1
-0.0990007248 -0.194691197 0.230000004 0 0 1
0.101758189 -0.198947683 0.230000004 0 0 1
0.00289259812 0.192971003 0.230000004 0 0 1
-0.16990856 0.188201024 0.230000004 0 0 1
0.0592534952 -0.194394731 0.230000004 0 0 1
0.269322627 0.192615305 0.230000004 0 0 1
0.29872424 0.138546036 0.230000004 0 0 1
-0.290129797 0.0778394455 0.230000004 0 0 1
0.184023026 0.186935534 0.230000004 0 0 1
0.277423971 -0.19175309 0.230000004 0 0 1
-0.283194437 -0.0390238458 0.230000004 0 0 1
-0.205793955 0.187820015 0.230000004 0 0 1
-0.287110985 -0.137693448 0.230000004 0 0 1
0.0126602857 0.192977178 0.230000004 0 0 1
-0.293860537 -0.0105845353 0.230000004 0 0 1
-0.296918493 -0.196929091 0.230000004 0 0 1
-0.294458844 0.18044049 0.230000004 0 0 1
-0.232197855 0.186483919 0.230000004 0 0 1
-0.136195805 0.183495749 0.230000004 0 0 1
0.126023929 0.195616952 0.230000004 0 0 1
-0.288316298 0.0417494045 0.230000004 0 0 1
-0.00736599825 -0.187536065 0.230000004 0 0 1
0.284481208 -0.197209839 0.230000004 0 0 1
-0.284648861 0.128496132 0.230000004 0 0 1
-0.0225703479 -0.194440407 0.230000004 0 0 1
-0.294538848 0.114688706 0.230000004 0 0 1
-0.297144368 0.179929684 0.230000004 0 0 1
-0.261424809 -0.195984533 0.230000004 0 0 1
0.283222386 -0.127775667 0.230000004 0 0 1
0.0995667301 -0.190709681 0.230000004 0 0 1
0.210563057 0.198900516 0.230000004 0 0 1
-0.297255609 -0.060496771 0.230000004 0 0 1
0.285204386 0.185258198 0.230000004 0 0 1
-0.160162992 0.183173827 0.230000004 0 0 1
0.267074014 -0.195429806 0.230000004 0 0 1
-0.294306689 0.0683141713 0.230000004 0 0 1
-0.0930824413 -0.199580979 0.230000004 0 0 1
0.151430566 -0.184834047 0.230000004 0 0 1
-0.228721095 0.186146669 0.230000004 0 0 1
0.236421529 -0.194614848 0.230000004 0 0 1
0.292195568 -0.0134856947 0.230000004 0 0 1
-0.275980335 0.194483356 0.230000004 0 0 1
0.155650363 -0.194899147 0.230000004 0 0 1
0.254925208 -0.190415593 0.230000004 0 0 1
0.202642066 -0.187165192 0.230000004 0 0 1
-0.197782233 -0.193203843 0.230000004 0 0 1
0.119339375 -0.183407334 0.230000004 0 0 1
0.000528037268 -0.188156722 0.230000004 0 0 1
0.0042164526 0.184581352 0.230000004 0 0 1
0.283678355 -0.0434597331 0.230000004 0 0 1
-0.00705525708 -0.192951258 0.230000004 0 0 1
-0.265576666 -0.198598828 0.230000004 0 0 1
0.20793406 -0.191760958 0.230000004 0 0 1
-0.285080261 0.0311521464 0.230000004 0 0 1
0.283323791 -0.0821021942 0.230000004 0 0 1
-0.271558704 0.198292118 0.230000004 0 0 1
0.226447258 -0.188690578 0.230000004 0 0 1
0.0292836718 0.195277235 0.230000004 0 0 1
-0.205906019 0.183772433 0.230000004 0 0 1
-0.0719410053 -0.185159454 0.230000004 0 0 1
-0.260395915 0.196998404 0.230000004 0 0 1
-0.114036845 -0.184101555 0.230000004 0 0 1
0.291498027 0.198417993 0.230000004 0 0 1
0.288789824 -0.139035957 0.230000004 0 0 1
-0.283475327 -0.0879250539 0.230000004 0 0 1
0.292351587 0.0237829305 0.230000004 0 0 1
-0.217214451 0.183365935 0.230000004 0 0 1
-0.283510371 0.133846671 0.230000004 0 0 1
0.295139388 0.00818080958 0.230000004 0 0 1
-0.220759577 0.196777105 0.230000004 0 0 1
-0.289169289 -0.000873126508 0.230000004 0 0 1
-0.188707029 -0.187123473 0.230000004 0 0 1
0.174810181 -0.190330608 0.230000004 0 0 1
0.294474612 0.0833665209 0.230000004 0 0 1
0.185307895 0.19458614 0.230000004 0 0 1
-0.293610379 -0.0146007527 0.230000004 0 0 1
-0.255364253 -0.187542776 0.230000004 0 0 1
0.0454536932 0.185638609 0.230000004 0 0 1
0.285630013 -0.043408789 0.230000004 0 0 1
-0.275451578 -0.191335736 0.230000004 0 0 1
-0.0728251519 0.18635385 0.230000004 0 0 1
0.151859677 -0.195626876 0.230000004 0 0 1
0.113966922 -0.198054261 0.230000004 0 0 1
0.289405188 -0.119676618 0.230000004 0 0 1
0.00869217669 0.186741837 0.230000004 0 0 1
0.297242378 0.121477557 0.230000004 0 0 1
-0.242722106 -0.185548041 0.230000004 0 0 1
-0.00733835699 -0.18835038 0.230000004 0 0 1
-0.167384156 -0.193859477 0.230000004 0 0 1
0.283959059 -0.00375918924 0.230000004 0 0 1
0.268131613 -0.186648003 0.230000004 0 0 1
0.283483334 -0.116636568 0.230000004 0 0 1
-0.262478361 -0.199733606 0.230000004 0 0 1
0.291642053 -0.168896249 0.230000004 0 0 1
0.0465093254 0.194928642 0.230000004 0 0 1
-0.284781637 0.163902026 0.230000004 0 0 1
-0.288594529 -0.186841222 0.230000004 0 0 1
-0.122680645 0.194337224 0.230000004 0 0 1
0.0300441082 0.187320121 0.230000004 0 0 1
-0.291858338 -0.0707357984 0.230000004 0 0 1
-0.0712924478 0.193734846 0.230000004 0 0 1
0.286228945 0.11942003 0.230000004 0 0 1
0.0793130368 -0.18637526 0.230000004 0 0 1
-0.294159973 -0.162513832 0.230000004 0 0 1
-0.293566788 -0.160336194 0.230000004 0 0 1
-0.287516984 0.11128865 0.230000004 0 0 1
-0.144118513 0.198686982 0.230000004 0 0 1
0.285610727 -0.149890842 0.230000004 0 0 1
-0.154610109 0.192538236 0.230000004 0 0 1
-0.292676881 0.0486384257 0.230000004 0 0 1
0.152999761 -0.19658934 0.230000004 0 0 1
0.288586887 0.0949925896 0.230000004 0 0 1
-0.290479948 -0.0936688103 0.230000004 0 0 1
0.0546605378 -0.198913956 0.230000004 0 0 1
0.269950075 -0.190895659 0.230000004 0 0 1
-0.00947271765 0.189266175 0.230000004 0 0 1
0.0799955432 -0.189052515 0.230000004 0 0 1
-0.290393096 0.171023978 0.230000004 0 0 1
0.297310176 0.131849602 0.230000004 0 0 1
0.00117612824 -0.196304295 0.230000004 0 0 1
-0.0438262899 0.195276133 0.230000004 0 0 1
0.0761876426 0.191572596 0.230000004 0 0 1
-0.286723663 0.147925361 0.230000004 0 0 1
-0.288742198 0.171272869 0.230000004 0 0 1
-0.296338355 0.0331393612 0.230000004 0 0 1
0.298249893 0.0703287987 0.230000004 0 0 1
-0.28863147 -0.0970119139 0.230000004 0 0 1
-0.290256257 -0.1418367 0.230000004 0 0 1
-0.172206208 -0.192334842 0.230000004 0 0 1
0.063745421 -0.188966756 0.230000004 0 0 1
0.104040787 0.197488202 0.230000004 0 0 1
0.125862668 -0.187337365 0.230000004 0 0 1
-0.0566014685 0.187800104 0.230000004 0 0 1
-0.291957202 0.099001456 0.230000004 0 0 1
-0.285544751 0.0799699066 0.230000004 0 0 1
-0.0430605873 0.186803838 0.230000004 0 0 1
0.296547344 -0.0216980083 0.230000004 0 0 1
-0.283272008 0.0985804665 0.230000004 0 0 1
0.288980853 -0.112035855 0.230000004 0 0 1
0.266795649 0.183357261 0.230000004 0 0 1
-0.225370918 0.187452675 0.230000004 0 0 1
-0.0750533935 -0.192003039 0.230000004 0 0 1
-0.288098941 0.104339137 0.230000004 0 0 1
-0.166652417 0.197875533 0.230000004 0 0 1
0.10461297 -0.194810696 0.230000004 0 0 1
-0.093072354 -0.19035978 0.230000004 0 0 1
-0.29518899 0.049359061 0.230000004 0 0 1
0.135465386 -0.187053708 0.230000004 0 0 1
0.062816204 0.18530322 0.230000004 0 0 1
-0.213267562 -0.192547727 0.230000004 0 0 1
-0.0345458186 -0.185870423 0.230000004 0 0 1
0.169165142 -0.198648634 0.230000004 0 0 1
-0.286740663 -0.031787692 0.230000004 0 0 1
0.0521072024 -0.193433714 0.230000004 0 0 1
-0.122164807 -0.184456207 0.230000004 0 0 1
0.288898685 -0.154041865 0.230000004 0 0 1
0.299532975 -0.175808294 0.230000004 0 0 1
-0.293028194 0.00804936819 0.230000004 0 0 1
-0.238261649 -0.188346644 0.230000004 0 0 1
-0.299436069 0.139239172 0.230000004 0 0 1
-0.178497796 -0.186500077 0.230000004 0 0 1
0.0981094849 0.189157457 0.230000004 0 0 1
-0.238269046 -0.185000735 0.230000004 0 0 1
-0.286108363 0.178861848 0.230000004 0 0 1
-0.0398314996 -0.186754305 0.230000004 0 0 1
-0.298908657 0.0536275043 0.230000004 0 0 1
0.0184066604 0.198065627 0.230000004 0 0 1
0.298638534 0.0849312454 0.230000004 0 0 1
0.294186658 -0.0660221918 0.230000004 0 0 1
-0.29035147 -0.0293932765 0.230000004 0 0 1
0.298689368 -0.192792255 0.230000004 0 0 1
-0.297405727 -0.0351049841 0.230000004 0 0 1
-0.29516165 -0.0711970558 0.230000004 0 0 1
0.0857774492 -0.188779035 0.230000004 0 0 1
-0.115013236 -0.196494922 0.230000004 0 0 1
0.23032731 0.184361792 0.230000004 0 0 1
0.28371624 -0.0961145481 0.230000004 0 0 1
0.296725182 0.188388706 0.230000004 0 0 1
-0.288412709 -0.00997371708 0.230000004 0 0 1
0.173369471 0.196386813 0.230000004 0 0 1
0.113266277 -0.195728905 0.230000004 0 0 1
-0.29997399 0.00395623067 0.230000004 0 0 1
0.158961471 0.196208075 0.230000004 0 0 1
0.144191812 0.194360222 0.230000004 0 0 1
-0.29753542 -0.103508444 0.230000004 0 0 1
0.0388296793 -0.189642458 0.230000004 0 0 1
-0.0315844378 -0.197072208 0.230000004 0 0 1
-0.0143493761 0.185918584 0.230000004 0 0 1
0.15412003 -0.192142597 0.230000004 0 0 1
-0.244530322 -0.19934427 0.230000004 0 0 1
-0.255291929 -0.186051287 0.230000004 0 0 1
-0.117385675 -0.193355053 0.230000004 0 0 1
0.201040825 0.198972683 0.230000004 0 0 1
-0.292983881 -0.142726606 0.230000004 0 0 1
-0.289449851 -0.155485276 0.230000004 0 0 1
-0.170819186 -0.195508212 0.230000004 0 0 1
0.100595063 -0.187802793 0.230000004 0 0 1
-0.285732038 0.0433157872 0.230000004 0 0 1
-0.271629982 -0.188185866 0.230000004 0 0 1
-0.294634682 -0.10713181 0.230000004 0 0 1
0.186389307 0.18314363 0.230000004 0 0 1
-0.297378729 0.139258644 0.230000004 0 0 1
-0.285573708 0.123236582 0.230000004 0 0 1
0.296471496 -0.0725606533 0.230000004 0 0 1
0.294808864 -0.029987388 0.230000004 0 0 1
0.289405136 0.0189480949 0.230000004 0 0 1
0.0156799629 -0.197878361 0.230000004 0 0 1
0.297727414 0.170095034 0.230000004 0 0 1
-0.129535258 -0.190709726 0.230000004 0 0 1
0.152661849 -0.195427134 0.230000004 0 0 1
-0.298253459 0.00916975754 0.230000004 0 0 1
0.0622592718 -0.187114465 0.230000004 0 0 1
-0.288595289 0.090336822 0.230000004 0 0 1
-0.211871816 -0.190570153 0.230000004 0 0 1
0.0227875818 0.184451271 0.230000004 0 0 1
-0.285634718 -0.0240910191 0.230000004 0 0 1
-0.291278369 -0.0566805275 0.230000004 0 0 1
0.124927892 -0.197015704 0.230000004 0 0 1
0.293172728 0.181090715 0.230000004 0 0 1
0.142522513 0.198620785 0.230000004 0 0 1
-0.290166975 0.126230239 0.230000004 0 0 1
0.267509487 0.185329412 0.230000004 0 0 1
0.269892248 0.186454142 0.230000004 0 0 1
0.291955954 0.138502214 0.230000004 0 0 1
0.045466578 -0.184665203 0.230000004 0 0 1
0.132284786 -0.195655494 0.230000004 0 0 1
-0.205289221 0.189806242 0.230000004 0 0 1
-0.285535422 -0.00565914685 0.230000004 0 0 1
0.283752854 0.00423221583 0.230000004 0 0 1
-0.28742565 0.0368238027 0.230000004 0 0 1
-0.0339012169 -0.195538666 0.230000004 0 0 1
-0.299362421 0.0093362831 0.230000004 0 0 1
-0.299047307 0.0485758299 0.230000004 0 0 1
0.287189719 -0.0687535917 0.230000004 0 0 1
0.218591875 -0.192041624 0.230000004 0 0 1
0.289479409 0.12579681 0.230000004 0 0 1
-0.12051452 0.185769128 0.230000004 0 0 1
-0.290901678 0.0080214291 0.230000004 0 0 1
-0.0692717519 0.18671692 0.230000004 0 0 1
0.288152992 0.108665993 0.230000004 0 0 1
-0.0855540398 0.195404547 0.230000004 0 0 1
0.044923963 0.198600422 0.230000004 0 0 1
0.223412418 0.196247612 0.230000004 0 0 1
-0.291149952 -0.00880028353 0.230000004 0 0 1
-0.133244442 -0.198597508 0.230000004 0 0 1
0.00803070668 0.19207238 0.230000004 0 0 1
-0.299030441 0.118603601 0.230000004 0 0 1
-0.212374934 -0.196751652 0.230000004 0 0 1
-0.0884564973 0.186275392 0.230000004 0 0 1
-0.297711621 -0.116717634 0.230000004 0 0 1
0.139054884 0.196480663 0.230000004 0 0 1
-0.122025684 0.193692276 0.230000004 0 0 1
-0.0521915029 -0.188638468 0.230000004 0 0 1
-0.0983988216 0.183221933 0.230000004 0 0 1
-0.297958222 -0.0839294916 0.230000004 0 0 1
0.297063494 -0.107470452 0.230000004 0 0 1
-0.119282014 0.197208485 0.230000004 0 0 1
-0.151396186 -0.185610956 0.230000004 0 0 1
-0.083275702 -0.18970204 0.230000004 0 0 1
-0.276680114 0.199460501 0.230000004 0 0 1
0.00123111264 0.18801446 0.230000004 0 0 1
0.0347162043 0.193504055 0.230000004 0 0 1
-0.098102551 0.194190688 0.230000004 0 0 1
0.0883461771 -0.186542095 0.230000004 0 0 1
0.089066036 -0.191927168 0.230000004 0 0 1
0.281230372 -0.186820398 0.230000004 0 0 1
-0.288597576 -0.177240454 0.230000004 0 0 1
0.102831166 -0.196654003 0.230000004 0 0 1
-0.193710756 -0.199894221 0.230000004 0 0 1
0.0976556834 0.196024679 0.230000004 0 0 1
-0.204475068 -0.187060557 0.230000004 0 0 1
-0.285742906 -0.124415855 0.230000004 0 0 1
-0.272381015 -0.18408961 0.230000004 0 0 1
0.175112718 0.196791917 0.230000004 0 0 1
0.260144843 0.192002055 0.230000004 0 0 1
0.207839577 0.184401892 0.230000004 0 0 1
0.290877642 -0.187145833 0.230000004 0 0 1
-0.295692555 0.184548047 0.230000004 0 0 1
-0.235476889 -0.18346714 0.230000004 0 0 1
-0.237519119 -0.18473893 0.230000004 0 0 1
0.226363208 0.185316434 0.230000004 0 0 1
-0.29316193 -0.182285395 0.230000004 0 0 1
0.294954484 0.1342102 0.230000004 0 0 1
0.199332445 0.191827902 0.230000004 0 0 1
-0.291089261 -0.18175348 0.230000004 0 0 1
0.143833522 0.198512687 0.230000004 0 0 1
0.0520189911 -0.196913267 0.230000004 0 0 1
-0.291406066 0.111356896 0.230000004 0 0 1
0.0062462974 0.191680077 0.230000004 0 0 1
-0.16043392 0.184270532 0.230000004 0 0 1
-0.291058951 -0.184166668 0.230000004 0 0 1
-0.175808409 -0.192777767 0.230000004 0 0 1
-0.28848288 0.119799243 0.230000004 0 0 1
0.298513877 0.00361535948 0.230000004 0 0 1
-0.11279643 -0.195844434 0.230000004 0 0 1
0.261519019 0.192254443 0.230000004 0 0 1
-0.297981411 0.0952896481 0.230000004 0 0 1
0.021475793 0.188801068 0.230000004 0 0 1
0.290626457 -0.0624354478 0.230000004 0 0 1
-0.29323407 -0.0754775438 0.230000004 0 0 1
-0.287738075 -0.0645867264 0.230000004 0 0 1
-0.0351005114 -0.197506984 0.230000004 0 0 1
0.254614309 0.193270242 0.230000004 0 0 1
-0.299214049 -0.10066662 0.230000004 0 0 1
0.290750723 -0.141162734 0.230000004 0 0 1
-0.287318665 0.0574241326 0.230000004 0 0 1
-0.292575398 -0.129531027 0.230000004 0 0 1
0.299119752 0.106321393 0.230000004 0 0 1
-0.0434814292 -0.184822363 0.230000004 0 0 1
0.17647446 0.190733215 0.230000004 0 0 1
-0.00696736347 -0.18491 0.230000004 0 0 1
0.29820978 0.157505779 0.230000004 0 0 1
-0.0627391698 0.198044887 0.230000004 0 0 1
0.288191105 -0.0921091527 0.230000004 0 0 1
0.287546223 0.0997252871 0.230000004 0 0 1
-0.293195085 0.137417672 0.230000004 0 0 1
-0.287528057 -0.11565035 0.230000004 0 0 1
-0.294781092 0.0436456862 0.230000004 0 0 1
0.135259676 0.186193022 0.230000004 0 0 1
0.285305387 0.0265701178 0.230000004 0 0 1
-0.116784228 -0.196834651 0.230000004 0 0 1
0.290244051 0.109231921 0.230000004 0 0 1
-0.156892511 0.193126756 0.230000004 0 0 1
-0.0541747899 -0.192664453 0.230000004 0 0 1
-0.292478141 -0.172401188 0.230000004 0 0 1
0.0460166571 -0.199623206 0.230000004 0 0 1
-0.299910712 0.0393927934 0.230000004 0 0 1
0.296598129 0.131226998 0.230000004 0 0 1
0.29158615 0.071295868 0.230000004 0 0 1
0.223215282 0.198987389 0.230000004 0 0 1
0.275235669 0.192065406 0.230000004 0 0 1
0.190928423 0.196387482 0.230000004 0 0 1
0.104054878 0.185733744 0.230000004 0 0 1
0.0370389111 -0.197618534 0.230000004 0 0 1
-0.0868011274 0.194406391 0.230000004 0 0 1
-0.284835178 0.0446245729 0.230000004 0 0 1
-0.00259259036 -0.189657457 0.230000004 0 0 1
0.098835802 -0.194311151 0.230000004 0 0 1
0.0434562707 0.197399801 0.230000004 0 0 1
0.291964253 0.135448685 0.230000004 0 0 1
0.192145168 0.198794158 0.230000004 0 0 1
-0.295639544 0.148706512 0.230000004 0 0 1
0.0811069688 -0.186797094 0.230000004 0 0 1
-0.126435543 -0.195659434 0.230000004 0 0 1
-0.283396802 -0.0424343971 0.230000004 0 0 1
0.250352864 0.191317413 0.230000004 0 0 1
-0.226501201 0.18683686 0.230000004 0 0 1
-0.116461584 -0.192538531 0.230000004 0 0 1
-0.0160961118 -0.199705739 0.230000004 0 0 1
-0.163047628 -0.188316842 0.230000004 0 0 1
0.0640132597 0.185263291 0.230000004 0 0 1
-0.220527078 0.193043864 0.230000004 0 0 1
0.276166618 -0.192141208 0.230000004 0 0 1
0.297884498 -0.108094781 0.230000004 0 0 1
-0.0459728666 -0.183542607 0.230000004 0 0 1
0.104706151 -0.199846617 0.230000004 0 0 1
-0.298323524 0.086240077 0.230000004 0 0 1
-0.250855029 -0.193588869 0.230000004 0 0 1
0.291347893 -0.131446639 0.230000004 0 0 1
0.292686347 0.00142064522 0.230000004 0 0 1
-0.290058159 0.00736680822 0.230000004 0 0 1
-0.272455971 -0.185153487 0.230000004 0 0 1
-0.234096743 -0.187152628 0.230000004 0 0 1
-0.284474488 0.0731712938 0.230000004 0 0 1
0.292864176 0.140840539 0.230000004 0 0 1
-0.296470125 0.10292749 0.230000004 0 0 1
0.250519715 -0.199053608 0.230000004 0 0 1
0.108112724 0.191981034 0.230000004 0 0 1
0.296502853 -0.134202849 0.230000004 0 0 1
0.159311737 0.190631956 0.230000004 0 0 1
0.204594527 -0.19254239 0.230000004 0 0 1
-0.114089209 0.185471051 0.230000004 0 0 1
0.164617604 0.197449563 0.230000004 0 0 1
-0.291074955 0.094380335 0.230000004 0 0 1
0.29879134 0.0460471986 0.230000004 0 0 1
-0.265838602 -0.191021215 0.230000004 0 0 1
0.111961433 -0.186843795 0.230000004 0 0 1
0.00315356156 0.19938245 0.230000004 0 0 1
0.246832614 0.186481752 0.230000004 0 0 1
0.267415072 -0.196925048 0.230000004 0 0 1
0.0207507849 0.18979667 0.230000004 0 0 1
-0.293807948 0.0259802921 0.230000004 0 0 1
-0.245264022 0.189371564 0.230000004 0 0 1
-0.298671646 0.192982048 0.230000004 0 0 1
-0.0781726975 -0.188737087 0.230000004 0 0 1
0.147867541 -0.193047731 0.230000004 0 0 1
-0.285940887 0.0493751788 0.230000004 0 0 1
-0.197386835 0.187621437 0.230000004 0 0 1
0.29908225 0.191279632 0.230000004 0 0 1
0.292282177 -0.197553274 0.230000004 0 0 1
0.223660228 -0.199789102 0.230000004 0 0 1
0.296909304 0.0691137474 0.230000004 0 0 1
0.298147255 -0.111920023 0.230000004 0 0 1
0.276595369 0.183421258 0.230000004 0 0 1
-0.15961614 -0.184047705 0.230000004 0 0 1
0.2845628 0.139596153 0.230000004 0 0 1
0.288468586 0.189295565 0.230000004 0 0 1
-0.00508190699 -0.185601862 0.230000004 0 0 1
0.145569651 -0.199492758 0.230000004 0 0 1
-0.0817454764 -0.186075031 0.230000004 0 0 1
-0.00869302928 -0.18463539 0.230000004 0 0 1
-0.285950258 -0.173901483 0.230000004 0 0 1
-0.243686515 -0.193400814 0.230000004 0 0 1
-0.27731539 0.190068242 0.230000004 0 0 1
0.031108691 0.192528122 0.230000004 0 0 1
-0.233749439 0.198144626 0.230000004 0 0 1
-0.219935126 -0.197873258 0.230000004 0 0 1
0.116480748 0.190801719 0.230000004 0 0 1
0.291933806 0.191080401 0.230000004 0 0 1
0.0173223809 0.199704979 0.230000004 0 0 1
-0.2831068 0.0492102571 0.230000004 0 0 1
0.273810122 0.191904835 0.230000004 0 0 1
0.159770921 0.194091308 0.230000004 0 0 1
0.0651940331 -0.196474348 0.230000004 0 0 1
-0.0739987375 0.187184703 0.230000004 0 0 1
0.284930853 -0.126056893 0.230000004 0 0 1
-0.0788150048 -0.195435673 0.230000004 0 0 1
0.291496772 -0.182021526 0.230000004 0 0 1
0.290483309 -0.157276427 0.230000004 0 0 1
0.299743289 -0.0410884519 0.230000004 0 0 1
0.296779966 -0.0201368177 0.230000004 0 0 1
0.00356919666 0.191025533 0.230000004 0 0 1
-0.29686345 -0.027001457 0.230000004 0 0 1
0.294444609 0.0634006415 0.230000004 0 0 1
-0.288634604 -0.0964310249 0.230000004 0 0 1
0.185754168 0.187696098 0.230000004 0 0 1
-0.285482145 0.0665279046 0.230000004 0 0 1
0.208066732 0.187729416 0.230000004 0 0 1
-0.259091949 0.199533312 0.230000004 0 0 1
0.163248835 0.192157638 0.230000004 0 0 1
0.180739549 -0.194402033 0.230000004 0 0 1
0.22841618 -0.199715278 0.230000004 0 0 1
-0.295876785 0.102563482 0.230000004 0 0 1
-0.117754214 0.190104207 0.230000004 0 0 1
0.0703953989 0.197484615 0.230000004 0 0 1
-0.107990711 0.196023579 0.230000004 0 0 1
0.0661331768 0.199730424 0.230000004 0 0 1
0.292954712 -0.0372483282 0.230000004 0 0 1
0.155067235 0.192364686 0.230000004 0 0 1
0.0734251602 -0.186800452 0.230000004 0 0 1
0.0827086856 0.197498186 0.230000004 0 0 1
0.297574322 -0.086836003 0.230000004 0 0 1
-0.287113485 0.0843952844 0.230000004 0 0 1
0.080710242 0.193731627 0.230000004 0 0 1
0.25249084 0.198256977 0.230000004 0 0 1
0.292990416 0.117814997 0.230000004 0 0 1
0.21651564 0.185367498 0.230000004 0 0 1
0.0655533609 0.184377001 0.230000004 0 0 1
-0.290787175 0.067911225 0.230000004 0 0 1
0.12070073 0.192349436 0.230000004 0 0 1
0.088598436 -0.194 0.230000004 0 0 1
0.28460659 0.147146503 0.230000004 0 0 1
-0.00802740299 -0.195328381 0.230000004 0 0 1
0.252313775 -0.185329368 0.230000004 0 0 1
-0.284298296 0.167006465 0.230000004 0 0 1
-0.0962480243 -0.197851621 0.230000004 0 0 1
-0.296177124 0.104063794 0.230000004 0 0 1
-0.238656168 0.18693326 0.230000004 0 0 1
0.294939911 -0.166970754 0.230000004 0 0 1
0.143174435 -0.19229545 0.230000004 0 0 1
0.28736324 0.183469698 0.230000004 0 0 1
-0.287936845 0.049438405 0.230000004 0 0 1
0.0224146362 0.198202834 0.230000004 0 0 1
0.284377864 0.125344409 0.230000004 0 0 1
0.291849628 -0.0652755314 0.230000004 0 0 1
0.151127492 0.185239024 0.230000004 0 0 1
-0.160722877 -0.184515305 0.230000004 0 0 1
-0.284345684 0.0707022106 0.230000004 0 0 1
-0.242568222 -0.184380769 0.230000004 0 0 1
0.0834137788 0.199031426 0.230000004 0 0 1
-0.288997968 -0.13197328 0.230000004 0 0 1
-0.291053358 0.0894820525 0.230000004 0 0 1
0.15512478 -0.197217073 0.230000004 0 0 1
-0.129140985 0.183637551 0.230000004 0 0 1
0.284494102 -0.0841511071 0.230000004 0 0 1
-0.285190801 0.173693974 0.230000004 0 0 1
0.293865989 -0.101612367 0.230000004 0 0 1
-0.284675569 -0.0403890317 0.230000004 0 0 1
0.285299923 0.00593213797 0.230000004 0 0 1
-0.0426223514 -0.195924966 0.230000004 0 0 1
0.0930670634 -0.1853672 0.230000004 0 0 1
-0.191858057 0.197013522 0.230000004 0 0 1
0.296157882 -0.154575613 0.230000004 0 0 1
-0.288647301 0.0368664321 0.230000004 0 0 1
0.283835583 0.179826181 0.230000004 0 0 1
0.2830454 -0.180761939 0.230000004 0 0 1
-0.118532082 0.185917035 0.230000004 0 0 1
0.264509766 -0.192613669 0.230000004 0 0 1
0.29053381 0.045303539 0.230000004 0 0 1
-0.199148107 -0.19301561 0.230000004 0 0 1
-0.298761676 0.178859502 0.230000004 0 0 1
-0.0189415489 0.194409143 0.230000004 0 0 1
0.0902980836 -0.187916647 0.230000004 0 0 1
-0.145914545 0.198881579 0.230000004 0 0 1
-0.289133038 0.0903868787 0.230000004 0 0 1
0.285463298 -0.102355153 0.230000004 0 0 1
-0.288229166 -0.0160566138 0.230000004 0 0 1
-0.285324095 -0.121453374 0.230000004 0 0 1
-0.285574964 0.157618472 0.230000004 0 0 1
0.016182926 -0.195480616 0.230000004 0 0 1
-0.289607 0.135225597 0.230000004 0 0 1
0.0294304389 -0.186251273 0.230000004 0 0 1
0.295664218 0.0509097197 0.230000004 0 0 1
0.298272156 0.12035561 0.230000004 0 0 1
-0.0702788551 0.197059396 0.230000004 0 0 1
-0.110806321 0.198233785 0.230000004 0 0 1
-0.22929052 0.18862177 0.230000004 0 0 1
0.0455350849 -0.189324349 0.230000004 0 0 1
0.296157331 0.0197548724 0.230000004 0 0 1
-0.129626703 0.189699146 0.230000004 0 0 1
-0.299921467 0.111604499 0.230000004 0 0 1
0.183206475 0.18841455 0.230000004 0 0 1
-0.265958128 -0.193590542 0.230000004 0 0 1
-0.15149643 -0.194388148 0.230000004 0 0 1
-0.0579448274 -0.185253357 0.230000004 0 0 1
-0.175824004 -0.184356261 0.230000004 0 0 1
-0.285621652 -0.187640955 0.230000004 0 0 1
-0.2657634 0.197021844 0.230000004 0 0 1
-0.184841426 0.191603235 0.230000004 0 0 1
-0.0611130039 -0.183587113 0.230000004 0 0 1
0.0945902047 0.197672101 0.230000004 0 0 1
0.101582798 -0.186987956 0.230000004 0 0 1
0.0158235163 -0.195971665 0.230000004 0 0 1
0.29333979 0.122697192 0.230000004 0 0 1
0.0254612798 0.198974694 0.230000004 0 0 1
-0.283064548 -0.16631034 0.230000004 0 0 1
-0.283485375 -0.0619138369 0.230000004 0 0 1
-0.298684966 0.0588188637 0.230000004 0 0 1
-0.148930621 0.199213521 0.230000004 0 0 1
0.299559442 -0.0884743716 0.230000004 0 0 1
-0.162955435 0.187835651 0.230000004 0 0 1
-0.29711307 -0.0576953597 0.230000004 0 0 1
0.183375316 0.192697398 0.230000004 0 0 1
-0.061346139 0.191602134 0.230000004 0 0 1
0.283198364 -0.061423073 0.230000004 0 0 1
-0.284961034 0.155214501 0.230000004 0 0 1
0.266082568 -0.191638517 0.230000004 0 0 1
-0.120095826 0.185919674 0.230000004 0 0 1
-0.174020047 0.19242958 0.230000004 0 0 1
-0.0860778036 0.195231308 0.230000004 0 0 1
0.250966734 0.195308854 0.230000004 0 0 1
0.180588975 -0.188251429 0.230000004 0 0 1
-0.160773716 -0.196703139 0.230000004 0 0 1
-0.167622427 0.192171926 0.230000004 0 0 1
-0.299880908 0.054761004 0.230000004 0 0 1
-0.291088572 0.19273006 0.230000004 0 0 1
-0.0098215684 0.192213417 0.230000004 0 0 1
0.0755226398 0.195647221 0.230000004 0 0 1
0.285168312 0.131793912 0.230000004 0 0 1
-0.128802231 0.186043075 0.230000004 0 0 1
-0.0458662906 0.197384754 0.230000004 0 0 1
0.288606383 -0.172140064 0.230000004 0 0 1
-0.0477396563 -0.197485337 0.230000004 0 0 1
-0.298808648 0.0961981562 0.230000004 0 0 1
0.294912246 -0.135255205 0.230000004 0 0 1
0.296000416 -0.109030621 0.230000004 0 0 1
0.284791193 -0.0708576256 0.230000004 0 0 1
0.0188774876 -0.189775734 0.230000004 0 0 1
0.0282453541 0.185489322 0.230000004 0 0 1
0.292926961 0.102221149 0.230000004 0 0 1
0.288511645 0.0725519975 0.230000004 0 0 1
0.0617434284 -0.190552055 0.230000004 0 0 1
0.285187338 0.0765956803 0.230000004 0 0 1
-0.295770727 -0.162032435 0.230000004 0 0 1
0.0573086956 0.189391538 0.230000004 0 0 1
0.293817937 0.129732986 0.230000004 0 0 1
0.0937952403 0.189028769 0.230000004 0 0 1
0.289819252 0.0182037613 0.230000004 0 0 1
0.2985836 -0.0252819103 0.230000004 0 0 1
0.243653163 -0.19267622 0.230000004 0 0 1
0.295100369 -0.048889385 0.230000004 0 0 1
-0.158278067 0.191326802 0.230000004 0 0 1
-0.220477201 -0.198987498 0.230000004 0 0 1
0.133705293 -0.188636122 0.230000004 0 0 1
0.262896755 0.191737588 0.230000004 0 0 1
-0.106330141 0.189638314 0.230000004 0 0 1
-0.284822516 -0.0137429604 0.230000004 0 0 1
0.217132193 0.19535877 0.230000004 0 0 1
-0.241903442 -0.19759629 0.230000004 0 0 1
-0.0424666197 -0.186359974 0.230000004 0 0 1
-0.0114549207 0.196255359 0.230000004 0 0 1
0.0955119333 -0.196102885 0.230000004 0 0 1
0.197195982 0.185685094 0.230000004 0 0 1
0.298849617 -0.109480355 0.230000004 0 0 1
-0.118632375 -0.192054314 0.230000004 0 0 1
0.285186834 0.0138882181 0.230000004 0 0 1
-0.291076762 -0.106408722 0.230000004 0 0 1
-0.283876888 0.185983385 0.230000004 0 0 1
0.0184747811 -0.199925827 0.230000004 0 0 1
0.162969514 -0.189566216 0.230000004 0 0 1
0.0965450447 -0.193029455 0.230000004 0 0 1
-0.136599495 0.185833038 0.230000004 0 0 1
0.0426494128 0.195684249 0.230000004 0 0 1
0.254097375 -0.196154365 0.230000004 0 0 1
-0.294742297 0.165414113 0.230000004 0 0 1
0.115028013 0.190920054 0.230000004 0 0 1
-0.295392092 -0.013939543 0.230000004 0 0 1
0.283372469 -0.0570124893 0.230000004 0 0 1
0.0016351628 0.186675679 0.230000004 0 0 1
0.154711745 -0.196339178 0.230000004 0 0 1
0.115201143 -0.185287236 0.230000004 0 0 1
-0.104001636 -0.190079528 0.230000004 0 0 1
-0.0793042804 -0.193340462 0.230000004 0 0 1
0.0386983927 -0.192291112 0.230000004 0 0 1
0.296119246 -0.0591926637 0.230000004 0 0 1
-0.232261974 -0.193185474 0.230000004 0 0 1
-0.29862176 -0.0122611526 0.230000004 0 0 1
-0.286136874 0.164338161 0.230000004 0 0 1
-0.139410141 0.19436044 0.230000004 0 0 1
-0.117384035 0.185675452 0.230000004 0 0 1
0.289359413 0.13987647 0.230000004 0 0 1
0.267967761 -0.189495698 0.230000004 0 0 1
-0.293957873 0.132086849 0.230000004 0 0 1
0.0221553397 -0.195523513 0.230000004 0 0 1
0.0195346304 0.198929471 0.230000004 0 0 1
0.0691419374 -0.196595333 0.230000004 0 0 1
0.0964660754 0.194236275 0.230000004 0 0 1
-0.29577714 -0.158994517 0.230000004 0 0 1
-0.0197122724 -0.189835011 0.230000004 0 0 1
0.294570479 -0.00133690305 0.230000004 0 0 1
-0.222115298 -0.195044896 0.230000004 0 0 1
0.283712789 0.1870126 0.230000004 0 0 1
0.286968711 -0.024181424 0.230000004 0 0 1
0.00801767293 -0.185745757 0.230000004 0 0 1
-0.0633499731 0.183148605 0.230000004 0 0 1
-0.0512764721 0.193775003 0.230000004 0 0 1
-0.221895746 -0.189983891 0.230000004 0 0 1
-0.0856483786 0.183330122 0.230000004 0 0 1
0.28850242 -0.127668309 0.230000004 0 0 1
-0.0644156135 -0.195735221 0.230000004 0 0 1
0.19437906 -0.195069736 0.230000004 0 0 1
0.0740188466 0.185631473 0.230000004 0 0 1
-0.108575045 0.188646445 0.230000004 0 0 1
-0.28768212 0.0305077516 0.230000004 0 0 1
0.291150584 -0.04990925 0.230000004 0 0 1
0.142203754 -0.183181184 0.230000004 0 0 1
0.263814554 -0.196335623 0.230000004 0 0 1
-0.125337411 -0.199873563 0.230000004 0 0 1
0.00746245238 0.183508768 0.230000004 0 0 1
-0.288619922 -0.0972473912 0.230000004 0 0 1
0.280799358 0.193096743 0.230000004 0 0 1
-0.179999488 0.189472575 0.230000004 0 0 1
0.27221382 -0.192249379 0.230000004 0 0 1
0.283560322 -0.00863653497 0.230000004 0 0 1
0.163255524 0.183015188 0.230000004 0 0 1
-0.173654414 0.190682079 0.230000004 0 0 1
-0.0507422943 -0.184403877 0.230000004 0 0 1
-0.166724209 0.19377258 0.230000004 0 0 1
-0.137485721 0.192199358 0.230000004 0 0 1
-0.107156014 0.196348892 0.230000004 0 0 1
0.294480616 0.0967847431 0.230000004 0 0 1
0.296012425 -0.177721959 0.230000004 0 0 1
0.0239471183 0.185504707 0.230000004 0 0 1
0.168329689 0.196090126 0.230000004 0 0 1
0.293341735 0.185084166 0.230000004 0 0 1
-0.287895493 0.0455280949 0.230000004 0 0 1
-0.292573972 -0.0317484878 0.230000004 0 0 1
0.268817901 -0.192616837 0.230000004 0 0 1
0.103648112 -0.188648651 0.230000004 0 0 1
0.157763718 -0.19038398 0.230000004 0 0 1
-0.289896138 0.0317417459 0.230000004 0 0 1
0.0611743517 0.18878551 0.230000004 0 0 1
0.208504143 -0.189204774 0.230000004 0 0 1
0.284161909 -0.0350411635 0.230000004 0 0 1
-0.132574839 -0.190106426 0.230000004 0 0 1
-0.22761397 -0.183824204 0.230000004 0 0 1
0.294337186 0.10119185 0.230000004 0 0 1
-0.111481929 0.189039048 0.230000004 0 0 1
0.068161072 -0.191409152 0.230000004 0 0 1
-0.208124642 0.19060755 0.230000004 0 0 1
-0.297121785 -0.171237531 0.230000004 0 0 1
-0.237693 -0.19517948 0.230000004 0 0 1
0.237174453 0.198310552 0.230000004 0 0 1
-0.143173041 -0.189784859 0.230000004 0 0 1
0.0259396789 0.183169171 0.230000004 0 0 1
0.170399046 0.194317921 0.230000004 0 0 1
0.0140490059 -0.198943307 0.230000004 0 0 1
0.299050931 -0.00284658195 0.230000004 0 0 1
-0.299297598 -0.166693305 0.230000004 0 0 1
0.0614895857 0.19648997 0.230000004 0 0 1
-0.291660938 -0.1605628 0.230000004 0 0 1
0.257668808 -0.199582883 0.230000004 0 0 1
-0.209470962 0.189067936 0.230000004 0 0 1
-0.138227308 0.190436678 0.230000004 0 0 1
0.296193322 0.192969706 0.230000004 0 0 1
-0.168782337 -0.197921255 0.230000004 0 0 1
0.238601072 -0.184571872 0.230000004 0 0 1
0.285559197 0.0399350392 0.230000004 0 0 1
0.192895793 -0.187463704 0.230000004 0 0 1
-0.0481862691 0.19773832 0.230000004 0 0 1
0.290627502 -0.0726730666 0.230000004 0 0 1
0.290751865 -0.128735951 0.230000004 0 0 1
0.0579984364 0.195119228 0.230000004 0 0 1
0.151027184 -0.193778232 0.230000004 0 0 1
0.166100982 0.198230284 0.230000004 0 0 1
0.141250889 0.189037833 0.230000004 0 0 1
0.214815351 -0.198384295 0.230000004 0 0 1
-0.290572452 0.0958503222 0.230000004 0 0 1
-0.0677230893 -0.187021724 0.230000004 0 0 1
0.298522651 -0.185362495 0.230000004 0 0 1
-0.103559883 -0.195635583 0.230000004 0 0 1
-0.14305975 0.183962166 0.230000004 0 0 1
0.288177557 -0.0381204402 0.230000004 0 0 1
0.0937778957 0.192305007 0.230000004 0 0 1
0.226292464 0.195391734 0.230000004 0 0 1
0.226962112 0.18343049 0.230000004 0 0 1
-0.29135731 -0.153780205 0.230000004 0 0 1
0.0540881474 0.193628949 0.230000004 0 0 1
-0.285285608 -0.0626833477 0.230000004 0 0 1
-0.223417545 -0.198039825 0.230000004 0 0 1
0.0341949408 0.199679786 0.230000004 0 0 1
-0.029508208 -0.190299068 0.230000004 0 0 1
-0.237654694 0.198920272 0.230000004 0 0 1
0.295926959 -0.081828505 0.230000004 0 0 1
-0.233555012 -0.196556211 0.230000004 0 0 1
-0.267713423 -0.195581984 0.230000004 0 0 1
0.0613896724 -0.197592136 0.230000004 0 0 1
0.151005693 -0.192492147 0.230000004 0 0 1
0.288675752 -0.0372296778 0.230000004 0 0 1
-0.0623778577 0.198168993 0.230000004 0 0 1
0.27267225 0.193571194 0.230000004 0 0 1
0.29588584 0.198977552 0.230000004 0 0 1
0.280337127 0.196131987 0.230000004 0 0 1
0.119531521 -0.196523517 0.230000004 0 0 1
-0.278591116 -0.190273758 0.230000004 0 0 1
0.293763158 0.191013621 0.230000004 0 0 1
0.0854525129 -0.196724187 0.230000004 0 0 1
0.284844989 0.0876367975 0.230000004 0 0 1
0.290378543 0.18115399 0.230000004 0 0 1
0.291206317 0.0496008501 0.230000004 0 0 1
0.069569205 0.197445542 0.230000004 0 0 1
-0.0368897026 0.187914918 0.230000004 0 0 1
-0.0545415961 0.184947819 0.230000004 0 0 1
-0.292601867 0.0837052717 0.230000004 0 0 1
0.285365013 0.148366072 0.230000004 0 0 1
0.0939611972 0.197891138 0.230000004 0 0 1
-0.0373472726 -0.185241172 0.230000004 0 0 1
0.197386102 0.194011452 0.230000004 0 0 1
-0.283218659 0.162258508 0.230000004 0 0 1
0.292331807 0.031924286 0.230000004 0 0 1
0.00525217556 -0.186268211 0.230000004 0 0 1
-0.0687451217 0.19670899 0.230000004 0 0 1
0.287603668 0.0587796865 0.230000004 0 0 1
-0.0462725502 -0.183742221 0.230000004 0 0 1
-0.169988398 -0.19214475 0.230000004 0 0 1
-0.285793444 0.0516821521 0.230000004 0 0 1
-0.283702514 -0.0646193902 0.230000004 0 0 1
-0.283814904 -0.060326956 0.230000004 0 0 1
0.0779803096 0.184573203 0.230000004 0 0 1
0.136587952 -0.185331561 0.230000004 0 0 1
-0.0432466927 -0.183879136 0.230000004 0 0 1
0.299889239 -0.0729815172 0.230000004 0 0 1
-0.237439279 0.187191725 0.230000004 0 0 1
-0.0355447801 -0.18633131 0.230000004 0 0 1
0.289200877 0.157792857 0.230000004 0 0 1
-0.291738261 0.151605581 0.230000004 0 0 1
-0.0747730866 -0.18674049 0.230000004 0 0 1
-0.0284018323 0.187691584 0.230000004 0 0 1
0.283346835 0.0500704776 0.230000004 0 0 1
-0.287290811 -0.0570028244 0.230000004 0 0 1
-0.081436485 0.188298568 0.230000004 0 0 1
-0.142823338 0.194953395 0.230000004 0 0 1
-0.298690915 -0.0218516569 0.230000004 0 0 1
0.206077508 -0.186964644 0.230000004 0 0 1
-0.283307472 0.00054987791 0.230000004 0 0 1
-0.295589733 -0.106115187 0.230000004 0 0 1
0.2908294 0.171935492 0.230000004 0 0 1
-0.271818787 0.198448799 0.230000004 0 0 1
0.299579404 -2.20021983e-05 0.230000004 0 0 1
-0.285371131 0.131322402 0.230000004 0 0 1
-0.0629228163 0.198664893 0.230000004 0 0 1
-0.0925116454 -0.195528131 0.230000004 0 0 1
-0.182956482 0.197148856 0.230000004 0 0 1
-0.226806832 0.187274226 0.230000004 0 0 1
-0.109844839 -0.194338421 0.230000004 0 0 1
-0.293855127 -0.0626185838 0.230000004 0 0 1
0.182832219 0.183389995 0.230000004 0 0 1
-0.287781727 -0.0546379206 0.230000004 0 0 1
-0.283726602 -0.105485424 0.230000004 0 0 1
0.185905299 0.188526722 0.230000004 0 0 1
0.12615853 0.185645403 0.230000004 0 0 1
-0.292724609 0.110660033 0.230000004 0 0 1
0.02720595 0.185775858 0.230000004 0 0 1
0.283462272 -0.00726375715 0.230000004 0 0 1
-0.192411417 -0.192083671 0.230000004 0 0 1
0.0347555021 0.185102159 0.230000004 0 0 1
-0.07153402 -0.198481801 0.230000004 0 0 1
-0.038613854 -0.197297248 0.230000004 0 0 1
0.280712989 -0.191205043 0.230000004 0 0 1
-0.125753681 -0.188660476 0.230000004 0 0 1
-0.290700819 0.177511599 0.230000004 0 0 1
-0.285629634 0.0115272171 0.230000004 0 0 1
0.29953992 -0.131658845 0.230000004 0 0 1
0.286929304 0.134555274 0.230000004 0 0 1
-0.294307805 -0.115553442 0.230000004 0 0 1
0.289515104 -0.0992083131 0.230000004 0 0 1
-0.193036482 -0.188218175 0.230000004 0 0 1
0.237265799 -0.194062651 0.230000004 0 0 1
-0.299939148 -0.127132936 0.230000004 0 0 1
-0.231484485 0.183364807 0.230000004 0 0 1
0.0539951813 0.18786511 0.230000004 0 0 1
0.121532135 0.18314371 0.230000004 0 0 1
-0.162882498 0.184331285 0.230000004 0 0 1
0.298523129 -0.176601192 0.230000004 0 0 1
-0.0369757595 0.195802063 0.230000004 0 0 1
-0.298506351 0.0216901356 0.230000004 0 0 1
-0.289053514 -0.178195968 0.230000004 0 0 1
-0.296821222 0.0740323949 0.230000004 0 0 1
-0.214453943 0.195513954 0.230000004 0 0 1
0.185988822 0.193934163 0.230000004 0 0 1
-0.299306368 0.148068098 0.230000004 0 0 1
-0.00449954824 0.189052921 0.230000004 0 0 1
-0.179193017 0.195102799 0.230000004 0 0 1
-0.284545601 0.143505002 0.230000004 0 0 1
0.293502734 0.0175569545 0.230000004 0 0 1
-0.202704973 0.190928898 0.230000004 0 0 1
0.0657893461 0.19198834 0.230000004 0 0 1
0.283645296 -0.16491665 0.230000004 0 0 1
-0.291886447 0.0097557821 0.230000004 0 0 1
0.168995302 0.184726985 0.230000004 0 0 1
-0.254530465 0.196574831 0.230000004 0 0 1
-0.299343959 -0.0270217597 0.230000004 0 0 1
0.0649377215 -0.188056262 0.230000004 0 0 1
-0.176782137 -0.186637281 0.230000004 0 0 1
-0.293638651 -0.133279264 0.230000004 0 0 1
-0.288625529 0.124060516 0.230000004 0 0 1
-0.211415015 -0.188470575 0.230000004 0 0 1
-0.244964189 0.19406262 0.230000004 0 0 1
0.144563805 -0.189139938 0.230000004 0 0 1
0.290752486 -0.119980009 0.230000004 0 0 1
0.292540941 0.116053513 0.230000004 0 0 1
-0.287692631 -0.000480879578 0.230000004 0 0 1
0.287319737 0.198093722 0.230000004 0 0 1
0.141663777 0.192117081 0.230000004 0 0 1
-0.294565705 0.174252361 0.230000004 0 0 1
0.283234549 -0.107155406 0.230000004 0 0 1
0.176942056 0.196476442 0.230000004 0 0 1
-0.189228804 0.192588046 0.230000004 0 0 1
0.0836501812 -0.199405921 0.230000004 0 0 1
-0.0988219706 0.191921184 0.230000004 0 0 1
-0.243286839 0.188844812 0.230000004 0 0 1
-0.28605223 0.0258007364 0.230000004 0 0 1
-0.200559383 -0.191278569 0.230000004 0 0 1
-0.0141875084 -0.199053296 0.230000004 0 0 1
0.0200111519 -0.196628808 0.230000004 0 0 1
0.00402380851 0.185277 0.230000004 0 0 1
-0.192163529 -0.187262981 0.230000004 0 0 1
0.287573884 0.149756944 0.230000004 0 0 1
-0.0933816813 0.193704269 0.230000004 0 0 1
-0.182246224 0.193958891 0.230000004 0 0 1
0.298345846 0.18725099 0.230000004 0 0 1
0.157327867 0.193405684 0.230000004 0 0 1
0.284378142 0.13749106 0.230000004 0 0 1
0.276381233 -0.197760812 0.230000004 0 0 1
0.158201491 0.199343384 0.230000004 0 0 1
-0.292765974 0.0742576762 0.230000004 0 0 1
0.125298834 -0.199308938 0.230000004 0 0 1
-0.291694762 -0.0788220272 0.230000004 0 0 1
-0.283644665 0.0408461978 0.230000004 0 0 1
0.286461687 0.160323465 0.230000004 0 0 1
-0.285575951 -0.0757302906 0.230000004 0 0 1
0.120126482 -0.196885645 0.230000004 0 0 1
0.0594201384 -0.185050512 0.230000004 0 0 1
-0.251068778 -0.19472269 0.230000004 0 0 1
0.291995793 0.0531641545 0.230000004 0 0 1
-0.104219185 -0.196956226 0.230000004 0 0 1
-0.131094509 -0.185907053 0.230000004 0 0 1
0.294431414 -0.0656581576 0.230000004 0 0 1
0.289864952 -0.0739039594 0.230000004 0 0 1
-0.239056529 -0.187775804 0.230000004 0 0 1
0.291812294 -0.0173167287 0.230000004 0 0 1
-0.293249973 -0.113529959 0.230000004 0 0 1
0.0674266823 0.198611595 0.230000004 0 0 1
-0.287430878 0.0957764525 0.230000004 0 0 1
-0.283404258 0.107218744 0.230000004 0 0 1
0.286338784 -0.0267914621 0.230000004 0 0 1
-0.245764053 0.192821211 0.230000004 0 0 1
-0.290474873 0.0302648498 0.230000004 0 0 1
0.286087533 0.0117790782 0.230000004 0 0 1
-0.297292942 -0.0018901959 0.230000004 0 0 1
0.290043264 0.00669536493 0.230000004 0 0 1
-0.165041364 -0.187524751 0.230000004 0 0 1
0.218774108 0.192327761 0.230000004 0 0 1
-0.293698197 -0.172867611 0.230000004 0 0 1
0.0891781672 0.189201777 0.230000004 0 0 1
0.289518867 -0.130208207 0.230000004 0 0 1
-0.16774936 0.183763497 0.230000004 0 0 1
-0.177978699 -0.196160435 0.230000004 0 0 1
-0.296522827 0.131381777 0.230000004 0 0 1
-0.28377258 -0.160171365 0.230000004 0 0 1
-0.290046618 -0.16122204 0.230000004 0 0 1
0.2840371 0.19177331 0.230000004 0 0 1
-0.0299557521 0.183032729 0.230000004 0 0 1
0.100688051 0.193821907 0.230000004 0 0 1
0.193266379 -0.199441258 0.230000004 0 0 1
-0.0202475219 0.195544242 0.230000004 0 0 1
0.295921727 -0.154790172 0.230000004 0 0 1
-0.291015158 0.0919768754 0.230000004 0 0 1
0.00989121607 0.196764039 0.230000004 0 0 1
-0.262468627 0.184648713 0.230000004 0 0 1
-0.298595754 0.156991337 0.230000004 0 0 1
-0.181252305 0.198782311 0.230000004 0 0 1
0.0417296133 0.198354629 0.230000004 0 0 1
0.227004632 0.196140099 0.230000004 0 0 1
-0.287931763 -0.016348129 0.230000004 0 0 1
0.296431431 0.0445150052 0.230000004 0 0 1
0.218838741 0.197940507 0.230000004 0 0 1
0.0615777506 0.183133237 0.230000004 0 0 1
0.29862003 -0.179049757 0.230000004 0 0 1
-0.297691039 -0.15175173 0.230000004 0 0 1
-0.293902321 0.0298801507 0.230000004 0 0 1
0.257675055 -0.189383123 0.230000004 0 0 1
-0.128334641 -0.194704761 0.230000004 0 0 1
0.0780792593 0.189037075 0.230000004 0 0 1
-0.205493568 -0.198291238 0.230000004 0 0 1
-0.0383041172 0.190300148 0.230000004 0 0 1
0.294120687 0.128487664 0.230000004 0 0 1
-0.0525679973 0.188467119 0.230000004 0 0 1
-0.295403113 -0.0774956714 0.230000004 0 0 1
-0.0460043535 -0.198461815 0.230000004 0 0 1
-0.167666656 0.198958628 0.230000004 0 0 1
0.104283168 -0.199326647 0.230000004 0 0 1
-0.249756644 0.194791545 0.230000004 0 0 1
-0.192732367 0.184630084 0.230000004 0 0 1
0.162928624 0.184303935 0.230000004 0 0 1
-0.283326183 -1.02776073e-05 0.230000004 0 0 1
-0.0277909537 0.184682332 0.230000004 0 0 1
0.0605725382 0.199270269 0.230000004 0 0 1
-0.291664253 0.0360061265 0.230000004 0 0 1
-0.298614526 -0.187953997 0.230000004 0 0 1
0.287182522 0.117096672 0.230000004 0 0 1
-0.164039277 -0.194766194 0.230000004 0 0 1
0.298269888 -0.154055834 0.230000004 0 0 1
-0.290428002 -0.187190302 0.230000004 0 0 1
-0.165716897 -0.194011395 0.230000004 0 0 1
-0.187402093 0.189225395 0.230000004 0 0 1
-0.26002642 -0.184977008 0.230000004 0 0 1
-0.292589404 0.106589802 0.230000004 0 0 1
0.273533805 -0.183445334 0.230000004 0 0 1
0.00417256736 -0.199566635 0.230000004 0 0 1
-0.000866848886 -0.193021145 0.230000004 0 0 1
-0.288225884 0.155650979 0.230000004 0 0 1
-0.298519332 -0.0913924673 0.230000004 0 0 1
-0.0162663552 0.184513152 0.230000004 0 0 1
0.29851895 -0.113409732 0.230000004 0 0 1
0.132120332 -0.192352759 0.230000004 0 0 1
-0.200370742 0.196959559 0.230000004 0 0 1
0.0718710926 -0.19836347 0.230000004 0 0 1
-0.203971177 0.196641076 0.230000004 0 0 1
-0.00640314159 0.188487862 0.230000004 0 0 1
-0.195766116 0.19745177 0.230000004 0 0 1
-0.286290782 0.111827001 0.230000004 0 0 1
0.175267842 -0.193196773 0.230000004 0 0 1
-0.140164514 -0.185530597 0.230000004 0 0 1
-0.103735063 -0.193061018 0.230000004 0 0 1
-0.0384378735 -0.196972829 0.230000004 0 0 1
-0.297976967 0.0525296241 0.230000004 0 0 1
0.298020799 0.066977415 0.230000004 0 0 1
0.299936558 0.018910663 0.230000004 0 0 1
-0.166889503 0.184199802 0.230000004 0 0 1
-0.289051139 0.00157393072 0.230000004 0 0 1
-0.254842816 -0.197927973 0.230000004 0 0 1
-0.285362016 -0.000420413807 0.230000004 0 0 1
0.168884054 0.187905163 0.230000004 0 0 1
0.29813055 -0.0840560709 0.230000004 0 0 1
-0.285936968 -0.0645010963 0.230000004 0 0 1
0.0150038139 0.192312892 0.230000004 0 0 1
-0.221682001 -0.194931899 0.230000004 0 0 1
-0.142544039 -0.198290021 0.230000004 0 0 1
-0.0171537299 -0.187034172 0.230000004 0 0 1
-0.253386721 -0.199272396 0.230000004 0 0 1
-0.287195343 -0.143422529 0.230000004 0 0 1
0.0301417385 -0.186625499 0.230000004 0 0 1
-0.287215646 -0.122672807 0.230000004 0 0 1
0.296916541 0.106417943 0.230000004 0 0 1
0.134594698 0.193400306 0.230000004 0 0 1
-0.180005673 0.197281954 0.230000004 0 0 1
0.0687775997 -0.197372743 0.230000004 0 0 1
0.137163716 -0.199216136 0.230000004 0 0 1
-0.283183539 0.0797388954 0.230000004 0 0 1
0.198952735 -0.19675763 0.230000004 0 0 1
0.296948706 -0.121939089 0.230000004 0 0 1
-0.152444861 0.197349615 0.230000004 0 0 1
-0.296441124 0.107984633 0.230000004 0 0 1
0.0391639908 0.199719796 0.230000004 0 0 1
0.110616607 0.183747636 0.230000004 0 0 1
-0.296939252 0.00818652809 0.230000004 0 0 1
0.289540685 -0.138987151 0.230000004 0 0 1
-0.288993051 -0.132769923 0.230000004 0 0 1
-0.291374155 0.0364915215 0.230000004 0 0 1
-0.175975218 -0.196443584 0.230000004 0 0 1
0.0371465216 -0.186132306 0.230000004 0 0 1
-0.293374408 0.0936253039 0.230000004 0 0 1
0.091475464 -0.190742953 0.230000004 0 0 1
-0.299532931 -0.142496441 0.230000004 0 0 1
0.11587579 0.19146038 0.230000004 0 0 1
0.032274014 -0.190011748 0.230000004 0 0 1
-0.0501754634 0.185029106 0.230000004 0 0 1
0.298470526 0.113696221 0.230000004 0 0 1
-0.117246797 -0.186385546 0.230000004 0 0 1
-0.00430111973 -0.198283263 0.230000004 0 0 1
0.180008399 -0.198434905 0.230000004 0 0 1
0.29275258 -0.0835096227 0.230000004 0 0 1
-0.293714274 0.135619006 0.230000004 0 0 1
0.0601301807 0.193205858 0.230000004 0 0 1
-0.0281165303 -0.185659893 0.230000004 0 0 1
-0.0433948665 0.197731433 0.230000004 0 0 1
0.287619864 -0.0870164988 0.230000004 0 0 1
-0.0562013546 0.193790898 0.230000004 0 0 1
0.159296057 0.185486335 0.230000004 0 0 1
0.287384582 -0.0547854998 0.230000004 0 0 1
-0.00938782098 -0.195725168 0.230000004 0 0 1
-0.287320156 0.0380754877 0.230000004 0 0 1
-0.0371374089 -0.189970662 0.230000004 0 0 1
0.270010466 0.188467397 0.230000004 0 0 1
0.181050003 0.198853207 0.230000004 0 0 1
-0.285433018 0.147630373 0.230000004 0 0 1
-0.233145862 -0.184876765 0.230000004 0 0 1
-0.100722858 0.199234508 0.230000004 0 0 1
0.296055709 0.138681863 0.230000004 0 0 1
0.295807307 -0.0633879087 0.230000004 0 0 1
-0.131837271 -0.189100507 0.230000004 0 0 1
-0.0853220821 0.19741244 0.230000004 0 0 1
-0.29521291 0.000159783691 0.230000004 0 0 1
-0.18475195 0.189189849 0.230000004 0 0 1
-0.158498341 -0.188706308 0.230000004 0 0 1
0.184839629 0.190578498 0.230000004 0 0 1
-0.0511151044 0.184290989 0.230000004 0 0 1
-0.217092957 -0.188112561 0.230000004 0 0 1
0.00458441103 0.198316018 0.230000004 0 0 1
0.222818348 0.186742442 0.230000004 0 0 1
-0.251446223 -0.196514566 0.230000004 0 0 1
0.137173616 0.193345822 0.230000004 0 0 1
0.10555612 0.189691079 0.230000004 0 0 1
-0.28351233 0.00749265356 0.230000004 0 0 1
-0.298420752 0.170846698 0.230000004 0 0 1
0.294233248 0.0583817246 0.230000004 0 0 1
-0.293509469 0.102550772 0.230000004 0 0 1
0.276333596 0.183742304 0.230000004 0 0 1
0.0664108282 0.183146614 0.230000004 0 0 1
0.0461179701 -0.194251276 0.230000004 0 0 1
-0.297263671 0.0380439645 0.230000004 0 0 1
-0.299824295 -0.121874783 0.230000004 0 0 1
-0.296866745 0.0456747225 0.230000004 0 0 1
-0.292646044 0.119019751 0.230000004 0 0 1
-0.225642428 -0.198484148 0.230000004 0 0 1
-0.243981711 0.192423919 0.230000004 0 0 1
0.295332983 -0.156278167 0.230000004 0 0 1
-0.107735785 -0.19450532 0.230000004 0 0 1
0.13398616 -0.19235311 0.230000004 0 0 1
0.263722595 0.191980205 0.230000004 0 0 1
-0.285252945 -0.152938198 0.230000004 0 0 1
-0.104926658 -0.186387356 0.230000004 0 0 1
0.296642897 -0.0855123414 0.230000004 0 0 1
0.16241671 0.199757666 0.230000004 0 0 1
-0.292128701 0.0471915224 0.230000004 0 0 1
-0.294748442 -0.0340195019 0.230000004 0 0 1
-0.293549622 0.0445062488 0.230000004 0 0 1
-0.29608342 -0.0541740984 0.230000004 0 0 1
0.294784239 0.0414576809 0.230000004 0 0 1
-0.285868687 0.0208486217 0.230000004 0 0 1
0.294787429 -0.196178905 0.230000004 0 0 1
-0.2952684 0.0182082022 0.230000004 0 0 1
-0.077049661 -0.183754615 0.230000004 0 0 1
0.294893778 -0.0134544227 0.230000004 0 0 1
0.0164754194 0.191165738 0.230000004 0 0 1
-0.264682225 0.195388181 0.230000004 0 0 1
0.195207144 0.195210239 0.230000004 0 0 1
-0.299387039 -0.0485418379 0.230000004 0 0 1
0.23300342 -0.184940648 0.230000004 0 0 1
0.298253062 0.0857442196 0.230000004 0 0 1
0.0502214935 0.19677532 0.230000004 0 0 1
-0.284901148 0.073693823 0.230000004 0 0 1
0.292322473 -0.0476066965 0.230000004 0 0 1
0.296014047 -0.139955685 0.230000004 0 0 1
0.106668229 0.18624079 0.230000004 0 0 1
-0.288632659 0.171904832 0.230000004 0 0 1
-0.044432751 -0.183413438 0.230000004 0 0 1
0.0977823266 -0.199898127 0.230000004 0 0 1
-0.294625269 0.056858812 0.230000004 0 0 1
-0.20568769 0.186715043 0.230000004 0 0 1
-0.11682667 0.196399494 0.230000004 0 0 1
0.276542757 -0.1849818 0.230000004 0 0 1
0.05463499 0.188503747 0.230000004 0 0 1
0.0242945802 0.193960578 0.230000004 0 0 1
-0.174951524 0.188757966 0.230000004 0 0 1
0.287728243 -0.156692962 0.230000004 0 0 1
-0.293137149 -0.0772766053 0.230000004 0 0 1
0.0157904634 -0.197238054 0.230000004 0 0 1
0.288271162 0.0767699883 0.230000004 0 0 1
0.137875351 0.189510008 0.230000004 0 0 1
0.0772680336 -0.198596926 0.230000004 0 0 1
0.149376249 -0.188302695 0.230000004 0 0 1
0.120078994 -0.188266352 0.230000004 0 0 1
-0.290545087 -0.0184784131 0.230000004 0 0 1
0.294629939 -0.143771359 0.230000004 0 0 1
0.0378798429 -0.184869967 0.230000004 0 0 1
0.292278916 0.0519128262 0.230000004 0 0 1
0.0517996681 -0.186738727 0.230000004 0 0 1
0.121982844 0.188667212 0.230000004 0 0 1
-0.102009845 0.185157892 0.230000004 0 0 1
0.228207509 0.183085166 0.230000004 0 0 1
-0.0271611884 -0.192583293 0.230000004 0 0 1
0.293307019 -0.0774853558 0.230000004 0 0 1
-0.284158575 -0.0278484353 0.230000004 0 0 1
0.0544569526 0.185804943 0.230000004 0 0 1
0.123935084 0.184851702 0.230000004 0 0 1
0.155300673 0.197288372 0.230000004 0 0 1
0.0969927281 -0.193020433 0.230000004 0 0 1
-0.284677238 0.17985743 0.230000004 0 0 1
-0.054808705 0.191394687 0.230000004 0 0 1
-0.229797818 -0.192894267 0.230000004 0 0 1
0.295587237 -0.166947072 0.230000004 0 0 1
-0.0175048821 -0.186150291 0.230000004 0 0 1
0.299655886 0.00912108316 0.230000004 0 0 1
-0.135457686 -0.197551332 0.230000004 0 0 1
0.299633248 0.0448069854 0.230000004 0 0 1
0.292856208 0.0840458905 0.230000004 0 0 1
0.238093727 -0.194956414 0.230000004 0 0 1
0.202510853 0.199330527 0.230000004 0 0 1
-0.170219351 -0.188206578 0.230000004 0 0 1
0.131357965 -0.190963149 0.230000004 0 0 1
-0.0632183367 -0.193780426 0.230000004 0 0 1
0.299059333 0.153832748 0.230000004 0 0 1
0.155772443 -0.18362283 0.230000004 0 0 1
0.289727353 0.190046376 0.230000004 0 0 1
0.236981426 0.193403015 0.230000004 0 0 1
-0.194017139 -0.185655092 0.230000004 0 0 1
-0.0639382304 -0.18576595 0.230000004 0 0 1
0.00966079795 -0.196922051 0.230000004 0 0 1
0.290401593 -0.0407055946 0.230000004 0 0 1
0.286086132 0.00571882564 0.230000004 0 0 1
0.295102723 0.0472417344 0.230000004 0 0 1
-0.159793545 -0.196542206 0.230000004 0 0 1
-0.299498567 0.180428659 0.230000004 0 0 1
0.295135709 0.110683335 0.230000004 0 0 1
-0.144352844 0.186348879 0.230000004 0 0 1
0.125706646 -0.195164363 0.230000004 0 0 1
0.298026197 -0.158639614 0.230000004 0 0 1
-0.180181196 -0.191259777 0.230000004 0 0 1
-0.0325299198 0.18385142 0.230000004 0 0 1
-0.0723454107 0.194658326 0.230000004 0 0 1
0.161780861 -0.188239212 0.230000004 0 0 1
-0.297689734 0.0396808656 0.230000004 0 0 1
0.0652600289 0.194547898 0.230000004 0 0 1
-0.151389055 0.18312064 0.230000004 0 0 1
0.286990016 0.170716549 0.230000004 0 0 1
0.285153689 -0.152975505 0.230000004 0 0 1
0.287256715 -0.0874797974 0.230000004 0 0 1
-0.283697548 0.00637823278 0.230000004 0 0 1
0.0368455893 0.188632932 0.230000004 0 0 1
0.286685893 0.193480797 0.230000004 0 0 1
0.176321073 -0.194447206 0.230000004 0 0 1
0.0629186566 0.196603768 0.230000004 0 0 1
-0.217668821 0.19213005 0.230000004 0 0 1
0.299003725 -0.160479771 0.230000004 0 0 1
-0.286265189 -0.113519251 0.230000004 0 0 1
0.169546301 -0.195692296 0.230000004 0 0 1
0.275136333 -0.195860901 0.230000004 0 0 1
-0.187588713 0.184192738 0.230000004 0 0 1
0.291786343 0.115792045 0.230000004 0 0 1
0.289952121 0.0838739914 0.230000004 0 0 1
0.284384242 0.14254156 0.230000004 0 0 1
0.238862116 0.184548314 0.230000004 0 0 1
0.291705171 -0.0322477758 0.230000004 0 0 1
0.0198603324 -0.184429472 0.230000004 0 0 1
-0.288081419 0.0027946611 0.230000004 0 0 1
-0.296355269 -0.152596521 0.230000004 0 0 1
0.299418039 0.0940840878 0.230000004 0 0 1
-0.250875081 -0.194017483 0.230000004 0 0 1
-0.225402586 0.18523525 0.230000004 0 0 1
-0.276251804 -0.195633291 0.230000004 0 0 1
0.0830756123 0.190333999 0.230000004 0 0 1
0.298609982 -0.0400961569 0.230000004 0 0 1
0.18933847 0.185319906 0.230000004 0 0 1
0.0202348732 -0.190778792 0.230000004 0 0 1
-0.229002647 0.192885803 0.230000004 0 0 1
-0.0210968877 0.185970684 0.230000004 0 0 1
-0.293631203 0.1667449 0.230000004 0 0 1
-0.29513704 0.140750647 0.230000004 0 0 1
-0.283703158 0.195343518 0.230000004 0 0 1
-0.285262025 -0.0123136119 0.230000004 0 0 1
-0.00231841625 0.187984758 0.230000004 0 0 1
0.128740271 -0.198622985 0.230000004 0 0 1
-0.0164914228 0.190878835 0.230000004 0 0 1
0.29867877 0.141949482 0.230000004 0 0 1
-0.203406785 0.189175892 0.230000004 0 0 1
-0.164914958 -0.183066651 0.230000004 0 0 1
-0.243809523 0.189284507 0.230000004 0 0 1
-0.299933886 0.121886926 0.230000004 0 0 1
-0.289187598 0.162464126 0.230000004 0 0 1
0.0100564878 0.193862667 0.230000004 0 0 1
0.290937086 -0.0211170184 0.230000004 0 0 1
-0.0138820974 -0.184610439 0.230000004 0 0 1
0.298859482 0.0837792705 0.230000004 0 0 1
0.0708652699 0.183990445 0.230000004 0 0 1
0.0122425019 0.186528822 0.230000004 0 0 1
0.000287966485 0.188727199 0.230000004 0 0 1
-0.285049943 -0.0942998809 0.230000004 0 0 1
0.075978295 -0.188442254 0.230000004 0 0 1
0.121315819 -0.191283724 0.230000004 0 0 1
-0.281661942 -0.197074289 0.230000004 0 0 1
-0.287101815 -0.0931387608 0.230000004 0 0 1
-0.0946536245 0.195985451 0.230000004 0 0 1
0.286086468 -0.191827955 0.230000004 0 0 1
-0.160465 -0.198927287 0.230000004 0 0 1
-0.298820379 0.0714960315 0.230000004 0 0 1
-0.0324416862 0.192113831 0.230000004 0 0 1
0.134598457 -0.194307651 0.230000004 0 0 1
0.294358592 0.0640845194 0.230000004 0 0 1
0.20781469 -0.193014287 0.230000004 0 0 1
-0.290342115 -0.137751538 0.230000004 0 0 1
0.291524539 0.0419137052 0.230000004 0 0 1
0.0642720674 0.183902293 0.230000004 0 0 1
-0.299607018 -0.00862352233 0.230000004 0 0 1
0.283428877 -0.0260522245 0.230000004 0 0 1
-0.0658945082 0.189865567 0.230000004 0 0 1
0.203681582 -0.191325693 0.230000004 0 0 1
-0.291176349 -0.0134266788 0.230000004 0 0 1
0.202415783 -0.190136496 0.230000004 0 0 1
0.293227192 -0.130141199 0.230000004 0 0 1
-0.241094218 -0.184552837 0.230000004 0 0 1
-0.211501689 -0.19749545 0.230000004 0 0 1
-0.259864868 0.183023784 0.230000004 0 0 1
0.240065476 0.193194541 0.230000004 0 0 1
-0.217014798 -0.187170513 0.230000004 0 0 1
-0.285084068 0.187476291 0.230000004 0 0 1
0.258949718 -0.195935549 0.230000004 0 0 1
-0.294284195 -0.0290538721 0.230000004 0 0 1
-0.290790068 0.0426641354 0.230000004 0 0 1
0.276932541 0.19841636 0.230000004 0 0 1
0.283746538 0.0574785743 0.230000004 0 0 1
0.287618751 0.0437617334 0.230000004 0 0 1
0.16675729 -0.183562866 0.230000004 0 0 1
0.145220733 0.192095497 0.230000004 0 0 1
0.158767676 -0.197079442 0.230000004 0 0 1
-0.293412307 0.148252331 0.230000004 0 0 1
0.0295768998 -0.191802729 0.230000004 0 0 1
0.158014839 -0.184238399 0.230000004 0 0 1
0.15696829 -0.195906641 0.230000004 0 0 1
0.297614085 -0.168080863 0.230000004 0 0 1
0.000416927466 -0.193175531 0.230000004 0 0 1
0.293277462 0.150350203 0.230000004 0 0 1
-0.299130751 -0.167084104 0.230000004 0 0 1
0.287775566 -0.162090013 0.230000004 0 0 1
0.284704602 0.0975405948 0.230000004 0 0 1
0.291236061 0.122855836 0.230000004 0 0 1
-0.287185508 0.0638784125 0.230000004 0 0 1
-0.283359024 0.0543529655 0.230000004 0 0 1
0.29981877 -0.00812187433 0.230000004 0 0 1
-0.032975299 -0.197357379 0.230000004 0 0 1
-0.285345923 0.0108188038 0.230000004 0 0 1
-0.297702465 0.192242333 0.230000004 0 0 1
0.297021568 0.136572761 0.230000004 0 0 1
0.00633048136 0.189877748 0.230000004 0 0 1
0.131992 0.184032372 0.230000004 0 0 1
-0.10292093 0.18697786 0.230000004 0 0 1
-0.288139879 -0.0187888377 0.230000004 0 0 1
-0.0392489699 -0.191184435 0.230000004 0 0 1
-0.260269707 0.191474594 0.230000004 0 0 1
-0.12665346 -0.192167131 0.230000004 0 0 1
-0.241385408 0.196805304 0.230000004 0 0 1
0.284808301 0.086876336 0.230000004 0 0 1
0.29773901 0.132158609 0.230000004 0 0 1
-0.218588292 -0.199107394 0.230000004 0 0 1
-0.290430673 0.15714839 0.230000004 0 0 1
-0.292850982 -0.188791756 0.230000004 0 0 1
-0.0818863749 0.193193479 0.230000004 0 0 1
0.150774326 0.189770167 0.230000004 0 0 1
-0.153433936 -0.183990238 0.230000004 0 0 1
-0.0238931345 -0.193940711 0.230000004 0 0 1
0.021671111 -0.184417852 0.230000004 0 0 1
0.0727446194 0.193705282 0.230000004 0 0 1
0.254947454 0.199120808 0.230000004 0 0 1
0.0958154511 -0.185606945 0.230000004 0 0 1
0.133675135 0.191854337 0.230000004 0 0 1
-0.181705499 -0.185858504 0.230000004 0 0 1
0.0703673029 0.194236046 0.230000004 0 0 1
0.299447576 -0.170955622 0.230000004 0 0 1
-0.291454954 -0.137425921 0.230000004 0 0 1
-0.22540115 -0.19426083 0.230000004 0 0 1
0.174112176 -0.198152372 0.230000004 0 0 1
-0.198889495 -0.187002376 0.230000004 0 0 1
0.297890296 0.178654312 0.230000004 0 0 1
-0.262472632 0.194797321 0.230000004 0 0 1
0.298104681 0.0728881465 0.230000004 0 0 1
0.172313531 -0.198339991 0.230000004 0 0 1
-0.278533463 0.198650178 0.230000004 0 0 1
-0.29147144 0.0969172776 0.230000004 0 0 1
-0.153472542 0.19687988 0.230000004 0 0 1
-0.299758825 0.111995358 0.230000004 0 0 1
0.0477400025 -0.189740696 0.230000004 0 0 1
-0.27652684 0.183864122 0.230000004 0 0 1
-0.299961299 0.030300341 0.230000004 0 0 1
-0.297762869 0.0216727913 0.230000004 0 0 1
0.160747707 -0.193755942 0.230000004 0 0 1
0.295385376 0.169612865 0.230000004 0 0 1
-0.0315882747 0.190949028 0.230000004 0 0 1
0.286939588 -0.0648091374 0.230000004 0 0 1
-0.004783384 0.18571367 0.230000004 0 0 1
-0.285330958 -0.0551616857 0.230000004 0 0 1
-0.173062526 -0.194385535 0.230000004 0 0 1
-0.234094584 0.189945047 0.230000004 0 0 1
0.20148164 -0.197412121 0.230000004 0 0 1
-0.134404357 0.191290608 0.230000004 0 0 1
-0.0653793066 0.198905525 0.230000004 0 0 1
-0.157655214 -0.198312481 0.230000004 0 0 1
0.284090722 -0.0195713319 0.230000004 0 0 1
0.0875505377 0.187440364 0.230000004 0 0 1
0.218551851 -0.190100411 0.230000004 0 0 1
-0.00187917348 -0.19601245 0.230000004 0 0 1
0.0603367082 -0.187950463 0.230000004 0 0 1
0.0227334756 -0.183666064 0.230000004 0 0 1
-0.298641004 0.186534005 0.230000004 0 0 1
0.125883302 -0.195355247 0.230000004 0 0 1
0.298349819 0.114858355 0.230000004 0 0 1
-0.275508723 0.18759751 0.230000004 0 0 1
0.248799256 0.191862788 0.230000004 0 0 1
0.251568791 0.192009075 0.230000004 0 0 1
-0.270733261 0.183056246 0.230000004 0 0 1
-0.194989366 -0.196074225 0.230000004 0 0 1
0.176319987 0.198885678 0.230000004 0 0 1
-0.0543029024 -0.18975257 0.230000004 0 0 1
0.286460006 0.0556447176 0.230000004 0 0 1
-0.194574651 0.189756214 0.230000004 0 0 1
-0.000314808109 -0.195803779 0.230000004 0 0 1
-0.0463378187 0.192331932 0.230000004 0 0 1
-0.141294546 0.198825111 0.230000004 0 0 1
-0.285880674 0.121151695 0.230000004 0 0 1
0.191391235 -0.187558581 0.230000004 0 0 1
-0.290009944 0.0529402028 0.230000004 0 0 1
-0.299774533 0.0942937088 0.230000004 0 0 1
-0.107509599 -0.190787099 0.230000004 0 0 1
0.249675953 -0.188383623 0.230000004 0 0 1
0.0771061815 0.189770299 0.230000004 0 0 1
0.298749803 0.0351356645 0.230000004 0 0 1
-0.0880434479 0.195247226 0.230000004 0 0 1
0.141933191 0.191741355 0.230000004 0 0 1
-0.290494108 0.155421102 0.230000004 0 0 1
-0.284746136 0.183458593 0.230000004 0 0 1
-0.122124517 -0.183835824 0.230000004 0 0 1
0.142228316 0.189998216 0.230000004 0 0 1
-0.285851436 -0.172652841 0.230000004 0 0 1
-0.10042596 -0.183317804 0.230000004 0 0 1
-0.294051356 0.10017218 0.230000004 0 0 1
-0.218793624 0.19362972 0.230000004 0 0 1
0.285514546 -0.145287905 0.230000004 0 0 1
-0.231043389 0.192297461 0.230000004 0 0 1
-0.0872594923 -0.189279672 0.230000004 0 0 1
-0.29469411 0.0356193793 0.230000004 0 0 1
0.230128539 0.183295891 0.230000004 0 0 1
0.061855666 0.184140789 0.230000004 0 0 1
0.294491081 0.0372675478 0.230000004 0 0 1
0.1413578 -0.188793917 0.230000004 0 0 1
0.295188588 -0.0328070738 0.230000004 0 0 1
-0.293050927 -0.0844810775 0.230000004 0 0 1
-0.289978027 0.0559843508 0.230000004 0 0 1
0.0483273071 0.190737917 0.230000004 0 0 1
0.0715520631 -0.193689868 0.230000004 0 0 1
-0.176198856 -0.195694469 0.230000004 0 0 1
0.04066506 -0.191351776 0.230000004 0 0 1
0.0164052814 0.194301242 0.230000004 0 0 1
0.132201684 -0.198701576 0.230000004 0 0 1
-0.281927584 0.191036661 0.230000004 0 0 1
0.247654087 -0.184861683 0.230000004 0 0 1
0.0061692428 -0.183468729 0.230000004 0 0 1
-0.290182476 0.104215781 0.230000004 0 0 1
0.290544458 -0.0825458054 0.230000004 0 0 1
0.29125923 -0.155012684 0.230000004 0 0 1
-0.291636845 -0.0315685283 0.230000004 0 0 1
-0.258578704 0.194691647 0.230000004 0 0 1
0.170035603 0.188490486 0.230000004 0 0 1
-0.297619852 0.0576670056 0.230000004 0 0 1
-0.262862884 0.199083366 0.230000004 0 0 1
-0.00465074369 0.183808472 0.230000004 0 0 1
0.287605451 0.0946705113 0.230000004 0 0 1
-0.0761577553 -0.187589078 0.230000004 0 0 1
-0.196746548 -0.188160469 0.230000004 0 0 1
-0.136155953 0.183786108 0.230000004 0 0 1
0.278544048 -0.190050431 0.230000004 0 0 1
0.117416661 0.196428322 0.230000004 0 0 1
0.0109464453 0.192374485 0.230000004 0 0 1
0.0549733347 -0.184127466 0.230000004 0 0 1
-0.298630679 0.0805334541 0.230000004 0 0 1
-0.0663534581 -0.196432767 0.230000004 0 0 1
0.294015887 0.0932740661 0.230000004 0 0 1
-0.288203511 -0.16719679 0.230000004 0 0 1
-0.296040269 0.194781558 0.230000004 0 0 1
-0.290628048 0.0587883832 0.230000004 0 0 1
0.286729919 0.177675325 0.230000004 0 0 1
-0.294249652 -0.116583362 0.230000004 0 0 1
-0.259098118 0.189788652 0.230000004 0 0 1
-0.118913003 0.184654927 0.230000004 0 0 1
-0.149627724 0.19052127 0.230000004 0 0 1
-0.119672015 -0.184044392 0.230000004 0 0 1
-0.256559447 0.196960993 0.230000004 0 0 1
0.100548058 -0.194411771 0.230000004 0 0 1
0.29067115 -0.11357496 0.230000004 0 0 1
0.043575214 -0.195788113 0.230000004 0 0 1
0.29544447 -0.0711162918 0.230000004 0 0 1
0.13413103 -0.196387944 0.230000004 0 0 1
-0.0984272001 0.19034984 0.230000004 0 0 1
0.287856804 -0.181012913 0.230000004 0 0 1
0.295191582 -0.0656789589 0.230000004 0 0 1
0.288816286 0.021434407 0.230000004 0 0 1
0.283699551 -0.0491863872 0.230000004 0 0 1
0.268936892 0.190488885 0.230000004 0 0 1
0.0887302447 -0.191052429 0.230000004 0 0 1
0.0200479243 -0.195100434 0.230000004 0 0 1
0.166295166 -0.189854638 0.230000004 0 0 1
0.285540423 -0.132216159 0.230000004 0 0 1
-0.196023133 0.191306785 0.230000004 0 0 1
-0.101731507 0.189076533 0.230000004 0 0 1
-0.294986164 0.127064468 0.230000004 0 0 1
0.216409895 0.186219568 0.230000004 0 0 1
-0.222213779 -0.195294568 0.230000004 0 0 1
-0.0931562337 0.185603818 0.230000004 0 0 1
0.252187373 -0.186255011 0.230000004 0 0 1
-0.293607723 0.035258865 0.230000004 0 0 1
-0.240657147 0.196062602 0.230000004 0 0 1
-0.126746506 -0.196203033 0.230000004 0 0 1
-0.228541758 0.189842063 0.230000004 0 0 1
0.20301785 0.196327289 0.230000004 0 0 1
-0.299346779 -0.139206188 0.230000004 0 0 1
0.291506154 -0.198056118 0.230000004 0 0 1
-0.0375653293 -0.1954224 0.230000004 0 0 1
-0.295809323 -0.0103078589 0.230000004 0 0 1
0.174223086 0.199281732 0.230000004 0 0 1
0.29368462 -0.164881813 0.230000004 0 0 1
0.296498861 0.0618380614 0.230000004 0 0 1
-0.0934560984 0.185068188 0.230000004 0 0 1
-0.151828973 0.198504877 0.230000004 0 0 1
0.288058756 0.127065805 0.230000004 0 0 1
0.0243104554 -0.196578727 0.230000004 0 0 1
0.285468219 0.168195916 0.230000004 0 0 1
-0.284393967 -0.153778761 0.230000004 0 0 1
0.297305652 0.0380400366 0.230000004 0 0 1
-0.29331124 0.0964378561 0.230000004 0 0 1
0.295710139 0.0763487093 0.230000004 0 0 1
-0.286419444 0.194795532 0.230000004 0 0 1
0.284550545 -0.160513938 0.230000004 0 0 1
-0.00619824623 0.187420954 0.230000004 0 0 1
0.285227985 -0.0811378171 0.230000004 0 0 1
-0.289414364 0.0767284155 0.230000004 0 0 1
0.276924697 0.193293283 0.230000004 0 0 1
0.264400229 -0.19080039 0.230000004 0 0 1
0.104892481 -0.189468492 0.230000004 0 0 1
0.292890491 0.194140324 0.230000004 0 0 1
0.272153003 0.18543865 0.230000004 0 0 1
0.130572742 -0.198754834 0.230000004 0 0 1
0.283498335 0.144148556 0.230000004 0 0 1
-0.29915968 -0.0173677388 0.230000004 0 0 1
-0.299324026 -0.180311612 0.230000004 0 0 1
0.196658216 -0.196450708 0.230000004 0 0 1
0.154388304 -0.190837076 0.230000004 0 0 1
0.283789416 -0.159475879 0.230000004 0 0 1
-0.285545711 -0.0192389218 0.230000004 0 0 1
-0.243666416 0.187921119 0.230000004 0 0 1
-0.0891440985 -0.18726459 0.230000004 0 0 1
0.251282949 0.184832083 0.230000004 0 0 1
0.290192882 -0.106174803 0.230000004 0 0 1
0.295600624 0.0955513526 0.230000004 0 0 1
0.29944211 -0.0024472421 0.230000004 0 0 1
-0.203749853 0.199220321 0.230000004 0 0 1
-0.0539453416 0.195451439 0.230000004 0 0 1
-0.283911865 -0.192265769 0.230000004 0 0 1
0.113025124 0.198861515 0.230000004 0 0 1
0.0398116517 -0.187006944 0.230000004 0 0 1
-0.121197603 0.198488562 0.230000004 0 0 1
0.283878109 0.144371992 0.230000004 0 0 1
-0.0063184074 -0.195597104 0.230000004 0 0 1
0.286302091 0.143801722 0.230000004 0 0 1
0.0515733917 0.189020129 0.230000004 0 0 1
0.0682649567 -0.189471608 0.230000004 0 0 1
0.132538646 -0.183078979 0.230000004 0 0 1
0.0865521376 0.184939986 0.230000004 0 0 1
-0.0430342604 -0.190989029 0.230000004 0 0 1
0.117746781 0.19408989 0.230000004 0 0 1
-0.286422591 0.0818093741 0.230000004 0 0 1
0.293088547 0.109833874 0.230000004 0 0 1
0.254331151 -0.185767886 0.230000004 0 0 1
-0.179519495 -0.1849759 0.230000004 0 0 1
-0.0370154891 -0.199809297 0.230000004 0 0 1
-0.122713021 0.183688913 0.230000004 0 0 1
-0.0776363114 -0.187519093 0.230000004 0 0 1
-0.288688926 0.0631789816 0.230000004 0 0 1
-0.129649498 0.191483971 0.230000004 0 0 1
-0.0479526581 -0.186336784 0.230000004 0 0 1
0.288800998 0.116301513 0.230000004 0 0 1
0.254715954 0.191717263 0.230000004 0 0 1
0.0651209877 0.197199608 0.230000004 0 0 1
-0.298228768 0.179035315 0.230000004 0 0 1
0.0566353882 0.186106044 0.230000004 0 0 1
0.298054541 0.124642231 0.230000004 0 0 1
-0.0687499853 -0.185853887 0.230000004 0 0 1
0.28067467 -0.191141137 0.230000004 0 0 1
-0.216703407 -0.188427475 0.230000004 0 0 1
-0.156546088 0.190355927 0.230000004 0 0 1
-0.0460131313 0.185211439 0.230000004 0 0 1
-0.281843608 0.188006307 0.230000004 0 0 1
-0.104629957 0.192713797 0.230000004 0 0 1
0.0678444537 0.199279482 0.230000004 0 0 1
-0.127510595 0.186675444 0.230000004 0 0 1
0.0483047213 -0.198054691 0.230000004 0 0 1
0.0873347234 0.187990108 0.230000004 0 0 1
0.142663269 -0.184275287 0.230000004 0 0 1
-0.0313873353 0.19725345 0.230000004 0 0 1
-0.252562495 -0.187843143 0.230000004 0 0 1
0.289263274 -0.0637691134 0.230000004 0 0 1
-0.0911212731 0.183848032 0.230000004 0 0 1
-0.0711809095 0.196164789 0.230000004 0 0 1
-0.137167642 -0.197556264 0.230000004 0 0 1
0.168070426 0.194057502 0.230000004 0 0 1
0.289154533 0.0772375628 0.230000004 0 0 1
0.118268808 -0.199249036 0.230000004 0 0 1
-0.297922714 0.106767907 0.230000004 0 0 1
0.0675768548 0.187052285 0.230000004 0 0 1
0.172264239 -0.187776089 0.230000004 0 0 1
0.146801421 -0.187224339 0.230000004 0 0 1
0.296764884 0.00253475719 0.230000004 0 0 1
0.158140162 0.192488586 0.230000004 0 0 1
-0.288561758 -0.107117302 0.230000004 0 0 1
0.291552531 0.145663062 0.230000004 0 0 1
0.0229151134 -0.184490208 0.230000004 0 0 1
0.0753117473 -0.193298712 0.230000004 0 0 1
0.215973226 0.186272746 0.230000004 0 0 1
0.287186494 0.071518153 0.230000004 0 0 1
-0.283040262 -0.0866655364 0.230000004 0 0 1
0.29778501 -0.133413408 0.230000004 0 0 1
0.274307441 0.186836113 0.230000004 0 0 1
-0.285686758 0.0147945563 0.230000004 0 0 1
0.288737752 -0.110948929 0.230000004 0 0 1
0.0840167288 -0.196463871 0.230000004 0 0 1
0.288081924 -0.0994439211 0.230000004 0 0 1
0.0977542963 -0.198184794 0.230000004 0 0 1
-0.174379194 -0.191148908 0.230000004 0 0 1
-0.183957395 -0.184503741 0.230000004 0 0 1
-0.294691299 -0.0504179742 0.230000004 0 0 1
0.273113031 -0.196394765 0.230000004 0 0 1
0.0806477077 -0.197729714 0.230000004 0 0 1
0.0301399254 -0.190969694 0.230000004 0 0 1
0.289406034 -0.10385832 0.230000004 0 0 1
0.283837033 0.178566185 0.230000004 0 0 1
-0.146527352 -0.192184799 0.230000004 0 0 1
-0.285525219 -0.159512172 0.230000004 0 0 1
-0.0751978105 0.18983929 0.230000004 0 0 1
-0.286046473 0.129052667 0.230000004 0 0 1
0.207319677 -0.19800065 0.230000004 0 0 1
0.129699871 -0.196857409 0.230000004 0 0 1
-0.0980586069 0.190148887 0.230000004 0 0 1
0.150532842 -0.190621696 0.230000004 0 0 1
0.299985881 -0.0648137937 0.230000004 0 0 1
-0.0694022919 0.18572328 0.230000004 0 0 1
-0.00759374678 -0.185028319 0.230000004 0 0 1
0.177151902 -0.188064372 0.230000004 0 0 1
0.289531013 -0.101930019 0.230000004 0 0 1
0.236407539 -0.199790566 0.230000004 0 0 1
-0.0255190545 0.188220313 0.230000004 0 0 1
0.293647451 0.00898740205 0.230000004 0 0 1
0.28518541 -0.124650199 0.230000004 0 0 1
-0.26259177 0.187610188 0.230000004 0 0 1
-0.244324569 0.183612526 0.230000004 0 0 1
-0.183549175 -0.189372364 0.230000004 0 0 1
-0.28785773 0.151822959 0.230000004 0 0 1
-0.0109573783 -0.189656334 0.230000004 0 0 1
0.294115528 0.0947570739 0.230000004 0 0 1
-0.0893891582 -0.194359528 0.230000004 0 0 1
0.0235441004 0.195136253 0.230000004 0 0 1
0.0599621738 0.195308716 0.230000004 0 0 1
-0.0518254246 -0.198927387 0.230000004 0 0 1
-0.0147400423 0.199420239 0.230000004 0 0 1
-0.287288855 -0.147531944 0.230000004 0 0 1
0.296621871 0.043331373 0.230000004 0 0 1
-0.293943425 0.0837723583 0.230000004 0 0 1
0.299632407 -0.152408827 0.230000004 0 0 1
0.0454141518 -0.184697954 0.230000004 0 0 1
-0.284647168 0.125396335 0.230000004 0 0 1
0.0399089827 0.198705307 0.230000004 0 0 1
-0.0191648778 0.189991512 0.230000004 0 0 1
0.196503463 0.183431728 0.230000004 0 0 1
-0.0601155673 0.198071463 0.230000004 0 0 1
0.28794626 -0.151993456 0.230000004 0 0 1
-0.244397184 0.195391953 0.230000004 0 0 1
0.28683384 -0.0294224733 0.230000004 0 0 1
-0.116894681 0.195725441 0.230000004 0 0 1
0.298076539 0.0163883917 0.230000004 0 0 1
0.236725815 0.193910073 0.230000004 0 0 1
-0.046288983 0.198535757 0.230000004 0 0 1
-0.0242482903 0.192740175 0.230000004 0 0 1
-0.244177222 -0.184364543 0.230000004 0 0 1
0.117528542 0.190337972 0.230000004 0 0 1
-0.0608199477 -0.192861345 0.230000004 0 0 1
0.116145136 0.187325069 0.230000004 0 0 1
0.296896214 -0.170735992 0.230000004 0 0 1
0.287329233 0.131931079 0.230000004 0 0 1
0.268093936 -0.188145244 0.230000004 0 0 1
-0.202368013 -0.191052061 0.230000004 0 0 1
0.195685381 -0.186757103 0.230000004 0 0 1
0.266350502 0.196331785 0.230000004 0 0 1
-0.0318462162 0.190403127 0.230000004 0 0 1
-0.0396417431 -0.183290148 0.230000004 0 0 1
0.111366085 -0.18702123 0.230000004 0 0 1
-0.202543258 0.188369496 0.230000004 0 0 1
0.287166836 0.0533225289 0.230000004 0 0 1
-0.153187625 -0.188340198 0.230000004 0 0 1
0.299770909 0.108178857 0.230000004 0 0 1
-0.159797877 -0.185933474 0.230000004 0 0 1
-0.286785655 0.0994617697 0.230000004 0 0 1
-0.0647260165 -0.185275442 0.230000004 0 0 1
-0.0687619443 0.197562492 0.230000004 0 0 1
0.0536265961 0.183101869 0.230000004 0 0 1
0.291601984 -0.0103057767 0.230000004 0 0 1
0.28382259 0.170144337 0.230000004 0 0 1
0.0165315288 -0.19436007 0.230000004 0 0 1
0.148262976 -0.18715333 0.230000004 0 0 1
0.049111164 0.197995403 0.230000004 0 0 1
0.097913619 -0.190402686 0.230000004 0 0 1
0.133791251 -0.183259909 0.230000004 0 0 1
0.270909421 -0.194802481 0.230000004 0 0 1
-0.176404244 0.19304874 0.230000004 0 0 1
-0.042140661 0.194300586 0.230000004 0 0 1
0.031365375 -0.192529374 0.230000004 0 0 1
0.14898016 0.187342625 0.230000004 0 0 1
0.291378542 -0.00835120493 0.230000004 0 0 1
-0.298644798 0.0954307046 0.230000004 0 0 1
0.293586962 -0.100082491 0.230000004 0 0 1
-0.0211990365 -0.196553678 0.230000004 0 0 1
-0.295015249 0.161272754 0.230000004 0 0 1
0.289009561 0.0259259581 0.230000004 0 0 1
0.294550555 -0.12549976 0.230000004 0 0 1
-0.298743174 0.0571557909 0.230000004 0 0 1
-0.290519501 0.096898559 0.230000004 0 0 1
0.297741113 -0.0719590197 0.230000004 0 0 1
0.152766731 -0.187562163 0.230000004 0 0 1
-0.264828338 -0.194096467 0.230000004 0 0 1
0.0107879919 -0.184834436 0.230000004 0 0 1
-0.143888246 -0.199689935 0.230000004 0 0 1
-0.216218465 -0.192050709 0.230000004 0 0 1
-0.291756539 0.166942038 0.230000004 0 0 1
0.170451889 -0.193556317 0.230000004 0 0 1
-0.185709568 -0.183282881 0.230000004 0 0 1
0.120483618 -0.187979213 0.230000004 0 0 1
0.289628429 -0.181448893 0.230000004 0 0 1
-0.298516418 -0.117833263 0.230000004 0 0 1
-0.292872415 0.12324361 0.230000004 0 0 1
0.00764949071 -0.189524505 0.230000004 0 0 1
0.18084827 0.18331778 0.230000004 0 0 1
-0.205395532 -0.187296511 0.230000004 0 0 1
0.286609524 -0.136578807 0.230000004 0 0 1
0.236123129 -0.19487016 0.230000004 0 0 1
-0.020120275 0.197494626 0.230000004 0 0 1
0.182104511 -0.187321035 0.230000004 0 0 1
0.291289746 0.109959903 0.230000004 0 0 1
-0.294000814 0.0852398607 0.230000004 0 0 1
0.161084425 -0.190148348 0.230000004 0 0 1
-0.295108421 0.182171738 0.230000004 0 0 1
-0.283564955 -0.1894242 0.230000004 0 0 1
0.213649178 0.191197401 0.230000004 0 0 1
-0.0938378566 -0.197882429 0.230000004 0 0 1
0.276380035 0.186769428 0.230000004 0 0 1
0.0581967209 -0.186904909 0.230000004 0 0 1
0.12030614 0.190855441 0.230000004 0 0 1
-0.255470717 -0.198600539 0.230000004 0 0 1
0.0764979337 0.192473623 0.230000004 0 0 1
0.0594269566 0.194301072 0.230000004 0 0 1
0.140224956 0.185697558 0.230000004 0 0 1
-0.0115062839 0.192556934 0.230000004 0 0 1
-0.0238324391 0.18786441 0.230000004 0 0 1
-0.0801341962 0.194451461 0.230000004 0 0 1
-0.249100243 -0.195375933 0.230000004 0 0 1
0.00377986171 0.192894991 0.230000004 0 0 1
-0.262333848 0.186072075 0.230000004 0 0 1
-0.230752675 0.19824335 0.230000004 0 0 1
-0.0672089957 0.190870882 0.230000004 0 0 1
-0.131726816 0.197760289 0.230000004 0 0 1
0.284154197 -0.0633244842 0.230000004 0 0 1
0.170686716 -0.190578423 0.230000004 0 0 1
-0.294742819 0.138760835 0.230000004 0 0 1
-0.296531919 -0.172280968 0.230000004 0 0 1
0.295918064 -0.0188371881 0.230000004 0 0 1
0.181055749 -0.196145834 0.230000004 0 0 1
-0.287002539 0.00340564552 0.230000004 0 0 1
0.135727415 -0.192678373 0.230000004 0 0 1
-0.0309217924 -0.19821167 0.230000004 0 0 1
0.259608057 0.187429009 0.230000004 0 0 1
0.291920811 0.169768857 0.230000004 0 0 1
0.278440218 0.19256951 0.230000004 0 0 1
-0.174640047 0.193734178 0.230000004 0 0 1
-0.0996985319 -0.190596725 0.230000004 0 0 1
-0.296677934 0.0848333179 0.230000004 0 0 1
-0.214868242 -0.192022635 0.230000004 0 0 1
-0.298289796 -0.169802223 0.230000004 0 0 1
-0.230273636 0.194405218 0.230000004 0 0 1
0.181475979 0.196084825 0.230000004 0 0 1
0.289079377 -0.171868083 0.230000004 0 0 1
-0.0470695758 -0.196547386 0.230000004 0 0 1
0.0550535801 0.185942722 0.230000004 0 0 1
-0.161116213 0.188246602 0.230000004 0 0 1
0.0263831117 0.196838228 0.230000004 0 0 1
-0.299132703 0.0598925758 0.230000004 0 0 1
-0.29443455 0.179285997 0.230000004 0 0 1
0.255673304 -0.192955951 0.230000004 0 0 1
0.295781968 -0.00565653591 0.230000004 0 0 1
0.261745386 0.191892602 0.230000004 0 0 1
0.289999144 0.0768303289 0.230000004 0 0 1
0.0870340772 -0.193021136 0.230000004 0 0 1
-0.296365062 -0.0642051633 0.230000004 0 0 1
0.299624308 -0.151470258 0.230000004 0 0 1
-0.29234299 -0.0762103196 0.230000004 0 0 1
-0.292531925 0.0156913241 0.230000004 0 0 1
-0.297596018 0.0725280786 0.230000004 0 0 1
0.289624953 -0.0842388962 0.230000004 0 0 1
-0.0566840367 0.197714614 0.230000004 0 0 1
-0.260975528 -0.184121201 0.230000004 0 0 1
-0.200853494 0.191956712 0.230000004 0 0 1
-0.10734749 -0.193951297 0.230000004 0 0 1
-0.185011144 0.187110879 0.230000004 0 0 1
-0.205163262 0.197850621 0.230000004 0 0 1
-0.259460809 0.198370207 0.230000004 0 0 1
-0.0697876707 0.19805629 0.230000004 0 0 1
0.178246009 0.192554902 0.230000004 0 0 1
-0.236697589 -0.193025206 0.230000004 0 0 1
-0.214295449 0.184570205 0.230000004 0 0 1
-0.283430909 0.108926879 0.230000004 0 0 1
0.185009812 0.198620828 0.230000004 0 0 1
0.118414961 -0.185218939 0.230000004 0 0 1
-0.0785383912 -0.194845838 0.230000004 0 0 1
0.290017546 -0.0176798515 0.230000004 0 0 1
-0.123185519 -0.186302374 0.230000004 0 0 1
-0.104681274 -0.183788727 0.230000004 0 0 1
0.272182498 0.190935551 0.230000004 0 0 1
-0.0909320885 -0.192038738 0.230000004 0 0 1
0.162791179 0.187338793 0.230000004 0 0 1
0.0346216816 -0.183023647 0.230000004 0 0 1
-0.285132062 0.0454777575 0.230000004 0 0 1
-0.268754686 -0.196321229 0.230000004 0 0 1
-0.298102857 -0.15179212 0.230000004 0 0 1
0.292516109 -0.176796655 0.230000004 0 0 1
0.290795472 0.136910019 0.230000004 0 0 1
-0.293561005 0.0361691748 0.230000004 0 0 1
0.0884702022 0.197631001 0.230000004 0 0 1
0.296888724 -0.173202179 0.230000004 0 0 1
0.284431815 -0.0464018154 0.230000004 0 0 1
0.297229394 0.164545452 0.230000004 0 0 1
0.286966782 -0.0110608325 0.230000004 0 0 1
-0.293043993 0.0600692968 0.230000004 0 0 1
0.177173808 -0.187081498 0.230000004 0 0 1
-0.296872858 0.122242491 0.230000004 0 0 1
-0.169887687 0.184576691 0.230000004 0 0 1
-0.0492528701 -0.195204203 0.230000004 0 0 1
0.175995489 0.183031927 0.230000004 0 0 1
-0.0859781701 0.190474409 0.230000004 0 0 1
-0.0127774432 0.195399116 0.230000004 0 0 1
-0.296309484 -0.0581047677 0.230000004 0 0 1
0.285362387 0.113733357 0.230000004 0 0 1
0.2997683 0.0515150935 0.230000004 0 0 1
-0.298313125 -0.166940075 0.230000004 0 0 1
0.110472714 -0.194674163 0.230000004 0 0 1
-0.0494799814 -0.196182386 0.230000004 0 0 1
-0.287192142 -0.0735374171 0.230000004 0 0 1
0.207110034 -0.195684944 0.230000004 0 0 1
0.0165352163 0.19175108 0.230000004 0 0 1
0.135479165 -0.195367083 0.230000004 0 0 1
0.00907695502 0.184367111 0.230000004 0 0 1
-0.275908255 -0.196288222 0.230000004 0 0 1
0.28506855 0.0521262911 0.230000004 0 0 1
-0.18296236 0.196707863 0.230000004 0 0 1
-0.299546723 0.0123153248 0.230000004 0 0 1
0.156769148 -0.191771814 0.230000004 0 0 1
0.0740279539 0.191902577 0.230000004 0 0 1
0.102569267 -0.188290187 0.230000004 0 0 1
0.294123596 0.0607534722 0.230000004 0 0 1
0.0245641734 -0.184296643 0.230000004 0 0 1
0.296840969 0.183476324 0.230000004 0 0 1
0.293499147 -0.0106711361 0.230000004 0 0 1
-0.16963268 -0.194833818 0.230000004 0 0 1
0.169301473 -0.187131602 0.230000004 0 0 1
0.0448158483 0.195554632 0.230000004 0 0 1
0.257815348 0.1974034 0.230000004 0 0 1
0.298304324 0.194564451 0.230000004 0 0 1
-0.297940793 0.0942480787 0.230000004 0 0 1
0.0630749509 -0.193621322 0.230000004 0 0 1
-0.286071047 -0.152530391 0.230000004 0 0 1
0.0618402251 -0.190125502 0.230000004 0 0 1
0.115174713 -0.187698822 0.230000004 0 0 1
-0.292490291 0.17845786 0.230000004 0 0 1
-0.0256249655 0.187395809 0.230000004 0 0 1
-0.130430709 0.189291372 0.230000004 0 0 1
0.0581387827 -0.188946372 0.230000004 0 0 1
-0.289585866 -0.104173438 0.230000004 0 0 1
-0.291147315 -0.0637324602 0.230000004 0 0 1
-0.0489826941 0.199957841 0.230000004 0 0 1
-0.29580265 -0.196911486 0.230000004 0 0 1
-0.21096668 0.189325462 0.230000004 0 0 1
0.290458773 0.00356699117 0.230000004 0 0 1
-0.114606983 -0.197724122 0.230000004 0 0 1
0.191556115 -0.195185401 0.230000004 0 0 1
-0.252411409 0.189217318 0.230000004 0 0 1
-0.294951253 0.110662103 0.230000004 0 0 1
0.00759860276 -0.1862141 0.230000004 0 0 1
-0.207544178 0.197509254 0.230000004 0 0 1
0.0670293479 -0.193917901 0.230000004 0 0 1
0.285069068 -0.00649579562 0.230000004 0 0 1
-0.0492704879 -0.193442981 0.230000004 0 0 1
0.295423295 0.047633627 0.230000004 0 0 1
-0.2970714 0.0344044914 0.230000004 0 0 1
-0.057894746 0.194217367 0.230000004 0 0 1
-0.283068536 -0.141390135 0.230000004 0 0 1
0.147392415 0.183819411 0.230000004 0 0 1
0.284818642 0.0402459776 0.230000004 0 0 1
0.000397194418 0.192612902 0.230000004 0 0 1
0.287613301 -0.130136482 0.230000004 0 0 1
0.293547264 -0.00699798898 0.230000004 0 0 1
0.166251497 -0.184412875 0.230000004 0 0 1
0.0945951138 0.199220237 0.230000004 0 0 1
0.16162666 -0.187035634 0.230000004 0 0 1
-0.29573467 -0.1292747 0.230000004 0 0 1
-0.00072070105 0.185915298 0.230000004 0 0 1
0.29559338 -0.0892155541 0.230000004 0 0 1
-0.296461954 -0.0645529067 0.230000004 0 0 1
0.239279252 -0.184442546 0.230000004 0 0 1
0.289606641 -0.0993302617 0.230000004 0 0 1
-0.294706881 0.185384048 0.230000004 0 0 1
0.2137629 -0.196762421 0.230000004 0 0 1
-0.284856952 0.11847195 0.230000004 0 0 1
-0.258175109 -0.190295307 0.230000004 0 0 1
-0.098117145 0.189843234 0.230000004 0 0 1
0.284730163 0.133052377 0.230000004 0 0 1
-0.166016851 0.188064371 0.230000004 0 0 1
0.0644778425 0.194805132 0.230000004 0 0 1
0.292154655 0.132803518 0.230000004 0 0 1
0.295310318 0.0202461455 0.230000004 0 0 1
0.229577568 -0.191988477 0.230000004 0 0 1
0.297984632 0.16269805 0.230000004 0 0 1
0.285275262 -0.000788994878 0.230000004 0 0 1
-0.284253094 0.017957148 0.230000004 0 0 1
0.256068473 0.194108214 0.230000004 0 0 1
0.069149281 0.184998216 0.230000004 0 0 1
0.21531767 -0.186753599 0.230000004 0 0 1
0.234931484 -0.196198934 0.230000004 0 0 1
0.189381268 0.198001389 0.230000004 0 0 1
0.286024304 -0.153361028 0.230000004 0 0 1
-0.0194556439 0.190732508 0.230000004 0 0 1
-0.287432509 -0.0464114574 0.230000004 0 0 1
-0.203916835 -0.195196692 0.230000004 0 0 1
0.264648555 -0.184916895 0.230000004 0 0 1
-0.283077345 -0.134169417 0.230000004 0 0 1
-0.288575874 -0.0064556475 0.230000004 0 0 1
-0.230647957 0.198093158 0.230000004 0 0 1
0.238266111 -0.188169165 0.230000004 0 0 1
-0.287629958 -0.187769459 0.230000004 0 0 1
0.294160405 0.11311127 0.230000004 0 0 1
0.156298088 0.190076501 0.230000004 0 0 1
-0.295811658 0.18848906 0.230000004 0 0 1
-0.208504089 0.188446387 0.230000004 0 0 1
-0.246385312 -0.188158397 0.230000004 0 0 1
-0.129426358 0.193866841 0.230000004 0 0 1
-0.124871037 -0.199907611 0.230000004 0 0 1
0.299666637 0.101628631 0.230000004 0 0 1
0.294215872 -0.118348819 0.230000004 0 0 1
-0.0976803622 -0.18396794 0.230000004 0 0 1
0.157984574 0.194525364 0.230000004 0 0 1
-0.287658272 -0.041372453 0.230000004 0 0 1
0.285634735 -0.0931765255 0.230000004 0 0 1
-0.162268127 0.188840219 0.230000004 0 0 1
-0.23506477 0.18507178 0.230000004 0 0 1
-0.288352624 -0.0155159356 0.230000004 0 0 1
-0.147934691 -0.185947893 0.230000004 0 0 1
-0.111511188 0.192761395 0.230000004 0 0 1
-0.257013616 0.186014253 0.230000004 0 0 1
-0.292349525 -0.172366984 0.230000004 0 0 1
-0.292543491 -0.078996063 0.230000004 0 0 1
0.288305209 0.00619782743 0.230000004 0 0 1
-0.287110947 0.0229172552 0.230000004 0 0 1
0.121388701 0.187318947 0.230000004 0 0 1
-0.114467954 -0.19434368 0.230000004 0 0 1
-0.246102993 -0.186785552 0.230000004 0 0 1
-0.122317048 -0.186233078 0.230000004 0 0 1
-0.117161017 -0.199881485 0.230000004 0 0 1
0.28871429 -0.164150971 0.230000004 0 0 1
0.017062688 0.196361462 0.230000004 0 0 1
-0.28731497 -0.0330612816 0.230000004 0 0 1
-0.0708485621 0.183577689 0.230000004 0 0 1
0.284944159 0.144984134 0.230000004 0 0 1
0.030602929 0.199981204 0.230000004 0 0 1
0.0254951281 -0.184544184 0.230000004 0 0 1
0.213019316 0.192063622 0.230000004 0 0 1
-0.211338624 -0.183950576 0.230000004 0 0 1
0.0479797218 -0.19027756 0.230000004 0 0 1
-0.295595568 -0.132351649 0.230000004 0 0 1
0.167870208 -0.198663708 0.230000004 0 0 1
0.298610947 -0.0456211836 0.230000004 0 0 1
0.0407913072 0.190895263 0.230000004 0 0 1
-0.291787782 -0.18167762 0.230000004 0 0 1
-0.19595926 -0.19372286 0.230000004 0 0 1
-0.00930236487 0.186831265 0.230000004 0 0 1
-0.15149935 -0.188606454 0.230000004 0 0 1
0.00977314692 -0.197657803 0.230000004 0 0 1
0.287050368 -0.026110484 0.230000004 0 0 1
0.00352648575 -0.19202886 0.230000004 0 0 1
-0.286719538 -0.156305549 0.230000004 0 0 1
-0.286108583 0.115807526 0.230000004 0 0 1
0.0123659353 0.197512918 0.230000004 0 0 1
0.294113231 0.161009886 0.230000004 0 0 1
0.283601478 -0.179987456 0.230000004 0 0 1
0.295847619 -0.0786086979 0.230000004 0 0 1
0.0104494408 0.197422445 0.230000004 0 0 1
-0.0356911541 -0.187649123 0.230000004 0 0 1
-0.294822884 -0.0793155007 0.230000004 0 0 1
-0.141280062 -0.186771031 0.230000004 0 0 1
-0.0958593262 0.184908028 0.230000004 0 0 1
0.283725313 0.153859439 0.230000004 0 0 1
-0.296675003 -0.17982217 0.230000004 0 0 1
0.297034261 0.19653224 0.230000004 0 0 1
0.267822291 0.187829383 0.230000004 0 0 1
-0.287657633 -0.0626812241 0.230000004 0 0 1
-0.182031307 -0.188675898 0.230000004 0 0 1
0.0263732854 -0.190336239 0.230000004 0 0 1
-0.183492599 0.18495515 0.230000004 0 0 1
-0.213887816 0.19733565 0.230000004 0 0 1
-0.151848439 0.188873545 0.230000004 0 0 1
0.034353913 0.190589754 0.230000004 0 0 1
0.123546437 -0.185399018 0.230000004 0 0 1
-0.287641215 -0.15129059 0.230000004 0 0 1
0.0632012468 -0.196785467 0.230000004 0 0 1
-0.0965360728 -0.184113005 0.230000004 0 0 1
0.256583735 0.193491381 0.230000004 0 0 1
-0.0657720116 -0.195949958 0.230000004 0 0 1
0.288218035 -0.0386032913 0.230000004 0 0 1
-0.21306169 -0.197287017 0.230000004 0 0 1
-0.123386314 -0.197706887 0.230000004 0 0 1
0.0791876285 -0.194161713 0.230000004 0 0 1
0.293385635 -0.0987198403 0.230000004 0 0 1
-0.0907468436 0.192229196 0.230000004 0 0 1
-0.285473675 -0.161357589 0.230000004 0 0 1
0.283060493 0.0646674187 0.230000004 0 0 1
-0.298910869 0.140559964 0.230000004 0 0 1
-0.175468292 -0.187465448 0.230000004 0 0 1
-0.0478121247 0.189606497 0.230000004 0 0 1
-0.0986056454 0.188239203 0.230000004 0 0 1
-0.175043033 -0.193956953 0.230000004 0 0 1
0.282412377 0.184010433 0.230000004 0 0 1
-0.286100424 0.065014264 0.230000004 0 0 1
0.0313842277 -0.185130281 0.230000004 0 0 1
0.0739690197 0.19109123 0.230000004 0 0 1
0.242084693 0.188465694 0.230000004 0 0 1
0.207518709 0.193629093 0.230000004 0 0 1
-0.284120598 0.0791902232 0.230000004 0 0 1
0.184749515 0.185837302 0.230000004 0 0 1
-0.0190353977 0.194494216 0.230000004 0 0 1
-0.0106409802 -0.190082607 0.230000004 0 0 1
0.243699681 0.184419594 0.230000004 0 0 1
0.284322744 0.158586513 0.230000004 0 0 1
-0.291101256 -0.0215527528 0.230000004 0 0 1
0.293404043 -0.0417309248 0.230000004 0 0 1
-0.24269512 0.190223589 0.230000004 0 0 1
-0.0590056931 -0.196103909 0.230000004 0 0 1
0.149281639 0.196771778 0.230000004 0 0 1
-0.29078864 0.172965305 0.230000004 0 0 1
-0.22198286 -0.196267811 0.230000004 0 0 1
-0.295911535 0.0973826719 0.230000004 0 0 1
0.0188800427 0.194091323 0.230000004 0 0 1
0.29127823 -0.0836244688 0.230000004 0 0 1
-0.171535768 -0.194100752 0.230000004 0 0 1
0.290760626 0.012620165 0.230000004 0 0 1
-0.289562946 -0.0147448805 0.230000004 0 0 1
-0.137072113 0.189556654 0.230000004 0 0 1
0.0391415175 0.197118208 0.230000004 0 0 1
-0.287541501 -0.00324646067 0.230000004 0 0 1
0.28506493 -0.0843392503 0.230000004 0 0 1
-0.297416058 -0.173856776 0.230000004 0 0 1
-0.132069737 0.187947896 0.230000004 0 0 1
-0.294731832 -0.1777668 0.230000004 0 0 1
0.288445233 -0.025463066 0.230000004 0 0 1
-0.227768587 -0.185762005 0.230000004 0 0 1
0.284032659 0.0785911681 0.230000004 0 0 1
0.0770597906 0.197250145 0.230000004 0 0 1
0.239681564 -0.197990158 0.230000004 0 0 1
0.2313326 -0.195249911 0.230000004 0 0 1
-0.0860561904 -0.193588906 0.230000004 0 0 1
-0.143232034 0.192287172 0.230000004 0 0 1
-0.297039699 -0.114217606 0.230000004 0 0 1
-0.0992152206 -0.188790066 0.230000004 0 0 1
0.289536843 0.0781969481 0.230000004 0 0 1
-0.278767978 -0.190291629 0.230000004 0 0 1
0.294645283 0.156533318 0.230000004 0 0 1
-0.258244894 0.183407009 0.230000004 0 0 1
0.291420067 0.192359719 0.230000004 0 0 1
0.148420437 -0.188825531 0.230000004 0 0 1
0.291597363 -0.0552435817 0.230000004 0 0 1
-0.157077973 0.190695243 0.230000004 0 0 1
0.286418646 0.171940767 0.230000004 0 0 1
-0.289626513 0.118906866 0.230000004 0 0 1
0.286597368 0.0342184057 0.230000004 0 0 1
-0.295661029 -0.0751539702 0.230000004 0 0 1
-0.289477367 -0.0578261684 0.230000004 0 0 1
-0.296521954 -0.0123513165 0.230000004 0 0 1
0.294224603 0.195805488 0.230000004 0 0 1
-0.29680325 -0.149246241 0.230000004 0 0 1
0.294142199 0.17253822 0.230000004 0 0 1
0.0605095292 -0.195311214 0.230000004 0 0 1
-0.285184457 -0.00342416486 0.230000004 0 0 1
0.196216665 0.19135258 0.230000004 0 0 1
0.286195528 -0.0482338613 0.230000004 0 0 1
0.00735302118 -0.199586209 0.230000004 0 0 1
0.285652029 0.180689766 0.230000004 0 0 1
0.28565186 0.118849135 0.230000004 0 0 1
0.284244886 0.11771983 0.230000004 0 0 1
-0.134638916 -0.193258446 0.230000004 0 0 1
0.0881194567 -0.191846196 0.230000004 0 0 1
-0.00556541848 0.192843894 0.230000004 0 0 1
-0.290735985 -0.143463783 0.230000004 0 0 1
0.118543981 -0.194937683 0.230000004 0 0 1
-0.164994224 0.195047848 0.230000004 0 0 1
-0.176288193 -0.189181228 0.230000004 0 0 1
0.000841209145 -0.195782921 0.230000004 0 0 1
-0.284318924 0.0913009955 0.230000004 0 0 1
-0.26169244 0.189215837 0.230000004 0 0 1
-0.273298955 0.199702283 0.230000004 0 0 1
-0.284711004 -0.190795715 0.230000004 0 0 1
-0.298465051 -0.115450685 0.230000004 0 0 1
-0.29942726 -0.0103771152 0.230000004 0 0 1
0.286522173 -0.10136348 0.230000004 0 0 1
0.258683523 -0.183651303 0.230000004 0 0 1
0.284851738 -0.11299285 0.230000004 0 0 1
-0.222289723 0.187139335 0.230000004 0 0 1
-0.146157658 0.199938967 0.230000004 0 0 1
-0.101386468 0.191678202 0.230000004 0 0 1
0.165621442 0.197779308 0.230000004 0 0 1
0.298206453 -0.197333107 0.230000004 0 0 1
0.189017288 -0.192118448 0.230000004 0 0 1
0.182319966 -0.188636659 0.230000004 0 0 1
-0.102967467 -0.187341157 0.230000004 0 0 1
-0.218831376 0.192434812 0.230000004 0 0 1
0.28930183 0.170808164 0.230000004 0 0 1
-0.287124518 -0.0409653415 0.230000004 0 0 1
0.168765464 0.196271641 0.230000004 0 0 1
-0.199140225 -0.184590845 0.230000004 0 0 1
-0.274494349 -0.190177844 0.230000004 0 0 1
0.292425131 -0.159279444 0.230000004 0 0 1
-0.0998307485 0.186024812 0.230000004 0 0 1
-0.0457992717 -0.197763168 0.230000004 0 0 1
-0.284143235 0.116226357 0.230000004 0 0 1
-0.284164389 -0.0389300735 0.230000004 0 0 1
0.296355214 -0.133357901 0.230000004 0 0 1
0.293673513 0.0553249717 0.230000004 0 0 1
0.294804431 0.0961282181 0.230000004 0 0 1
-0.124096255 0.191092644 0.230000004 0 0 1
-0.28963153 -0.0813974452 0.230000004 0 0 1
-0.116342282 -0.196996487 0.230000004 0 0 1
-0.0439489158 -0.195458377 0.230000004 0 0 1
-0.296147691 -0.100463367 0.230000004 0 0 1
0.0598779089 -0.195996533 0.230000004 0 0 1
-0.0689583176 0.196832514 0.230000004 0 0 1
-0.296572731 0.104914838 0.230000004 0 0 1
-0.284112123 0.165879386 0.230000004 0 0 1
-0.242297065 -0.183631256 0.230000004 0 0 1
-0.0214318353 -0.189979544 0.230000004 0 0 1
0.283704936 0.143637125 0.230000004 0 0 1
-0.285158356 -0.102184463 0.230000004 0 0 1
0.293536662 -0.184197897 0.230000004 0 0 1
0.285658531 -0.117311802 0.230000004 0 0 1
0.295600374 0.0703387777 0.230000004 0 0 1
0.296229164 -0.0213121455 0.230000004 0 0 1
-0.131647629 0.188714413 0.230000004 0 0 1
0.290840571 -0.114641832 0.230000004 0 0 1
0.153458858 -0.186738776 0.230000004 0 0 1
-0.261822053 -0.191118089 0.230000004 0 0 1
0.231950534 0.185676989 0.230000004 0 0 1
-0.207815572 -0.19609794 0.230000004 0 0 1
-0.213073486 0.190181261 0.230000004 0 0 1
-0.298439909 -0.162434117 0.230000004 0 0 1
0.0719693732 -0.189442351 0.230000004 0 0 1
0.255394626 -0.194640094 0.230000004 0 0 1
0.284208684 -0.159098016 0.230000004 0 0 1
-0.107501066 0.199711744 0.230000004 0 0 1
0.233964754 0.185723319 0.230000004 0 0 1
0.299031621 -0.164232034 0.230000004 0 0 1
0.142029379 0.194319236 0.230000004 0 0 1
-0.258764443 -0.183979669 0.230000004 0 0 1
0.284757391 0.0143753424 0.230000004 0 0 1
-0.0462159252 0.185394975 0.230000004 0 0 1
0.281859809 0.198222984 0.230000004 0 0 1
0.0193741571 0.187731032 0.230000004 0 0 1
-0.2852701 -0.0667242447 0.230000004 0 0 1
-0.134400946 -0.184686414 0.230000004 0 0 1
-0.149442294 -0.186150018 0.230000004 0 0 1
0.204183773 -0.1836936 0.230000004 0 0 1
-0.286348513 -0.131464531 0.230000004 0 0 1
0.0703103022 0.193054728 0.230000004 0 0 1
-0.117600716 0.19911923 0.230000004 0 0 1
-0.199142903 -0.190757414 0.230000004 0 0 1
-0.2855064 0.118158243 0.230000004 0 0 1
0.236548769 -0.187466624 0.230000004 0 0 1
0.176625014 -0.183175236 0.230000004 0 0 1
-0.284251017 -0.0964350228 0.230000004 0 0 1
-0.0830682783 0.190499089 0.230000004 0 0 1
0.2070635 -0.195572745 0.230000004 0 0 1
-0.0906456048 0.191788559 0.230000004 0 0 1
-0.286095754 -0.0853203885 0.230000004 0 0 1
-0.22528468 0.185101112 0.230000004 0 0 1
-0.199786991 0.199674009 0.230000004 0 0 1
0.284739328 -0.0475866219 0.230000004 0 0 1
-0.299628343 0.100437214 0.230000004 0 0 1
0.0619992999 0.186252046 0.230000004 0 0 1
0.279574959 -0.185262794 0.230000004 0 0 1
-0.287308545 -0.166726126 0.230000004 0 0 1
0.126533435 -0.186258928 0.230000004 0 0 1
-0.281563678 -0.183611188 0.230000004 0 0 1
-0.29203643 0.155556406 0.230000004 0 0 1
0.264545311 -0.197851964 0.230000004 0 0 1
0.287090793 -0.133773174 0.230000004 0 0 1
0.17000647 0.196935966 0.230000004 0 0 1
0.178565233 -0.191829989 0.230000004 0 0 1
0.286797722 0.0873679137 0.230000004 0 0 1
-0.0592329089 -0.199040066 0.230000004 0 0 1
0.0151719507 -0.18544419 0.230000004 0 0 1
-0.221020494 0.184475652 0.230000004 0 0 1
0.294503008 -0.106342336 0.230000004 0 0 1
0.291489173 0.168954102 0.230000004 0 0 1
0.0078273599 -0.194376837 0.230000004 0 0 1
-0.288908009 0.199305755 0.230000004 0 0 1
-0.247745427 0.193793378 0.230000004 0 0 1
-0.298322802 0.0107623432 0.230000004 0 0 1
-0.260816602 0.193799369 0.230000004 0 0 1
-0.103485755 -0.190250402 0.230000004 0 0 1
0.0650181762 0.198453539 0.230000004 0 0 1
0.209810512 -0.199571197 0.230000004 0 0 1
-0.235738528 0.186670851 0.230000004 0 0 1
-0.296383664 0.184608328 0.230000004 0 0 1
-0.29551674 -0.157824967 0.230000004 0 0 1
0.299929638 0.196554812 0.230000004 0 0 1
-0.15156535 -0.197378016 0.230000004 0 0 1
0.271344304 -0.184955786 0.230000004 0 0 1
-0.124390679 0.190798387 0.230000004 0 0 1
-0.161401577 -0.196700487 0.230000004 0 0 1
-0.290661945 0.123275926 0.230000004 0 0 1
0.28990966 -0.141588359 0.230000004 0 0 1
0.29906392 0.183228208 0.230000004 0 0 1
-0.075575115 0.189435318 0.230000004 0 0 1
0.290467061 -0.0766484949 0.230000004 0 0 1
0.0217763167 0.198455846 0.230000004 0 0 1
-0.0884607999 -0.186209884 0.230000004 0 0 1
-0.0820317342 0.195668964 0.230000004 0 0 1
0.235482741 -0.198666886 0.230000004 0 0 1
0.0459878766 -0.190470702 0.230000004 0 0 1
-0.00313633909 -0.195192039 0.230000004 0 0 1
0.0620343198 0.196035557 0.230000004 0 0 1
0.0975400029 0.187426052 0.230000004 0 0 1
0.239473674 -0.192798189 0.230000004 0 0 1
-0.0333386415 0.186525966 0.230000004 0 0 1
-0.144813384 0.188643156 0.230000004 0 0 1
-0.183606661 -0.194311994 0.230000004 0 0 1
-0.0074562965 -0.18647882 0.230000004 0 0 1
0.292219314 -0.149697336 0.230000004 0 0 1
-0.180477776 0.19355247 0.230000004 0 0 1
0.28649762 0.0985004214 0.230000004 0 0 1
-0.285598582 0.0245850526 0.230000004 0 0 1
-0.137960002 -0.194447328 0.230000004 0 0 1
0.249688559 -0.183491422 0.230000004 0 0 1
0.113324392 0.183055645 0.230000004 0 0 1
0.182668116 -0.196171353 0.230000004 0 0 1
0.209769079 0.194851122 0.230000004 0 0 1
0.292592143 -0.147096407 0.230000004 0 0 1
-0.293418188 0.155954343 0.230000004 0 0 1
-0.132050325 0.185719664 0.230000004 0 0 1
-0.142984659 0.192063791 0.230000004 0 0 1
-0.297915011 -0.162755387 0.230000004 0 0 1
0.292926076 -0.110504804 0.230000004 0 0 1
0.294207006 -0.19048859 0.230000004 0 0 1
-0.25826853 0.189971397 0.230000004 0 0 1
-0.267065802 0.185856061 0.230000004 0 0 1
0.165056837 0.184944295 0.230000004 0 0 1
-0.0328696372 0.195538498 0.230000004 0 0 1
-0.292797648 0.0842671935 0.230000004 0 0 1
0.215962768 0.198541987 0.230000004 0 0 1
0.0197275415 0.186377924 0.230000004 0 0 1
0.284104234 -0.12150446 0.230000004 0 0 1
-0.17425892 -0.190936887 0.230000004 0 0 1
0.222928699 -0.188920591 0.230000004 0 0 1
-0.00704524816 0.191656672 0.230000004 0 0 1
0.273250382 -0.186197925 0.230000004 0 0 1
-0.28645188 0.0768815775 0.230000004 0 0 1
-0.295840164 0.0724955138 0.230000004 0 0 1
-0.28732578 -0.0865579747 0.230000004 0 0 1
0.288789188 -0.101880442 0.230000004 0 0 1
0.296195132 0.194960129 0.230000004 0 0 1
-0.286308554 -0.118888838 0.230000004 0 0 1
-0.196895261 -0.191584041 0.230000004 0 0 1
0.0666617971 0.19768821 0.230000004 0 0 1
0.284092466 0.140492974 0.230000004 0 0 1
-0.0737121009 0.187584415 0.230000004 0 0 1
-0.295448092 -0.034987814 0.230000004 0 0 1
-0.0575255437 -0.195876881 0.230000004 0 0 1
-0.266656268 0.198212643 0.230000004 0 0 1
-0.0266541082 0.197842972 0.230000004 0 0 1
0.279641251 0.199322858 0.230000004 0 0 1
0.0419060122 -0.18421336 0.230000004 0 0 1
0.294438764 0.0934030624 0.230000004 0 0 1
0.272114425 -0.188586589 0.230000004 0 0 1
-0.297091605 -0.0365814811 0.230000004 0 0 1
0.280257856 0.191599924 0.230000004 0 0 1
-0.128449125 -0.192189134 0.230000004 0 0 1
-0.288494586 0.175822425 0.230000004 0 0 1
-0.293633682 0.00716435186 0.230000004 0 0 1
0.251507795 -0.18329583 0.230000004 0 0 1
-0.0731192317 0.192120952 0.230000004 0 0 1
-0.284016794 0.0648264666 0.230000004 0 0 1
0.0149918199 0.191089982 0.230000004 0 0 1
-0.283913313 -0.0212632309 0.230000004 0 0 1
0.0945186898 -0.198840528 0.230000004 0 0 1
0.297406534 0.111758746 0.230000004 0 0 1
-0.193299694 -0.186144411 0.230000004 0 0 1
-0.0914844589 0.194564787 0.230000004 0 0 1
-0.0592110097 -0.199664546 0.230000004 0 0 1
0.0731323608 0.189998511 0.230000004 0 0 1
-0.101467152 -0.189175332 0.230000004 0 0 1
-0.148248595 -0.193105592 0.230000004 0 0 1
0.17076169 0.187824337 0.230000004 0 0 1
-0.2930811 -0.161599837 0.230000004 0 0 1
-0.286782596 -0.161269223 0.230000004 0 0 1
-0.215674285 -0.191625591 0.230000004 0 0 1
-0.287993286 -0.125504053 0.230000004 0 0 1
0.156269551 -0.188904115 0.230000004 0 0 1
0.290771325 0.164031471 0.230000004 0 0 1
0.118996997 -0.19893976 0.230000004 0 0 1
-0.291573352 0.0307953086 0.230000004 0 0 1
0.294122117 0.106611241 0.230000004 0 0 1
-0.231358774 0.184191274 0.230000004 0 0 1
0.203791818 0.194420994 0.230000004 0 0 1
0.287959107 -0.0735676483 0.230000004 0 0 1
0.295049978 0.115523246 0.230000004 0 0 1
0.0927886053 -0.191307307 0.230000004 0 0 1
0.292195006 -0.134821164 0.230000004 0 0 1
-0.00697133807 -0.198337501 0.230000004 0 0 1
0.285740399 0.0789824903 0.230000004 0 0 1
-0.293232698 0.12092203 0.230000004 0 0 1
-0.289788314 -0.118182724 0.230000004 0 0 1
0.167312954 0.183113335 0.230000004 0 0 1
0.298463964 0.033468046 0.230000004 0 0 1
0.285642679 0.0667103535 0.230000004 0 0 1
0.136513217 0.190061685 0.230000004 0 0 1
0.165833228 -0.191075143 0.230000004 0 0 1
0.29680974 -0.126251823 0.230000004 0 0 1
0.168246219 0.194075331 0.230000004 0 0 1
0.163512131 0.189848849 0.230000004 0 0 1
0.292646426 0.00550646521 0.230000004 0 0 1
-0.0366474018 -0.199724949 0.230000004 0 0 1
-0.284120332 -0.0223977095 0.230000004 0 0 1
-0.29295274 0.13446402 0.230000004 0 0 1
0.0327146376 0.192363353 0.230000004 0 0 1
0.295944287 -0.0760257118 0.230000004 0 0 1
0.214358059 0.190176772 0.230000004 0 0 1
0.0546639497 -0.183775101 0.230000004 0 0 1
0.11182472 -0.190919551 0.230000004 0 0 1
-0.295197958 -0.123288885 0.230000004 0 0 1
0.29610148 -0.100015398 0.230000004 0 0 1
-0.0530480316 -0.193319203 0.230000004 0 0 1
-0.294060281 -0.130020732 0.230000004 0 0 1
-0.17704446 0.196389972 0.230000004 0 0 1
0.25797807 0.18586033 0.230000004 0 0 1
0.138465295 0.189767531 0.230000004 0 0 1
-0.297511551 -0.136185213 0.230000004 0 0 1
0.082907126 0.194518434 0.230000004 0 0 1
-0.174900275 0.197191778 0.230000004 0 0 1
0.156448984 -0.198126888 0.230000004 0 0 1
-0.276145142 0.18519355 0.230000004 0 0 1
0.287916031 0.0989171009 0.230000004 0 0 1
0.255317004 0.196297814 0.230000004 0 0 1
-0.291886657 -0.104259959 0.230000004 0 0 1
-0.186044916 0.183265003 0.230000004 0 0 1
0.16495852 -0.195540765 0.230000004 0 0 1
0.145972911 -0.198118535 0.230000004 0 0 1
0.143170425 0.197658384 0.230000004 0 0 1
0.154078504 -0.185952142 0.230000004 0 0 1
0.260275221 -0.185000708 0.230000004 0 0 1
-0.0141194062 0.196134756 0.230000004 0 0 1
-0.044968564 -0.184546214 0.230000004 0 0 1
-0.0679301591 -0.196882647 0.230000004 0 0 1
0.289756299 -0.142165659 0.230000004 0 0 1
0.285349482 0.052356123 0.230000004 0 0 1
0.236886237 -0.195466575 0.230000004 0 0 1
0.087125158 -0.196777886 0.230000004 0 0 1
0.0384703681 0.19412401 0.230000004 0 0 1
0.128348919 0.189585121 0.230000004 0 0 1
0.297016004 -0.189332612 0.230000004 0 0 1
0.256789928 -0.190216907 0.230000004 0 0 1
0.293311361 -0.10935216 0.230000004 0 0 1
-0.220126764 -0.189510939 0.230000004 0 0 1
0.293623894 -0.162739459 0.230000004 0 0 1
-0.2084456 0.194759894 0.230000004 0 0 1
0.295440028 -0.129575983 0.230000004 0 0 1
0.298997055 0.1233542 0.230000004 0 0 1
-0.0818931386 -0.186595657 0.230000004 0 0 1
-0.299903322 0.163926949 0.230000004 0 0 1
0.030316545 -0.197560367 0.230000004 0 0 1
0.113560468 0.183003741 0.230000004 0 0 1
-0.286483544 0.116503108 0.230000004 0 0 1
-0.209736685 -0.193047926 0.230000004 0 0 1
0.138752775 -0.198538838 0.230000004 0 0 1
-0.296207016 -0.127686292 0.230000004 0 0 1
0.288765673 -0.0636331567 0.230000004 0 0 1
-0.294157205 0.0339692021 0.230000004 0 0 1
0.228680979 -0.196500243 0.230000004 0 0 1
-0.29263793 0.116929022 0.230000004 0 0 1
-0.0812514325 -0.195457567 0.230000004 0 0 1
-0.294527269 -0.182757029 0.230000004 0 0 1
-0.282549568 -0.194600263 0.230000004 0 0 1
-0.0420203542 -0.198245268 0.230000004 0 0 1
-0.181428382 -0.191652727 0.230000004 0 0 1
-0.251735776 0.199122568 0.230000004 0 0 1
-0.0520923513 0.183162041 0.230000004 0 0 1
0.294978358 0.0445574532 0.230000004 0 0 1
0.189296789 0.19516087 0.230000004 0 0 1
0.290829002 -0.173804049 0.230000004 0 0 1
0.286984844 -0.0913869579 0.230000004 0 0 1
0.146658637 0.191437352 0.230000004 0 0 1
0.154479595 0.191060034 0.230000004 0 0 1
0.114849658 -0.190255206 0.230000004 0 0 1
-0.290027632 0.0768049665 0.230000004 0 0 1
-0.0296907492 -0.191025558 0.230000004 0 0 1
-0.133589587 0.195892487 0.230000004 0 0 1
-0.295741505 0.0483651887 0.230000004 0 0 1
-0.214944147 -0.185888796 0.230000004 0 0 1
0.193474417 -0.193045428 0.230000004 0 0 1
0.266503045 -0.194844094 0.230000004 0 0 1
0.29539033 0.0422131515 0.230000004 0 0 1
-0.196190225 0.191063246 0.230000004 0 0 1
-0.172232955 -0.194669611 0.230000004 0 0 1
0.2457753 -0.192576188 0.230000004 0 0 1
-0.197466629 0.186763977 0.230000004 0 0 1
0.296567728 -0.132175945 0.230000004 0 0 1
0.00148676112 0.190858533 0.230000004 0 0 1
-0.14991071 0.191545802 0.230000004 0 0 1
0.109509591 -0.195989357 0.230000004 0 0 1
0.163674196 0.18928952 0.230000004 0 0 1
-0.146877676 0.183099863 0.230000004 0 0 1
0.288639579 0.159688177 0.230000004 0 0 1
-0.0692353197 -0.197070102 0.230000004 0 0 1
-0.286024707 -0.103016299 0.230000004 0 0 1
-0.278861934 0.19732892 0.230000004 0 0 1
-0.29274294 -0.170122112 0.230000004 0 0 1
-0.288778644 -0.101581683 0.230000004 0 0 1
0.287892351 0.0889258336 0.230000004 0 0 1
0.299681679 -0.148493035 0.230000004 0 0 1
0.289615292 -0.178856378 0.230000004 0 0 1
-0.105892404 0.19485317 0.230000004 0 0 1
-0.287615812 -0.0607245353 0.230000004 0 0 1
-0.287944705 -0.197594301 0.230000004 0 0 1
-0.286478107 0.199537215 0.230000004 0 0 1
-0.0961015841 -0.184226852 0.230000004 0 0 1
-0.00353733497 0.184140361 0.230000004 0 0 1
0.0915473815 -0.189483224 0.230000004 0 0 1
-0.285292162 -0.12804973 0.230000004 0 0 1
-0.0157987034 0.185286797 0.230000004 0 0 1
-0.133934809 -0.186053912 0.230000004 0 0 1
0.154225079 -0.197995629 0.230000004 0 0 1
-0.288698889 -0.131843624 0.230000004 0 0 1
0.283218743 0.17242107 0.230000004 0 0 1
0.296175349 0.00800829645 0.230000004 0 0 1
0.286027269 -0.0329121428 0.230000004 0 0 1
-0.14452823 0.189683273 0.230000004 0 0 1
-0.292220775 0.0415590447 0.230000004 0 0 1
-0.299666604 0.179381041 0.230000004 0 0 1
-0.0510237149 0.18336162 0.230000004 0 0 1
0.145877251 -0.19653813 0.230000004 0 0 1
0.274092298 0.19602841 0.230000004 0 0 1
-0.267170523 0.187522417 0.230000004 0 0 1
0.269886743 -0.199740877 0.230000004 0 0 1
-0.14743216 -0.187818795 0.230000004 0 0 1
-0.0738676903 -0.186105643 0.230000004 0 0 1
-0.0425294305 -0.190666615 0.230000004 0 0 1
-0.109908772 0.194963295 0.230000004 0 0 1
0.288780732 0.000457996246 0.230000004 0 0 1
0.170600757 -0.185365002 0.230000004 0 0 1
-0.00872900026 -0.194859876 0.230000004 0 0 1
-0.0424561873 0.19634311 0.230000004 0 0 1
-0.296786133 -0.192520729 0.230000004 0 0 1
0.118945317 -0.196792369 0.230000004 0 0 1
-0.0696899542 -0.193793119 0.230000004 0 0 1
-0.290582721 -0.0549318498 0.230000004 0 0 1
0.134821916 -0.185607909 0.230000004 0 0 1
-0.0249816956 -0.196266193 0.230000004 0 0 1
0.20950394 0.185795103 0.230000004 0 0 1
-0.214101165 -0.193713665 0.230000004 0 0 1
0.289601361 -0.0559883571 0.230000004 0 0 1
-0.297973989 -0.177437621 0.230000004 0 0 1
0.00395313185 0.184643136 0.230000004 0 0 1
0.299573898 -0.080609629 0.230000004 0 0 1
-0.0908740627 0.185402262 0.230000004 0 0 1
0.281470333 -0.191910875 0.230000004 0 0 1
-0.292954809 0.0279488264 0.230000004 0 0 1
-0.247115947 -0.191442247 0.230000004 0 0 1
0.179986393 0.190480925 0.230000004 0 0 1
0.0810746618 -0.190732285 0.230000004 0 0 1
0.201541172 -0.192197699 0.230000004 0 0 1
-0.287386657 0.0619745599 0.230000004 0 0 1
0.286393437 0.0244412214 0.230000004 0 0 1
0.271643764 0.184347034 0.230000004 0 0 1
0.0042962603 0.183442207 0.230000004 0 0 1
0.106605184 0.188388562 0.230000004 0 0 1
0.284075919 -0.0850651651 0.230000004 0 0 1
-0.291900683 0.183250499 0.230000004 0 0 1
-0.291406394 0.155081528 0.230000004 0 0 1
0.0668667983 -0.187500941 0.230000004 0 0 1
-0.0743777144 0.196205999 0.230000004 0 0 1
0.29402555 -0.144290506 0.230000004 0 0 1
0.286387959 0.0858835945 0.230000004 0 0 1
-0.142571649 -0.198765161 0.230000004 0 0 1
0.269387796 0.199660778 0.230000004 0 0 1
0.127056369 0.187537914 0.230000004 0 0 1
-0.295888196 0.103167 0.230000004 0 0 1
0.283999139 0.0072465965 0.230000004 0 0 1
-0.283459276 -0.143048946 0.230000004 0 0 1
-0.284085558 0.170942047 0.230000004 0 0 1
0.296303394 -0.148630682 0.230000004 0 0 1
0.0973970101 0.189065578 0.230000004 0 0 1
-0.29437863 -0.0640982953 0.230000004 0 0 1
0.295081426 0.0284124777 0.230000004 0 0 1
-0.227771432 0.193632289 0.230000004 0 0 1
0.297477506 -0.0685230025 0.230000004 0 0 1
-0.0302732469 -0.199179501 0.230000004 0 0 1
0.297919927 0.102366397 0.230000004 0 0 1
0.293783144 0.0807856173 0.230000004 0 0 1
-0.121012456 0.199652287 0.230000004 0 0 1
0.200284954 0.187814444 0.230000004 0 0 1
-0.237210243 -0.199334074 0.230000004 0 0 1
0.128708218 -0.185278166 0.230000004 0 0 1
-0.242816813 -0.19541137 0.230000004 0 0 1
-0.290771749 0.0404242503 0.230000004 0 0 1
0.106672068 -0.195355786 0.230000004 0 0 1
-0.291325573 -0.0230036455 0.230000004 0 0 1
-0.0917004061 0.193980879 0.230000004 0 0 1
0.296540742 -0.00941395845 0.230000004 0 0 1
0.116317552 0.197437831 0.230000004 0 0 1
0.288741103 0.041842756 0.230000004 0 0 1
0.298714786 -0.119243342 0.230000004 0 0 1
0.181451319 -0.195589221 0.230000004 0 0 1
0.287486298 0.152952735 0.230000004 0 0 1
-0.290074816 -0.128250045 0.230000004 0 0 1
0.236066311 -0.199338848 0.230000004 0 0 1
0.230870547 -0.194955938 0.230000004 0 0 1
-0.28911013 -0.0752766776 0.230000004 0 0 1
0.250362902 -0.192688172 0.230000004 0 0 1
-0.270627634 -0.18706164 0.230000004 0 0 1
-0.297238733 0.115382471 0.230000004 0 0 1
-0.287188719 0.0313391144 0.230000004 0 0 1
-0.0290423045 -0.193123733 0.230000004 0 0 1
0.150738121 0.198000396 0.230000004 0 0 1
-0.299409068 -0.106004837 0.230000004 0 0 1
-0.29583868 -0.124980708 0.230000004 0 0 1
0.287540277 0.189449987 0.230000004 0 0 1
-0.291894317 0.156091558 0.230000004 0 0 1
0.295864083 -0.112029971 0.230000004 0 0 1
0.0393240506 -0.19785964 0.230000004 0 0 1
-0.0393923534 -0.199455462 0.230000004 0 0 1
0.26190451 0.187096963 0.230000004 0 0 1
-0.0274158932 0.196295167 0.230000004 0 0 1
-0.276415372 -0.191864082 0.230000004 0 0 1
0.0958466503 -0.19414303 0.230000004 0 0 1
0.214852292 -0.198267324 0.230000004 0 0 1
-0.225391899 -0.19786873 0.230000004 0 0 1
0.268588362 0.185799788 0.230000004 0 0 1
0.291517071 -0.0551049553 0.230000004 0 0 1
-0.290473734 -0.0169400832 0.230000004 0 0 1
0.284284487 -0.197951796 0.230000004 0 0 1
-0.0142541985 -0.195949546 0.230000004 0 0 1
0.298149184 0.0807115017 0.230000004 0 0 1
-0.262047635 -0.193395474 0.230000004 0 0 1
0.0448294993 -0.194897692 0.230000004 0 0 1
-0.244039478 0.188299467 0.230000004 0 0 1
-0.293713864 -0.125492066 0.230000004 0 0 1
-0.0321503207 -0.195708917 0.230000004 0 0 1
0.166046402 0.186542065 0.230000004 0 0 1
-0.244090486 0.191081216 0.230000004 0 0 1
0.271011558 -0.183431738 0.230000004 0 0 1
-0.283134362 -0.0652006875 0.230000004 0 0 1
0.286611224 0.126237849 0.230000004 0 0 1
-0.284690142 0.00978008878 0.230000004 0 0 1
-0.292784173 0.140947941 0.230000004 0 0 1
-0.158600789 -0.186751852 0.230000004 0 0 1
0.129544037 -0.195912434 0.230000004 0 0 1
-0.000866943885 0.199401487 0.230000004 0 0 1
-0.279558243 0.198724882 0.230000004 0 0 1
0.298779914 0.11508069 0.230000004 0 0 1
0.276640459 0.190466485 0.230000004 0 0 1
0.288563263 -0.145338976 0.230000004 0 0 1
-0.290000954 -0.139921454 0.230000004 0 0 1
-0.287795713 -0.132778266 0.230000004 0 0 1
-0.299760683 0.119194927 0.230000004 0 0 1
0.0746747205 0.183631608 0.230000004 0 0 1
-0.231284963 0.196952898 0.230000004 0 0 1
0.284101263 0.1238209 0.230000004 0 0 1
-0.294179469 -0.176466147 0.230000004 0 0 1
-0.0365834128 -0.186079969 0.230000004 0 0 1
-0.191372361 0.18841361 0.230000004 0 0 1
0.295989696 0.158983818 0.230000004 0 0 1
-0.248096564 -0.198448539 0.230000004 0 0 1
-0.179453281 0.189625705 0.230000004 0 0 1
0.209949121 -0.189275376 0.230000004 0 0 1
0.299542583 -0.129781499 0.230000004 0 0 1
-0.124421643 -0.19592674 0.230000004 0 0 1
-0.0277907675 0.190717561 0.230000004 0 0 1
0.298179635 -0.13707583 0.230000004 0 0 1
-0.296445208 0.0272650861 0.230000004 0 0 1
0.0606413693 -0.19702018 0.230000004 0 0 1
-0.297835607 0.182324985 0.230000004 0 0 1
-0.13954108 -0.185190611 0.230000004 0 0 1
0.152293626 0.196339147 0.230000004 0 0 1
0.18050305 0.186414102 0.230000004 0 0 1
0.091964668 0.187149116 0.230000004 0 0 1
-0.287092655 0.0859046502 0.230000004 0 0 1
-0.269099443 0.191833112 0.230000004 0 0 1
0.133833423 -0.183366174 0.230000004 0 0 1
-0.166497438 -0.190204372 0.230000004 0 0 1
-0.158332655 -0.188131758 0.230000004 0 0 1
-0.288284011 0.0148505743 0.230000004 0 0 1
0.283482222 0.143566863 0.230000004 0 0 1
-0.25574651 -0.198737015 0.230000004 0 0 1
0.147153949 -0.191973985 0.230000004 0 0 1
0.0385470694 0.195122083 0.230000004 0 0 1
-0.286843421 -0.110581362 0.230000004 0 0 1
0.297722221 0.00568978462 0.230000004 0 0 1
-0.154300814 0.184470414 0.230000004 0 0 1
-0.0970914764 0.185229743 0.230000004 0 0 1
0.193745559 0.190547384 0.230000004 0 0 1
-0.293724026 0.186747885 0.230000004 0 0 1
-0.19642843 0.183000504 0.230000004 0 0 1
0.245779515 -0.187641614 0.230000004 0 0 1
-0.285023737 0.12858786 0.230000004 0 0 1
0.0587462535 -0.19811297 0.230000004 0 0 1
-0.062783618 0.197584869 0.230000004 0 0 1
-0.295858622 -0.0336278098 0.230000004 0 0 1
-0.113243788 0.196428851 0.230000004 0 0 1
-0.172365996 0.191312221 0.230000004 0 0 1
0.202039078 0.196643161 0.230000004 0 0 1
-0.00195197492 0.197660027 0.230000004 0 0 1
0.130435129 0.187782429 0.230000004 0 0 1
-0.298895376 0.109206629 0.230000004 0 0 1
-0.150786198 -0.185550293 0.230000004 0 0 1
0.284563657 0.154959037 0.230000004 0 0 1
-0.291765403 0.134122593 0.230000004 0 0 1
-0.00933064651 0.185215824 0.230000004 0 0 1
0.282427705 -0.193972773 0.230000004 0 0 1
0.093297305 -0.198429611 0.230000004 0 0 1
-0.289058857 -0.0642284855 0.230000004 0 0 1
0.0064552125 -0.196326739 0.230000004 0 0 1
-0.140886362 -0.18867385 0.230000004 0 0 1
0.290988311 -0.102824664 0.230000004 0 0 1
-0.23246747 -0.18997417 0.230000004 0 0 1
0.297669786 0.0360255255 0.230000004 0 0 1
-0.206459058 0.199369573 0.230000004 0 0 1
-0.282112671 -0.191601113 0.230000004 0 0 1
-0.130173726 -0.187480165 0.230000004 0 0 1
0.188146305 -0.187620246 0.230000004 0 0 1
0.147077673 0.19885507 0.230000004 0 0 1
0.0354651648 0.189325541 0.230000004 0 0 1
-0.297391986 -0.125920141 0.230000004 0 0 1
-0.287766722 -0.14961045 0.230000004 0 0 1
0.0680877849 0.186763956 0.230000004 0 0 1
-0.212630962 -0.183675214 0.230000004 0 0 1
0.0926531689 0.183154607 0.230000004 0 0 1
0.24208556 -0.183029066 0.230000004 0 0 1
-0.289511454 0.0693539656 0.230000004 0 0 1
0.12038663 0.184010006 0.230000004 0 0 1
0.290542454 0.1049674 0.230000004 0 0 1
0.014922658 0.193304977 0.230000004 0 0 1
-0.0346852747 0.196266616 0.230000004 0 0 1
0.126845307 0.190278339 0.230000004 0 0 1
-0.0588058852 0.196976636 0.230000004 0 0 1
-0.152867768 -0.198616038 0.230000004 0 0 1
-0.00394630253 0.192071888 0.230000004 0 0 1
-0.291356651 -0.101390616 0.230000004 0 0 1
-0.296718476 -0.0963369283 0.230000004 0 0 1
-0.0794079278 0.198314904 0.230000004 0 0 1
-0.106328707 -0.199864998 0.230000004 0 0 1
0.290127024 -0.120667568 0.230000004 0 0 1
0.115708598 0.199077049 0.230000004 0 0 1
0.174167441 -0.196432833 0.230000004 0 0 1
-0.294775144 0.0540116639 0.230000004 0 0 1
0.285684644 0.0176281753 0.230000004 0 0 1
-0.24238015 -0.183409424 0.230000004 0 0 1
-0.297974942 -0.00332822175 0.230000004 0 0 1
0.297239796 -0.00873215351 0.230000004 0 0 1
0.184877471 0.192498975 0.230000004 0 0 1
-0.0747308957 0.183874398 0.230000004 0 0 1
0.0557594713 0.192700425 0.230000004 0 0 1
-0.299132436 0.191851383 0.230000004 0 0 1
-0.0319775731 -0.198331939 0.230000004 0 0 1
-0.283797933 -0.148664382 0.230000004 0 0 1
0.0794585076 -0.184549183 0.230000004 0 0 1
0.13961479 0.183100485 0.230000004 0 0 1
0.141346239 0.191726396 0.230000004 0 0 1
0.0101292828 0.185772421 0.230000004 0 0 1
0.0229427365 0.193495119 0.230000004 0 0 1
-0.295367976 0.0356580881 0.230000004 0 0 1
0.145353597 0.194750714 0.230000004 0 0 1
0.288475759 -0.139880536 0.230000004 0 0 1
0.0447740653 -0.186138523 0.230000004 0 0 1
-0.0562807152 -0.185295251 0.230000004 0 0 1
-0.284471807 -0.129973131 0.230000004 0 0 1
0.0929463974 0.193964413 0.230000004 0 0 1
0.144271713 0.198133938 0.230000004 0 0 1
0.257670958 -0.199012957 0.230000004 0 0 1
0.286657083 -0.0957437951 0.230000004 0 0 1
0.00394480777 0.19227042 0.230000004 0 0 1
0.209497075 -0.190750409 0.230000004 0 0 1
-0.283264228 0.0404695729 0.230000004 0 0 1
-0.295570043 -0.0989639876 0.230000004 0 0 1
-0.238286527 -0.189996883 0.230000004 0 0 1
0.296390646 0.129480192 0.230000004 0 0 1
0.0315533145 -0.195330542 0.230000004 0 0 1
-0.284070409 -0.0627661091 0.230000004 0 0 1
0.298956705 -0.166572129 0.230000004 0 0 1
0.0661490086 -0.184536444 0.230000004 0 0 1
0.156161187 -0.198988627 0.230000004 0 0 1
0.295361703 0.152472023 0.230000004 0 0 1
-0.106721936 -0.183920418 0.230000004 0 0 1
0.299484082 -0.19115103 0.230000004 0 0 1
0.294807115 -0.144758846 0.230000004 0 0 1
-0.285571413 0.132571323 0.230000004 0 0 1
0.193106302 0.18538213 0.230000004 0 0 1
-0.289778163 0.123429773 0.230000004 0 0 1
-0.299430276 -0.0419030441 0.230000004 0 0 1
0.292057078 0.0782489029 0.230000004 0 0 1
0.296773149 -0.137209806 0.230000004 0 0 1
-0.130155131 0.195402519 0.230000004 0 0 1
0.186174336 0.196912397 0.230000004 0 0 1
0.184664327 0.184315322 0.230000004 0 0 1
-0.232670353 0.198874564 0.230000004 0 0 1
-0.0394472568 -0.199062263 0.230000004 0 0 1
0.100060538 0.190301838 0.230000004 0 0 1
0.224453376 -0.194333667 0.230000004 0 0 1
-0.289106792 -0.107905241 0.230000004 0 0 1
0.28856675 0.0724389773 0.230000004 0 0 1
0.119288781 0.189507037 0.230000004 0 0 1
0.294735149 0.0240889015 0.230000004 0 0 1
0.289988963 0.0123763234 0.230000004 0 0 1
-0.284375787 0.160920483 0.230000004 0 0 1
0.285880516 0.116284396 0.230000004 0 0 1
-0.287601279 0.0718684653 0.230000004 0 0 1
-0.0437447817 0.196415457 0.230000004 0 0 1
0.25554038 0.186127447 0.230000004 0 0 1
-0.245803589 0.183740098 0.230000004 0 0 1
0.274091721 -0.186952146 0.230000004 0 0 1
0.158344328 0.198698351 0.230000004 0 0 1
0.104415708 0.187241996 0.230000004 0 0 1
0.270852587 0.199405156 0.230000004 0 0 1
0.0299238356 -0.188180739 0.230000004 0 0 1
0.162237113 -0.18863967 0.230000004 0 0 1
-0.247031387 -0.187958594 0.230000004 0 0 1
-0.0894003714 0.188217332 0.230000004 0 0 1
0.167249135 -0.198836447 0.230000004 0 0 1
-0.290211043 -0.0327206861 0.230000004 0 0 1
0.0324501779 0.189466607 0.230000004 0 0 1
-0.189318914 -0.192062301 0.230000004 0 0 1
0.293350384 0.040895057 0.230000004 0 0 1
0.186181619 -0.191641713 0.230000004 0 0 1
-0.0755030578 -0.195764314 0.230000004 0 0 1
0.285576319 0.141759691 0.230000004 0 0 1
0.292167524 -0.0873331718 0.230000004 0 0 1
0.251588252 -0.194887125 0.230000004 0 0 1
-0.267341255 -0.196846651 0.230000004 0 0 1
-0.214345741 0.194534531 0.230000004 0 0 1
-0.273060234 -0.192119204 0.230000004 0 0 1
0.29257941 0.00568582635 0.230000004 0 0 1
-0.287776902 -0.0861381019 0.230000004 0 0 1
-0.241153829 -0.18532281 0.230000004 0 0 1
-0.286385458 -0.132592689 0.230000004 0 0 1
-0.286562051 0.0371679706 0.230000004 0 0 1
0.0475749292 -0.189027028 0.230000004 0 0 1
0.0472346811 -0.189614913 0.230000004 0 0 1
-0.0756178273 -0.186584497 0.230000004 0 0 1
0.0518786256 -0.18574707 0.230000004 0 0 1
0.298140468 -0.198603568 0.230000004 0 0 1
0.283977026 -0.18273383 0.230000004 0 0 1
-0.283488397 0.00560417623 0.230000004 0 0 1
0.2919342 0.104204621 0.230000004 0 0 1
-0.0158820177 -0.197044868 0.230000004 0 0 1
0.107228233 0.198076423 0.230000004 0 0 1
-0.289141045 0.0833443239 0.230000004 0 0 1
-0.29805647 0.197672903 0.230000004 0 0 1
-0.292195298 -0.15242056 0.230000004 0 0 1
-0.295499369 -0.00943987305 0.230000004 0 0 1
-0.285266966 0.0664707155 0.230000004 0 0 1
0.214285185 -0.187461451 0.230000004 0 0 1
0.268108996 -0.194878743 0.230000004 0 0 1
0.14533946 0.188546787 0.230000004 0 0 1
0.28831882 0.0492659273 0.230000004 0 0 1
0.0352286635 -0.184853343 0.230000004 0 0 1
-0.251523154 0.191360696 0.230000004 0 0 1
0.178647252 -0.193261541 0.230000004 0 0 1
-0.293847716 -0.163907036 0.230000004 0 0 1
-0.2863415 -0.174486718 0.230000004 0 0 1
-0.2932466 -0.117586699 0.230000004 0 0 1
-0.00729927845 -0.191998363 0.230000004 0 0 1
0.261502689 0.192784014 0.230000004 0 0 1
0.0489964657 0.18724574 0.230000004 0 0 1
-0.224126381 -0.191627105 0.230000004 0 0 1
-0.0514983263 -0.190396419 0.230000004 0 0 1
-0.202897446 0.187002431 0.230000004 0 0 1
0.22224286 0.183856231 0.230000004 0 0 1
0.16812528 -0.196323826 0.230000004 0 0 1
-0.24871942 -0.194208464 0.230000004 0 0 1
0.228005859 -0.186813831 0.230000004 0 0 1
-0.0471248425 0.196694142 0.230000004 0 0 1
-0.0399352759 0.188065391 0.230000004 0 0 1
-0.195009331 -0.188650603 0.230000004 0 0 1
-0.288457225 -0.0681552375 0.230000004 0 0 1
0.233869646 -0.184229155 0.230000004 0 0 1
0.288888241 0.0842807269 0.230000004 0 0 1
0.28923111 -0.050154255 0.230000004 0 0 1
-0.00345192441 -0.190706148 0.230000004 0 0 1
-0.297565803 -0.000501247758 0.230000004 0 0 1
-0.295165723 0.0014790515 0.230000004 0 0 1
0.160897262 -0.189858056 0.230000004 0 0 1
0.190967302 -0.186850285 0.230000004 0 0 1
0.284113461 -0.109695898 0.230000004 0 0 1
0.28382479 0.0441539682 0.230000004 0 0 1
-0.286493501 -0.0451527879 0.230000004 0 0 1
-2.42558922e-05 -0.193035598 0.230000004 0 0 1
0.287757812 -0.0199673505 0.230000004 0 0 1
-0.293511547 0.180509788 0.230000004 0 0 1
0.291593396 -0.110126001 0.230000004 0 0 1
0.0609867716 0.196018436 0.230000004 0 0 1
-0.134941918 0.184736584 0.230000004 0 0 1
-0.28667915 0.121184052 0.230000004 0 0 1
0.285328856 -0.0757417977 0.230000004 0 0 1
-0.286608328 0.150435719 0.230000004 0 0 1
0.0622494665 0.190726006 0.230000004 0 0 1
0.0402390894 -0.196852594 0.230000004 0 0 1
0.287619173 -0.0138288526 0.230000004 0 0 1
0.294829097 -0.0754334126 0.230000004 0 0 1
0.288349402 0.122971314 0.230000004 0 0 1
-0.246968415 0.188237391 0.230000004 0 0 1
-0.226844154 -0.183302017 0.230000004 0 0 1
-0.170247191 0.194329953 0.230000004 0 0 1
0.18700267 0.192068769 0.230000004 0 0 1
-0.243342195 0.184555985 0.230000004 0 0 1
0.289137146 0.177796086 0.230000004 0 0 1
-0.291340103 -0.136382962 0.230000004 0 0 1
0.27259659 -0.185682324 0.230000004 0 0 1
-0.0938031613 -0.189028741 0.230000004 0 0 1
0.2291623 0.190103912 0.230000004 0 0 1
-0.0791655501 -0.186409393 0.230000004 0 0 1
-0.289486168 0.0371118932 0.230000004 0 0 1
0.288730981 0.0555487254 0.230000004 0 0 1
0.0912721735 0.199952764 0.230000004 0 0 1
0.296487057 -0.167364056 0.230000004 0 0 1
-0.297415155 -0.177617218 0.230000004 0 0 1
0.287373358 -0.155251479 0.230000004 0 0 1
-0.102974785 0.183710905 0.230000004 0 0 1
0.0634410837 0.195525636 0.230000004 0 0 1
-0.0424632606 0.19877633 0.230000004 0 0 1
0.252652474 -0.19883603 0.230000004 0 0 1
0.195442168 0.189330497 0.230000004 0 0 1
0.256999477 -0.183438442 0.230000004 0 0 1
-0.295084809 -0.111289667 0.230000004 0 0 1
0.218590062 -0.194904375 0.230000004 0 0 1
0.106207411 0.191206309 0.230000004 0 0 1
0.0536394738 -0.192912168 0.230000004 0 0 1
-0.2870976 -0.0959329014 0.230000004 0 0 1
0.059101426 -0.196764948 0.230000004 0 0 1
0.22005581 -0.195253826 0.230000004 0 0 1
-0.235308117 0.193613767 0.230000004 0 0 1
0.241879866 -0.183300329 0.230000004 0 0 1
-0.285386804 0.175898069 0.230000004 0 0 1
0.295551105 -0.134895801 0.230000004 0 0 1
-0.257432149 -0.188248615 0.230000004 0 0 1
0.105022189 0.189739899 0.230000004 0 0 1
0.294609596 0.179311941 0.230000004 0 0 1
0.116987491 -0.199565116 0.230000004 0 0 1
-0.292728211 0.0386377927 0.230000004 0 0 1
0.29629419 -0.124294701 0.230000004 0 0 1
-0.223375615 0.185866336 0.230000004 0 0 1
-0.25873676 -0.183852684 0.230000004 0 0 1
-0.291115134 -0.16601201 0.230000004 0 0 1
-0.119337935 0.193607262 0.230000004 0 0 1
0.123353116 0.196452519 0.230000004 0 0 1
-0.28432834 0.123134304 0.230000004 0 0 1
-0.067201172 0.195984185 0.230000004 0 0 1
0.297164459 0.0190271884 0.230000004 0 0 1
-0.256078776 -0.188815609 0.230000004 0 0 1
0.265766929 -0.194879715 0.230000004 0 0 1
-0.132701006 -0.198397771 0.230000004 0 0 1
0.283155767 0.161797893 0.230000004 0 0 1
0.0798700353 -0.186449107 0.230000004 0 0 1
0.288329766 0.175313322 0.230000004 0 0 1
0.112375331 0.188262976 0.230000004 0 0 1
0.286086782 -0.0567723163 0.230000004 0 0 1
0.2983744 0.0536874805 0.230000004 0 0 1
-0.297796504 0.116674097 0.230000004 0 0 1
-0.171788274 -0.192529358 0.230000004 0 0 1
-0.020781621 0.185475824 0.230000004 0 0 1
0.296084083 0.0118321631 0.230000004 0 0 1
-0.285436492 0.183778617 0.230000004 0 0 1
0.208391835 0.191431892 0.230000004 0 0 1
0.293184568 -0.121138147 0.230000004 0 0 1
0.293141843 -0.111891404 0.230000004 0 0 1
0.138927775 -0.184726885 0.230000004 0 0 1
0.21343962 -0.199665032 0.230000004 0 0 1
-0.213426832 0.198111459 0.230000004 0 0 1
-0.223535208 -0.188519135 0.230000004 0 0 1
-0.297304986 0.0482498872 0.230000004 0 0 1
0.11041008 -0.195818077 0.230000004 0 0 1
-0.207819832 0.198568227 0.230000004 0 0 1
-0.254122988 -0.194580649 0.230000004 0 0 1
-0.218408531 -0.195120724 0.230000004 0 0 1
-0.0703542619 -0.19126328 0.230000004 0 0 1
0.292510818 -0.0637417835 0.230000004 0 0 1
0.290016532 0.036448885 0.230000004 0 0 1
0.293124846 0.117259994 0.230000004 0 0 1
0.195439973 0.196384772 0.230000004 0 0 1
-0.0720763067 0.198164264 0.230000004 0 0 1
0.12457729 -0.198355754 0.230000004 0 0 1
0.299397904 0.0847943712 0.230000004 0 0 1
-0.283040164 0.0781942142 0.230000004 0 0 1
0.299268424 0.194068458 0.230000004 0 0 1
-0.0291173026 0.184548142 0.230000004 0 0 1
-0.287698739 0.154648689 0.230000004 0 0 1
-0.108028141 0.199130329 0.230000004 0 0 1
-0.298799106 -0.172412849 0.230000004 0 0 1
-0.291991594 -0.187572502 0.230000004 0 0 1
-0.292851923 -0.132241882 0.230000004 0 0 1
-0.284300685 0.186341186 0.230000004 0 0 1
0.0796794833 0.198849572 0.230000004 0 0 1
-0.0739363799 -0.188077951 0.230000004 0 0 1
-0.29391607 -0.0525180017 0.230000004 0 0 1
-0.290806049 0.0139137939 0.230000004 0 0 1
0.0459480071 -0.192317953 0.230000004 0 0 1
-0.0933800117 0.198946143 0.230000004 0 0 1
0.052160345 0.192860061 0.230000004 0 0 1
-0.0235701555 -0.198379356 0.230000004 0 0 1
-0.281513753 0.190869682 0.230000004 0 0 1
-0.116840489 -0.199671067 0.230000004 0 0 1
-0.164560799 -0.19700782 0.230000004 0 0 1
0.0210590573 0.188457567 0.230000004 0 0 1
0.0298042361 0.183990537 0.230000004 0 0 1
0.286529735 0.189143303 0.230000004 0 0 1
-0.0474876422 -0.193578122 0.230000004 0 0 1
-0.0959119293 0.199863285 0.230000004 0 0 1
0.299347684 -0.0241324376 0.230000004 0 0 1
0.233368687 0.194433086 0.230000004 0 0 1
-0.290187013 0.00433851077 0.230000004 0 0 1
0.289310756 -0.00803888578 0.230000004 0 0 1
-0.298735757 -0.160858664 0.230000004 0 0 1
-0.0175015565 0.193377964 0.230000004 0 0 1
0.288289761 0.0994695633 0.230000004 0 0 1
0.206055878 -0.196097584 0.230000004 0 0 1
-0.161294609 -0.185045675 0.230000004 0 0 1
0.260641279 -0.187070483 0.230000004 0 0 1
-0.182687744 0.197693709 0.230000004 0 0 1
-0.0760057689 -0.185119887 0.230000004 0 0 1
-0.291999465 0.0330243739 0.230000004 0 0 1
0.287728296 0.189480641 0.230000004 0 0 1
0.0790632983 0.189756366 0.230000004 0 0 1
-0.297762472 -0.112891651 0.230000004 0 0 1
0.14807786 0.19350634 0.230000004 0 0 1
-0.299146432 -0.0792652621 0.230000004 0 0 1
0.0452999185 0.192524948 0.230000004 0 0 1
-0.296569978 0.180881613 0.230000004 0 0 1
0.292336986 0.139638657 0.230000004 0 0 1
-0.291663812 -0.126271732 0.230000004 0 0 1
-0.292072415 0.041835598 0.230000004 0 0 1
0.286210649 0.0942604409 0.230000004 0 0 1
0.0302121369 0.197572333 0.230000004 0 0 1
0.0655810208 -0.194106933 0.230000004 0 0 1
0.295497089 0.101419838 0.230000004 0 0 1
0.150322569 0.195121056 0.230000004 0 0 1
0.297124615 0.0366656327 0.230000004 0 0 1
0.297189301 -0.136998257 0.230000004 0 0 1
-0.278908793 0.199217443 0.230000004 0 0 1
-0.143298969 -0.199862836 0.230000004 0 0 1
-0.100290885 -0.187734517 0.230000004 0 0 1
0.224811012 -0.195870774 0.230000004 0 0 1
-0.248502765 -0.192747071 0.230000004 0 0 1
-0.136511067 0.19034159 0.230000004 0 0 1
-0.293775311 0.082005619 0.230000004 0 0 1
0.0434934445 -0.194296138 0.230000004 0 0 1
0.297934293 0.168316152 0.230000004 0 0 1
0.299362566 -0.0927882686 0.230000004 0 0 1
0.296590496 0.0153732332 0.230000004 0 0 1
0.29396446 -0.155899406 0.230000004 0 0 1
0.133711887 0.190486001 0.230000004 0 0 1
0.292172455 0.109025203 0.230000004 0 0 1
0.292456943 -0.0384625087 0.230000004 0 0 1
-0.152731952 0.191161474 0.230000004 0 0 1
-0.292772738 -0.155296536 0.230000004 0 0 1
-0.299864938 -0.0441048009 0.230000004 0 0 1
0.299809237 -0.185734942 0.230000004 0 0 1
-0.00519841683 0.189724371 0.230000004 0 0 1
-0.256367295 0.190575981 0.230000004 0 0 1
-0.249098397 0.190692652 0.230000004 0 0 1
0.284311446 -0.10870755 0.230000004 0 0 1
-0.11246767 -0.185588502 0.230000004 0 0 1
-0.285731252 0.13534647 0.230000004 0 0 1
-0.243245618 -0.187542451 0.230000004 0 0 1
0.250409133 -0.187538829 0.230000004 0 0 1
-0.107114281 -0.194767309 0.230000004 0 0 1
-0.291107788 -0.0633974548 0.230000004 0 0 1
0.170026517 -0.184365272 0.230000004 0 0 1
-0.281875728 -0.186663152 0.230000004 0 0 1
-0.259022847 0.193786515 0.230000004 0 0 1
0.292403807 -0.146991856 0.230000004 0 0 1
-0.254864882 0.194820341 0.230000004 0 0 1
0.213839241 0.193105334 0.230000004 0 0 1
-0.11458831 0.193617581 0.230000004 0 0 1
-0.188549855 -0.194450391 0.230000004 0 0 1
0.24972834 -0.195717341 0.230000004 0 0 1
-0.0220339486 0.19220009 0.230000004 0 0 1
-0.295175516 0.172510397 0.230000004 0 0 1
0.287672698 -0.199182949 0.230000004 0 0 1
-0.0140249323 0.187789128 0.230000004 0 0 1
0.200566865 0.199347073 0.230000004 0 0 1
0.250621219 0.191720824 0.230000004 0 0 1
-0.0249752471 -0.186557158 0.230000004 0 0 1
0.27684284 -0.195771832 0.230000004 0 0 1
-0.28221662 0.199785745 0.230000004 0 0 1
-0.126669548 -0.184346431 0.230000004 0 0 1
-0.297323601 -0.0369988727 0.230000004 0 0 1
-0.285372891 0.154689219 0.230000004 0 0 1
0.293890766 0.129524524 0.230000004 0 0 1
-0.294451774 0.0367372995 0.230000004 0 0 1
-0.0519406209 -0.188266843 0.230000004 0 0 1
-0.285423705 -0.192839284 0.230000004 0 0 1
-0.215790752 -0.199710723 0.230000004 0 0 1
0.0147965494 -0.197421332 0.230000004 0 0 1
-0.28368292 -0.135663149 0.230000004 0 0 1
0.0729123605 -0.194310625 0.230000004 0 0 1
0.0211167228 0.197286202 0.230000004 0 0 1
-0.252799772 -0.187720756 0.230000004 0 0 1
0.0767009323 -0.197617627 0.230000004 0 0 1
0.0293883677 -0.196705758 0.230000004 0 0 1
-0.25239391 0.194814437 0.230000004 0 0 1
0.264262755 0.190516308 0.230000004 0 0 1
-0.294864043 -0.0512532214 0.230000004 0 0 1
0.0949810134 -0.198249418 0.230000004 0 0 1
-0.0486847716 0.191084509 0.230000004 0 0 1
-0.29078383 -0.0267252908 0.230000004 0 0 1
-0.292169317 -0.141467134 0.230000004 0 0 1
-0.143155454 0.197795896 0.230000004 0 0 1
-0.0669283272 -0.197433675 0.230000004 0 0 1
-0.0500505031 0.185954981 0.230000004 0 0 1
0.292090182 0.120984843 0.230000004 0 0 1
0.293324236 0.0343022284 0.230000004 0 0 1
0.0840501247 0.18486587 0.230000004 0 0 1
-0.286666989 0.0157533409 0.230000004 0 0 1
0.0216467891 0.19652229 0.230000004 0 0 1
0.288773051 0.12071428 0.230000004 0 0 1
0.190911194 -0.193370304 0.230000004 0 0 1
0.113126542 -0.190883604 0.230000004 0 0 1
-0.276143742 0.195302323 0.230000004 0 0 1
0.285502738 0.0116471554 0.230000004 0 0 1
0.220431202 0.18796326 0.230000004 0 0 1
-0.278773575 -0.184630891 0.230000004 0 0 1
0.282849881 -0.199590998 0.230000004 0 0 1
-0.02900274 -0.195999713 0.230000004 0 0 1
-0.075544514 0.199564588 0.230000004 0 0 1
-0.298152433 0.00499869344 0.230000004 0 0 1
-0.0781064237 -0.186916007 0.230000004 0 0 1
-0.283231259 -0.0561773648 0.230000004 0 0 1
-0.0953529569 -0.19150635 0.230000004 0 0 1
0.113108362 0.199947054 0.230000004 0 0 1
-0.292958049 -0.171488646 0.230000004 0 0 1
-0.22874275 -0.192334218 0.230000004 0 0 1
0.296505264 0.0960404627 0.230000004 0 0 1
0.180273326 0.186842316 0.230000004 0 0 1
-0.296269486 0.172343472 0.230000004 0 0 1
0.0583297739 -0.192880974 0.230000004 0 0 1
0.259729271 0.191461326 0.230000004 0 0 1
-0.261329821 -0.194532934 0.230000004 0 0 1
0.188290074 -0.183585213 0.230000004 0 0 1
-0.183132034 -0.195832898 0.230000004 0 0 1
-0.253699086 -0.197409456 0.230000004 0 0 1
0.289157635 -0.16144901 0.230000004 0 0 1
0.29968676 0.183753821 0.230000004 0 0 1
0.283961458 -0.125494644 0.230000004 0 0 1
0.109808811 0.196643055 0.230000004 0 0 1
0.207901217 0.195902861 0.230000004 0 0 1
0.290034585 0.159047303 0.230000004 0 0 1
0.297116933 -0.0942036462 0.230000004 0 0 1
-0.286740716 -0.0874768759 0.230000004 0 0 1
-0.0895324488 -0.191198526 0.230000004 0 0 1
0.285157204 -0.0600698054 0.230000004 0 0 1
-0.128403101 -0.189511059 0.230000004 0 0 1
0.145161123 0.196831811 0.230000004 0 0 1
0.217067346 -0.194072979 0.230000004 0 0 1
-0.105904668 0.184611686 0.230000004 0 0 1
-0.0897703681 -0.185920091 0.230000004 0 0 1
-0.186297509 -0.198646959 0.230000004 0 0 1
0.078900581 -0.197504985 0.230000004 0 0 1
-0.077626721 0.194889127 0.230000004 0 0 1
0.0203469972 0.186901382 0.230000004 0 0 1
0.153181908 0.196855551 0.230000004 0 0 1
0.06182145 0.198088102 0.230000004 0 0 1
0.0190190617 0.189514443 0.230000004 0 0 1
0.29400396 0.0157794988 0.230000004 0 0 1
-0.191968146 0.198487688 0.230000004 0 0 1
-0.286645996 -0.113582455 0.230000004 0 0 1
0.197015975 0.198114676 0.230000004 0 0 1
-0.0257560823 0.187102573 0.230000004 0 0 1
0.217845821 0.193509303 0.230000004 0 0 1
0.225198584 0.188453725 0.230000004 0 0 1
0.203285681 0.192692692 0.230000004 0 0 1
-0.119438339 0.193581698 0.230000004 0 0 1
-0.287367796 -0.139995739 0.230000004 0 0 1
0.105033861 -0.188661688 0.230000004 0 0 1
0.290125249 -0.127574514 0.230000004 0 0 1
-0.29966371 0.139602127 0.230000004 0 0 1
-0.213944226 0.187606629 0.230000004 0 0 1
0.248599646 -0.184623401 0.230000004 0 0 1
0.249915551 0.18357019 0.230000004 0 0 1
-0.274045219 0.195151229 0.230000004 0 0 1
-0.295084271 -0.140939644 0.230000004 0 0 1
-0.2009455 -0.187746428 0.230000004 0 0 1
0.183030249 -0.195173228 0.230000004 0 0 1
-0.151201322 -0.194066682 0.230000004 0 0 1
0.285753149 0.0144508019 0.230000004 0 0 1
-0.134549105 0.183925058 0.230000004 0 0 1
0.0991214137 0.199575259 0.230000004 0 0 1
0.294410126 -0.0112383267 0.230000004 0 0 1
0.281883281 -0.192869204 0.230000004 0 0 1
-0.00201466898 0.185893325 0.230000004 0 0 1
-0.153817138 -0.198406335 0.230000004 0 0 1
-0.298928951 0.104209185 0.230000004 0 0 1
0.293995357 0.183264968 0.230000004 0 0 1
-0.187642221 -0.186806214 0.230000004 0 0 1
0.288637087 0.19079304 0.230000004 0 0 1
0.173995797 0.194226244 0.230000004 0 0 1
-0.155599891 0.191817644 0.230000004 0 0 1
0.294374749 0.143528234 0.230000004 0 0 1
-0.198468791 -0.190532581 0.230000004 0 0 1
-0.283492863 -0.0420288987 0.230000004 0 0 1
-0.0954921803 0.19749043 0.230000004 0 0 1
0.0396571662 -0.194926126 0.230000004 0 0 1
0.282133989 -0.188618396 0.230000004 0 0 1
-0.287023059 -0.0345284802 0.230000004 0 0 1
0.0580029969 -0.183095192 0.230000004 0 0 1
-0.242191613 0.187829331 0.230000004 0 0 1
-0.296498439 0.162657762 0.230000004 0 0 1
-0.245169736 -0.199184137 0.230000004 0 0 1
0.294618631 0.170540899 0.230000004 0 0 1
0.267833504 -0.197149964 0.230000004 0 0 1
-0.297949611 -0.0609302694 0.230000004 0 0 1
0.296568805 -0.152421862 0.230000004 0 0 1
-0.0255549183 0.186497657 0.230000004 0 0 1
0.0415246418 0.197914215 0.230000004 0 0 1
-0.169135 -0.187792958 0.230000004 0 0 1
0.180114977 -0.188987787 0.230000004 0 0 1
-0.0814305597 0.199254632 0.230000004 0 0 1
-0.110042621 -0.18700236 0.230000004 0 0 1
-0.29260984 -0.0841558538 0.230000004 0 0 1
-0.180178922 0.199011638 0.230000004 0 0 1
0.164094645 0.187074498 0.230000004 0 0 1
0.290472361 0.0245767298 0.230000004 0 0 1
-0.161988721 0.195345153 0.230000004 0 0 1
-0.034918218 -0.194079132 0.230000004 0 0 1
-0.137597206 0.19614025 0.230000004 0 0 1
-0.0439973017 -0.189247209 0.230000004 0 0 1
0.0530281973 -0.185744298 0.230000004 0 0 1
0.177019926 0.197885829 0.230000004 0 0 1
-0.286221009 -0.07616972 0.230000004 0 0 1
0.292623742 0.0662663399 0.230000004 0 0 1
0.296948737 0.0401511037 0.230000004 0 0 1
0.293530836 0.0305922737 0.230000004 0 0 1
-0.14225333 0.183197371 0.230000004 0 0 1
0.296055687 0.0736921288 0.230000004 0 0 1
-0.0825702072 0.193670121 0.230000004 0 0 1
-0.283801423 0.114519017 0.230000004 0 0 1
0.287540275 -0.139762725 0.230000004 0 0 1
0.273395271 -0.184670642 0.230000004 0 0 1
-0.247761966 -0.198772684 0.230000004 0 0 1
-0.294288943 -0.185229293 0.230000004 0 0 1
0.0306931548 -0.189712759 0.230000004 0 0 1
0.100151267 0.196388176 0.230000004 0 0 1
0.284697687 0.0317173869 0.230000004 0 0 1
0.299120102 0.0331943975 0.230000004 0 0 1
-0.298498589 0.0492577529 0.230000004 0 0 1
0.295633787 -0.19033637 0.230000004 0 0 1
0.287629517 0.186096445 0.230000004 0 0 1
-0.283303566 -0.0393243442 0.230000004 0 0 1
0.24844548 -0.194878119 0.230000004 0 0 1
-0.298023541 -0.0264497559 0.230000004 0 0 1
0.157386017 -0.183944605 0.230000004 0 0 1
0.296887851 0.193916061 0.230000004 0 0 1
0.0458590453 -0.189536258 0.230000004 0 0 1
-0.292737433 0.15383204 0.230000004 0 0 1
-0.297820716 0.0520658634 0.230000004 0 0 1
-0.285712225 0.13882666 0.230000004 0 0 1
0.296682063 0.160415091 0.230000004 0 0 1
-0.250565497 0.199285712 0.230000004 0 0 1
-0.237668353 -0.186182121 0.230000004 0 0 1
0.285469273 0.0555004561 0.230000004 0 0 1
0.0243028949 -0.191659879 0.230000004 0 0 1
0.033505417 -0.199282952 0.230000004 0 0 1
0.291877066 -0.0686547917 0.230000004 0 0 1
0.291012735 0.0368516874 0.230000004 0 0 1
0.0207173311 -0.195737593 0.230000004 0 0 1
0.0991888007 0.197467175 0.230000004 0 0 1
0.289124204 -0.0418831266 0.230000004 0 0 1
-0.232195188 0.190626568 0.230000004 0 0 1
0.298708076 0.0755863859 0.230000004 0 0 1
0.284409533 -0.113253836 0.230000004 0 0 1
0.166801501 -0.186012113 0.230000004 0 0 1
0.025655652 -0.198656016 0.230000004 0 0 1
-0.299475593 0.0417128524 0.230000004 0 0 1
-0.295793924 0.191491734 0.230000004 0 0 1
0.284100502 0.00571949757 0.230000004 0 0 1
0.161708683 0.183811703 0.230000004 0 0 1
-0.291531395 0.0624912221 0.230000004 0 0 1
-0.113268665 -0.196075756 0.230000004 0 0 1
0.285590895 0.165175466 0.230000004 0 0 1
0.0390078212 0.190568698 0.230000004 0 0 1
-0.225203361 -0.193078659 0.230000004 0 0 1
0.252518572 0.186844996 0.230000004 0 0 1
0.299449762 0.182207651 0.230000004 0 0 1
-0.110769839 0.198724711 0.230000004 0 0 1
-0.109572181 0.186510457 0.230000004 0 0 1
0.296240948 -0.0238453068 0.230000004 0 0 1
0.298322073 0.0708521683 0.230000004 0 0 1
-0.289996447 0.0886300145 0.230000004 0 0 1
-0.220283398 -0.194515245 0.230000004 0 0 1
-0.213392686 -0.183352274 0.230000004 0 0 1
-0.288260043 0.0906551966 0.230000004 0 0 1
0.291775888 -0.108669688 0.230000004 0 0 1
0.0916610351 -0.186046701 0.230000004 0 0 1
-0.173806551 -0.198314105 0.230000004 0 0 1
0.0620794363 0.194281659 0.230000004 0 0 1
0.198298762 0.197079338 0.230000004 0 0 1
0.295382577 -0.0279835352 0.230000004 0 0 1
-0.0397884284 0.188861192 0.230000004 0 0 1
-0.289817766 0.0372868198 0.230000004 0 0 1
0.299295591 -0.0403632328 0.230000004 0 0 1
-0.244520834 0.185560013 0.230000004 0 0 1
-0.285645786 0.102607083 0.230000004 0 0 1
0.035312353 0.188356347 0.230000004 0 0 1
0.041201844 0.187459092 0.230000004 0 0 1
0.0601365142 -0.189202588 0.230000004 0 0 1
0.020091681 -0.191025953 0.230000004 0 0 1
0.295750226 0.0226330042 0.230000004 0 0 1
0.284597357 0.0192870812 0.230000004 0 0 1
-0.139028619 0.199269252 0.230000004 0 0 1
-0.288833891 0.192317014 0.230000004 0 0 1
0.296665639 -0.17526156 0.230000004 0 0 1
0.291365113 -0.0878729323 0.230000004 0 0 1
0.0817094535 0.19574296 0.230000004 0 0 1
0.292711383 0.179789661 0.230000004 0 0 1
0.0671556727 -0.194273177 0.230000004 0 0 1
0.0163036172 0.184338191 0.230000004 0 0 1
0.200938009 -0.184246214 0.230000004 0 0 1
-0.193666858 -0.194444553 0.230000004 0 0 1
-0.121950526 0.188488981 0.230000004 0 0 1
0.135856204 0.183979413 0.230000004 0 0 1
-0.291098799 -0.0213367931 0.230000004 0 0 1
-0.297304486 -0.0577023993 0.230000004 0 0 1
-0.213468398 -0.194899889 0.230000004 0 0 1
-0.295142823 0.0571995421 0.230000004 0 0 1
0.294612447 0.183925837 0.230000004 0 0 1
-0.145578752 0.190087506 0.230000004 0 0 1
0.11996172 0.188738955 0.230000004 0 0 1
-0.291532482 -0.0444617919 0.230000004 0 0 1
-0.179390158 0.196080896 0.230000004 0 0 1
0.0237436661 0.189895911 0.230000004 0 0 1
-0.288377413 0.0986480467 0.230000004 0 0 1
0.29662981 -0.192061849 0.230000004 0 0 1
0.0216516995 0.191488434 0.230000004 0 0 1
-0.180880331 -0.191589851 0.230000004 0 0 1
-0.0356246106 -0.195285654 0.230000004 0 0 1
0.291138364 -0.048266683 0.230000004 0 0 1
0.159980798 -0.19243602 0.230000004 0 0 1
0.296487944 0.079046492 0.230000004 0 0 1
-0.295069089 -0.191126443 0.230000004 0 0 1
-0.29567421 -0.0803350576 0.230000004 0 0 1
-0.208258055 -0.187654705 0.230000004 0 0 1
-0.297994777 0.0918803247 0.230000004 0 0 1
-0.29765267 0.0209891179 0.230000004 0 0 1
0.287692845 0.0940113052 0.230000004 0 0 1
0.0360539932 -0.198957547 0.230000004 0 0 1
0.297630908 0.0735686394 0.230000004 0 0 1
0.0665931387 -0.190011193 0.230000004 0 0 1
-0.290743403 -0.103555545 0.230000004 0 0 1
-0.0763593703 0.184522855 0.230000004 0 0 1
0.190677229 -0.197050227 0.230000004 0 0 1
-0.0667727301 0.195962783 0.230000004 0 0 1
0.225037099 0.186511434 0.230000004 0 0 1
-0.259754373 -0.199208091 0.230000004 0 0 1
0.270314132 0.194316894 0.230000004 0 0 1
-0.0964423081 0.194552511 0.230000004 0 0 1
-0.288492578 -0.0117018405 0.230000004 0 0 1
0.292801568 -0.0790101135 0.230000004 0 0 1
0.238555779 -0.197782347 0.230000004 0 0 1
-0.293679582 0.157423737 0.230000004 0 0 1
-0.287370825 -0.0516768269 0.230000004 0 0 1
-0.285825859 0.0404655257 0.230000004 0 0 1
0.295317274 -0.0142344957 0.230000004 0 0 1
0.00829171586 -0.183252415 0.230000004 0 0 1
0.285958887 -0.0401559944 0.230000004 0 0 1
-0.289293616 -0.0378122441 0.230000004 0 0 1
0.295735503 -0.146696516 0.230000004 0 0 1
0.28359967 -0.197840269 0.230000004 0 0 1
-0.297473821 -0.143908893 0.230000004 0 0 1
-0.0252653813 -0.189315398 0.230000004 0 0 1
0.0228977594 -0.185863182 0.230000004 0 0 1
0.215145285 0.199524821 0.230000004 0 0 1
-0.0429607038 -0.187702974 0.230000004 0 0 1
-0.293416317 -0.194643321 0.230000004 0 0 1
-0.269488167 0.186237266 0.230000004 0 0 1
-0.284034807 -0.152477273 0.230000004 0 0 1
-0.289323735 -0.0194334378 0.230000004 0 0 1
0.295346613 -0.141402117 0.230000004 0 0 1
-0.188522535 -0.184425137 0.230000004 0 0 1
-0.29965481 -0.0641256763 0.230000004 0 0 1
0.0688357934 0.195140371 0.230000004 0 0 1
0.122080158 -0.195326394 0.230000004 0 0 1
-0.0419805408 0.195872842 0.230000004 0 0 1
-0.291113263 -0.0366312003 0.230000004 0 0 1
0.098047937 -0.188405469 0.230000004 0 0 1
-0.0194897316 -0.199896734 0.230000004 0 0 1
0.141843708 0.183595685 0.230000004 0 0 1
-0.283524162 0.0526579527 0.230000004 0 0 1
0.225342246 0.189263629 0.230000004 0 0 1
-0.29725007 0.161282963 0.230000004 0 0 1
0.293122974 -0.19563991 0.230000004 0 0 1
0.222180292 -0.196389052 0.230000004 0 0 1
-0.296036135 -0.167216244 0.230000004 0 0 1
-0.290986246 0.0498985804 0.230000004 0 0 1
-0.290557162 0.102315049 0.230000004 0 0 1
-0.148242405 0.188968211 0.230000004 0 0 1
0.12296648 0.1862223 0.230000004 0 0 1
-0.292679511 0.10528003 0.230000004 0 0 1
-0.0721003051 0.190428675 0.230000004 0 0 1
0.220103819 0.185247789 0.230000004 0 0 1
-0.298736532 -0.127237734 0.230000004 0 0 1
0.0626196781 -0.185769447 0.230000004 0 0 1
0.156076764 -0.193846295 0.230000004 0 0 1
0.00247931257 -0.184308808 0.230000004 0 0 1
-0.294744594 -0.122236464 0.230000004 0 0 1
0.283320315 0.0326376839 0.230000004 0 0 1
-0.290681952 -0.181301014 0.230000004 0 0 1
0.286704443 -0.189060964 0.230000004 0 0 1
0.289300062 -0.0654441552 0.230000004 0 0 1
-0.0195766804 -0.183009015 0.230000004 0 0 1
-0.29511104 0.126267786 0.230000004 0 0 1
-0.0332795281 0.188285744 0.230000004 0 0 1
0.0185739926 0.197445281 0.230000004 0 0 1
0.0401191442 0.187324393 0.230000004 0 0 1
-0.296612559 -0.176099488 0.230000004 0 0 1
0.291790193 0.0196573259 0.230000004 0 0 1
-0.261718092 0.19560149 0.230000004 0 0 1
0.250432307 0.195055612 0.230000004 0 0 1
-0.288137094 -0.0592604154 0.230000004 0 0 1
-0.288894036 -0.0892779714 0.230000004 0 0 1
-0.243841556 -0.191675341 0.230000004 0 0 1
-0.286695619 0.175859454 0.230000004 0 0 1
-0.0117427818 -0.192970296 0.230000004 0 0 1
-0.239906075 -0.191737276 0.230000004 0 0 1
-0.298497271 -0.168441772 0.230000004 0 0 1
0.282183125 -0.198391943 0.230000004 0 0 1
-0.125120026 0.196065702 0.230000004 0 0 1
0.20888095 0.185321801 0.230000004 0 0 1
-0.15387215 0.187821849 0.230000004 0 0 1
-0.179712206 -0.197353026 0.230000004 0 0 1
-0.297360688 0.164553845 0.230000004 0 0 1
-0.290853152 0.116459255 0.230000004 0 0 1
0.283227925 0.12146806 0.230000004 0 0 1
-0.287006146 0.0668684256 0.230000004 0 0 1
0.0524891517 -0.194652819 0.230000004 0 0 1
0.117989173 -0.184153 0.230000004 0 0 1
-0.286087221 0.0865361554 0.230000004 0 0 1
-0.150214243 -0.19977973 0.230000004 0 0 1
0.293354714 0.129858435 0.230000004 0 0 1
0.0423483219 0.195008075 0.230000004 0 0 1
-0.298736397 -0.0519364602 0.230000004 0 0 1
0.284338736 -0.0488017829 0.230000004 0 0 1
0.174978482 0.195312535 0.230000004 0 0 1
-0.286926687 -0.121329002 0.230000004 0 0 1
0.283502412 -0.045165899 0.230000004 0 0 1
-0.0854703523 -0.184021607 0.230000004 0 0 1
-0.281743845 0.198127123 0.230000004 0 0 1
-0.162423571 -0.185214713 0.230000004 0 0 1
0.285051561 0.0841666107 0.230000004 0 0 1
-0.00236589256 0.191316583 0.230000004 0 0 1
-0.288162537 0.0180190391 0.230000004 0 0 1
0.0627244589 0.191647371 0.230000004 0 0 1
-0.073853125 -0.199812139 0.230000004 0 0 1
-0.294152527 0.0621503277 0.230000004 0 0 1
0.292503778 0.191959508 0.230000004 0 0 1
-0.178100154 -0.185402805 0.230000004 0 0 1
-0.155855081 -0.190059414 0.230000004 0 0 1
0.268732571 -0.192615681 0.230000004 0 0 1
-0.0360940539 -0.190279774 0.230000004 0 0 1
0.117807441 -0.185825787 0.230000004 0 0 1
-0.100670881 0.183738978 0.230000004 0 0 1
0.285501264 -0.0492857789 0.230000004 0 0 1
-0.0817509292 -0.192683679 0.230000004 0 0 1
-0.283348063 0.141680408 0.230000004 0 0 1
0.257992592 -0.18399916 0.230000004 0 0 1
-0.290581353 0.0905470614 0.230000004 0 0 1
-0.29908434 0.162043149 0.230000004 0 0 1
0.291890697 -0.0867822903 0.230000004 0 0 1
0.0869424738 -0.193248275 0.230000004 0 0 1
-0.219043985 -0.193825743 0.230000004 0 0 1
0.199752468 -0.191045122 0.230000004 0 0 1
0.0387647989 -0.19185857 0.230000004 0 0 1
0.275955452 -0.198889419 0.230000004 0 0 1
0.156145856 -0.187371008 0.230000004 0 0 1
0.285700524 0.0491617688 0.230000004 0 0 1
0.292168965 0.0201521916 0.230000004 0 0 1
0.293587343 0.0121583284 0.230000004 0 0 1
-0.283148372 0.0902095521 0.230000004 0 0 1
-0.242162262 -0.199301123 0.230000004 0 0 1
0.287863111 0.00843123554 0.230000004 0 0 1
0.147176624 -0.194211546 0.230000004 0 0 1
0.0707784744 -0.183550792 0.230000004 0 0 1
0.284134657 0.119682513 0.230000004 0 0 1
-0.299135685 0.0879841371 0.230000004 0 0 1
0.0364228921 -0.19983626 0.230000004 0 0 1
-0.242356066 -0.183693424 0.230000004 0 0 1
0.242877354 0.188270691 0.230000004 0 0 1
0.284560505 0.0167805852 0.230000004 0 0 1
-0.298185465 -0.0106696161 0.230000004 0 0 1
-0.143440144 0.188037898 0.230000004 0 0 1
-0.00388701905 0.191545196 0.230000004 0 0 1
-0.190955244 -0.190359708 0.230000004 0 0 1
-0.298474046 -0.147298102 0.230000004 0 0 1
0.151880594 0.193306405 0.230000004 0 0 1
0.0499826894 0.185179589 0.230000004 0 0 1
0.0253527447 -0.192137747 0.230000004 0 0 1
-0.136911759 -0.183920201 0.230000004 0 0 1
0.254134664 -0.18424084 0.230000004 0 0 1
0.114995416 0.18952447 0.230000004 0 0 1
0.295147711 -0.125473102 0.230000004 0 0 1
0.289428675 0.0947525396 0.230000004 0 0 1
-0.232778471 0.197456576 0.230000004 0 0 1
-0.271769274 0.195379041 0.230000004 0 0 1
-0.286196085 -0.116371733 0.230000004 0 0 1
-0.286159917 0.121078961 0.230000004 0 0 1
-0.173209083 -0.184202961 0.230000004 0 0 1
0.287849135 -0.118043878 0.230000004 0 0 1
-0.285244272 -0.0640854375 0.230000004 0 0 1
0.0292329512 -0.199385154 0.230000004 0 0 1
0.286867939 0.0138269771 0.230000004 0 0 1
0.137822211 -0.19738319 0.230000004 0 0 1
0.0270391878 -0.193253232 0.230000004 0 0 1
0.137711112 -0.188288214 0.230000004 0 0 1
0.297756178 -0.182274358 0.230000004 0 0 1
0.285666867 -0.0420780139 0.230000004 0 0 1
-0.250893235 -0.19178447 0.230000004 0 0 1
-0.185807797 -0.197768595 0.230000004 0 0 1
-0.148551384 0.185464299 0.230000004 0 0 1
0.291962377 -0.1937924 0.230000004 0 0 1
0.283308364 0.0919397954 0.230000004 0 0 1
-0.146273255 0.186583672 0.230000004 0 0 1
-0.294552382 0.166476442 0.230000004 0 0 1
0.293040198 0.0513557168 0.230000004 0 0 1
0.0556904381 -0.199972851 0.230000004 0 0 1
-0.292522138 -0.088291026 0.230000004 0 0 1
0.138255747 -0.195164913 0.230000004 0 0 1
0.137813499 0.193915091 0.230000004 0 0 1
0.167106029 0.186941809 0.230000004 0 0 1
-0.0409986889 -0.18380903 0.230000004 0 0 1
0.0823914012 0.191731744 0.230000004 0 0 1
-0.188265924 0.199158716 0.230000004 0 0 1
0.189996169 0.189742487 0.230000004 0 0 1
0.054926024 0.195827156 0.230000004 0 0 1
0.236292692 0.183341841 0.230000004 0 0 1
-0.29032322 0.102346787 0.230000004 0 0 1
-0.0210818915 0.183016228 0.230000004 0 0 1
-0.0122490083 -0.198953527 0.230000004 0 0 1
-0.299760934 -0.143421094 0.230000004 0 0 1
0.164446875 -0.189334577 0.230000004 0 0 1
0.282571805 0.183997815 0.230000004 0 0 1
0.292842037 0.00913205094 0.230000004 0 0 1
-0.263457439 -0.199777281 0.230000004 0 0 1
0.297013277 -0.0763541193 0.230000004 0 0 1
0.291870566 0.0969768237 0.230000004 0 0 1
0.001457555 0.198466445 0.230000004 0 0 1
0.0600791334 -0.190331157 0.230000004 0 0 1
0.292059553 0.146793639 0.230000004 0 0 1
-0.294307295 -0.1112232 0.230000004 0 0 1
-0.296096623 -0.132058515 0.230000004 0 0 1
0.297256324 -0.0357453035 0.230000004 0 0 1
-0.284586601 0.0360057799 0.230000004 0 0 1
-0.29194613 -0.0100319688 0.230000004 0 0 1
0.204314834 -0.191784192 0.230000004 0 0 1
-0.297899638 0.151079123 0.230000004 0 0 1
0.0379167821 0.197033775 0.230000004 0 0 1
-0.29697591 0.104052999 0.230000004 0 0 1
-0.298769257 -0.0944052892 0.230000004 0 0 1
0.296284039 0.0771449706 0.230000004 0 0 1
0.133024154 0.188867871 0.230000004 0 0 1
-0.286073133 0.191154268 0.230000004 0 0 1
-0.136050109 0.185048545 0.230000004 0 0 1
0.292924899 0.0979154611 0.230000004 0 0 1
0.000760855235 -0.184038248 0.230000004 0 0 1
-0.201721736 -0.19359879 0.230000004 0 0 1
0.225075158 -0.190177965 0.230000004 0 0 1
-0.290622897 0.126639923 0.230000004 0 0 1
-0.104530739 -0.194273765 0.230000004 0 0 1
-0.0789617466 0.194427634 0.230000004 0 0 1
-0.287359197 -0.137758184 0.230000004 0 0 1
-0.284089455 0.0981304666 0.230000004 0 0 1
0.0780004309 -0.185225755 0.230000004 0 0 1
0.291842355 -0.03173249 0.230000004 0 0 1
0.211800257 0.183924127 0.230000004 0 0 1
-0.225464745 0.19486187 0.230000004 0 0 1
0.284919005 0.0643055671 0.230000004 0 0 1
0.169466672 -0.198914661 0.230000004 0 0 1
0.295678183 -0.0553213831 0.230000004 0 0 1
0.150785192 0.187505791 0.230000004 0 0 1
0.266901681 -0.194167598 0.230000004 0 0 1
-0.196326568 -0.195659789 0.230000004 0 0 1
0.090466623 -0.199474661 0.230000004 0 0 1
-0.28492398 -0.0787127817 0.230000004 0 0 1
0.0147836242 0.18828287 0.230000004 0 0 1
-0.147631462 -0.185819898 0.230000004 0 0 1
0.0695394493 -0.191252156 0.230000004 0 0 1
-0.0337847014 0.198759876 0.230000004 0 0 1
-0.285350025 0.0614455776 0.230000004 0 0 1
-0.25657122 0.18362278 0.230000004 0 0 1
0.280355703 -0.196538722 0.230000004 0 0 1
0.296454919 0.170106468 0.230000004 0 0 1
-0.296165557 0.160129314 0.230000004 0 0 1
-0.0318008691 -0.197553614 0.230000004 0 0 1
-0.298237947 0.00751543351 0.230000004 0 0 1
0.283710898 0.0856236428 0.230000004 0 0 1
-0.298303696 0.147990781 0.230000004 0 0 1
-0.290772081 -0.0672554637 0.230000004 0 0 1
-0.12724467 0.198259616 0.230000004 0 0 1
0.117121049 0.194060644 0.230000004 0 0 1
0.291606158 -0.0497089572 0.230000004 0 0 1
-0.291659887 0.0677324279 0.230000004 0 0 1
0.296340229 -0.125252107 0.230000004 0 0 1
0.190825751 -0.18958217 0.230000004 0 0 1
-0.298123299 0.113229404 0.230000004 0 0 1
0.0593453791 -0.196354069 0.230000004 0 0 1
-0.232965833 -0.18824598 0.230000004 0 0 1
0.0127790932 0.193811293 0.230000004 0 0 1
0.0455975099 0.184597907 0.230000004 0 0 1
0.248899309 -0.191336891 0.230000004 0 0 1
-0.0990353287 -0.193086172 0.230000004 0 0 1
0.00936537402 0.193633563 0.230000004 0 0 1
0.287713832 0.0593775092 0.230000004 0 0 1
0.298687011 -0.132312021 0.230000004 0 0 1
-0.157284999 -0.192771296 0.230000004 0 0 1
0.293123543 -0.0971033152 0.230000004 0 0 1
-0.291807394 0.157176097 0.230000004 0 0 1
-0.0933673572 0.197846984 0.230000004 0 0 1
-0.136874506 0.184958247 0.230000004 0 0 1
-0.284068002 0.0212435918 0.230000004 0 0 1
0.28533015 0.0441890896 0.230000004 0 0 1
-0.22825437 -0.19925395 0.230000004 0 0 1
0.130883735 -0.196894231 0.230000004 0 0 1
-0.255523303 -0.195819348 0.230000004 0 0 1
0.274947567 0.197569966 0.230000004 0 0 1
-0.237203318 -0.194027485 0.230000004 0 0 1
0.211795256 0.195994602 0.230000004 0 0 1
0.289422779 0.0468883979 0.230000004 0 0 1
-0.295482714 0.176308743 0.230000004 0 0 1
-0.290982133 -0.150305237 0.230000004 0 0 1
-0.0116306987 -0.188724304 0.230000004 0 0 1
0.291782167 -0.0204247406 0.230000004 0 0 1
-0.123832623 -0.197135621 0.230000004 0 0 1
-0.295695864 0.125325204 0.230000004 0 0 1
0.0365298524 -0.190213947 0.230000004 0 0 1
-0.0759080492 -0.191618068 0.230000004 0 0 1
-0.237912926 -0.186247924 0.230000004 0 0 1
0.293911981 0.197366581 0.230000004 0 0 1
0.258058505 0.183655743 0.230000004 0 0 1
0.0733710099 -0.18362968 0.230000004 0 0 1
0.0895996838 -0.194519838 0.230000004 0 0 1
-0.290921365 -0.0137936255 0.230000004 0 0 1
-0.298768642 0.098105558 0.230000004 0 0 1
0.267507759 -0.194414952 0.230000004 0 0 1
-0.12913082 0.185863719 0.230000004 0 0 1
-0.198957391 -0.193802858 0.230000004 0 0 1
0.0775742502 0.185072497 0.230000004 0 0 1
-0.28964984 0.139779718 0.230000004 0 0 1
0.202920448 0.198080859 0.230000004 0 0 1
0.284559204 0.034848433 0.230000004 0 0 1
0.158212803 -0.194044964 0.230000004 0 0 1
0.0431985732 -0.198378986 0.230000004 0 0 1
0.288226497 -0.0259548415 0.230000004 0 0 1
0.0582755643 -0.19180626 0.230000004 0 0 1
-0.291691967 0.0927832118 0.230000004 0 0 1
0.286079339 0.0921774859 0.230000004 0 0 1
0.298932753 0.10430159 0.230000004 0 0 1
0.286699762 0.0548129878 0.230000004 0 0 1
0.296362626 0.0687269622 0.230000004 0 0 1
0.289620186 -0.000644233474 0.230000004 0 0 1
0.0426665038 -0.187610873 0.230000004 0 0 1
-0.0860565792 0.198871439 0.230000004 0 0 1
0.299455248 -0.0370278612 0.230000004 0 0 1
0.147903393 0.19101232 0.230000004 0 0 1
0.162328155 -0.189621891 0.230000004 0 0 1
0.0332389458 0.195520826 0.230000004 0 0 1
0.292670197 0.0740544061 0.230000004 0 0 1
-0.288875364 -0.17008194 0.230000004 0 0 1
0.246296691 -0.191992507 0.230000004 0 0 1
0.285214763 -0.10506338 0.230000004 0 0 1
0.250792568 0.185708489 0.230000004 0 0 1
-0.0810522027 -0.186309974 0.230000004 0 0 1
0.285796791 0.0590182783 0.230000004 0 0 1
-0.087940743 -0.189019132 0.230000004 0 0 1
-0.0411324863 -0.197793822 0.230000004 0 0 1
-0.026319421 -0.188083236 0.230000004 0 0 1
0.282390801 0.191583881 0.230000004 0 0 1
0.0416949269 -0.194071033 0.230000004 0 0 1
0.0152018684 -0.199495541 0.230000004 0 0 1
0.298112054 0.195317867 0.230000004 0 0 1
0.29844078 0.141367518 0.230000004 0 0 1
-0.0480599464 -0.188062181 0.230000004 0 0 1
-0.0656356792 0.185698531 0.230000004 0 0 1
-0.084158236 -0.189425846 0.230000004 0 0 1
0.201603874 0.191736358 0.230000004 0 0 1
-0.238016326 -0.185426741 0.230000004 0 0 1
0.0570802952 -0.196597589 0.230000004 0 0 1
0.260256985 -0.198683271 0.230000004 0 0 1
0.0933985578 -0.194397305 0.230000004 0 0 1
0.287613772 -0.16876638 0.230000004 0 0 1
-0.0189449273 0.188659542 0.230000004 0 0 1
0.22535177 -0.199607607 0.230000004 0 0 1
0.298616136 -0.0789117476 0.230000004 0 0 1
-0.197345677 0.187603527 0.230000004 0 0 1
0.031462421 0.194719813 0.230000004 0 0 1
0.0941841003 -0.188320208 0.230000004 0 0 1
-0.2251735 0.193441486 0.230000004 0 0 1
0.290489009 -0.182078293 0.230000004 0 0 1
0.297682188 -0.12232075 0.230000004 0 0 1
-0.00665136119 -0.18592527 0.230000004 0 0 1
0.0953105695 0.195273452 0.230000004 0 0 1
0.13878511 0.196987597 0.230000004 0 0 1
-0.29276835 -0.197992134 0.230000004 0 0 1
0.287546974 -0.145318193 0.230000004 0 0 1
-0.289629468 0.0220493061 0.230000004 0 0 1
0.185208719 -0.184952044 0.230000004 0 0 1
0.285400026 0.0739459656 0.230000004 0 0 1
0.299796673 -0.0667035203 0.230000004 0 0 1
-0.298921232 -0.171379882 0.230000004 0 0 1
-0.0104096786 -0.195248324 0.230000004 0 0 1
0.0592043027 0.187039082 0.230000004 0 0 1
-0.0624242608 -0.198600999 0.230000004 0 0 1
-0.196405741 0.183032718 0.230000004 0 0 1
0.288094498 -0.0780547233 0.230000004 0 0 1
-0.209669277 -0.199898815 0.230000004 0 0 1
0.129360544 -0.198165555 0.230000004 0 0 1
-0.1201217 -0.191050328 0.230000004 0 0 1
-0.0935577055 -0.185597856 0.230000004 0 0 1
0.273113522 -0.190481168 0.230000004 0 0 1
0.285266239 0.131144161 0.230000004 0 0 1
0.294302228 -0.0149520725 0.230000004 0 0 1
0.290439603 0.162858746 0.230000004 0 0 1
0.18818507 0.19674285 0.230000004 0 0 1
0.297630421 -0.0733593717 0.230000004 0 0 1
0.290164663 -0.168832342 0.230000004 0 0 1
0.0427953699 0.195395996 0.230000004 0 0 1
0.297719391 0.0914664257 0.230000004 0 0 1
-0.161477967 -0.194947148 0.230000004 0 0 1
-0.2871678 -0.095814244 0.230000004 0 0 1
-0.124725318 -0.195616752 0.230000004 0 0 1
0.28475847 0.0704728249 0.230000004 0 0 1
0.256626419 0.19861622 0.230000004 0 0 1
-0.29080928 -0.186760571 0.230000004 0 0 1
-0.256978424 0.192560911 0.230000004 0 0 1
0.0819654293 -0.185852257 0.230000004 0 0 1
-0.0865769157 0.18379715 0.230000004 0 0 1
-0.236847528 0.192229021 0.230000004 0 0 1
-0.163158291 -0.187502742 0.230000004 0 0 1
0.292807925 -0.00484980673 0.230000004 0 0 1
-0.281024709 -0.193330251 0.230000004 0 0 1
-0.168484451 0.194430468 0.230000004 0 0 1
-0.285528837 -0.0109787349 0.230000004 0 0 1
-0.283748695 0.0754578864 0.230000004 0 0 1
0.283977078 0.162977251 0.230000004 0 0 1
-0.100404623 0.199586611 0.230000004 0 0 1
-0.298840606 0.0978377148 0.230000004 0 0 1
0.294951532 0.0654635923 0.230000004 0 0 1
0.00894599099 0.188098432 0.230000004 0 0 1
0.285417195 0.167822241 0.230000004 0 0 1
-0.0119346055 0.190781004 0.230000004 0 0 1
0.0753898592 0.189008429 0.230000004 0 0 1
-0.0995587436 0.190456556 0.230000004 0 0 1
0.297307053 -0.0479824316 0.230000004 0 0 1
-0.289467534 0.0717406007 0.230000004 0 0 1
0.058236836 -0.190747094 0.230000004 0 0 1
0.283097515 -0.115302539 0.230000004 0 0 1
-0.295173164 0.141873387 0.230000004 0 0 1
0.29453013 0.115293286 0.230000004 0 0 1
-0.0846189361 -0.191021836 0.230000004 0 0 1
-0.165710497 0.198786238 0.230000004 0 0 1
-0.0190278135 0.190897477 0.230000004 0 0 1
-0.296714868 0.0791874277 0.230000004 0 0 1
0.180028778 -0.189372231 0.230000004 0 0 1
0.184383805 0.184563736 0.230000004 0 0 1
0.104898383 0.183728402 0.230000004 0 0 1
0.299856029 -0.121122639 0.230000004 0 0 1
-0.299761761 -0.114030111 0.230000004 0 0 1
-0.219227165 -0.189380544 0.230000004 0 0 1
0.0892944706 0.186191277 0.230000004 0 0 1
0.2919779 -0.145755602 0.230000004 0 0 1
0.00276739419 -0.199392084 0.230000004 0 0 1
-0.287218551 -0.188631953 0.230000004 0 0 1
0.232510842 0.193303565 0.230000004 0 0 1
-0.0252050939 -0.194611196 0.230000004 0 0 1
0.297660484 -0.0518397879 0.230000004 0 0 1
0.283670829 0.109818079 0.230000004 0 0 1
0.191085613 -0.197517638 0.230000004 0 0 1
0.0607625584 -0.194348758 0.230000004 0 0 1
0.171095148 -0.186519729 0.230000004 0 0 1
-0.286875273 -0.00515245334 0.230000004 0 0 1
0.283320282 -0.0910706215 0.230000004 0 0 1
0.168502782 -0.190393625 0.230000004 0 0 1
-0.124165921 0.185025967 0.230000004 0 0 1
-0.0609234285 0.185406157 0.230000004 0 0 1
-0.0763003708 -0.18761839 0.230000004 0 0 1
0.193877087 0.1977242 0.230000004 0 0 1
0.289422879 0.155652923 0.230000004 0 0 1
-0.0640337538 0.186308483 0.230000004 0 0 1
-0.28986122 0.178652734 0.230000004 0 0 1
-0.289737302 -0.14016313 0.230000004 0 0 1
-0.287674146 -0.0493561995 0.230000004 0 0 1
-0.208367812 0.196961826 0.230000004 0 0 1
0.0339056712 0.199013757 0.230000004 0 0 1
0.297855101 0.00517262718 0.230000004 0 0 1
0.158373928 -0.189308901 0.230000004 0 0 1
0.19114986 0.198215579 0.230000004 0 0 1
-0.0230022777 -0.199287484 0.230000004 0 0 1
0.296000109 -0.17685396 0.230000004 0 0 1
-0.291676298 -0.163664565 0.230000004 0 0 1
0.197113046 -0.196194182 0.230000004 0 0 1
0.118444635 -0.192431022 0.230000004 0 0 1
-0.25352847 -0.199150188 0.230000004 0 0 1
-0.290593607 0.00944402272 0.230000004 0 0 1
0.284493451 -0.0662923979 0.230000004 0 0 1
0.102713775 0.192698583 0.230000004 0 0 1
-0.293283403 -0.0646738032 0.230000004 0 0 1
-0.293249682 0.117247051 0.230000004 0 0 1
0.148138034 0.193171871 0.230000004 0 0 1
0.29446623 0.167500034 0.230000004 0 0 1
0.297333796 0.0873166649 0.230000004 0 0 1
-0.290648199 -0.133970966 0.230000004 0 0 1
0.286046207 0.0947207045 0.230000004 0 0 1
-0.281304007 -0.186537111 0.230000004 0 0 1
0.286235737 -0.15676161 0.230000004 0 0 1
-0.182341486 0.19811928 0.230000004 0 0 1
0.245467784 0.190321358 0.230000004 0 0 1
0.139275822 0.190254957 0.230000004 0 0 1
0.110837011 0.197647091 0.230000004 0 0 1
0.105402431 -0.189652638 0.230000004 0 0 1
-0.293589226 -0.197100524 0.230000004 0 0 1
-0.215323367 -0.193667202 0.230000004 0 0 1
-0.0066183974 0.18856414 0.230000004 0 0 1
0.293590912 0.110020219 0.230000004 0 0 1
-0.158308854 -0.198480925 0.230000004 0 0 1
0.200191227 0.195298177 0.230000004 0 0 1
-0.159849317 0.190649615 0.230000004 0 0 1
-0.296135693 0.149654909 0.230000004 0 0 1
-0.293573534 -0.147755002 0.230000004 0 0 1
0.299970516 0.194264621 0.230000004 0 0 1
-0.29125796 0.163217543 0.230000004 0 0 1
0.201407432 0.189313602 0.230000004 0 0 1
0.28929153 0.162006404 0.230000004 0 0 1
0.286961587 0.171516549 0.230000004 0 0 1
0.03877031 0.189856289 0.230000004 0 0 1
0.100044183 -0.192788568 0.230000004 0 0 1
0.256953123 -0.198569834 0.230000004 0 0 1
0.294493088 -0.106200242 0.230000004 0 0 1
-0.287031494 -0.157207788 0.230000004 0 0 1
0.206171209 0.18851874 0.230000004 0 0 1
-0.122520954 0.19248121 0.230000004 0 0 1
0.295515027 0.0829807068 0.230000004 0 0 1
0.107566071 0.186684112 0.230000004 0 0 1
0.275762046 -0.184051854 0.230000004 0 0 1
-0.294261197 -0.19137412 0.230000004 0 0 1
-0.13584885 -0.193054391 0.230000004 0 0 1
0.290605771 -0.011624602 0.230000004 0 0 1
-0.263492896 -0.19565022 0.230000004 0 0 1
-0.299307615 -0.199408747 0.230000004 0 0 1
0.23928297 -0.183871629 0.230000004 0 0 1
-0.10558064 -0.191412006 0.230000004 0 0 1
-0.104489384 -0.189780159 0.230000004 0 0 1
-0.299345621 -0.0704811951 0.230000004 0 0 1
-0.299486314 -0.0180986898 0.230000004 0 0 1
0.0930532577 -0.191907966 0.230000004 0 0 1
-0.296823186 0.151463595 0.230000004 0 0 1
-0.288480216 0.151086896 0.230000004 0 0 1
-0.219876873 -0.186383298 0.230000004 0 0 1
0.191717489 -0.187905119 0.230000004 0 0 1
0.0610070128 -0.183084985 0.230000004 0 0 1
-0.0975345415 -0.19266204 0.230000004 0 0 1
-0.298180083 0.0122351029 0.230000004 0 0 1
0.232964504 0.183081537 0.230000004 0 0 1
0.298199833 0.0653112477 0.230000004 0 0 1
0.291980753 -0.0421987686 0.230000004 0 0 1
0.283898628 -0.0593676741 0.230000004 0 0 1
-0.299347668 -0.0934088372 0.230000004 0 0 1
-0.169422256 0.187072267 0.230000004 0 0 1
0.153259718 0.191826182 0.230000004 0 0 1
0.242292583 0.195765274 0.230000004 0 0 1
0.296249372 -0.1434847 0.230000004 0 0 1
-0.184452103 0.197986921 0.230000004 0 0 1
0.162355077 -0.190029015 0.230000004 0 0 1
0.298798348 0.18068254 0.230000004 0 0 1
-0.250466303 0.188301337 0.230000004 0 0 1
0.296783976 0.015368038 0.230000004 0 0 1
0.290956528 0.0225481157 0.230000004 0 0 1
-0.106463987 -0.199692879 0.230000004 0 0 1
-0.170759917 0.196878315 0.230000004 0 0 1
-0.106361875 -0.191971549 0.230000004 0 0 1
-0.294187789 -0.171677669 0.230000004 0 0 1
0.260474076 0.199223475 0.230000004 0 0 1
-0.0834590056 -0.184103559 0.230000004 0 0 1
-0.0592131467 0.199135607 0.230000004 0 0 1
-0.286097454 -0.00918498675 0.230000004 0 0 1
0.133446217 -0.188330119 0.230000004 0 0 1
-0.286114818 -0.00017653319 0.230000004 0 0 1
0.0276638232 0.185814905 0.230000004 0 0 1
-0.270837835 -0.199265406 0.230000004 0 0 1
0.147352765 0.184024084 0.230000004 0 0 1
0.107001398 0.191373742 0.230000004 0 0 1
0.295282376 0.0279731282 0.230000004 0 0 1
-0.0955148837 0.197697283 0.230000004 0 0 1
0.170494088 -0.194823197 0.230000004 0 0 1
-0.210772492 0.192335418 0.230000004 0 0 1
0.125131866 0.183239751 0.230000004 0 0 1
-0.098268433 0.184352798 0.230000004 0 0 1
-0.268338041 0.194495496 0.230000004 0 0 1
0.283414571 -0.0206979735 0.230000004 0 0 1
-0.291736169 -0.119488664 0.230000004 0 0 1
0.0160091097 -0.186732259 0.230000004 0 0 1
-0.186289709 0.197276467 0.230000004 0 0 1
0.11948803 0.183531169 0.230000004 0 0 1
0.125079388 0.187892207 0.230000004 0 0 1
-0.284404878 0.183197393 0.230000004 0 0 1
0.162089582 -0.186836514 0.230000004 0 0 1
-0.29917821 -0.00123102153 0.230000004 0 0 1
-0.293942924 -0.128714258 0.230000004 0 0 1
0.289002235 -0.098238613 0.230000004 0 0 1
-0.151760267 0.188477686 0.230000004 0 0 1
0.293640712 0.0630051063 0.230000004 0 0 1
0.175020346 0.185723097 0.230000004 0 0 1
-0.104978224 0.193962722 0.230000004 0 0 1
-0.164150827 0.19883073 0.230000004 0 0 1
0.298094996 0.180386805 0.230000004 0 0 1
-0.291447748 0.1103113 0.230000004 0 0 1
-0.297278982 0.192546856 0.230000004 0 0 1
0.297556754 0.00863000288 0.230000004 0 0 1
0.290160057 -0.00797304075 0.230000004 0 0 1
-0.290137824 -0.0864562768 0.230000004 0 0 1
-0.133277232 0.186993975 0.230000004 0 0 1
0.121358155 -0.199486483 0.230000004 0 0 1
-0.09484883 0.194785398 0.230000004 0 0 1
-0.285514488 0.0940519248 0.230000004 0 0 1
0.194503828 -0.198722696 0.230000004 0 0 1
0.283699289 -0.0909047454 0.230000004 0 0 1
0.275661188 -0.187552753 0.230000004 0 0 1
0.288693191 0.12116567 0.230000004 0 0 1
0.29201918 -0.157061151 0.230000004 0 0 1
0.16170993 0.190203377 0.230000004 0 0 1
-0.0975142376 -0.19000631 0.230000004 0 0 1
-0.296928487 0.117341099 0.230000004 0 0 1
-0.0148354008 -0.194659653 0.230000004 0 0 1
-0.290761197 0.0957807723 0.230000004 0 0 1
0.298948625 0.14297986 0.230000004 0 0 1
0.250000218 -0.185816005 0.230000004 0 0 1
-0.110655559 -0.1995366 0.230000004 0 0 1
0.297222157 0.013959066 0.230000004 0 0 1
-0.169007817 -0.19219929 0.230000004 0 0 1
0.291518396 0.043816269 0.230000004 0 0 1
-0.286671096 0.0576013137 0.230000004 0 0 1
-0.0934798975 -0.1871229 0.230000004 0 0 1
0.0912140566 0.197670699 0.230000004 0 0 1
-0.0124453929 -0.188557881 0.230000004 0 0 1
0.296647311 0.0496451031 0.230000004 0 0 1
-0.121573408 0.192746868 0.230000004 0 0 1
-0.28348581 -0.0522223408 0.230000004 0 0 1
-0.29729919 -0.0884283528 0.230000004 0 0 1
-0.295058216 0.151974855 0.230000004 0 0 1
0.0129486179 -0.198689433 0.230000004 0 0 1
-0.29986953 0.00938165058 0.230000004 0 0 1
-0.2917636 -0.155570229 0.230000004 0 0 1
-0.201286687 -0.198745187 0.230000004 0 0 1
0.0709982402 0.187452969 0.230000004 0 0 1
0.287441226 0.140004517 0.230000004 0 0 1
-0.211172556 -0.190979782 0.230000004 0 0 1
0.0676009646 0.184499402 0.230000004 0 0 1
-0.122313856 0.187025912 0.230000004 0 0 1
-0.292125121 0.150860658 0.230000004 0 0 1
0.0913225509 0.197625712 0.230000004 0 0 1
-0.286127136 0.162595923 0.230000004 0 0 1
0.292484659 0.0190797084 0.230000004 0 0 1
0.285121964 -0.032125106 0.230000004 0 0 1
-0.151930455 0.186365179 0.230000004 0 0 1
-0.294129792 -0.0270979486 0.230000004 0 0 1
-0.283125936 -0.140651995 0.230000004 0 0 1
0.297845515 0.137662266 0.230000004 0 0 1
0.298265596 -0.143266941 0.230000004 0 0 1
-0.296366471 0.176468046 0.230000004 0 0 1
0.29884022 -0.0265144646 0.230000004 0 0 1
0.273079279 0.185934901 0.230000004 0 0 1
0.295997406 -0.158521889 0.230000004 0 0 1
-0.266926432 -0.199775497 0.230000004 0 0 1
0.294051133 0.0456702685 0.230000004 0 0 1
0.297253597 -0.159635407 0.230000004 0 0 1
-0.148266953 -0.191367055 0.230000004 0 0 1
-0.206997715 -0.195249087 0.230000004 0 0 1
0.0145302429 0.193886374 0.230000004 0 0 1
-0.220282144 0.193558322 0.230000004 0 0 1
-0.222020012 -0.189293343 0.230000004 0 0 1
0.291341801 -0.167500553 0.230000004 0 0 1
-0.137683359 -0.199961689 0.230000004 0 0 1
-0.0872010192 0.190525534 0.230000004 0 0 1
0.235385276 0.190018896 0.230000004 0 0 1
0.211040436 0.184759549 0.230000004 0 0 1
-0.185789312 0.197123393 0.230000004 0 0 1
-0.295469914 -0.0536327966 0.230000004 0 0 1
-0.284961612 0.0182579473 0.230000004 0 0 1
-0.286217934 0.129789003 0.230000004 0 0 1
-0.271775273 -0.189815363 0.230000004 0 0 1
-0.0185649034 -0.183081081 0.230000004 0 0 1
-0.287594064 -0.0219076825 0.230000004 0 0 1
-0.241004671 0.199994653 0.230000004 0 0 1
0.240512591 -0.186573303 0.230000004 0 0 1
0.284751379 0.0761650036 0.230000004 0 0 1
-0.290485409 -0.0514935703 0.230000004 0 0 1
0.0680170584 0.191084861 0.230000004 0 0 1
0.289074084 0.123046063 0.230000004 0 0 1
0.252860767 0.189729947 0.230000004 0 0 1
0.289080833 0.120717102 0.230000004 0 0 1
0.244847026 0.186168297 0.230000004 0 0 1
-0.261368963 -0.195876368 0.230000004 0 0 1
-0.294006887 -0.042630448 0.230000004 0 0 1
0.293771267 0.00991881266 0.230000004 0 0 1
-0.108614097 -0.197148288 0.230000004 0 0 1
-0.155414985 -0.186642419 0.230000004 0 0 1
-0.298690913 0.147816975 0.230000004 0 0 1
-0.283725154 -0.154532481 0.230000004 0 0 1
-0.293080563 -0.0732764242 0.230000004 0 0 1
0.0948737463 0.195145603 0.230000004 0 0 1
-0.27294031 0.192868009 0.230000004 0 0 1
-0.0139931986 0.190516668 0.230000004 0 0 1
-0.149935733 -0.195568525 0.230000004 0 0 1
-0.287177835 0.0456960309 0.230000004 0 0 1
0.0837129096 -0.196896146 0.230000004 0 0 1
-0.218520953 -0.183868884 0.230000004 0 0 1
0.04610898 -0.188395382 0.230000004 0 0 1
-0.174506437 0.184101359 0.230000004 0 0 1
0.269691773 0.193360017 0.230000004 0 0 1
0.137426494 -0.186910377 0.230000004 0 0 1
0.105756568 -0.196105421 0.230000004 0 0 1
0.0821650365 -0.1847557 0.230000004 0 0 1
-0.195917592 -0.196530243 0.230000004 0 0 1
0.03329143 0.195654073 0.230000004 0 0 1
-0.0613331323 -0.196035174 0.230000004 0 0 1
-0.290228862 0.0701687926 0.230000004 0 0 1
-0.111995264 -0.188970822 0.230000004 0 0 1
-0.244351317 -0.197289523 0.230000004 0 0 1
-0.154299101 -0.193127996 0.230000004 0 0 1
0.289376972 -0.00319163762 0.230000004 0 0 1
0.288529439 0.0839006457 0.230000004 0 0 1
-0.182254136 0.197324309 0.230000004 0 0 1
-0.107990243 0.197118968 0.230000004 0 0 1
0.298285898 -0.117212073 0.230000004 0 0 1
0.287128149 -0.15439061 0.230000004 0 0 1
-0.0975380702 0.193493038 0.230000004 0 0 1
0.286710932 -0.0956482276 0.230000004 0 0 1
0.292741181 -0.0761897368 0.230000004 0 0 1
-0.0425461421 -0.189248867 0.230000004 0 0 1
0.189615236 -0.196949584 0.230000004 0 0 1
-0.288289554 0.10632538 0.230000004 0 0 1
-0.0770419777 0.194174225 0.230000004 0 0 1
-0.179152082 -0.192171276 0.230000004 0 0 1
-0.29741805 0.171798999 0.230000004 0 0 1
-0.0158112892 0.190650147 0.230000004 0 0 1
-0.284286884 0.0151367508 0.230000004 0 0 1
0.299143547 0.0742996221 0.230000004 0 0 1
-0.203924089 -0.191244622 0.230000004 0 0 1
0.280910119 -0.188075204 0.230000004 0 0 1
-0.132188347 -0.186607939 0.230000004 0 0 1
0.061993906 -0.187113646 0.230000004 0 0 1
-0.0865769833 0.196162873 0.230000004 0 0 1
-0.285122263 -0.0191251861 0.230000004 0 0 1
-0.293135991 -0.0547574668 0.230000004 0 0 1
0.267012651 0.193229484 0.230000004 0 0 1
-0.205562928 -0.19198497 0.230000004 0 0 1
0.291643966 0.134827994 0.230000004 0 0 1
0.290241852 0.188575596 0.230000004 0 0 1
-0.296078442 0.0065993353 0.230000004 0 0 1
0.29477443 0.0131212287 0.230000004 0 0 1
-0.190868528 -0.186622385 0.230000004 0 0 1
-0.298011521 0.113507271 0.230000004 0 0 1
-0.23355933 0.193983798 0.230000004 0 0 1
-0.298844729 -0.124419497 0.230000004 0 0 1
-0.291891742 0.166560418 0.230000004 0 0 1
-0.299635993 -0.0581478292 0.230000004 0 0 1
0.233629482 -0.199418255 0.230000004 0 0 1
-0.0420842394 0.184602783 0.230000004 0 0 1
0.284500589 -0.0585341088 0.230000004 0 0 1
-0.288280614 0.168382797 0.230000004 0 0 1
0.283276629 0.0836659231 0.230000004 0 0 1
-0.17109294 0.183401681 0.230000004 0 0 1
0.295177905 -0.111526823 0.230000004 0 0 1
-0.249341628 -0.196316728 0.230000004 0 0 1
0.299364337 -0.17989912 0.230000004 0 0 1
0.29804144 0.136207341 0.230000004 0 0 1
-0.11319627 0.196053753 0.230000004 0 0 1
-0.0857395347 0.195602527 0.230000004 0 0 1
0.141764544 -0.188101729 0.230000004 0 0 1
-0.290644251 -0.0938488113 0.230000004 0 0 1
-0.283296119 0.152785014 0.230000004 0 0 1
-0.261525734 0.19050072 0.230000004 0 0 1
0.0283580325 -0.185439764 0.230000004 0 0 1
-0.0890498515 0.184849869 0.230000004 0 0 1
0.206898509 -0.192044679 0.230000004 0 0 1
-0.2833224 -0.15361649 0.230000004 0 0 1
0.140725675 0.199416273 0.230000004 0 0 1
-0.29575422 -0.0789090047 0.230000004 0 0 1
-0.192308975 -0.193084887 0.230000004 0 0 1
0.297746099 -0.0589595232 0.230000004 0 0 1
-0.29921495 -0.0173478074 0.230000004 0 0 1
-0.0976626854 0.198770896 0.230000004 0 0 1
-0.29097382 0.143213076 0.230000004 0 0 1
-0.216425328 0.193698635 0.230000004 0 0 1
0.163995304 -0.197020915 0.230000004 0 0 1
0.0405232907 0.193695111 0.230000004 0 0 1
0.294641697 -0.190893098 0.230000004 0 0 1
-0.279394155 0.19710524 0.230000004 0 0 1
0.287323173 0.170379418 0.230000004 0 0 1
0.288641811 -0.0925208609 0.230000004 0 0 1
0.219602259 0.188781922 0.230000004 0 0 1
0.285791124 -0.125512093 0.230000004 0 0 1
0.17200643 -0.192531798 0.230000004 0 0 1
0.295267178 0.0552853463 0.230000004 0 0 1
-0.297219823 0.156437796 0.230000004 0 0 1
-0.124597131 -0.189743567 0.230000004 0 0 1
-0.283002434 0.157746318 0.230000004 0 0 1
-0.291927145 -0.114889554 0.230000004 0 0 1
-0.14948755 -0.197927641 0.230000004 0 0 1
-0.293540641 0.173620816 0.230000004 0 0 1
-0.289475447 -0.0637437248 0.230000004 0 0 1
-0.233346292 -0.192603771 0.230000004 0 0 1
-0.285352133 -0.0269917794 0.230000004 0 0 1
-0.167241922 0.194767819 0.230000004 0 0 1
0.285021815 0.0517822151 0.230000004 0 0 1
0.296065404 -0.058545347 0.230000004 0 0 1
-0.298286194 -0.121770929 0.230000004 0 0 1
0.296522425 0.186882413 0.230000004 0 0 1
-0.294082014 0.0151521965 0.230000004 0 0 1
-0.285454243 -0.026391172 0.230000004 0 0 1
-0.29118291 0.154423149 0.230000004 0 0 1
-0.235981394 0.188668997 0.230000004 0 0 1
0.0198101307 0.191283039 0.230000004 0 0 1
-0.293881026 -0.129646182 0.230000004 0 0 1
-0.274209693 0.18886703 0.230000004 0 0 1
-0.281346328 -0.18623632 0.230000004 0 0 1
-0.144883322 -0.187047513 0.230000004 0 0 1
-0.292755238 -0.0433991451 0.230000004 0 0 1
0.0681179368 -0.198275452 0.230000004 0 0 1
0.0120516526 -0.195070512 0.230000004 0 0 1
-0.186954587 -0.191605147 0.230000004 0 0 1
-0.285021989 -0.189443822 0.230000004 0 0 1
-0.109971802 -0.187636041 0.230000004 0 0 1
0.298680434 0.131201742 0.230000004 0 0 1
-0.0940607996 -0.193620406 0.230000004 0 0 1
0.299720628 0.171634568 0.230000004 0 0 1
0.00072807027 -0.198782063 0.230000004 0 0 1
-0.0430625452 0.193825859 0.230000004 0 0 1
-0.25114463 0.188195626 0.230000004 0 0 1
0.189690457 0.193436901 0.230000004 0 0 1
-0.0220879136 0.193839327 0.230000004 0 0 1
0.0459837224 0.183146265 0.230000004 0 0 1
0.00679392556 0.189213511 0.230000004 0 0 1
0.0371546117 -0.192098001 0.230000004 0 0 1
-0.0341996813 -0.183039986 0.230000004 0 0 1
-0.073007686 0.187239548 0.230000004 0 0 1
-0.28936909 -0.0297168853 0.230000004 0 0 1
-0.286020427 0.11671927 0.230000004 0 0 1
0.124322926 0.191369498 0.230000004 0 0 1
-0.0306776032 0.197557214 0.230000004 0 0 1
0.293525609 -0.142914781 0.230000004 0 0 1
-0.021100137 -0.195405863 0.230000004 0 0 1
-0.295493064 -0.195792178 0.230000004 0 0 1
0.289498972 0.0328418839 0.230000004 0 0 1
0.0506583431 0.192741543 0.230000004 0 0 1
-0.299878739 -0.162908183 0.230000004 0 0 1
-0.0611418515 -0.191147884 0.230000004 0 0 1
0.208927513 0.191425393 0.230000004 0 0 1
0.279023033 0.186855778 0.230000004 0 0 1
0.172302636 0.192702648 0.230000004 0 0 1
-0.126873394 -0.186467002 0.230000004 0 0 1
-0.299217341 0.0880540572 0.230000004 0 0 1
-0.290781947 -0.0787361485 0.230000004 0 0 1
-0.14341686 0.188723259 0.230000004 0 0 1
-0.0889640685 -0.198086871 0.230000004 0 0 1
0.20877252 -0.189365635 0.230000004 0 0 1
0.0666043389 -0.195760486 0.230000004 0 0 1
-0.0987624426 -0.187012938 0.230000004 0 0 1
0.291118934 -0.187522613 0.230000004 0 0 1
0.293204006 -0.0268676798 0.230000004 0 0 1
0.186109528 0.192746216 0.230000004 0 0 1
-0.107684505 0.187146089 0.230000004 0 0 1
0.109868747 0.185693492 0.230000004 0 0 1
-0.0746569413 0.189577095 0.230000004 0 0 1
0.191272792 -0.198295449 0.230000004 0 0 1
0.185188177 -0.196075479 0.230000004 0 0 1
-0.094788553 -0.187120011 0.230000004 0 0 1
0.291335248 -0.142108598 0.230000004 0 0 1
0.0491985423 0.18965711 0.230000004 0 0 1
-0.0299037224 0.185475068 0.230000004 0 0 1
-0.286750786 -0.0022321873 0.230000004 0 0 1
-0.135046991 -0.198441617 0.230000004 0 0 1
-0.285527961 -0.0994264043 0.230000004 0 0 1
-0.0584170288 0.198591111 0.230000004 0 0 1
0.2137966 0.186955263 0.230000004 0 0 1
0.00907333644 0.190144499 0.230000004 0 0 1
0.0633712295 -0.198147207 0.230000004 0 0 1
0.252665088 -0.186856797 0.230000004 0 0 1
-0.143448243 -0.186273503 0.230000004 0 0 1
-0.132782486 0.198344292 0.230000004 0 0 1
0.298689295 0.104037845 0.230000004 0 0 1
-0.286895646 -0.198314686 0.230000004 0 0 1
0.269026322 -0.198546162 0.230000004 0 0 1
-0.287389132 -0.098966639 0.230000004 0 0 1
0.13917338 0.18486949 0.230000004 0 0 1
0.283201466 -0.196481353 0.230000004 0 0 1
0.0314627808 0.189028775 0.230000004 0 0 1
-0.0198007171 -0.187171695 0.230000004 0 0 1
0.133263609 -0.197197322 0.230000004 0 0 1
0.0628667912 -0.187594042 0.230000004 0 0 1
-0.01598987 0.199722567 0.230000004 0 0 1
0.196716477 0.191119806 0.230000004 0 0 1
-0.0118597902 0.186762115 0.230000004 0 0 1
0.288897715 0.0133600985 0.230000004 0 0 1
0.286095353 -0.0351338633 0.230000004 0 0 1
-0.00932749356 0.189341915 0.230000004 0 0 1
0.293800995 0.171142276 0.230000004 0 0 1
0.284507504 0.082917135 0.230000004 0 0 1
0.183221703 0.199488312 0.230000004 0 0 1
-0.288822535 0.180429138 0.230000004 0 0 1
-0.153056969 -0.190517549 0.230000004 0 0 1
0.28909823 0.0674355196 0.230000004 0 0 1
-0.286988636 -0.185254632 0.230000004 0 0 1
0.299195517 0.00474858578 0.230000004 0 0 1
0.143545342 0.190680426 0.230000004 0 0 1
-0.153299968 -0.192899413 0.230000004 0 0 1
0.294236812 -0.195747801 0.230000004 0 0 1
0.0135586545 0.18437365 0.230000004 0 0 1
0.295628961 0.182737075 0.230000004 0 0 1
-0.156242894 -0.190179529 0.230000004 0 0 1
-0.0262009427 -0.186877337 0.230000004 0 0 1
0.135830051 0.183317451 0.230000004 0 0 1
0.175514586 -0.192497297 0.230000004 0 0 1
0.0120222797 0.19896323 0.230000004 0 0 1
0.179990456 0.184534243 0.230000004 0 0 1
0.288040624 0.156477235 0.230000004 0 0 1
-0.221211431 0.193120617 0.230000004 0 0 1
0.287628439 -0.160016259 0.230000004 0 0 1
0.110522619 -0.192646958 0.230000004 0 0 1
-0.296643734 -0.0456309153 0.230000004 0 0 1
-0.0352786864 0.193006846 0.230000004 0 0 1
-0.29497903 0.109885749 0.230000004 0 0 1
0.142766388 -0.187163384 0.230000004 0 0 1
0.291813892 -0.0625599187 0.230000004 0 0 1
-0.032665834 -0.189958413 0.230000004 0 0 1
-0.114847877 0.185383395 0.230000004 0 0 1
0.152960091 0.185407114 0.230000004 0 0 1
-0.200278254 -0.190012938 0.230000004 0 0 1
-0.13582822 0.183670103 0.230000004 0 0 1
0.294215998 0.0282208556 0.230000004 0 0 1
-0.0770871223 -0.194943162 0.230000004 0 0 1
0.0309821355 0.184921643 0.230000004 0 0 1
-0.285997037 -0.0690844264 0.230000004 0 0 1
-0.0275417493 0.189702446 0.230000004 0 0 1
0.288554024 -0.196525839 0.230000004 0 0 1
0.295296765 0.0597004185 0.230000004 0 0 1
-0.116992295 -0.187334956 0.230000004 0 0 1
-0.0806053407 -0.199477211 0.230000004 0 0 1
0.293387761 -0.0282719671 0.230000004 0 0 1
0.09937824 0.19831348 0.230000004 0 0 1
-0.181056173 -0.183523787 0.230000004 0 0 1
0.285702704 -0.0635701615 0.230000004 0 0 1
0.292582799 -0.195492485 0.230000004 0 0 1
-0.273399926 -0.185208212 0.230000004 0 0 1
-0.192939094 0.183096998 0.230000004 0 0 1
-0.0384613505 0.198035244 0.230000004 0 0 1
0.242844402 -0.190185351 0.230000004 0 0 1
-0.294967093 0.0488645948 0.230000004 0 0 1
0.291506229 0.173832963 0.230000004 0 0 1
0.285750564 0.187351803 0.230000004 0 0 1
-0.167055254 0.194929059 0.230000004 0 0 1
0.294359899 0.0212723406 0.230000004 0 0 1
-0.294837157 0.0874329307 0.230000004 0 0 1
0.197834004 -0.195292295 0.230000004 0 0 1
0.18669713 -0.193687317 0.230000004 0 0 1
-0.298876929 0.0650390896 0.230000004 0 0 1
0.296888981 -0.0887115544 0.230000004 0 0 1
0.0710064247 -0.199656473 0.230000004 0 0 1
0.22566165 0.199540614 0.230000004 0 0 1
-0.28751571 0.18769658 0.230000004 0 0 1
-0.186181352 -0.197382403 0.230000004 0 0 1
-0.112565492 -0.197718542 0.230000004 0 0 1
-0.247521056 -0.183471989 0.230000004 0 0 1
0.264487194 -0.191335076 0.230000004 0 0 1
0.217718908 0.191871363 0.230000004 0 0 1
0.137776157 0.184210903 0.230000004 0 0 1
0.288997234 0.0919708456 0.230000004 0 0 1
-0.295808045 0.0902395609 0.230000004 0 0 1
-0.29454911 0.0546675052 0.230000004 0 0 1
-0.296086732 -0.0559990128 0.230000004 0 0 1
0.284324538 -0.058101319 0.230000004 0 0 1
-0.0303162097 -0.183375396 0.230000004 0 0 1
0.293092116 0.145124132 0.230000004 0 0 1
-0.287210376 0.0474209523 0.230000004 0 0 1
0.215462867 0.196539622 0.230000004 0 0 1
-0.293188373 0.100275728 0.230000004 0 0 1
-0.0728833613 -0.189360195 0.230000004 0 0 1
-0.29407786 -0.0642057856 0.230000004 0 0 1
0.0528260646 0.190082238 0.230000004 0 0 1
-0.294439786 -0.129465233 0.230000004 0 0 1
-0.100730765 0.193173132 0.230000004 0 0 1
0.290611697 0.0967527855 0.230000004 0 0 1
-0.161975741 -0.18305913 0.230000004 0 0 1
0.250450623 -0.184183617 0.230000004 0 0 1
0.0529002264 -0.193395718 0.230000004 0 0 1
0.0426465895 -0.19091638 0.230000004 0 0 1
0.0822326772 -0.184623944 0.230000004 0 0 1
0.295167699 -0.0302322427 0.230000004 0 0 1
0.293819531 -0.179668324 0.230000004 0 0 1
-0.295551528 0.0864843082 0.230000004 0 0 1
0.0392455202 -0.193155189 0.230000004 0 0 1
0.190581898 0.199616373 0.230000004 0 0 1
-0.188335195 0.196069981 0.230000004 0 0 1
0.106529029 0.199795281 0.230000004 0 0 1
-0.295791377 0.0863692614 0.230000004 0 0 1
-0.298891602 -0.185767032 0.230000004 0 0 1
-0.267256555 -0.192321945 0.230000004 0 0 1
0.249370136 0.195767068 0.230000004 0 0 1
-0.288405577 -0.0657801752 0.230000004 0 0 1
0.274626992 0.185854221 0.230000004 0 0 1
-0.117975645 0.190449066 0.230000004 0 0 1
0.115920913 0.194079404 0.230000004 0 0 1
-0.294342218 0.107829321 0.230000004 0 0 1
-0.158989374 0.198607259 0.230000004 0 0 1
0.103939783 -0.185456707 0.230000004 0 0 1
0.293365336 -0.199456194 0.230000004 0 0 1
-0.287952237 0.185886884 0.230000004 0 0 1
0.283746933 0.0888489625 0.230000004 0 0 1
-0.221772688 0.19724729 0.230000004 0 0 1
0.244307002 -0.195683417 0.230000004 0 0 1
0.110341403 0.188977605 0.230000004 0 0 1
0.298828573 -0.119090207 0.230000004 0 0 1
-0.232690661 0.183949881 0.230000004 0 0 1
-0.289790141 0.00359771753 0.230000004 0 0 1
-0.166208021 -0.190779059 0.230000004 0 0 1
0.154299016 0.193825032 0.230000004 0 0 1
-0.286101289 -0.0288025298 0.230000004 0 0 1
0.191109396 -0.191656871 0.230000004 0 0 1
0.219474205 -0.195414946 0.230000004 0 0 1
0.0135995392 0.190066632 0.230000004 0 0 1
-0.14555003 0.196262169 0.230000004 0 0 1
-0.299448024 0.0358820099 0.230000004 0 0 1
0.242146653 -0.187972747 0.230000004 0 0 1
-0.228755015 0.19867305 0.230000004 0 0 1
-0.0521319377 0.187257074 0.230000004 0 0 1
0.299321292 -0.0650893205 0.230000004 0 0 1
-0.0179544731 -0.196025225 0.230000004 0 0 1
-0.287969292 0.0938470279 0.230000004 0 0 1
0.293342905 0.131298448 0.230000004 0 0 1
0.291716324 0.0665680353 0.230000004 0 0 1
-0.1911015 0.198916846 0.230000004 0 0 1
-0.0416074077 0.188944907 0.230000004 0 0 1
-0.289406526 -0.0746895232 0.230000004 0 0 1
0.295495481 0.16432827 0.230000004 0 0 1
-0.154466573 -0.186433556 0.230000004 0 0 1
-0.297757495 -0.0303654383 0.230000004 0 0 1
-0.0261025202 -0.191336398 0.230000004 0 0 1
0.129414608 0.194514276 0.230000004 0 0 1
-0.289007276 0.107934322 0.230000004 0 0 1
0.21119064 0.199065079 0.230000004 0 0 1
0.290176953 -0.0932917183 0.230000004 0 0 1
-0.260120804 -0.198620311 0.230000004 0 0 1
-0.294124822 -0.0494516519 0.230000004 0 0 1
-0.259113096 -0.19435402 0.230000004 0 0 1
-0.224960404 -0.196277427 0.230000004 0 0 1
0.132680131 -0.199215376 0.230000004 0 0 1
0.101837087 -0.187015938 0.230000004 0 0 1
-0.0345798791 0.191113934 0.230000004 0 0 1
-0.294556576 0.191664798 0.230000004 0 0 1
-0.06080311 0.186017621 0.230000004 0 0 1
-0.289257788 -0.0656777375 0.230000004 0 0 1
0.284848987 0.105486182 0.230000004 0 0 1
0.191408468 0.187552089 0.230000004 0 0 1
0.207574366 0.199559509 0.230000004 0 0 1
0.287941521 -0.112795702 0.230000004 0 0 1
0.0103228829 0.199143012 0.230000004 0 0 1
0.292266538 -0.0900371268 0.230000004 0 0 1
-0.000204243749 0.186601852 0.230000004 0 0 1
-0.286485002 -0.133807599 0.230000004 0 0 1
-0.296933216 0.185540374 0.230000004 0 0 1
-0.285119657 -0.0708987696 0.230000004 0 0 1
0.0710575401 0.192832261 0.230000004 0 0 1
-0.0988908631 0.19305684 0.230000004 0 0 1
0.144368538 -0.198455527 0.230000004 0 0 1
0.199096124 -0.193650799 0.230000004 0 0 1
0.215544822 -0.199301076 0.230000004 0 0 1
-0.27399175 -0.187557475 0.230000004 0 0 1
0.145103258 -0.194556294 0.230000004 0 0 1
0.296347497 -0.19344258 0.230000004 0 0 1
-0.0640029347 0.189429656 0.230000004 0 0 1
-0.00206181103 -0.197209581 0.230000004 0 0 1
-0.285490951 -0.142766877 0.230000004 0 0 1
-0.04150594 0.196318744 0.230000004 0 0 1
0.282422675 -0.183911181 0.230000004 0 0 1
0.284076743 -0.0206626833 0.230000004 0 0 1
-0.150628086 0.193455417 0.230000004 0 0 1
0.29925746 -0.0234806434 0.230000004 0 0 1
0.29964472 0.117287226 0.230000004 0 0 1
0.283304633 -0.0781424373 0.230000004 0 0 1
-0.16181694 -0.195277516 0.230000004 0 0 1
-0.00960180256 -0.191775477 0.230000004 0 0 1
0.290785926 0.190558663 0.230000004 0 0 1
-0.162832241 -0.195606347 0.230000004 0 0 1
-0.072689792 -0.187526698 0.230000004 0 0 1
-0.177133408 0.198179002 0.230000004 0 0 1
-0.0661295292 -0.189493569 0.230000004 0 0 1
0.296851337 0.106317465 0.230000004 0 0 1
-0.283489714 0.121096529 0.230000004 0 0 1
-0.283086557 0.169791353 0.230000004 0 0 1
0.150446638 -0.193465501 0.230000004 0 0 1
-0.0185402131 0.188541345 0.230000004 0 0 1
0.288882335 -0.0733920592 0.230000004 0 0 1
-0.296263924 -0.113113597 0.230000004 0 0 1
-0.165877332 -0.19167752 0.230000004 0 0 1
-0.238010759 -0.196922894 0.230000004 0 0 1
0.204782883 -0.193742784 0.230000004 0 0 1
-0.289730534 -0.146371413 0.230000004 0 0 1
0.112867677 -0.186812176 0.230000004 0 0 1
-0.00659668007 -0.189404594 0.230000004 0 0 1
-0.243922381 -0.192609627 0.230000004 0 0 1
0.172577295 0.19591475 0.230000004 0 0 1
0.293957814 0.0762204355 0.230000004 0 0 1
-0.289761437 0.0829405125 0.230000004 0 0 1
0.132219105 -0.194325929 0.230000004 0 0 1
-0.17475489 0.192861592 0.230000004 0 0 1
0.299590266 -0.0163460283 0.230000004 0 0 1
0.295581192 -0.0785492568 0.230000004 0 0 1
0.124533548 0.193153478 0.230000004 0 0 1
0.279081505 -0.185660942 0.230000004 0 0 1
0.27698841 -0.193285075 0.230000004 0 0 1
-0.243407688 0.190630249 0.230000004 0 0 1
-0.17970935 -0.196630516 0.230000004 0 0 1
-0.291543345 -0.00785771619 0.230000004 0 0 1
0.0611850996 0.186460799 0.230000004 0 0 1
0.268373177 -0.188612404 0.230000004 0 0 1
-0.139884979 0.193568427 0.230000004 0 0 1
-0.28850095 0.19058753 0.230000004 0 0 1
-0.238794047 0.199333626 0.230000004 0 0 1
-0.0492671191 -0.198367195 0.230000004 0 0 1
-0.291632844 -0.109266407 0.230000004 0 0 1
0.290188891 -0.0742021158 0.230000004 0 0 1
-0.294623766 0.116884274 0.230000004 0 0 1
-0.291110892 -0.106820474 0.230000004 0 0 1
0.0605215193 0.195526181 0.230000004 0 0 1
0.289441909 0.168358726 0.230000004 0 0 1
0.237982032 0.18434908 0.230000004 0 0 1
-0.234930754 0.186954645 0.230000004 0 0 1
-0.133786736 -0.193765128 0.230000004 0 0 1
-0.283283632 -0.056876606 0.230000004 0 0 1
0.294476387 0.108953924 0.230000004 0 0 1
0.0966378068 -0.191422549 0.230000004 0 0 1
-0.111646645 -0.190889373 0.230000004 0 0 1
0.224325619 0.190007723 0.230000004 0 0 1
-0.296443038 0.197582269 0.230000004 0 0 1
0.294780724 -0.149552226 0.230000004 0 0 1
-0.166563351 -0.193994912 0.230000004 0 0 1
0.284909901 -0.0366609314 0.230000004 0 0 1
-0.283193262 0.15936248 0.230000004 0 0 1
-0.298925419 -0.0143661469 0.230000004 0 0 1
0.0650839002 0.194656618 0.230000004 0 0 1
-0.29485451 -0.000440752986 0.230000004 0 0 1
-0.198762653 0.190823857 0.230000004 0 0 1
-0.291074539 -0.103471628 0.230000004 0 0 1
0.290223427 -0.14026731 0.230000004 0 0 1
-0.00504776175 0.188464962 0.230000004 0 0 1
0.0958389792 0.191062403 0.230000004 0 0 1
0.110312523 0.191351067 0.230000004 0 0 1
-0.292548865 -0.12263625 0.230000004 0 0 1
0.0182908632 -0.193233432 0.230000004 0 0 1
-0.0446032843 -0.185345864 0.230000004 0 0 1
0.2340178 0.183065095 0.230000004 0 0 1
0.10346277 0.188140697 0.230000004 0 0 1
-0.284272649 -0.07920085 0.230000004 0 0 1
0.224529734 0.186051883 0.230000004 0 0 1
0.145063828 -0.195018688 0.230000004 0 0 1
0.150554018 -0.186796037 0.230000004 0 0 1
-0.299635062 -0.041453287 0.230000004 0 0 1
-0.152519715 0.183554574 0.230000004 0 0 1
0.291425131 0.0921080625 0.230000004 0 0 1
0.291534667 -0.179566241 0.230000004 0 0 1
-0.218307364 -0.18826365 0.230000004 0 0 1
-0.245199364 -0.199195238 0.230000004 0 0 1
0.286123885 0.0526571817 0.230000004 0 0 1
-0.283848002 -0.028637718 0.230000004 0 0 1
-0.235229862 0.196886555 0.230000004 0 0 1
-0.0345761767 -0.192912994 0.230000004 0 0 1
0.278360171 0.196213679 0.230000004 0 0 1
-0.0625501821 0.188600345 0.230000004 0 0 1
-0.0696867466 -0.193808237 0.230000004 0 0 1
0.286608884 0.11172723 0.230000004 0 0 1
-0.0679729181 0.191163842 0.230000004 0 0 1
0.15945028 -0.199921393 0.230000004 0 0 1
0.297000073 0.183517585 0.230000004 0 0 1
-0.101152665 -0.187961524 0.230000004 0 0 1
0.154119321 -0.186120987 0.230000004 0 0 1
-0.159607558 -0.188835416 0.230000004 0 0 1
-0.200409933 0.183979548 0.230000004 0 0 1
-0.200968628 -0.191289588 0.230000004 0 0 1
-0.259726599 0.1840652 0.230000004 0 0 1
0.298383491 0.00160671511 0.230000004 0 0 1
-0.232039136 -0.198058664 0.230000004 0 0 1
-0.292548075 0.0541880693 0.230000004 0 0 1
0.121880997 -0.184536088 0.230000004 0 0 1
-0.0550237662 -0.197259773 0.230000004 0 0 1
0.117250592 0.192784211 0.230000004 0 0 1
-0.237126576 -0.191605388 0.230000004 0 0 1
-0.298028661 -0.0892081955 0.230000004 0 0 1
-0.215402823 0.19490639 0.230000004 0 0 1
-0.198201615 -0.193384429 0.230000004 0 0 1
-0.294664733 0.148384705 0.230000004 0 0 1
0.0811928542 -0.198863838 0.230000004 0 0 1
-0.0970413972 0.197010261 0.230000004 0 0 1
-0.22936364 -0.196391967 0.230000004 0 0 1
0.265539195 0.197454476 0.230000004 0 0 1
-0.119231839 -0.191981528 0.230000004 0 0 1
0.169962122 0.195209032 0.230000004 0 0 1
0.114359107 0.186901077 0.230000004 0 0 1
-0.291016002 0.0597120337 0.230000004 0 0 1
0.29211725 0.193172853 0.230000004 0 0 1
-0.0127456368 0.196776103 0.230000004 0 0 1
-0.296096287 -0.0721235536 0.230000004 0 0 1
-0.286517194 0.155270082 0.230000004 0 0 1
-0.297359208 -0.11651676 0.230000004 0 0 1
0.140544082 -0.194867191 0.230000004 0 0 1
0.283481079 -0.0636266344 0.230000004 0 0 1
-0.285040998 -0.125259593 0.230000004 0 0 1
-0.0772737236 0.194457915 0.230000004 0 0 1
-0.170360078 -0.192114292 0.230000004 0 0 1
-0.290206131 0.13764558 0.230000004 0 0 1
-0.295239914 0.0835233142 0.230000004 0 0 1
0.284890631 -0.141601073 0.230000004 0 0 1
-0.299557042 0.101666929 0.230000004 0 0 1
-0.295565307 0.014889687 0.230000004 0 0 1
0.160078953 0.19011828 0.230000004 0 0 1
0.284908117 0.030747352 0.230000004 0 0 1
-0.284038032 0.190146931 0.230000004 0 0 1
0.00324475683 -0.193169085 0.230000004 0 0 1
0.283655944 -0.0670751824 0.230000004 0 0 1
0.010234124 0.184094379 0.230000004 0 0 1
0.237200819 -0.197912325 0.230000004 0 0 1
0.0257063012 -0.199122388 0.230000004 0 0 1
-0.285067744 0.0787860863 0.230000004 0 0 1
-0.0286712934 0.197439022 0.230000004 0 0 1
-0.295313965 0.114705473 0.230000004 0 0 1
-0.132003463 0.189063051 0.230000004 0 0 1
0.0556051525 -0.198487597 0.230000004 0 0 1
0.289922081 -0.161124822 0.230000004 0 0 1
-0.283771599 0.149581842 0.230000004 0 0 1
-0.298602408 0.0498070623 0.230000004 0 0 1
0.0115551335 -0.192895074 0.230000004 0 0 1
0.0195853259 0.189639163 0.230000004 0 0 1
-0.147015516 -0.185580715 0.230000004 0 0 1
-0.0737827564 0.193339369 0.230000004 0 0 1
0.297017443 -0.0278847853 0.230000004 0 0 1
-0.222538605 0.194914776 0.230000004 0 0 1
-0.291021659 -0.0521640378 0.230000004 0 0 1
-0.247202837 0.192955262 0.230000004 0 0 1
-0.172708251 -0.18870297 0.230000004 0 0 1
0.299986345 -0.027217036 0.230000004 0 0 1
-0.0881447243 0.184238886 0.230000004 0 0 1
-0.00824396216 0.193568282 0.230000004 0 0 1
0.297897023 0.173640671 0.230000004 0 0 1
0.164663965 0.19241826 0.230000004 0 0 1
0.292246374 -0.158592654 0.230000004 0 0 1
-0.0849341836 0.192077798 0.230000004 0 0 1
-0.144299766 -0.187783429 0.230000004 0 0 1
0.28967819 -0.128351206 0.230000004 0 0 1
0.29644311 -0.0842179713 0.230000004 0 0 1
0.292132568 -0.0928279334 0.230000004 0 0 1
0.296182502 -0.172517426 0.230000004 0 0 1
0.296557289 -0.0191026457 0.230000004 0 0 1
0.242869917 -0.19128625 0.230000004 0 0 1
0.159744284 0.190098469 0.230000004 0 0 1
-0.0354149928 0.196149174 0.230000004 0 0 1
-0.271189143 -0.199773316 0.230000004 0 0 1
0.299422517 0.0973960717 0.230000004 0 0 1
-0.283010553 -0.0960169825 0.230000004 0 0 1
0.291760841 -0.0950631988 0.230000004 0 0 1
0.296745506 -0.0773877575 0.230000004 0 0 1
0.285498505 0.134888029 0.230000004 0 0 1
-0.109881428 -0.191491639 0.230000004 0 0 1
-0.296320795 0.037355018 0.230000004 0 0 1
0.153800579 0.188243211 0.230000004 0 0 1
0.102880103 -0.189027613 0.230000004 0 0 1
0.284919958 0.11737788 0.230000004 0 0 1
-0.102676802 -0.19004229 0.230000004 0 0 1
-0.288585145 0.19287506 0.230000004 0 0 1
-0.290195119 -0.0839749133 0.230000004 0 0 1
-0.148133174 0.194685315 0.230000004 0 0 1
0.144478399 0.186253732 0.230000004 0 0 1
0.299060701 -0.161004768 0.230000004 0 0 1
0.00276660867 0.193447676 0.230000004 0 0 1
-0.0959139123 0.197499526 0.230000004 0 0 1
-0.289969539 -0.104050682 0.230000004 0 0 1
-0.276098679 -0.188901651 0.230000004 0 0 1
0.0660063245 0.191206268 0.230000004 0 0 1
-0.134464615 -0.193353959 0.230000004 0 0 1
-0.295530681 0.174462855 0.230000004 0 0 1
-0.289962598 0.140581697 0.230000004 0 0 1
-0.299271229 0.0416087879 0.230000004 0 0 1
0.289840131 -0.145638442 0.230000004 0 0 1
0.287056101 -0.160070237 0.230000004 0 0 1
0.0448687336 0.183196153 0.230000004 0 0 1
0.254192963 0.190685084 0.230000004 0 0 1
0.233220823 -0.193315445 0.230000004 0 0 1
0.293274647 -0.00385011254 0.230000004 0 0 1
0.298056177 -0.0283570185 0.230000004 0 0 1
-0.29044191 0.102036399 0.230000004 0 0 1
-0.25450465 0.195873825 0.230000004 0 0 1
0.275805647 -0.19361848 0.230000004 0 0 1
-0.270225685 -0.184010403 0.230000004 0 0 1
-0.291326708 -0.168574423 0.230000004 0 0 1
0.0467725654 0.184539009 0.230000004 0 0 1
0.0710039256 -0.185202368 0.230000004 0 0 1
-0.297971099 -0.100857106 0.230000004 0 0 1
0.28624668 -0.0643323475 0.230000004 0 0 1
0.285153461 0.0888503461 0.230000004 0 0 1
0.131899253 -0.198408249 0.230000004 0 0 1
-0.288278305 0.00521076984 0.230000004 0 0 1
-0.292111505 -0.0163158518 0.230000004 0 0 1
0.288393939 -0.0791893361 0.230000004 0 0 1
-0.139758562 -0.183353652 0.230000004 0 0 1
0.0914910287 -0.191559696 0.230000004 0 0 1
0.268355279 0.193815521 0.230000004 0 0 1
-0.238472843 -0.193353148 0.230000004 0 0 1
0.108550118 0.183098308 0.230000004 0 0 1
-0.17742711 0.18875013 0.230000004 0 0 1
-0.298214448 0.0780096657 0.230000004 0 0 1
0.273930797 -0.193769116 0.230000004 0 0 1
0.269383037 -0.184184334 0.230000004 0 0 1
0.293213376 -0.0342172718 0.230000004 0 0 1
-0.0629991015 -0.183645604 0.230000004 0 0 1
-0.279894486 -0.1899872 0.230000004 0 0 1
0.289978798 -0.191293883 0.230000004 0 0 1
-0.293404994 -0.114512173 0.230000004 0 0 1
-0.294628867 -0.020876836 0.230000004 0 0 1
0.179329302 -0.197702057 0.230000004 0 0 1
-0.0668225892 0.197335563 0.230000004 0 0 1
0.286067511 0.0644987582 0.230000004 0 0 1
-0.2929787 0.132291607 0.230000004 0 0 1
